{
  "type": "FeatureCollection",
  "metadata": {
    "runId": "cordoba-2026-08-30-v3",
    "targetDate": "2026-08-30",
    "modelVersion": "fleetflow-v0.6"
  },
  "features": [
    {
      "type": "Feature",
      "id": "route-cordoba-2026-08-30-v3-01",
      "properties": {
        "truckId": "vehicle-01",
        "waypointDistancesKm": [
          0,
          4.322971990732333,
          11.358850241040823,
          13.085658283926163,
          18.7583725679313,
          19.142899752762222,
          27.570292631500262
        ]
      },
      "geometry": {
        "type": "LineString",
        "coordinates": [
          [
            -64.188709,
            -31.420109
          ],
          [
            -64.18871,
            -31.420127
          ],
          [
            -64.188717,
            -31.420178
          ],
          [
            -64.188727,
            -31.42023
          ],
          [
            -64.188737,
            -31.420284
          ],
          [
            -64.188734,
            -31.420338
          ],
          [
            -64.188686,
            -31.420476
          ],
          [
            -64.188614,
            -31.420637
          ],
          [
            -64.188602,
            -31.420666
          ],
          [
            -64.188216,
            -31.421509
          ],
          [
            -64.188139,
            -31.421536
          ],
          [
            -64.187971,
            -31.421596
          ],
          [
            -64.187883,
            -31.421621
          ],
          [
            -64.186582,
            -31.422025
          ],
          [
            -64.187051,
            -31.423184
          ],
          [
            -64.187348,
            -31.423089
          ],
          [
            -64.187455,
            -31.423057
          ],
          [
            -64.18837,
            -31.422766
          ],
          [
            -64.189743,
            -31.422336
          ],
          [
            -64.191026,
            -31.421953
          ],
          [
            -64.190613,
            -31.421516
          ],
          [
            -64.190113,
            -31.421069
          ],
          [
            -64.190082,
            -31.420974
          ],
          [
            -64.19,
            -31.420834
          ],
          [
            -64.189978,
            -31.420712
          ],
          [
            -64.18997,
            -31.420554
          ],
          [
            -64.189962,
            -31.420073
          ],
          [
            -64.189978,
            -31.419996
          ],
          [
            -64.190007,
            -31.419899
          ],
          [
            -64.189976,
            -31.419802
          ],
          [
            -64.189956,
            -31.419714
          ],
          [
            -64.189951,
            -31.419695
          ],
          [
            -64.189855,
            -31.419325
          ],
          [
            -64.189817,
            -31.419043
          ],
          [
            -64.189817,
            -31.418845
          ],
          [
            -64.189827,
            -31.418696
          ],
          [
            -64.189856,
            -31.418532
          ],
          [
            -64.189885,
            -31.418373
          ],
          [
            -64.189918,
            -31.418231
          ],
          [
            -64.18992,
            -31.418223
          ],
          [
            -64.189931,
            -31.418171
          ],
          [
            -64.189955,
            -31.418097
          ],
          [
            -64.189959,
            -31.418085
          ],
          [
            -64.190416,
            -31.416687
          ],
          [
            -64.190422,
            -31.416663
          ],
          [
            -64.190453,
            -31.416566
          ],
          [
            -64.190822,
            -31.41525
          ],
          [
            -64.191018,
            -31.414692
          ],
          [
            -64.190728,
            -31.414015
          ],
          [
            -64.190641,
            -31.413793
          ],
          [
            -64.190513,
            -31.413467
          ],
          [
            -64.190506,
            -31.413448
          ],
          [
            -64.190302,
            -31.412929
          ],
          [
            -64.190294,
            -31.412909
          ],
          [
            -64.190081,
            -31.412365
          ],
          [
            -64.190027,
            -31.412229
          ],
          [
            -64.189801,
            -31.411651
          ],
          [
            -64.189773,
            -31.411576
          ],
          [
            -64.189392,
            -31.410554
          ],
          [
            -64.189004,
            -31.409416
          ],
          [
            -64.188509,
            -31.408133
          ],
          [
            -64.188397,
            -31.407846
          ],
          [
            -64.188295,
            -31.40759
          ],
          [
            -64.188209,
            -31.407376
          ],
          [
            -64.188164,
            -31.407265
          ],
          [
            -64.188152,
            -31.407231
          ],
          [
            -64.188132,
            -31.40717
          ],
          [
            -64.188096,
            -31.407062
          ],
          [
            -64.188305,
            -31.406942
          ],
          [
            -64.188538,
            -31.40681
          ],
          [
            -64.189035,
            -31.406557
          ],
          [
            -64.189132,
            -31.406516
          ],
          [
            -64.189254,
            -31.406476
          ],
          [
            -64.189361,
            -31.406445
          ],
          [
            -64.189415,
            -31.406429
          ],
          [
            -64.189555,
            -31.406402
          ],
          [
            -64.190926,
            -31.40621
          ],
          [
            -64.19102,
            -31.406204
          ],
          [
            -64.19235,
            -31.406273
          ],
          [
            -64.19297,
            -31.406306
          ],
          [
            -64.193061,
            -31.406309
          ],
          [
            -64.193141,
            -31.406307
          ],
          [
            -64.193618,
            -31.40627
          ],
          [
            -64.193724,
            -31.406259
          ],
          [
            -64.194138,
            -31.406165
          ],
          [
            -64.194487,
            -31.406107
          ],
          [
            -64.195155,
            -31.406066
          ],
          [
            -64.195369,
            -31.406032
          ],
          [
            -64.195686,
            -31.40597
          ],
          [
            -64.195912,
            -31.405926
          ],
          [
            -64.196765,
            -31.405759
          ],
          [
            -64.196908,
            -31.405729
          ],
          [
            -64.198018,
            -31.405495
          ],
          [
            -64.198809,
            -31.405312
          ],
          [
            -64.199081,
            -31.405241
          ],
          [
            -64.199312,
            -31.405173
          ],
          [
            -64.200125,
            -31.404927
          ],
          [
            -64.2002,
            -31.404912
          ],
          [
            -64.200277,
            -31.404906
          ],
          [
            -64.200357,
            -31.404908
          ],
          [
            -64.200637,
            -31.404913
          ],
          [
            -64.201009,
            -31.40481
          ],
          [
            -64.202072,
            -31.404501
          ],
          [
            -64.202219,
            -31.404854
          ],
          [
            -64.202432,
            -31.40537
          ],
          [
            -64.201194,
            -31.405757
          ],
          [
            -64.201422,
            -31.40634
          ],
          [
            -64.201528,
            -31.406611
          ],
          [
            -64.201678,
            -31.406993
          ],
          [
            -64.202932,
            -31.406602
          ],
          [
            -64.202575,
            -31.405723
          ],
          [
            -64.202466,
            -31.405456
          ],
          [
            -64.202432,
            -31.40537
          ],
          [
            -64.202219,
            -31.404854
          ],
          [
            -64.202072,
            -31.404501
          ],
          [
            -64.202977,
            -31.404233
          ],
          [
            -64.20318,
            -31.404168
          ],
          [
            -64.203521,
            -31.404034
          ],
          [
            -64.203984,
            -31.403837
          ],
          [
            -64.204329,
            -31.403701
          ],
          [
            -64.204479,
            -31.403599
          ],
          [
            -64.204689,
            -31.403423
          ],
          [
            -64.204757,
            -31.403352
          ],
          [
            -64.204807,
            -31.403286
          ],
          [
            -64.204913,
            -31.403098
          ],
          [
            -64.20499,
            -31.402878
          ],
          [
            -64.205011,
            -31.402786
          ],
          [
            -64.205025,
            -31.402627
          ],
          [
            -64.205029,
            -31.402207
          ],
          [
            -64.205028,
            -31.401132
          ],
          [
            -64.205019,
            -31.400765
          ],
          [
            -64.205015,
            -31.400583
          ],
          [
            -64.205006,
            -31.400475
          ],
          [
            -64.20498,
            -31.400363
          ],
          [
            -64.20494,
            -31.400251
          ],
          [
            -64.204836,
            -31.400018
          ],
          [
            -64.204743,
            -31.399807
          ],
          [
            -64.204635,
            -31.399562
          ],
          [
            -64.204599,
            -31.399493
          ],
          [
            -64.204417,
            -31.399239
          ],
          [
            -64.204237,
            -31.399009
          ],
          [
            -64.20416,
            -31.398917
          ],
          [
            -64.203992,
            -31.39876
          ],
          [
            -64.203917,
            -31.398706
          ],
          [
            -64.203804,
            -31.398639
          ],
          [
            -64.203469,
            -31.398474
          ],
          [
            -64.20323,
            -31.398365
          ],
          [
            -64.202997,
            -31.398217
          ],
          [
            -64.202917,
            -31.398152
          ],
          [
            -64.202851,
            -31.398086
          ],
          [
            -64.202793,
            -31.398005
          ],
          [
            -64.202757,
            -31.397932
          ],
          [
            -64.20268,
            -31.397727
          ],
          [
            -64.202663,
            -31.397634
          ],
          [
            -64.20268,
            -31.397507
          ],
          [
            -64.202713,
            -31.397394
          ],
          [
            -64.202824,
            -31.397136
          ],
          [
            -64.202857,
            -31.397011
          ],
          [
            -64.20287,
            -31.39697
          ],
          [
            -64.20287,
            -31.396927
          ],
          [
            -64.202827,
            -31.396543
          ],
          [
            -64.20282,
            -31.396483
          ],
          [
            -64.202815,
            -31.396419
          ],
          [
            -64.202804,
            -31.396258
          ],
          [
            -64.202793,
            -31.396087
          ],
          [
            -64.202793,
            -31.395968
          ],
          [
            -64.202805,
            -31.395853
          ],
          [
            -64.202841,
            -31.395614
          ],
          [
            -64.202917,
            -31.395325
          ],
          [
            -64.202974,
            -31.395165
          ],
          [
            -64.203036,
            -31.395025
          ],
          [
            -64.203263,
            -31.394626
          ],
          [
            -64.203352,
            -31.39447
          ],
          [
            -64.203624,
            -31.394069
          ],
          [
            -64.203879,
            -31.393767
          ],
          [
            -64.204085,
            -31.393564
          ],
          [
            -64.204186,
            -31.393464
          ],
          [
            -64.204514,
            -31.393156
          ],
          [
            -64.204663,
            -31.393031
          ],
          [
            -64.204768,
            -31.392912
          ],
          [
            -64.204846,
            -31.392842
          ],
          [
            -64.205027,
            -31.39272
          ],
          [
            -64.205117,
            -31.392669
          ],
          [
            -64.20533,
            -31.392556
          ],
          [
            -64.205369,
            -31.392522
          ],
          [
            -64.205379,
            -31.392485
          ],
          [
            -64.205377,
            -31.392437
          ],
          [
            -64.205377,
            -31.392405
          ],
          [
            -64.20504,
            -31.391915
          ],
          [
            -64.204991,
            -31.391857
          ],
          [
            -64.204906,
            -31.391806
          ],
          [
            -64.204852,
            -31.391773
          ],
          [
            -64.203824,
            -31.391218
          ],
          [
            -64.203771,
            -31.391175
          ],
          [
            -64.203703,
            -31.391098
          ],
          [
            -64.2037,
            -31.390995
          ],
          [
            -64.203696,
            -31.39092
          ],
          [
            -64.203691,
            -31.390898
          ],
          [
            -64.203674,
            -31.390821
          ],
          [
            -64.203732,
            -31.39076
          ],
          [
            -64.203818,
            -31.390696
          ],
          [
            -64.204073,
            -31.390588
          ],
          [
            -64.204262,
            -31.390542
          ],
          [
            -64.204655,
            -31.390417
          ],
          [
            -64.20492,
            -31.390338
          ],
          [
            -64.205798,
            -31.390053
          ],
          [
            -64.206182,
            -31.389931
          ],
          [
            -64.206794,
            -31.389736
          ],
          [
            -64.207015,
            -31.389666
          ],
          [
            -64.20746,
            -31.389525
          ],
          [
            -64.208122,
            -31.389314
          ],
          [
            -64.20877,
            -31.389108
          ],
          [
            -64.209714,
            -31.388813
          ],
          [
            -64.210047,
            -31.388712
          ],
          [
            -64.210587,
            -31.388547
          ],
          [
            -64.211338,
            -31.388313
          ],
          [
            -64.212616,
            -31.387893
          ],
          [
            -64.213892,
            -31.387491
          ],
          [
            -64.214548,
            -31.387272
          ],
          [
            -64.215168,
            -31.387067
          ],
          [
            -64.215832,
            -31.386854
          ],
          [
            -64.216462,
            -31.386653
          ],
          [
            -64.217736,
            -31.386245
          ],
          [
            -64.218049,
            -31.386145
          ],
          [
            -64.2182,
            -31.386071
          ],
          [
            -64.21893,
            -31.385815
          ],
          [
            -64.219055,
            -31.385819
          ],
          [
            -64.219268,
            -31.385642
          ],
          [
            -64.219465,
            -31.3855
          ],
          [
            -64.21995,
            -31.385093
          ],
          [
            -64.220121,
            -31.384959
          ],
          [
            -64.221205,
            -31.384115
          ],
          [
            -64.221414,
            -31.383953
          ],
          [
            -64.22146,
            -31.383918
          ],
          [
            -64.221651,
            -31.383771
          ],
          [
            -64.221951,
            -31.383551
          ],
          [
            -64.222326,
            -31.383295
          ],
          [
            -64.222418,
            -31.383233
          ],
          [
            -64.22253,
            -31.383155
          ],
          [
            -64.223075,
            -31.38281
          ],
          [
            -64.223306,
            -31.382627
          ],
          [
            -64.223375,
            -31.382552
          ],
          [
            -64.223434,
            -31.382476
          ],
          [
            -64.223475,
            -31.382414
          ],
          [
            -64.223528,
            -31.382309
          ],
          [
            -64.223552,
            -31.38225
          ],
          [
            -64.223574,
            -31.382182
          ],
          [
            -64.223594,
            -31.382105
          ],
          [
            -64.223621,
            -31.381974
          ],
          [
            -64.223644,
            -31.381773
          ],
          [
            -64.223642,
            -31.381678
          ],
          [
            -64.223629,
            -31.381595
          ],
          [
            -64.223604,
            -31.381521
          ],
          [
            -64.223564,
            -31.381438
          ],
          [
            -64.223521,
            -31.381362
          ],
          [
            -64.223469,
            -31.381274
          ],
          [
            -64.223385,
            -31.381166
          ],
          [
            -64.223159,
            -31.380895
          ],
          [
            -64.223107,
            -31.380821
          ],
          [
            -64.22307,
            -31.380755
          ],
          [
            -64.223044,
            -31.380698
          ],
          [
            -64.223032,
            -31.380655
          ],
          [
            -64.22302,
            -31.380599
          ],
          [
            -64.223004,
            -31.380488
          ],
          [
            -64.222997,
            -31.380344
          ],
          [
            -64.223002,
            -31.380257
          ],
          [
            -64.223018,
            -31.380141
          ],
          [
            -64.223044,
            -31.380049
          ],
          [
            -64.222878,
            -31.379263
          ],
          [
            -64.22269,
            -31.37837
          ],
          [
            -64.223322,
            -31.378255
          ],
          [
            -64.223143,
            -31.37744
          ],
          [
            -64.223083,
            -31.377162
          ],
          [
            -64.222874,
            -31.376275
          ],
          [
            -64.22266,
            -31.375317
          ],
          [
            -64.222446,
            -31.374354
          ],
          [
            -64.222431,
            -31.374287
          ],
          [
            -64.222177,
            -31.373188
          ],
          [
            -64.222048,
            -31.372628
          ],
          [
            -64.221904,
            -31.371936
          ],
          [
            -64.221861,
            -31.371738
          ],
          [
            -64.221778,
            -31.371378
          ],
          [
            -64.221729,
            -31.371163
          ],
          [
            -64.221662,
            -31.370874
          ],
          [
            -64.221526,
            -31.370372
          ],
          [
            -64.221492,
            -31.370226
          ],
          [
            -64.221458,
            -31.370065
          ],
          [
            -64.221354,
            -31.369563
          ],
          [
            -64.221257,
            -31.369105
          ],
          [
            -64.22123,
            -31.369
          ],
          [
            -64.221109,
            -31.368789
          ],
          [
            -64.221088,
            -31.368736
          ],
          [
            -64.220987,
            -31.368335
          ],
          [
            -64.220958,
            -31.368226
          ],
          [
            -64.220944,
            -31.368155
          ],
          [
            -64.220905,
            -31.368003
          ],
          [
            -64.220877,
            -31.367863
          ],
          [
            -64.220768,
            -31.367314
          ],
          [
            -64.220602,
            -31.366557
          ],
          [
            -64.220568,
            -31.366375
          ],
          [
            -64.220556,
            -31.366323
          ],
          [
            -64.220543,
            -31.366282
          ],
          [
            -64.22053,
            -31.366243
          ],
          [
            -64.220512,
            -31.366208
          ],
          [
            -64.220489,
            -31.366173
          ],
          [
            -64.220465,
            -31.366143
          ],
          [
            -64.220433,
            -31.366103
          ],
          [
            -64.220395,
            -31.366053
          ],
          [
            -64.220374,
            -31.366037
          ],
          [
            -64.220356,
            -31.36602
          ],
          [
            -64.220341,
            -31.366
          ],
          [
            -64.220328,
            -31.365979
          ],
          [
            -64.220317,
            -31.365957
          ],
          [
            -64.22031,
            -31.365935
          ],
          [
            -64.220306,
            -31.365911
          ],
          [
            -64.220304,
            -31.365888
          ],
          [
            -64.220306,
            -31.365864
          ],
          [
            -64.220311,
            -31.365841
          ],
          [
            -64.220318,
            -31.365818
          ],
          [
            -64.220329,
            -31.365797
          ],
          [
            -64.220342,
            -31.365776
          ],
          [
            -64.220367,
            -31.365715
          ],
          [
            -64.220381,
            -31.365675
          ],
          [
            -64.22039,
            -31.365641
          ],
          [
            -64.220395,
            -31.365612
          ],
          [
            -64.220395,
            -31.365591
          ],
          [
            -64.220389,
            -31.365564
          ],
          [
            -64.220378,
            -31.365531
          ],
          [
            -64.220232,
            -31.365193
          ],
          [
            -64.220181,
            -31.365066
          ],
          [
            -64.220168,
            -31.365039
          ],
          [
            -64.220158,
            -31.365024
          ],
          [
            -64.220146,
            -31.36501
          ],
          [
            -64.220128,
            -31.364997
          ],
          [
            -64.220103,
            -31.364979
          ],
          [
            -64.220076,
            -31.364962
          ],
          [
            -64.220049,
            -31.364953
          ],
          [
            -64.219996,
            -31.364949
          ],
          [
            -64.219964,
            -31.364951
          ],
          [
            -64.219922,
            -31.364954
          ],
          [
            -64.219878,
            -31.364959
          ],
          [
            -64.219793,
            -31.364977
          ],
          [
            -64.219708,
            -31.365006
          ],
          [
            -64.219634,
            -31.365039
          ],
          [
            -64.219298,
            -31.365257
          ],
          [
            -64.219056,
            -31.365426
          ],
          [
            -64.218921,
            -31.365516
          ],
          [
            -64.218741,
            -31.365651
          ],
          [
            -64.218645,
            -31.365681
          ],
          [
            -64.218585,
            -31.365694
          ],
          [
            -64.218537,
            -31.365704
          ],
          [
            -64.218454,
            -31.365716
          ],
          [
            -64.218421,
            -31.365721
          ],
          [
            -64.218376,
            -31.365723
          ],
          [
            -64.218335,
            -31.365723
          ],
          [
            -64.218309,
            -31.365726
          ],
          [
            -64.218282,
            -31.36573
          ],
          [
            -64.218256,
            -31.365735
          ],
          [
            -64.218211,
            -31.365747
          ],
          [
            -64.218185,
            -31.365768
          ],
          [
            -64.218157,
            -31.365786
          ],
          [
            -64.218127,
            -31.365801
          ],
          [
            -64.218094,
            -31.365813
          ],
          [
            -64.21806,
            -31.365821
          ],
          [
            -64.218025,
            -31.365826
          ],
          [
            -64.217989,
            -31.365826
          ],
          [
            -64.217954,
            -31.365823
          ],
          [
            -64.217919,
            -31.365816
          ],
          [
            -64.217894,
            -31.365809
          ],
          [
            -64.217843,
            -31.36579
          ],
          [
            -64.21781,
            -31.365763
          ],
          [
            -64.21779,
            -31.365746
          ],
          [
            -64.21776,
            -31.365712
          ],
          [
            -64.21775,
            -31.365697
          ],
          [
            -64.217734,
            -31.365665
          ],
          [
            -64.217723,
            -31.36563
          ],
          [
            -64.217718,
            -31.365595
          ],
          [
            -64.217719,
            -31.36556
          ],
          [
            -64.217726,
            -31.365525
          ],
          [
            -64.217739,
            -31.365492
          ],
          [
            -64.217758,
            -31.36546
          ],
          [
            -64.217772,
            -31.365347
          ],
          [
            -64.217771,
            -31.365302
          ],
          [
            -64.217761,
            -31.365262
          ],
          [
            -64.217737,
            -31.3652
          ],
          [
            -64.217663,
            -31.365026
          ],
          [
            -64.217581,
            -31.364899
          ],
          [
            -64.217559,
            -31.364866
          ],
          [
            -64.217453,
            -31.364812
          ],
          [
            -64.217323,
            -31.364787
          ],
          [
            -64.217119,
            -31.364644
          ],
          [
            -64.217029,
            -31.3645
          ],
          [
            -64.216995,
            -31.36434
          ],
          [
            -64.216973,
            -31.364198
          ],
          [
            -64.217376,
            -31.364135
          ],
          [
            -64.217839,
            -31.364062
          ],
          [
            -64.217941,
            -31.364049
          ],
          [
            -64.217951,
            -31.364194
          ],
          [
            -64.217903,
            -31.364357
          ],
          [
            -64.217843,
            -31.364521
          ],
          [
            -64.217905,
            -31.364806
          ],
          [
            -64.21792,
            -31.364915
          ],
          [
            -64.21796,
            -31.365172
          ],
          [
            -64.217967,
            -31.365236
          ],
          [
            -64.217986,
            -31.365286
          ],
          [
            -64.218021,
            -31.365344
          ],
          [
            -64.218058,
            -31.365348
          ],
          [
            -64.218093,
            -31.365356
          ],
          [
            -64.218126,
            -31.365368
          ],
          [
            -64.218158,
            -31.365384
          ],
          [
            -64.218187,
            -31.365403
          ],
          [
            -64.21822,
            -31.365433
          ],
          [
            -64.218241,
            -31.365457
          ],
          [
            -64.21826,
            -31.365491
          ],
          [
            -64.218282,
            -31.365533
          ],
          [
            -64.218307,
            -31.365546
          ],
          [
            -64.218331,
            -31.365557
          ],
          [
            -64.218351,
            -31.365568
          ],
          [
            -64.218373,
            -31.365577
          ],
          [
            -64.218394,
            -31.365581
          ],
          [
            -64.218444,
            -31.365586
          ],
          [
            -64.218488,
            -31.365587
          ],
          [
            -64.218524,
            -31.365585
          ],
          [
            -64.218558,
            -31.36558
          ],
          [
            -64.218587,
            -31.365573
          ],
          [
            -64.218613,
            -31.365564
          ],
          [
            -64.218647,
            -31.365551
          ],
          [
            -64.218676,
            -31.365537
          ],
          [
            -64.218715,
            -31.365511
          ],
          [
            -64.219379,
            -31.365084
          ],
          [
            -64.219747,
            -31.364871
          ],
          [
            -64.219779,
            -31.36485
          ],
          [
            -64.219807,
            -31.364829
          ],
          [
            -64.219833,
            -31.364806
          ],
          [
            -64.219862,
            -31.364775
          ],
          [
            -64.219889,
            -31.364739
          ],
          [
            -64.21995,
            -31.364667
          ],
          [
            -64.219973,
            -31.364641
          ],
          [
            -64.220002,
            -31.364618
          ],
          [
            -64.220035,
            -31.364599
          ],
          [
            -64.22007,
            -31.364586
          ],
          [
            -64.220108,
            -31.364577
          ],
          [
            -64.220149,
            -31.364575
          ],
          [
            -64.22019,
            -31.364578
          ],
          [
            -64.22023,
            -31.364588
          ],
          [
            -64.220267,
            -31.364604
          ],
          [
            -64.2203,
            -31.364624
          ],
          [
            -64.220328,
            -31.36465
          ],
          [
            -64.220351,
            -31.364679
          ],
          [
            -64.220367,
            -31.364712
          ],
          [
            -64.220376,
            -31.364746
          ],
          [
            -64.220379,
            -31.364775
          ],
          [
            -64.220376,
            -31.364804
          ],
          [
            -64.220368,
            -31.364833
          ],
          [
            -64.220355,
            -31.36486
          ],
          [
            -64.22035,
            -31.364893
          ],
          [
            -64.220346,
            -31.364922
          ],
          [
            -64.220342,
            -31.364958
          ],
          [
            -64.220335,
            -31.365014
          ],
          [
            -64.22033,
            -31.36508
          ],
          [
            -64.220328,
            -31.365117
          ],
          [
            -64.220328,
            -31.365146
          ],
          [
            -64.220331,
            -31.365169
          ],
          [
            -64.220337,
            -31.365196
          ],
          [
            -64.220344,
            -31.365215
          ],
          [
            -64.220431,
            -31.365435
          ],
          [
            -64.220487,
            -31.365553
          ],
          [
            -64.220505,
            -31.365576
          ],
          [
            -64.220524,
            -31.365594
          ],
          [
            -64.220551,
            -31.365615
          ],
          [
            -64.22058,
            -31.365638
          ],
          [
            -64.220603,
            -31.365653
          ],
          [
            -64.220642,
            -31.365679
          ],
          [
            -64.220685,
            -31.365707
          ],
          [
            -64.220711,
            -31.365723
          ],
          [
            -64.220768,
            -31.365746
          ],
          [
            -64.220809,
            -31.365758
          ],
          [
            -64.220846,
            -31.365765
          ],
          [
            -64.220895,
            -31.365769
          ],
          [
            -64.220937,
            -31.365771
          ],
          [
            -64.220987,
            -31.365769
          ],
          [
            -64.221052,
            -31.365762
          ],
          [
            -64.221096,
            -31.365753
          ],
          [
            -64.221415,
            -31.365628
          ],
          [
            -64.221698,
            -31.365507
          ],
          [
            -64.221781,
            -31.365471
          ],
          [
            -64.222115,
            -31.365326
          ],
          [
            -64.222153,
            -31.365311
          ],
          [
            -64.222213,
            -31.365293
          ],
          [
            -64.222392,
            -31.365245
          ],
          [
            -64.22243,
            -31.365231
          ],
          [
            -64.222949,
            -31.365022
          ],
          [
            -64.223849,
            -31.364633
          ],
          [
            -64.223936,
            -31.364596
          ],
          [
            -64.224392,
            -31.364399
          ],
          [
            -64.225121,
            -31.364079
          ],
          [
            -64.225247,
            -31.364027
          ],
          [
            -64.226246,
            -31.363598
          ],
          [
            -64.226479,
            -31.363492
          ],
          [
            -64.227283,
            -31.363139
          ],
          [
            -64.227624,
            -31.362989
          ],
          [
            -64.227866,
            -31.362883
          ],
          [
            -64.22846,
            -31.362622
          ],
          [
            -64.228823,
            -31.362463
          ],
          [
            -64.229221,
            -31.362288
          ],
          [
            -64.230007,
            -31.361943
          ],
          [
            -64.230194,
            -31.361861
          ],
          [
            -64.23027,
            -31.361828
          ],
          [
            -64.230304,
            -31.361813
          ],
          [
            -64.230706,
            -31.361637
          ],
          [
            -64.23123,
            -31.361407
          ],
          [
            -64.231275,
            -31.361389
          ],
          [
            -64.23147,
            -31.36131
          ],
          [
            -64.232154,
            -31.361019
          ],
          [
            -64.232709,
            -31.360772
          ],
          [
            -64.233498,
            -31.360432
          ],
          [
            -64.233795,
            -31.360308
          ],
          [
            -64.234109,
            -31.360182
          ],
          [
            -64.234959,
            -31.359803
          ],
          [
            -64.235134,
            -31.359727
          ],
          [
            -64.235765,
            -31.359455
          ],
          [
            -64.236398,
            -31.359179
          ],
          [
            -64.237331,
            -31.358773
          ],
          [
            -64.237777,
            -31.35858
          ],
          [
            -64.238365,
            -31.358325
          ],
          [
            -64.238437,
            -31.358293
          ],
          [
            -64.238497,
            -31.358267
          ],
          [
            -64.238636,
            -31.358206
          ],
          [
            -64.238726,
            -31.358166
          ],
          [
            -64.239129,
            -31.358003
          ],
          [
            -64.239201,
            -31.357977
          ],
          [
            -64.239291,
            -31.357938
          ],
          [
            -64.239372,
            -31.357917
          ],
          [
            -64.239553,
            -31.357884
          ],
          [
            -64.239638,
            -31.357862
          ],
          [
            -64.239644,
            -31.357851
          ],
          [
            -64.239662,
            -31.357823
          ],
          [
            -64.239682,
            -31.357798
          ],
          [
            -64.239721,
            -31.357762
          ],
          [
            -64.239765,
            -31.357732
          ],
          [
            -64.239813,
            -31.357709
          ],
          [
            -64.239861,
            -31.357689
          ],
          [
            -64.239908,
            -31.357675
          ],
          [
            -64.239964,
            -31.357668
          ],
          [
            -64.240024,
            -31.357665
          ],
          [
            -64.24008,
            -31.357669
          ],
          [
            -64.240149,
            -31.357684
          ],
          [
            -64.240196,
            -31.357705
          ],
          [
            -64.24024,
            -31.35773
          ],
          [
            -64.240289,
            -31.357767
          ],
          [
            -64.240325,
            -31.357811
          ],
          [
            -64.240352,
            -31.35786
          ],
          [
            -64.240371,
            -31.357908
          ],
          [
            -64.240383,
            -31.357963
          ],
          [
            -64.240386,
            -31.358016
          ],
          [
            -64.240375,
            -31.35809
          ],
          [
            -64.240362,
            -31.358117
          ],
          [
            -64.240332,
            -31.35816
          ],
          [
            -64.240295,
            -31.358199
          ],
          [
            -64.240263,
            -31.358227
          ],
          [
            -64.240228,
            -31.358253
          ],
          [
            -64.240101,
            -31.358383
          ],
          [
            -64.240039,
            -31.358448
          ],
          [
            -64.239976,
            -31.35851
          ],
          [
            -64.239919,
            -31.358561
          ],
          [
            -64.239826,
            -31.358642
          ],
          [
            -64.239748,
            -31.358714
          ],
          [
            -64.239681,
            -31.358774
          ],
          [
            -64.239625,
            -31.358824
          ],
          [
            -64.239576,
            -31.358871
          ],
          [
            -64.239527,
            -31.358922
          ],
          [
            -64.239471,
            -31.358982
          ],
          [
            -64.239423,
            -31.359036
          ],
          [
            -64.239369,
            -31.359101
          ],
          [
            -64.239326,
            -31.359152
          ],
          [
            -64.239271,
            -31.359226
          ],
          [
            -64.239211,
            -31.359303
          ],
          [
            -64.239156,
            -31.359381
          ],
          [
            -64.239092,
            -31.359467
          ],
          [
            -64.238969,
            -31.359636
          ],
          [
            -64.238828,
            -31.35982
          ],
          [
            -64.238621,
            -31.360211
          ],
          [
            -64.238462,
            -31.360519
          ],
          [
            -64.23811,
            -31.361173
          ],
          [
            -64.238015,
            -31.361352
          ],
          [
            -64.238049,
            -31.361467
          ],
          [
            -64.238253,
            -31.36248
          ],
          [
            -64.238282,
            -31.362626
          ],
          [
            -64.238368,
            -31.363024
          ],
          [
            -64.238414,
            -31.363243
          ],
          [
            -64.238555,
            -31.363909
          ],
          [
            -64.238578,
            -31.364005
          ],
          [
            -64.238591,
            -31.364077
          ],
          [
            -64.238596,
            -31.364147
          ],
          [
            -64.238595,
            -31.364194
          ],
          [
            -64.238592,
            -31.364247
          ],
          [
            -64.238468,
            -31.365194
          ],
          [
            -64.238307,
            -31.366306
          ],
          [
            -64.238239,
            -31.366778
          ],
          [
            -64.238192,
            -31.36714
          ],
          [
            -64.238163,
            -31.367323
          ],
          [
            -64.23814,
            -31.367403
          ],
          [
            -64.238115,
            -31.367463
          ],
          [
            -64.237592,
            -31.368255
          ],
          [
            -64.237136,
            -31.368944
          ],
          [
            -64.236836,
            -31.369385
          ],
          [
            -64.236571,
            -31.369776
          ],
          [
            -64.237154,
            -31.370503
          ],
          [
            -64.237825,
            -31.371289
          ],
          [
            -64.237845,
            -31.371331
          ],
          [
            -64.237816,
            -31.371377
          ],
          [
            -64.237471,
            -31.371675
          ],
          [
            -64.238271,
            -31.37285
          ],
          [
            -64.238308,
            -31.372898
          ],
          [
            -64.23834,
            -31.372931
          ],
          [
            -64.238445,
            -31.373007
          ],
          [
            -64.238518,
            -31.373057
          ],
          [
            -64.23886,
            -31.373293
          ],
          [
            -64.238939,
            -31.373336
          ],
          [
            -64.239013,
            -31.373357
          ],
          [
            -64.239094,
            -31.373373
          ],
          [
            -64.240359,
            -31.373546
          ],
          [
            -64.240424,
            -31.373558
          ],
          [
            -64.240477,
            -31.373579
          ],
          [
            -64.240534,
            -31.373619
          ],
          [
            -64.240565,
            -31.373665
          ],
          [
            -64.24058,
            -31.373714
          ],
          [
            -64.24062,
            -31.373948
          ],
          [
            -64.240795,
            -31.375145
          ],
          [
            -64.24081,
            -31.375207
          ],
          [
            -64.24083,
            -31.375256
          ],
          [
            -64.24085,
            -31.375285
          ],
          [
            -64.241004,
            -31.375472
          ],
          [
            -64.241396,
            -31.375954
          ],
          [
            -64.241988,
            -31.376701
          ],
          [
            -64.242383,
            -31.377209
          ],
          [
            -64.243356,
            -31.378448
          ],
          [
            -64.244215,
            -31.37955
          ],
          [
            -64.244367,
            -31.379748
          ],
          [
            -64.24446,
            -31.37986
          ],
          [
            -64.244867,
            -31.380404
          ],
          [
            -64.245277,
            -31.380915
          ],
          [
            -64.245961,
            -31.381777
          ],
          [
            -64.246297,
            -31.382208
          ],
          [
            -64.246499,
            -31.382471
          ],
          [
            -64.246762,
            -31.382804
          ],
          [
            -64.247137,
            -31.383285
          ],
          [
            -64.247836,
            -31.384243
          ],
          [
            -64.248055,
            -31.38446
          ],
          [
            -64.248164,
            -31.384568
          ],
          [
            -64.24826,
            -31.384637
          ],
          [
            -64.248374,
            -31.38471
          ],
          [
            -64.248433,
            -31.384695
          ],
          [
            -64.248495,
            -31.384693
          ],
          [
            -64.248555,
            -31.384703
          ],
          [
            -64.248611,
            -31.384726
          ],
          [
            -64.248658,
            -31.38476
          ],
          [
            -64.248696,
            -31.384805
          ],
          [
            -64.248719,
            -31.384858
          ],
          [
            -64.248725,
            -31.384913
          ],
          [
            -64.248715,
            -31.384968
          ],
          [
            -64.248688,
            -31.385019
          ],
          [
            -64.248646,
            -31.385062
          ],
          [
            -64.248593,
            -31.385095
          ],
          [
            -64.248546,
            -31.385171
          ],
          [
            -64.248526,
            -31.385205
          ],
          [
            -64.248492,
            -31.385315
          ],
          [
            -64.248474,
            -31.385431
          ],
          [
            -64.248474,
            -31.38557
          ],
          [
            -64.248514,
            -31.385763
          ],
          [
            -64.248681,
            -31.386229
          ],
          [
            -64.248714,
            -31.386247
          ],
          [
            -64.248738,
            -31.386273
          ],
          [
            -64.248748,
            -31.386296
          ],
          [
            -64.248751,
            -31.386319
          ],
          [
            -64.248749,
            -31.386338
          ],
          [
            -64.248742,
            -31.386356
          ],
          [
            -64.248724,
            -31.386381
          ],
          [
            -64.248695,
            -31.386421
          ],
          [
            -64.248687,
            -31.38644
          ],
          [
            -64.248684,
            -31.386457
          ],
          [
            -64.248761,
            -31.386918
          ],
          [
            -64.248576,
            -31.386981
          ],
          [
            -64.247062,
            -31.387507
          ],
          [
            -64.247373,
            -31.388147
          ],
          [
            -64.247661,
            -31.388739
          ],
          [
            -64.247951,
            -31.389337
          ],
          [
            -64.248271,
            -31.39
          ],
          [
            -64.248557,
            -31.390604
          ],
          [
            -64.24886,
            -31.391207
          ],
          [
            -64.24989,
            -31.390845
          ],
          [
            -64.250582,
            -31.390593
          ],
          [
            -64.250545,
            -31.389994
          ],
          [
            -64.250582,
            -31.390593
          ],
          [
            -64.250707,
            -31.390853
          ],
          [
            -64.250893,
            -31.391233
          ],
          [
            -64.251189,
            -31.39183
          ],
          [
            -64.251665,
            -31.391658
          ],
          [
            -64.251684,
            -31.391651
          ],
          [
            -64.251758,
            -31.391625
          ],
          [
            -64.25187,
            -31.391584
          ],
          [
            -64.252614,
            -31.391353
          ],
          [
            -64.252489,
            -31.391172
          ],
          [
            -64.252439,
            -31.391101
          ],
          [
            -64.252411,
            -31.391005
          ],
          [
            -64.252404,
            -31.390905
          ],
          [
            -64.252413,
            -31.390813
          ],
          [
            -64.25243,
            -31.390757
          ],
          [
            -64.252491,
            -31.390651
          ],
          [
            -64.25254,
            -31.390578
          ],
          [
            -64.252647,
            -31.390462
          ],
          [
            -64.252662,
            -31.390424
          ],
          [
            -64.25265,
            -31.390362
          ],
          [
            -64.25309,
            -31.390221
          ],
          [
            -64.253231,
            -31.390511
          ],
          [
            -64.253481,
            -31.391031
          ],
          [
            -64.253661,
            -31.391403
          ],
          [
            -64.253859,
            -31.391811
          ],
          [
            -64.253933,
            -31.391969
          ],
          [
            -64.254016,
            -31.392138
          ],
          [
            -64.254258,
            -31.392643
          ],
          [
            -64.254316,
            -31.392764
          ],
          [
            -64.254368,
            -31.392862
          ],
          [
            -64.254658,
            -31.393476
          ],
          [
            -64.254703,
            -31.393569
          ],
          [
            -64.254905,
            -31.393983
          ],
          [
            -64.254968,
            -31.394112
          ],
          [
            -64.255244,
            -31.394727
          ],
          [
            -64.255481,
            -31.395218
          ],
          [
            -64.255523,
            -31.395301
          ],
          [
            -64.255566,
            -31.395388
          ],
          [
            -64.255455,
            -31.395429
          ],
          [
            -64.255218,
            -31.395514
          ],
          [
            -64.255021,
            -31.395585
          ],
          [
            -64.254661,
            -31.395719
          ],
          [
            -64.254404,
            -31.395814
          ],
          [
            -64.254263,
            -31.395865
          ],
          [
            -64.253974,
            -31.395968
          ],
          [
            -64.253563,
            -31.396114
          ],
          [
            -64.253293,
            -31.396211
          ],
          [
            -64.253073,
            -31.396281
          ],
          [
            -64.252872,
            -31.396342
          ],
          [
            -64.252647,
            -31.396407
          ],
          [
            -64.252413,
            -31.396479
          ],
          [
            -64.252217,
            -31.396535
          ],
          [
            -64.252092,
            -31.396567
          ],
          [
            -64.251886,
            -31.396628
          ],
          [
            -64.251835,
            -31.396643
          ],
          [
            -64.251777,
            -31.396658
          ],
          [
            -64.251718,
            -31.396668
          ],
          [
            -64.251663,
            -31.396671
          ],
          [
            -64.251613,
            -31.396669
          ],
          [
            -64.251556,
            -31.39666
          ],
          [
            -64.25151,
            -31.396647
          ],
          [
            -64.251473,
            -31.396634
          ],
          [
            -64.251426,
            -31.396612
          ],
          [
            -64.25131,
            -31.396557
          ],
          [
            -64.251269,
            -31.396541
          ],
          [
            -64.251232,
            -31.396531
          ],
          [
            -64.25119,
            -31.396521
          ],
          [
            -64.251133,
            -31.396514
          ],
          [
            -64.251007,
            -31.396507
          ],
          [
            -64.250542,
            -31.396485
          ],
          [
            -64.25008,
            -31.396463
          ],
          [
            -64.249629,
            -31.396441
          ],
          [
            -64.24917,
            -31.39642
          ],
          [
            -64.248708,
            -31.396399
          ],
          [
            -64.248368,
            -31.396385
          ],
          [
            -64.248245,
            -31.396379
          ],
          [
            -64.248181,
            -31.396376
          ],
          [
            -64.248007,
            -31.396367
          ],
          [
            -64.247736,
            -31.396355
          ],
          [
            -64.24728,
            -31.396331
          ],
          [
            -64.246755,
            -31.396306
          ],
          [
            -64.246499,
            -31.396292
          ],
          [
            -64.245918,
            -31.396264
          ],
          [
            -64.245843,
            -31.39626
          ],
          [
            -64.245563,
            -31.396248
          ],
          [
            -64.244679,
            -31.396205
          ],
          [
            -64.244569,
            -31.3962
          ],
          [
            -64.244448,
            -31.396192
          ],
          [
            -64.244051,
            -31.396173
          ],
          [
            -64.243668,
            -31.39615
          ],
          [
            -64.243205,
            -31.396122
          ],
          [
            -64.242543,
            -31.396091
          ],
          [
            -64.242004,
            -31.39606
          ],
          [
            -64.241895,
            -31.396053
          ],
          [
            -64.241689,
            -31.396048
          ],
          [
            -64.241143,
            -31.396034
          ],
          [
            -64.240867,
            -31.396047
          ],
          [
            -64.240632,
            -31.396067
          ],
          [
            -64.24055,
            -31.396083
          ],
          [
            -64.240397,
            -31.396112
          ],
          [
            -64.239925,
            -31.396235
          ],
          [
            -64.239485,
            -31.396372
          ],
          [
            -64.238895,
            -31.396567
          ],
          [
            -64.238317,
            -31.396759
          ],
          [
            -64.237674,
            -31.396965
          ],
          [
            -64.237215,
            -31.397113
          ],
          [
            -64.235629,
            -31.397616
          ],
          [
            -64.233747,
            -31.398225
          ],
          [
            -64.233362,
            -31.398347
          ],
          [
            -64.232188,
            -31.398718
          ],
          [
            -64.231477,
            -31.398964
          ],
          [
            -64.230682,
            -31.399205
          ],
          [
            -64.229962,
            -31.399434
          ],
          [
            -64.229501,
            -31.399585
          ],
          [
            -64.227643,
            -31.400199
          ],
          [
            -64.226578,
            -31.400534
          ],
          [
            -64.225762,
            -31.400783
          ],
          [
            -64.22529,
            -31.400927
          ],
          [
            -64.225239,
            -31.400943
          ],
          [
            -64.225154,
            -31.400968
          ],
          [
            -64.223991,
            -31.40132
          ],
          [
            -64.222839,
            -31.401687
          ],
          [
            -64.221738,
            -31.40206
          ],
          [
            -64.220614,
            -31.402418
          ],
          [
            -64.219464,
            -31.402784
          ],
          [
            -64.218336,
            -31.403144
          ],
          [
            -64.217977,
            -31.403257
          ],
          [
            -64.217193,
            -31.403505
          ],
          [
            -64.217157,
            -31.403516
          ],
          [
            -64.216072,
            -31.403859
          ],
          [
            -64.214941,
            -31.404217
          ],
          [
            -64.213791,
            -31.404581
          ],
          [
            -64.21266,
            -31.404938
          ],
          [
            -64.212031,
            -31.40514
          ],
          [
            -64.211525,
            -31.405302
          ],
          [
            -64.21039,
            -31.405657
          ],
          [
            -64.209252,
            -31.406013
          ],
          [
            -64.208574,
            -31.406225
          ],
          [
            -64.208127,
            -31.406364
          ],
          [
            -64.20801,
            -31.406397
          ],
          [
            -64.207098,
            -31.406653
          ],
          [
            -64.206672,
            -31.406773
          ],
          [
            -64.206094,
            -31.406946
          ],
          [
            -64.205842,
            -31.407015
          ],
          [
            -64.205316,
            -31.407161
          ],
          [
            -64.204612,
            -31.407363
          ],
          [
            -64.20369,
            -31.407629
          ],
          [
            -64.203407,
            -31.407711
          ],
          [
            -64.202118,
            -31.408095
          ],
          [
            -64.20072,
            -31.408485
          ],
          [
            -64.199376,
            -31.40886
          ],
          [
            -64.198046,
            -31.409258
          ],
          [
            -64.197272,
            -31.409487
          ],
          [
            -64.196673,
            -31.409666
          ],
          [
            -64.195439,
            -31.41001
          ],
          [
            -64.195287,
            -31.410021
          ],
          [
            -64.19391,
            -31.410425
          ],
          [
            -64.193691,
            -31.41049
          ],
          [
            -64.193225,
            -31.410626
          ],
          [
            -64.19263,
            -31.410801
          ],
          [
            -64.191328,
            -31.411203
          ],
          [
            -64.191516,
            -31.411587
          ],
          [
            -64.191631,
            -31.411801
          ],
          [
            -64.191676,
            -31.411898
          ],
          [
            -64.191721,
            -31.412009
          ],
          [
            -64.191795,
            -31.412224
          ],
          [
            -64.191861,
            -31.412443
          ],
          [
            -64.191886,
            -31.412605
          ],
          [
            -64.191905,
            -31.412812
          ],
          [
            -64.191899,
            -31.412906
          ],
          [
            -64.191783,
            -31.413258
          ],
          [
            -64.191709,
            -31.413482
          ],
          [
            -64.191618,
            -31.413773
          ],
          [
            -64.191161,
            -31.41514
          ],
          [
            -64.190694,
            -31.416604
          ],
          [
            -64.190416,
            -31.416687
          ],
          [
            -64.189089,
            -31.417076
          ],
          [
            -64.189049,
            -31.417087
          ],
          [
            -64.18777,
            -31.417441
          ],
          [
            -64.187673,
            -31.417469
          ],
          [
            -64.18769,
            -31.41751
          ],
          [
            -64.188184,
            -31.418665
          ],
          [
            -64.188568,
            -31.419564
          ],
          [
            -64.188701,
            -31.419841
          ],
          [
            -64.188713,
            -31.419861
          ],
          [
            -64.188728,
            -31.419891
          ],
          [
            -64.188735,
            -31.419927
          ],
          [
            -64.188737,
            -31.419959
          ],
          [
            -64.188733,
            -31.419976
          ],
          [
            -64.188728,
            -31.419991
          ],
          [
            -64.188709,
            -31.420032
          ],
          [
            -64.188708,
            -31.420086
          ],
          [
            -64.188709,
            -31.420103
          ]
        ]
      }
    },
    {
      "type": "Feature",
      "id": "route-cordoba-2026-08-30-v3-02",
      "properties": {
        "truckId": "vehicle-02",
        "waypointDistancesKm": [
          0,
          2.062110593666079,
          3.7888944789770824,
          4.625350148597265,
          11.077040391671812,
          14.659200957750405,
          24.778856698513522
        ]
      },
      "geometry": {
        "type": "LineString",
        "coordinates": [
          [
            -64.188709,
            -31.420109
          ],
          [
            -64.18871,
            -31.420127
          ],
          [
            -64.188717,
            -31.420178
          ],
          [
            -64.188727,
            -31.42023
          ],
          [
            -64.188737,
            -31.420284
          ],
          [
            -64.188734,
            -31.420338
          ],
          [
            -64.188686,
            -31.420476
          ],
          [
            -64.188614,
            -31.420637
          ],
          [
            -64.188602,
            -31.420666
          ],
          [
            -64.188216,
            -31.421509
          ],
          [
            -64.188139,
            -31.421536
          ],
          [
            -64.187971,
            -31.421596
          ],
          [
            -64.187883,
            -31.421621
          ],
          [
            -64.186582,
            -31.422025
          ],
          [
            -64.187051,
            -31.423184
          ],
          [
            -64.187348,
            -31.423089
          ],
          [
            -64.187455,
            -31.423057
          ],
          [
            -64.18837,
            -31.422766
          ],
          [
            -64.189743,
            -31.422336
          ],
          [
            -64.191026,
            -31.421953
          ],
          [
            -64.190613,
            -31.421516
          ],
          [
            -64.190113,
            -31.421069
          ],
          [
            -64.190082,
            -31.420974
          ],
          [
            -64.19,
            -31.420834
          ],
          [
            -64.189978,
            -31.420712
          ],
          [
            -64.18997,
            -31.420554
          ],
          [
            -64.189962,
            -31.420073
          ],
          [
            -64.189978,
            -31.419996
          ],
          [
            -64.190007,
            -31.419899
          ],
          [
            -64.189976,
            -31.419802
          ],
          [
            -64.189956,
            -31.419714
          ],
          [
            -64.189951,
            -31.419695
          ],
          [
            -64.189855,
            -31.419325
          ],
          [
            -64.189817,
            -31.419043
          ],
          [
            -64.18966,
            -31.418461
          ],
          [
            -64.189595,
            -31.418267
          ],
          [
            -64.189097,
            -31.417094
          ],
          [
            -64.189089,
            -31.417076
          ],
          [
            -64.189079,
            -31.417053
          ],
          [
            -64.188583,
            -31.415886
          ],
          [
            -64.188564,
            -31.415842
          ],
          [
            -64.188289,
            -31.415195
          ],
          [
            -64.188273,
            -31.415156
          ],
          [
            -64.188133,
            -31.414827
          ],
          [
            -64.188116,
            -31.414787
          ],
          [
            -64.188104,
            -31.414758
          ],
          [
            -64.188,
            -31.414515
          ],
          [
            -64.187955,
            -31.414408
          ],
          [
            -64.187647,
            -31.413684
          ],
          [
            -64.187396,
            -31.413093
          ],
          [
            -64.187151,
            -31.412517
          ],
          [
            -64.187127,
            -31.412461
          ],
          [
            -64.186556,
            -31.412634
          ],
          [
            -64.185737,
            -31.412882
          ],
          [
            -64.185762,
            -31.412943
          ],
          [
            -64.185948,
            -31.413383
          ],
          [
            -64.186125,
            -31.413802
          ],
          [
            -64.186243,
            -31.414082
          ],
          [
            -64.186591,
            -31.414907
          ],
          [
            -64.186704,
            -31.415175
          ],
          [
            -64.186715,
            -31.415201
          ],
          [
            -64.186739,
            -31.415256
          ],
          [
            -64.186794,
            -31.415387
          ],
          [
            -64.186829,
            -31.41547
          ],
          [
            -64.187167,
            -31.416272
          ],
          [
            -64.187176,
            -31.416293
          ],
          [
            -64.187285,
            -31.416261
          ],
          [
            -64.188553,
            -31.415894
          ],
          [
            -64.188583,
            -31.415886
          ],
          [
            -64.189821,
            -31.415527
          ],
          [
            -64.189857,
            -31.415517
          ],
          [
            -64.189937,
            -31.415495
          ],
          [
            -64.190229,
            -31.415414
          ],
          [
            -64.190822,
            -31.41525
          ],
          [
            -64.191018,
            -31.414692
          ],
          [
            -64.190728,
            -31.414015
          ],
          [
            -64.190641,
            -31.413793
          ],
          [
            -64.190513,
            -31.413467
          ],
          [
            -64.190506,
            -31.413448
          ],
          [
            -64.190302,
            -31.412929
          ],
          [
            -64.190294,
            -31.412909
          ],
          [
            -64.190081,
            -31.412365
          ],
          [
            -64.190027,
            -31.412229
          ],
          [
            -64.189801,
            -31.411651
          ],
          [
            -64.189773,
            -31.411576
          ],
          [
            -64.189392,
            -31.410554
          ],
          [
            -64.189004,
            -31.409416
          ],
          [
            -64.18866,
            -31.409521
          ],
          [
            -64.188516,
            -31.409565
          ],
          [
            -64.188337,
            -31.409621
          ],
          [
            -64.187868,
            -31.409761
          ],
          [
            -64.187571,
            -31.40985
          ],
          [
            -64.187745,
            -31.410275
          ],
          [
            -64.188035,
            -31.410984
          ],
          [
            -64.189392,
            -31.410554
          ],
          [
            -64.190628,
            -31.410207
          ],
          [
            -64.190904,
            -31.410127
          ],
          [
            -64.191328,
            -31.411203
          ],
          [
            -64.191516,
            -31.411587
          ],
          [
            -64.191631,
            -31.411801
          ],
          [
            -64.191676,
            -31.411898
          ],
          [
            -64.191721,
            -31.412009
          ],
          [
            -64.191795,
            -31.412224
          ],
          [
            -64.191861,
            -31.412443
          ],
          [
            -64.19309,
            -31.412079
          ],
          [
            -64.192881,
            -31.411498
          ],
          [
            -64.19263,
            -31.410801
          ],
          [
            -64.191328,
            -31.411203
          ],
          [
            -64.191069,
            -31.411286
          ],
          [
            -64.190641,
            -31.411408
          ],
          [
            -64.19029,
            -31.411512
          ],
          [
            -64.189801,
            -31.411651
          ],
          [
            -64.189773,
            -31.411576
          ],
          [
            -64.189392,
            -31.410554
          ],
          [
            -64.189004,
            -31.409416
          ],
          [
            -64.188509,
            -31.408133
          ],
          [
            -64.188397,
            -31.407846
          ],
          [
            -64.188295,
            -31.40759
          ],
          [
            -64.188209,
            -31.407376
          ],
          [
            -64.188164,
            -31.407265
          ],
          [
            -64.188152,
            -31.407231
          ],
          [
            -64.188132,
            -31.40717
          ],
          [
            -64.188096,
            -31.407062
          ],
          [
            -64.18802,
            -31.406838
          ],
          [
            -64.188,
            -31.406773
          ],
          [
            -64.187791,
            -31.406
          ],
          [
            -64.187758,
            -31.405879
          ],
          [
            -64.187743,
            -31.40565
          ],
          [
            -64.187738,
            -31.405576
          ],
          [
            -64.18773,
            -31.40551
          ],
          [
            -64.187711,
            -31.405367
          ],
          [
            -64.187608,
            -31.404405
          ],
          [
            -64.187525,
            -31.403846
          ],
          [
            -64.187187,
            -31.402764
          ],
          [
            -64.186827,
            -31.401612
          ],
          [
            -64.186593,
            -31.401046
          ],
          [
            -64.186521,
            -31.400892
          ],
          [
            -64.186351,
            -31.400526
          ],
          [
            -64.185886,
            -31.399437
          ],
          [
            -64.185425,
            -31.398321
          ],
          [
            -64.186488,
            -31.397991
          ],
          [
            -64.18671,
            -31.397922
          ],
          [
            -64.186994,
            -31.397834
          ],
          [
            -64.187986,
            -31.397526
          ],
          [
            -64.187532,
            -31.396452
          ],
          [
            -64.187253,
            -31.395751
          ],
          [
            -64.187245,
            -31.395734
          ],
          [
            -64.187236,
            -31.395712
          ],
          [
            -64.187073,
            -31.395308
          ],
          [
            -64.186784,
            -31.394604
          ],
          [
            -64.186592,
            -31.39413
          ],
          [
            -64.186171,
            -31.393107
          ],
          [
            -64.185704,
            -31.391996
          ],
          [
            -64.185239,
            -31.390885
          ],
          [
            -64.185017,
            -31.390355
          ],
          [
            -64.18518,
            -31.390264
          ],
          [
            -64.185177,
            -31.389912
          ],
          [
            -64.185198,
            -31.38872
          ],
          [
            -64.18519,
            -31.387559
          ],
          [
            -64.185194,
            -31.386364
          ],
          [
            -64.185197,
            -31.385204
          ],
          [
            -64.185198,
            -31.384055
          ],
          [
            -64.185204,
            -31.38285
          ],
          [
            -64.185208,
            -31.38168
          ],
          [
            -64.185211,
            -31.380512
          ],
          [
            -64.18381,
            -31.380514
          ],
          [
            -64.18383,
            -31.379316
          ],
          [
            -64.183846,
            -31.378773
          ],
          [
            -64.18385,
            -31.378161
          ],
          [
            -64.183862,
            -31.377377
          ],
          [
            -64.183868,
            -31.377057
          ],
          [
            -64.18387,
            -31.376985
          ],
          [
            -64.183871,
            -31.37597
          ],
          [
            -64.183871,
            -31.375874
          ],
          [
            -64.183871,
            -31.375708
          ],
          [
            -64.183876,
            -31.375481
          ],
          [
            -64.183871,
            -31.375033
          ],
          [
            -64.183871,
            -31.374415
          ],
          [
            -64.183872,
            -31.373767
          ],
          [
            -64.183872,
            -31.373121
          ],
          [
            -64.183871,
            -31.372462
          ],
          [
            -64.18388,
            -31.371828
          ],
          [
            -64.183873,
            -31.371375
          ],
          [
            -64.183874,
            -31.371069
          ],
          [
            -64.183876,
            -31.370335
          ],
          [
            -64.183874,
            -31.369942
          ],
          [
            -64.183874,
            -31.369757
          ],
          [
            -64.18389,
            -31.3692
          ],
          [
            -64.183893,
            -31.368757
          ],
          [
            -64.183892,
            -31.368662
          ],
          [
            -64.183893,
            -31.36812
          ],
          [
            -64.183893,
            -31.367465
          ],
          [
            -64.1839,
            -31.366888
          ],
          [
            -64.183898,
            -31.36653
          ],
          [
            -64.183893,
            -31.366348
          ],
          [
            -64.183885,
            -31.365793
          ],
          [
            -64.183885,
            -31.365733
          ],
          [
            -64.183887,
            -31.365243
          ],
          [
            -64.183887,
            -31.364914
          ],
          [
            -64.183887,
            -31.364813
          ],
          [
            -64.183886,
            -31.364656
          ],
          [
            -64.183881,
            -31.364114
          ],
          [
            -64.183878,
            -31.363561
          ],
          [
            -64.183877,
            -31.363437
          ],
          [
            -64.183693,
            -31.363422
          ],
          [
            -64.183597,
            -31.363395
          ],
          [
            -64.1831,
            -31.363185
          ],
          [
            -64.182831,
            -31.363089
          ],
          [
            -64.182765,
            -31.363065
          ],
          [
            -64.182714,
            -31.363035
          ],
          [
            -64.182647,
            -31.362947
          ],
          [
            -64.182683,
            -31.362929
          ],
          [
            -64.182716,
            -31.362898
          ],
          [
            -64.182729,
            -31.362853
          ],
          [
            -64.182731,
            -31.362531
          ],
          [
            -64.182729,
            -31.362853
          ],
          [
            -64.182716,
            -31.362898
          ],
          [
            -64.182683,
            -31.362929
          ],
          [
            -64.182647,
            -31.362947
          ],
          [
            -64.182714,
            -31.363035
          ],
          [
            -64.182765,
            -31.363065
          ],
          [
            -64.182831,
            -31.363089
          ],
          [
            -64.1831,
            -31.363185
          ],
          [
            -64.183281,
            -31.363261
          ],
          [
            -64.183597,
            -31.363395
          ],
          [
            -64.183693,
            -31.363422
          ],
          [
            -64.183877,
            -31.363437
          ],
          [
            -64.183878,
            -31.362134
          ],
          [
            -64.183884,
            -31.361927
          ],
          [
            -64.183491,
            -31.361924
          ],
          [
            -64.182889,
            -31.361919
          ],
          [
            -64.182726,
            -31.361918
          ],
          [
            -64.182328,
            -31.361913
          ],
          [
            -64.181799,
            -31.361913
          ],
          [
            -64.180506,
            -31.361902
          ],
          [
            -64.17981,
            -31.361896
          ],
          [
            -64.176119,
            -31.361878
          ],
          [
            -64.176115,
            -31.361575
          ],
          [
            -64.176113,
            -31.361479
          ],
          [
            -64.176063,
            -31.361309
          ],
          [
            -64.176048,
            -31.361026
          ],
          [
            -64.176048,
            -31.360856
          ],
          [
            -64.176054,
            -31.360539
          ],
          [
            -64.176053,
            -31.360037
          ],
          [
            -64.176045,
            -31.359422
          ],
          [
            -64.176042,
            -31.35918
          ],
          [
            -64.176036,
            -31.35897
          ],
          [
            -64.17602,
            -31.358749
          ],
          [
            -64.17601,
            -31.358555
          ],
          [
            -64.176005,
            -31.358379
          ],
          [
            -64.176001,
            -31.357887
          ],
          [
            -64.175997,
            -31.357616
          ],
          [
            -64.175997,
            -31.357594
          ],
          [
            -64.175997,
            -31.357337
          ],
          [
            -64.176001,
            -31.356774
          ],
          [
            -64.176,
            -31.356388
          ],
          [
            -64.175999,
            -31.356013
          ],
          [
            -64.175999,
            -31.355837
          ],
          [
            -64.176002,
            -31.355734
          ],
          [
            -64.176012,
            -31.355636
          ],
          [
            -64.176026,
            -31.355507
          ],
          [
            -64.176046,
            -31.355327
          ],
          [
            -64.176065,
            -31.355142
          ],
          [
            -64.176133,
            -31.354629
          ],
          [
            -64.176139,
            -31.354523
          ],
          [
            -64.176142,
            -31.354307
          ],
          [
            -64.176144,
            -31.354107
          ],
          [
            -64.176146,
            -31.353793
          ],
          [
            -64.17615,
            -31.35338
          ],
          [
            -64.176152,
            -31.353028
          ],
          [
            -64.176153,
            -31.351541
          ],
          [
            -64.176152,
            -31.350883
          ],
          [
            -64.176153,
            -31.349983
          ],
          [
            -64.176151,
            -31.349369
          ],
          [
            -64.176148,
            -31.349041
          ],
          [
            -64.176151,
            -31.347985
          ],
          [
            -64.176151,
            -31.347935
          ],
          [
            -64.17615,
            -31.347797
          ],
          [
            -64.176148,
            -31.347004
          ],
          [
            -64.17615,
            -31.346144
          ],
          [
            -64.176144,
            -31.345532
          ],
          [
            -64.176143,
            -31.345431
          ],
          [
            -64.176142,
            -31.345067
          ],
          [
            -64.176143,
            -31.344531
          ],
          [
            -64.176142,
            -31.344155
          ],
          [
            -64.176139,
            -31.343268
          ],
          [
            -64.176137,
            -31.342315
          ],
          [
            -64.176133,
            -31.34173
          ],
          [
            -64.176133,
            -31.341532
          ],
          [
            -64.176135,
            -31.341343
          ],
          [
            -64.176134,
            -31.340433
          ],
          [
            -64.176331,
            -31.340433
          ],
          [
            -64.176327,
            -31.339968
          ],
          [
            -64.176325,
            -31.339509
          ],
          [
            -64.176127,
            -31.339505
          ],
          [
            -64.176133,
            -31.340315
          ],
          [
            -64.176134,
            -31.340433
          ],
          [
            -64.176135,
            -31.341343
          ],
          [
            -64.176133,
            -31.341532
          ],
          [
            -64.176133,
            -31.34173
          ],
          [
            -64.176137,
            -31.342315
          ],
          [
            -64.176139,
            -31.343268
          ],
          [
            -64.176142,
            -31.344155
          ],
          [
            -64.176143,
            -31.344531
          ],
          [
            -64.176142,
            -31.345067
          ],
          [
            -64.176143,
            -31.345431
          ],
          [
            -64.176144,
            -31.345532
          ],
          [
            -64.17615,
            -31.346144
          ],
          [
            -64.176148,
            -31.347004
          ],
          [
            -64.17615,
            -31.347797
          ],
          [
            -64.176151,
            -31.347935
          ],
          [
            -64.176151,
            -31.347985
          ],
          [
            -64.176148,
            -31.349041
          ],
          [
            -64.176151,
            -31.349369
          ],
          [
            -64.176153,
            -31.349983
          ],
          [
            -64.176152,
            -31.350883
          ],
          [
            -64.176153,
            -31.351541
          ],
          [
            -64.176152,
            -31.353028
          ],
          [
            -64.17615,
            -31.35338
          ],
          [
            -64.176146,
            -31.353793
          ],
          [
            -64.176144,
            -31.354107
          ],
          [
            -64.176142,
            -31.354307
          ],
          [
            -64.176139,
            -31.354523
          ],
          [
            -64.176133,
            -31.354629
          ],
          [
            -64.176153,
            -31.355323
          ],
          [
            -64.176145,
            -31.355674
          ],
          [
            -64.176141,
            -31.355845
          ],
          [
            -64.176139,
            -31.35601
          ],
          [
            -64.176135,
            -31.356187
          ],
          [
            -64.176133,
            -31.356371
          ],
          [
            -64.176133,
            -31.356736
          ],
          [
            -64.17613,
            -31.357309
          ],
          [
            -64.176127,
            -31.357566
          ],
          [
            -64.176127,
            -31.357589
          ],
          [
            -64.176131,
            -31.357867
          ],
          [
            -64.176132,
            -31.358333
          ],
          [
            -64.17614,
            -31.358802
          ],
          [
            -64.176148,
            -31.359254
          ],
          [
            -64.176149,
            -31.359706
          ],
          [
            -64.176147,
            -31.360037
          ],
          [
            -64.176147,
            -31.360372
          ],
          [
            -64.176149,
            -31.360552
          ],
          [
            -64.176148,
            -31.36114
          ],
          [
            -64.176148,
            -31.361308
          ],
          [
            -64.176113,
            -31.361479
          ],
          [
            -64.176115,
            -31.361575
          ],
          [
            -64.176119,
            -31.361878
          ],
          [
            -64.176116,
            -31.362268
          ],
          [
            -64.176114,
            -31.362542
          ],
          [
            -64.176113,
            -31.362703
          ],
          [
            -64.176107,
            -31.363264
          ],
          [
            -64.176107,
            -31.363426
          ],
          [
            -64.176105,
            -31.363541
          ],
          [
            -64.176105,
            -31.363587
          ],
          [
            -64.176104,
            -31.363858
          ],
          [
            -64.176104,
            -31.364111
          ],
          [
            -64.176104,
            -31.364736
          ],
          [
            -64.176105,
            -31.36501
          ],
          [
            -64.176105,
            -31.365323
          ],
          [
            -64.176106,
            -31.365595
          ],
          [
            -64.176103,
            -31.366019
          ],
          [
            -64.176103,
            -31.366474
          ],
          [
            -64.176102,
            -31.366901
          ],
          [
            -64.176103,
            -31.367869
          ],
          [
            -64.176103,
            -31.367938
          ],
          [
            -64.176102,
            -31.368075
          ],
          [
            -64.176098,
            -31.368645
          ],
          [
            -64.176096,
            -31.368947
          ],
          [
            -64.176094,
            -31.369112
          ],
          [
            -64.176089,
            -31.369711
          ],
          [
            -64.176342,
            -31.369944
          ],
          [
            -64.176455,
            -31.369942
          ],
          [
            -64.177217,
            -31.369942
          ],
          [
            -64.177872,
            -31.36994
          ],
          [
            -64.178525,
            -31.369942
          ],
          [
            -64.179192,
            -31.36994
          ],
          [
            -64.179825,
            -31.369942
          ],
          [
            -64.18047,
            -31.369942
          ],
          [
            -64.181125,
            -31.369942
          ],
          [
            -64.181568,
            -31.369942
          ],
          [
            -64.181771,
            -31.369942
          ],
          [
            -64.182392,
            -31.369942
          ],
          [
            -64.183088,
            -31.369942
          ],
          [
            -64.183874,
            -31.369942
          ],
          [
            -64.183876,
            -31.370335
          ],
          [
            -64.183874,
            -31.371069
          ],
          [
            -64.183873,
            -31.371375
          ],
          [
            -64.18388,
            -31.371828
          ],
          [
            -64.183871,
            -31.372462
          ],
          [
            -64.183872,
            -31.373121
          ],
          [
            -64.183872,
            -31.373767
          ],
          [
            -64.183871,
            -31.374415
          ],
          [
            -64.183871,
            -31.375033
          ],
          [
            -64.183876,
            -31.375481
          ],
          [
            -64.183871,
            -31.375708
          ],
          [
            -64.183871,
            -31.375874
          ],
          [
            -64.183871,
            -31.37597
          ],
          [
            -64.18387,
            -31.376985
          ],
          [
            -64.183868,
            -31.377057
          ],
          [
            -64.183862,
            -31.377377
          ],
          [
            -64.18385,
            -31.378161
          ],
          [
            -64.183846,
            -31.378773
          ],
          [
            -64.18383,
            -31.379316
          ],
          [
            -64.18381,
            -31.380514
          ],
          [
            -64.183809,
            -31.381678
          ],
          [
            -64.183811,
            -31.38285
          ],
          [
            -64.183813,
            -31.384051
          ],
          [
            -64.183813,
            -31.385206
          ],
          [
            -64.183814,
            -31.386363
          ],
          [
            -64.183815,
            -31.386674
          ],
          [
            -64.183815,
            -31.387556
          ],
          [
            -64.183812,
            -31.388717
          ],
          [
            -64.183817,
            -31.389875
          ],
          [
            -64.183831,
            -31.390845
          ],
          [
            -64.18384,
            -31.390933
          ],
          [
            -64.183866,
            -31.391012
          ],
          [
            -64.183968,
            -31.391274
          ],
          [
            -64.184431,
            -31.39239
          ],
          [
            -64.184798,
            -31.393284
          ],
          [
            -64.184892,
            -31.393501
          ],
          [
            -64.185318,
            -31.394528
          ],
          [
            -64.185802,
            -31.395694
          ],
          [
            -64.186036,
            -31.396262
          ],
          [
            -64.186043,
            -31.396284
          ],
          [
            -64.18605,
            -31.396301
          ],
          [
            -64.18626,
            -31.396825
          ],
          [
            -64.18662,
            -31.397697
          ],
          [
            -64.18671,
            -31.397922
          ],
          [
            -64.18716,
            -31.399044
          ],
          [
            -64.18763,
            -31.400137
          ],
          [
            -64.188069,
            -31.401229
          ],
          [
            -64.187472,
            -31.401414
          ],
          [
            -64.186827,
            -31.401612
          ],
          [
            -64.186169,
            -31.401818
          ],
          [
            -64.185541,
            -31.402013
          ],
          [
            -64.184883,
            -31.402218
          ],
          [
            -64.184254,
            -31.402413
          ],
          [
            -64.18394,
            -31.40251
          ],
          [
            -64.183263,
            -31.40272
          ],
          [
            -64.182762,
            -31.402876
          ],
          [
            -64.182701,
            -31.402982
          ],
          [
            -64.182651,
            -31.403105
          ],
          [
            -64.182618,
            -31.403213
          ],
          [
            -64.182586,
            -31.403394
          ],
          [
            -64.18255,
            -31.403744
          ],
          [
            -64.182593,
            -31.40395
          ],
          [
            -64.182602,
            -31.404002
          ],
          [
            -64.182614,
            -31.404246
          ],
          [
            -64.182626,
            -31.404381
          ],
          [
            -64.182656,
            -31.404595
          ],
          [
            -64.182701,
            -31.404839
          ],
          [
            -64.182719,
            -31.40491
          ],
          [
            -64.182879,
            -31.405545
          ],
          [
            -64.182932,
            -31.405738
          ],
          [
            -64.18294,
            -31.405766
          ],
          [
            -64.183201,
            -31.40677
          ],
          [
            -64.183212,
            -31.406813
          ],
          [
            -64.183262,
            -31.406951
          ],
          [
            -64.183339,
            -31.40717
          ],
          [
            -64.183389,
            -31.407298
          ],
          [
            -64.183645,
            -31.407908
          ],
          [
            -64.183726,
            -31.408102
          ],
          [
            -64.183788,
            -31.408253
          ],
          [
            -64.183949,
            -31.408629
          ],
          [
            -64.184257,
            -31.409361
          ],
          [
            -64.184637,
            -31.410262
          ],
          [
            -64.184804,
            -31.410657
          ],
          [
            -64.185292,
            -31.411809
          ],
          [
            -64.185718,
            -31.412838
          ],
          [
            -64.185737,
            -31.412882
          ],
          [
            -64.185762,
            -31.412943
          ],
          [
            -64.185948,
            -31.413383
          ],
          [
            -64.186125,
            -31.413802
          ],
          [
            -64.186243,
            -31.414082
          ],
          [
            -64.186591,
            -31.414907
          ],
          [
            -64.186704,
            -31.415175
          ],
          [
            -64.186715,
            -31.415201
          ],
          [
            -64.186739,
            -31.415256
          ],
          [
            -64.186794,
            -31.415387
          ],
          [
            -64.186829,
            -31.41547
          ],
          [
            -64.187167,
            -31.416272
          ],
          [
            -64.187176,
            -31.416293
          ],
          [
            -64.187381,
            -31.41678
          ],
          [
            -64.187392,
            -31.416806
          ],
          [
            -64.187665,
            -31.417451
          ],
          [
            -64.187673,
            -31.417469
          ],
          [
            -64.18769,
            -31.41751
          ],
          [
            -64.188184,
            -31.418665
          ],
          [
            -64.188568,
            -31.419564
          ],
          [
            -64.188701,
            -31.419841
          ],
          [
            -64.188713,
            -31.419861
          ],
          [
            -64.188728,
            -31.419891
          ],
          [
            -64.188735,
            -31.419927
          ],
          [
            -64.188737,
            -31.419959
          ],
          [
            -64.188733,
            -31.419976
          ],
          [
            -64.188728,
            -31.419991
          ],
          [
            -64.188709,
            -31.420032
          ],
          [
            -64.188708,
            -31.420086
          ],
          [
            -64.188709,
            -31.420103
          ]
        ]
      }
    },
    {
      "type": "Feature",
      "id": "route-cordoba-2026-08-30-v3-03",
      "properties": {
        "truckId": "vehicle-03",
        "waypointDistancesKm": [
          0,
          2.210471053278638,
          5.446387847413086,
          8.908290010770427,
          11.88981344390889,
          13.949264758921508,
          22.34217499046221
        ]
      },
      "geometry": {
        "type": "LineString",
        "coordinates": [
          [
            -64.188709,
            -31.420109
          ],
          [
            -64.18871,
            -31.420127
          ],
          [
            -64.188717,
            -31.420178
          ],
          [
            -64.188727,
            -31.42023
          ],
          [
            -64.188737,
            -31.420284
          ],
          [
            -64.188734,
            -31.420338
          ],
          [
            -64.188686,
            -31.420476
          ],
          [
            -64.188614,
            -31.420637
          ],
          [
            -64.188602,
            -31.420666
          ],
          [
            -64.188216,
            -31.421509
          ],
          [
            -64.188139,
            -31.421536
          ],
          [
            -64.187971,
            -31.421596
          ],
          [
            -64.187883,
            -31.421621
          ],
          [
            -64.186582,
            -31.422025
          ],
          [
            -64.185253,
            -31.422438
          ],
          [
            -64.185197,
            -31.422455
          ],
          [
            -64.183898,
            -31.422858
          ],
          [
            -64.182631,
            -31.423252
          ],
          [
            -64.182565,
            -31.423271
          ],
          [
            -64.18253,
            -31.423283
          ],
          [
            -64.182506,
            -31.42329
          ],
          [
            -64.182219,
            -31.422615
          ],
          [
            -64.181948,
            -31.421985
          ],
          [
            -64.181908,
            -31.421886
          ],
          [
            -64.181858,
            -31.42176
          ],
          [
            -64.181401,
            -31.420612
          ],
          [
            -64.180946,
            -31.419465
          ],
          [
            -64.180482,
            -31.418341
          ],
          [
            -64.180474,
            -31.418322
          ],
          [
            -64.179989,
            -31.417196
          ],
          [
            -64.179509,
            -31.41608
          ],
          [
            -64.179029,
            -31.414893
          ],
          [
            -64.17902,
            -31.41487
          ],
          [
            -64.179001,
            -31.414876
          ],
          [
            -64.178233,
            -31.415127
          ],
          [
            -64.178093,
            -31.415172
          ],
          [
            -64.177774,
            -31.415275
          ],
          [
            -64.176467,
            -31.415664
          ],
          [
            -64.176184,
            -31.415764
          ],
          [
            -64.176043,
            -31.415814
          ],
          [
            -64.175744,
            -31.41592
          ],
          [
            -64.175585,
            -31.415975
          ],
          [
            -64.175537,
            -31.415873
          ],
          [
            -64.175499,
            -31.415814
          ],
          [
            -64.17564,
            -31.415768
          ],
          [
            -64.175454,
            -31.415205
          ],
          [
            -64.175299,
            -31.415246
          ],
          [
            -64.175336,
            -31.415356
          ],
          [
            -64.175484,
            -31.415791
          ],
          [
            -64.175499,
            -31.415814
          ],
          [
            -64.175537,
            -31.415873
          ],
          [
            -64.175585,
            -31.415975
          ],
          [
            -64.17545,
            -31.416022
          ],
          [
            -64.175207,
            -31.416089
          ],
          [
            -64.174904,
            -31.416136
          ],
          [
            -64.174646,
            -31.416086
          ],
          [
            -64.173295,
            -31.415758
          ],
          [
            -64.173201,
            -31.415733
          ],
          [
            -64.17202,
            -31.415391
          ],
          [
            -64.171988,
            -31.415381
          ],
          [
            -64.170834,
            -31.415047
          ],
          [
            -64.170782,
            -31.415032
          ],
          [
            -64.169897,
            -31.414791
          ],
          [
            -64.16971,
            -31.41474
          ],
          [
            -64.169592,
            -31.414707
          ],
          [
            -64.16839,
            -31.414379
          ],
          [
            -64.168072,
            -31.414292
          ],
          [
            -64.167717,
            -31.414195
          ],
          [
            -64.167173,
            -31.414046
          ],
          [
            -64.165965,
            -31.413715
          ],
          [
            -64.165599,
            -31.413615
          ],
          [
            -64.1648,
            -31.413396
          ],
          [
            -64.163552,
            -31.413071
          ],
          [
            -64.162344,
            -31.412747
          ],
          [
            -64.161161,
            -31.412422
          ],
          [
            -64.159966,
            -31.412075
          ],
          [
            -64.158738,
            -31.411737
          ],
          [
            -64.157947,
            -31.411534
          ],
          [
            -64.157262,
            -31.411358
          ],
          [
            -64.157125,
            -31.411331
          ],
          [
            -64.157061,
            -31.411316
          ],
          [
            -64.157085,
            -31.41126
          ],
          [
            -64.157435,
            -31.410335
          ],
          [
            -64.15747,
            -31.410238
          ],
          [
            -64.157831,
            -31.409198
          ],
          [
            -64.1582,
            -31.408177
          ],
          [
            -64.15822,
            -31.408127
          ],
          [
            -64.158581,
            -31.407128
          ],
          [
            -64.158603,
            -31.40707
          ],
          [
            -64.158788,
            -31.406574
          ],
          [
            -64.158806,
            -31.406528
          ],
          [
            -64.158826,
            -31.406475
          ],
          [
            -64.158971,
            -31.406087
          ],
          [
            -64.159009,
            -31.40597
          ],
          [
            -64.159035,
            -31.405899
          ],
          [
            -64.159345,
            -31.405078
          ],
          [
            -64.159216,
            -31.405048
          ],
          [
            -64.158692,
            -31.404916
          ],
          [
            -64.157867,
            -31.404697
          ],
          [
            -64.156754,
            -31.404406
          ],
          [
            -64.155605,
            -31.404106
          ],
          [
            -64.155258,
            -31.404946
          ],
          [
            -64.155017,
            -31.405561
          ],
          [
            -64.155522,
            -31.405699
          ],
          [
            -64.156162,
            -31.405873
          ],
          [
            -64.156408,
            -31.405258
          ],
          [
            -64.157531,
            -31.405566
          ],
          [
            -64.15833,
            -31.405785
          ],
          [
            -64.158728,
            -31.405893
          ],
          [
            -64.159009,
            -31.40597
          ],
          [
            -64.159035,
            -31.405899
          ],
          [
            -64.159345,
            -31.405078
          ],
          [
            -64.159724,
            -31.404027
          ],
          [
            -64.16021,
            -31.402709
          ],
          [
            -64.160633,
            -31.40157
          ],
          [
            -64.160989,
            -31.400577
          ],
          [
            -64.161317,
            -31.399671
          ],
          [
            -64.161583,
            -31.398972
          ],
          [
            -64.161593,
            -31.398877
          ],
          [
            -64.161575,
            -31.398782
          ],
          [
            -64.161555,
            -31.398722
          ],
          [
            -64.161441,
            -31.398287
          ],
          [
            -64.161436,
            -31.398267
          ],
          [
            -64.161428,
            -31.398201
          ],
          [
            -64.161435,
            -31.398129
          ],
          [
            -64.161462,
            -31.398028
          ],
          [
            -64.161598,
            -31.397738
          ],
          [
            -64.161958,
            -31.396967
          ],
          [
            -64.16205,
            -31.396853
          ],
          [
            -64.16,
            -31.396208
          ],
          [
            -64.159203,
            -31.395967
          ],
          [
            -64.159245,
            -31.395821
          ],
          [
            -64.159249,
            -31.395798
          ],
          [
            -64.159275,
            -31.395657
          ],
          [
            -64.159277,
            -31.395613
          ],
          [
            -64.159264,
            -31.395588
          ],
          [
            -64.159248,
            -31.395571
          ],
          [
            -64.159211,
            -31.395546
          ],
          [
            -64.158501,
            -31.395309
          ],
          [
            -64.158346,
            -31.395262
          ],
          [
            -64.158157,
            -31.395202
          ],
          [
            -64.157831,
            -31.395095
          ],
          [
            -64.156215,
            -31.394577
          ],
          [
            -64.156019,
            -31.394516
          ],
          [
            -64.155717,
            -31.394428
          ],
          [
            -64.155458,
            -31.394351
          ],
          [
            -64.154601,
            -31.394095
          ],
          [
            -64.154317,
            -31.394006
          ],
          [
            -64.153113,
            -31.393619
          ],
          [
            -64.152796,
            -31.39352
          ],
          [
            -64.152703,
            -31.39349
          ],
          [
            -64.15204,
            -31.393283
          ],
          [
            -64.15145,
            -31.393081
          ],
          [
            -64.151394,
            -31.393062
          ],
          [
            -64.151317,
            -31.39304
          ],
          [
            -64.150003,
            -31.392654
          ],
          [
            -64.149754,
            -31.392583
          ],
          [
            -64.149479,
            -31.392516
          ],
          [
            -64.148981,
            -31.3924
          ],
          [
            -64.148511,
            -31.392283
          ],
          [
            -64.147917,
            -31.392144
          ],
          [
            -64.146622,
            -31.391842
          ],
          [
            -64.145352,
            -31.391542
          ],
          [
            -64.144072,
            -31.391242
          ],
          [
            -64.144063,
            -31.39046
          ],
          [
            -64.144064,
            -31.38991
          ],
          [
            -64.144064,
            -31.389463
          ],
          [
            -64.144064,
            -31.388476
          ],
          [
            -64.144067,
            -31.387821
          ],
          [
            -64.143655,
            -31.387819
          ],
          [
            -64.14363,
            -31.38781
          ],
          [
            -64.143618,
            -31.387785
          ],
          [
            -64.143619,
            -31.387464
          ],
          [
            -64.143621,
            -31.387093
          ],
          [
            -64.14363,
            -31.387069
          ],
          [
            -64.143662,
            -31.387048
          ],
          [
            -64.143698,
            -31.387043
          ],
          [
            -64.144065,
            -31.387047
          ],
          [
            -64.144063,
            -31.386453
          ],
          [
            -64.144057,
            -31.385453
          ],
          [
            -64.144063,
            -31.384512
          ],
          [
            -64.143438,
            -31.384363
          ],
          [
            -64.143439,
            -31.384238
          ],
          [
            -64.143438,
            -31.383707
          ],
          [
            -64.14344,
            -31.383157
          ],
          [
            -64.143445,
            -31.382626
          ],
          [
            -64.143443,
            -31.382007
          ],
          [
            -64.143091,
            -31.381949
          ],
          [
            -64.14279,
            -31.381906
          ],
          [
            -64.142747,
            -31.381894
          ],
          [
            -64.142719,
            -31.381879
          ],
          [
            -64.141911,
            -31.381243
          ],
          [
            -64.141913,
            -31.381229
          ],
          [
            -64.141905,
            -31.380534
          ],
          [
            -64.141899,
            -31.379826
          ],
          [
            -64.141226,
            -31.379716
          ],
          [
            -64.141084,
            -31.379696
          ],
          [
            -64.140595,
            -31.379611
          ],
          [
            -64.13993,
            -31.379498
          ],
          [
            -64.139926,
            -31.378913
          ],
          [
            -64.139925,
            -31.378792
          ],
          [
            -64.139927,
            -31.378708
          ],
          [
            -64.138256,
            -31.378409
          ],
          [
            -64.137143,
            -31.378207
          ],
          [
            -64.137137,
            -31.377665
          ],
          [
            -64.137133,
            -31.377257
          ],
          [
            -64.137128,
            -31.376694
          ],
          [
            -64.137124,
            -31.376161
          ],
          [
            -64.137119,
            -31.375625
          ],
          [
            -64.137116,
            -31.375081
          ],
          [
            -64.137109,
            -31.374602
          ],
          [
            -64.137098,
            -31.374551
          ],
          [
            -64.13707,
            -31.374508
          ],
          [
            -64.137032,
            -31.374467
          ],
          [
            -64.136601,
            -31.374093
          ],
          [
            -64.136566,
            -31.374053
          ],
          [
            -64.136546,
            -31.374018
          ],
          [
            -64.136535,
            -31.373494
          ],
          [
            -64.136525,
            -31.372865
          ],
          [
            -64.136528,
            -31.372248
          ],
          [
            -64.13652,
            -31.37174
          ],
          [
            -64.136516,
            -31.371207
          ],
          [
            -64.136516,
            -31.370668
          ],
          [
            -64.136517,
            -31.370146
          ],
          [
            -64.136511,
            -31.369585
          ],
          [
            -64.137747,
            -31.36957
          ],
          [
            -64.138206,
            -31.369565
          ],
          [
            -64.1382,
            -31.369009
          ],
          [
            -64.138877,
            -31.369005
          ],
          [
            -64.13952,
            -31.368998
          ],
          [
            -64.139841,
            -31.368997
          ],
          [
            -64.140167,
            -31.368995
          ],
          [
            -64.140826,
            -31.368994
          ],
          [
            -64.141518,
            -31.368987
          ],
          [
            -64.142259,
            -31.368983
          ],
          [
            -64.142994,
            -31.36898
          ],
          [
            -64.143812,
            -31.36898
          ],
          [
            -64.144624,
            -31.368957
          ],
          [
            -64.145492,
            -31.36895
          ],
          [
            -64.146341,
            -31.368955
          ],
          [
            -64.146985,
            -31.368943
          ],
          [
            -64.147759,
            -31.368934
          ],
          [
            -64.147753,
            -31.368529
          ],
          [
            -64.147742,
            -31.36771
          ],
          [
            -64.147733,
            -31.367303
          ],
          [
            -64.147738,
            -31.366931
          ],
          [
            -64.147731,
            -31.366458
          ],
          [
            -64.147728,
            -31.366195
          ],
          [
            -64.147732,
            -31.366117
          ],
          [
            -64.147743,
            -31.366047
          ],
          [
            -64.147761,
            -31.365979
          ],
          [
            -64.14776,
            -31.365895
          ],
          [
            -64.147786,
            -31.365826
          ],
          [
            -64.147798,
            -31.365787
          ],
          [
            -64.147801,
            -31.365758
          ],
          [
            -64.147802,
            -31.365736
          ],
          [
            -64.147799,
            -31.3657
          ],
          [
            -64.147791,
            -31.365642
          ],
          [
            -64.14778,
            -31.365567
          ],
          [
            -64.147763,
            -31.365519
          ],
          [
            -64.147761,
            -31.365475
          ],
          [
            -64.147772,
            -31.365432
          ],
          [
            -64.14779,
            -31.365399
          ],
          [
            -64.147815,
            -31.36537
          ],
          [
            -64.147847,
            -31.365346
          ],
          [
            -64.147883,
            -31.365328
          ],
          [
            -64.147923,
            -31.365316
          ],
          [
            -64.147965,
            -31.365312
          ],
          [
            -64.148007,
            -31.365314
          ],
          [
            -64.148048,
            -31.365324
          ],
          [
            -64.148098,
            -31.365338
          ],
          [
            -64.148148,
            -31.365355
          ],
          [
            -64.148218,
            -31.365373
          ],
          [
            -64.148275,
            -31.365383
          ],
          [
            -64.148336,
            -31.365388
          ],
          [
            -64.148394,
            -31.36539
          ],
          [
            -64.148479,
            -31.365381
          ],
          [
            -64.148549,
            -31.365367
          ],
          [
            -64.148894,
            -31.365269
          ],
          [
            -64.14896,
            -31.365257
          ],
          [
            -64.149029,
            -31.365251
          ],
          [
            -64.149091,
            -31.365257
          ],
          [
            -64.149158,
            -31.36527
          ],
          [
            -64.149568,
            -31.365368
          ],
          [
            -64.150381,
            -31.365591
          ],
          [
            -64.15119,
            -31.365774
          ],
          [
            -64.151595,
            -31.365867
          ],
          [
            -64.151788,
            -31.365315
          ],
          [
            -64.151778,
            -31.36525
          ],
          [
            -64.151711,
            -31.364977
          ],
          [
            -64.153023,
            -31.36476
          ],
          [
            -64.153166,
            -31.365143
          ],
          [
            -64.153278,
            -31.365443
          ],
          [
            -64.153612,
            -31.366386
          ],
          [
            -64.153625,
            -31.36643
          ],
          [
            -64.15366,
            -31.366517
          ],
          [
            -64.15381,
            -31.366905
          ],
          [
            -64.15315,
            -31.367089
          ],
          [
            -64.152482,
            -31.36727
          ],
          [
            -64.151804,
            -31.36745
          ],
          [
            -64.151134,
            -31.367623
          ],
          [
            -64.150469,
            -31.367813
          ],
          [
            -64.149822,
            -31.367992
          ],
          [
            -64.149102,
            -31.368168
          ],
          [
            -64.149369,
            -31.368886
          ],
          [
            -64.14963,
            -31.36962
          ],
          [
            -64.149756,
            -31.369978
          ],
          [
            -64.149814,
            -31.370304
          ],
          [
            -64.149832,
            -31.370351
          ],
          [
            -64.15016,
            -31.371241
          ],
          [
            -64.15042,
            -31.371948
          ],
          [
            -64.150608,
            -31.372447
          ],
          [
            -64.150687,
            -31.372657
          ],
          [
            -64.150938,
            -31.373325
          ],
          [
            -64.151165,
            -31.373969
          ],
          [
            -64.151386,
            -31.374592
          ],
          [
            -64.151628,
            -31.375237
          ],
          [
            -64.151883,
            -31.375887
          ],
          [
            -64.152141,
            -31.376538
          ],
          [
            -64.15246,
            -31.377391
          ],
          [
            -64.152794,
            -31.378304
          ],
          [
            -64.15282,
            -31.378361
          ],
          [
            -64.153301,
            -31.3789
          ],
          [
            -64.15358,
            -31.379216
          ],
          [
            -64.154258,
            -31.379985
          ],
          [
            -64.154327,
            -31.380064
          ],
          [
            -64.154722,
            -31.380513
          ],
          [
            -64.154892,
            -31.380705
          ],
          [
            -64.155151,
            -31.38099
          ],
          [
            -64.155765,
            -31.381691
          ],
          [
            -64.156137,
            -31.382109
          ],
          [
            -64.15615,
            -31.382125
          ],
          [
            -64.156571,
            -31.382598
          ],
          [
            -64.157369,
            -31.383491
          ],
          [
            -64.158387,
            -31.384646
          ],
          [
            -64.158559,
            -31.384841
          ],
          [
            -64.158637,
            -31.384917
          ],
          [
            -64.158918,
            -31.385219
          ],
          [
            -64.159768,
            -31.386205
          ],
          [
            -64.15983,
            -31.386274
          ],
          [
            -64.160588,
            -31.387125
          ],
          [
            -64.161357,
            -31.387979
          ],
          [
            -64.162133,
            -31.388852
          ],
          [
            -64.162572,
            -31.389353
          ],
          [
            -64.162867,
            -31.389696
          ],
          [
            -64.163631,
            -31.390568
          ],
          [
            -64.164425,
            -31.391439
          ],
          [
            -64.164557,
            -31.391601
          ],
          [
            -64.165194,
            -31.392303
          ],
          [
            -64.165991,
            -31.39319
          ],
          [
            -64.166809,
            -31.394139
          ],
          [
            -64.166973,
            -31.394326
          ],
          [
            -64.167701,
            -31.395159
          ],
          [
            -64.168532,
            -31.396086
          ],
          [
            -64.169206,
            -31.396804
          ],
          [
            -64.169411,
            -31.39707
          ],
          [
            -64.170277,
            -31.398056
          ],
          [
            -64.17041,
            -31.398204
          ],
          [
            -64.170601,
            -31.398416
          ],
          [
            -64.170956,
            -31.398816
          ],
          [
            -64.171029,
            -31.398877
          ],
          [
            -64.171073,
            -31.398915
          ],
          [
            -64.17112,
            -31.398967
          ],
          [
            -64.171134,
            -31.398984
          ],
          [
            -64.171375,
            -31.399269
          ],
          [
            -64.171533,
            -31.399439
          ],
          [
            -64.17157,
            -31.399486
          ],
          [
            -64.171598,
            -31.399522
          ],
          [
            -64.171619,
            -31.399572
          ],
          [
            -64.171643,
            -31.399695
          ],
          [
            -64.171667,
            -31.399698
          ],
          [
            -64.172425,
            -31.3998
          ],
          [
            -64.17291,
            -31.399818
          ],
          [
            -64.173636,
            -31.399839
          ],
          [
            -64.173673,
            -31.399891
          ],
          [
            -64.173679,
            -31.399925
          ],
          [
            -64.173343,
            -31.400861
          ],
          [
            -64.174535,
            -31.401185
          ],
          [
            -64.175843,
            -31.4015
          ],
          [
            -64.175851,
            -31.401781
          ],
          [
            -64.175858,
            -31.402535
          ],
          [
            -64.175858,
            -31.402643
          ],
          [
            -64.175855,
            -31.403778
          ],
          [
            -64.175852,
            -31.404964
          ],
          [
            -64.175855,
            -31.405408
          ],
          [
            -64.175877,
            -31.405521
          ],
          [
            -64.175895,
            -31.405559
          ],
          [
            -64.175928,
            -31.405615
          ],
          [
            -64.175984,
            -31.405695
          ],
          [
            -64.176041,
            -31.405745
          ],
          [
            -64.176092,
            -31.405785
          ],
          [
            -64.177134,
            -31.405165
          ],
          [
            -64.177349,
            -31.405045
          ],
          [
            -64.177457,
            -31.405007
          ],
          [
            -64.178265,
            -31.404711
          ],
          [
            -64.178601,
            -31.404609
          ],
          [
            -64.178817,
            -31.404551
          ],
          [
            -64.179068,
            -31.404494
          ],
          [
            -64.179472,
            -31.40443
          ],
          [
            -64.179721,
            -31.404403
          ],
          [
            -64.179991,
            -31.404375
          ],
          [
            -64.180409,
            -31.404348
          ],
          [
            -64.181686,
            -31.404274
          ],
          [
            -64.182614,
            -31.404246
          ],
          [
            -64.182626,
            -31.404381
          ],
          [
            -64.182656,
            -31.404595
          ],
          [
            -64.182701,
            -31.404839
          ],
          [
            -64.182719,
            -31.40491
          ],
          [
            -64.182879,
            -31.405545
          ],
          [
            -64.182932,
            -31.405738
          ],
          [
            -64.18294,
            -31.405766
          ],
          [
            -64.183201,
            -31.40677
          ],
          [
            -64.183212,
            -31.406813
          ],
          [
            -64.183262,
            -31.406951
          ],
          [
            -64.183339,
            -31.40717
          ],
          [
            -64.183389,
            -31.407298
          ],
          [
            -64.183645,
            -31.407908
          ],
          [
            -64.183726,
            -31.408102
          ],
          [
            -64.183788,
            -31.408253
          ],
          [
            -64.183949,
            -31.408629
          ],
          [
            -64.184257,
            -31.409361
          ],
          [
            -64.184637,
            -31.410262
          ],
          [
            -64.184804,
            -31.410657
          ],
          [
            -64.185292,
            -31.411809
          ],
          [
            -64.185718,
            -31.412838
          ],
          [
            -64.185737,
            -31.412882
          ],
          [
            -64.185762,
            -31.412943
          ],
          [
            -64.185948,
            -31.413383
          ],
          [
            -64.186125,
            -31.413802
          ],
          [
            -64.186243,
            -31.414082
          ],
          [
            -64.186591,
            -31.414907
          ],
          [
            -64.186704,
            -31.415175
          ],
          [
            -64.186715,
            -31.415201
          ],
          [
            -64.186739,
            -31.415256
          ],
          [
            -64.186794,
            -31.415387
          ],
          [
            -64.186829,
            -31.41547
          ],
          [
            -64.187167,
            -31.416272
          ],
          [
            -64.187176,
            -31.416293
          ],
          [
            -64.187381,
            -31.41678
          ],
          [
            -64.187392,
            -31.416806
          ],
          [
            -64.187665,
            -31.417451
          ],
          [
            -64.187673,
            -31.417469
          ],
          [
            -64.18769,
            -31.41751
          ],
          [
            -64.188184,
            -31.418665
          ],
          [
            -64.188568,
            -31.419564
          ],
          [
            -64.188701,
            -31.419841
          ],
          [
            -64.188713,
            -31.419861
          ],
          [
            -64.188728,
            -31.419891
          ],
          [
            -64.188735,
            -31.419927
          ],
          [
            -64.188737,
            -31.419959
          ],
          [
            -64.188733,
            -31.419976
          ],
          [
            -64.188728,
            -31.419991
          ],
          [
            -64.188709,
            -31.420032
          ],
          [
            -64.188708,
            -31.420086
          ],
          [
            -64.188709,
            -31.420103
          ]
        ]
      }
    },
    {
      "type": "Feature",
      "id": "route-cordoba-2026-08-30-v3-04",
      "properties": {
        "truckId": "vehicle-04",
        "waypointDistancesKm": [
          0,
          2.0465309682141206,
          4.712728889636934,
          6.691518064487877,
          7.727282636803984,
          9.118891187125882,
          11.093036286529978,
          16.387694754088233
        ]
      },
      "geometry": {
        "type": "LineString",
        "coordinates": [
          [
            -64.188709,
            -31.420109
          ],
          [
            -64.18871,
            -31.420127
          ],
          [
            -64.188717,
            -31.420178
          ],
          [
            -64.188727,
            -31.42023
          ],
          [
            -64.188737,
            -31.420284
          ],
          [
            -64.188734,
            -31.420338
          ],
          [
            -64.188661,
            -31.420343
          ],
          [
            -64.188627,
            -31.420347
          ],
          [
            -64.188532,
            -31.420357
          ],
          [
            -64.188403,
            -31.420371
          ],
          [
            -64.188305,
            -31.420382
          ],
          [
            -64.188185,
            -31.420397
          ],
          [
            -64.187924,
            -31.420468
          ],
          [
            -64.187534,
            -31.420563
          ],
          [
            -64.187445,
            -31.420584
          ],
          [
            -64.186091,
            -31.4209
          ],
          [
            -64.184746,
            -31.421253
          ],
          [
            -64.183366,
            -31.421613
          ],
          [
            -64.182096,
            -31.421946
          ],
          [
            -64.18202,
            -31.421966
          ],
          [
            -64.181989,
            -31.421974
          ],
          [
            -64.181948,
            -31.421985
          ],
          [
            -64.181887,
            -31.422001
          ],
          [
            -64.180726,
            -31.422306
          ],
          [
            -64.179365,
            -31.422693
          ],
          [
            -64.177897,
            -31.423051
          ],
          [
            -64.176787,
            -31.423339
          ],
          [
            -64.176741,
            -31.423226
          ],
          [
            -64.176601,
            -31.422834
          ],
          [
            -64.176535,
            -31.422648
          ],
          [
            -64.176522,
            -31.422612
          ],
          [
            -64.176516,
            -31.4226
          ],
          [
            -64.176511,
            -31.422587
          ],
          [
            -64.17648,
            -31.422515
          ],
          [
            -64.176422,
            -31.422382
          ],
          [
            -64.17638,
            -31.422285
          ],
          [
            -64.176333,
            -31.422185
          ],
          [
            -64.176291,
            -31.422122
          ],
          [
            -64.176232,
            -31.422059
          ],
          [
            -64.176178,
            -31.422006
          ],
          [
            -64.176086,
            -31.421933
          ],
          [
            -64.175942,
            -31.421822
          ],
          [
            -64.175796,
            -31.421709
          ],
          [
            -64.175687,
            -31.421628
          ],
          [
            -64.175653,
            -31.421602
          ],
          [
            -64.17562,
            -31.421578
          ],
          [
            -64.17558,
            -31.421548
          ],
          [
            -64.175271,
            -31.421365
          ],
          [
            -64.175155,
            -31.421323
          ],
          [
            -64.175211,
            -31.421188
          ],
          [
            -64.175341,
            -31.420883
          ],
          [
            -64.17565,
            -31.420056
          ],
          [
            -64.175703,
            -31.419862
          ],
          [
            -64.175726,
            -31.419771
          ],
          [
            -64.175735,
            -31.419737
          ],
          [
            -64.175779,
            -31.419509
          ],
          [
            -64.175793,
            -31.419393
          ],
          [
            -64.175795,
            -31.41928
          ],
          [
            -64.175786,
            -31.419178
          ],
          [
            -64.175764,
            -31.419067
          ],
          [
            -64.175725,
            -31.418914
          ],
          [
            -64.175699,
            -31.41875
          ],
          [
            -64.17567,
            -31.418663
          ],
          [
            -64.175648,
            -31.418623
          ],
          [
            -64.175615,
            -31.418585
          ],
          [
            -64.175568,
            -31.418555
          ],
          [
            -64.175453,
            -31.418519
          ],
          [
            -64.175356,
            -31.418508
          ],
          [
            -64.175318,
            -31.418503
          ],
          [
            -64.175277,
            -31.418498
          ],
          [
            -64.175043,
            -31.418475
          ],
          [
            -64.174945,
            -31.418467
          ],
          [
            -64.174766,
            -31.418473
          ],
          [
            -64.174675,
            -31.41849
          ],
          [
            -64.174541,
            -31.418536
          ],
          [
            -64.174429,
            -31.418561
          ],
          [
            -64.174371,
            -31.418558
          ],
          [
            -64.174318,
            -31.418544
          ],
          [
            -64.174301,
            -31.418502
          ],
          [
            -64.174292,
            -31.418456
          ],
          [
            -64.174291,
            -31.41841
          ],
          [
            -64.174295,
            -31.418375
          ],
          [
            -64.174306,
            -31.418347
          ],
          [
            -64.174323,
            -31.418314
          ],
          [
            -64.174346,
            -31.418282
          ],
          [
            -64.174374,
            -31.418253
          ],
          [
            -64.174416,
            -31.418223
          ],
          [
            -64.17449,
            -31.418236
          ],
          [
            -64.174602,
            -31.418303
          ],
          [
            -64.174631,
            -31.418333
          ],
          [
            -64.174645,
            -31.418348
          ],
          [
            -64.174681,
            -31.418365
          ],
          [
            -64.174706,
            -31.41837
          ],
          [
            -64.17475,
            -31.418378
          ],
          [
            -64.175105,
            -31.418401
          ],
          [
            -64.175295,
            -31.418414
          ],
          [
            -64.175338,
            -31.418416
          ],
          [
            -64.175377,
            -31.41842
          ],
          [
            -64.175528,
            -31.418414
          ],
          [
            -64.175649,
            -31.418401
          ],
          [
            -64.175707,
            -31.418389
          ],
          [
            -64.175725,
            -31.418385
          ],
          [
            -64.17577,
            -31.418283
          ],
          [
            -64.175809,
            -31.418193
          ],
          [
            -64.17585,
            -31.418124
          ],
          [
            -64.175862,
            -31.418107
          ],
          [
            -64.176015,
            -31.417881
          ],
          [
            -64.176048,
            -31.417807
          ],
          [
            -64.176118,
            -31.417597
          ],
          [
            -64.176163,
            -31.417447
          ],
          [
            -64.176191,
            -31.417324
          ],
          [
            -64.176208,
            -31.417076
          ],
          [
            -64.176218,
            -31.416804
          ],
          [
            -64.176213,
            -31.416585
          ],
          [
            -64.176188,
            -31.416378
          ],
          [
            -64.176125,
            -31.41611
          ],
          [
            -64.176079,
            -31.416056
          ],
          [
            -64.176052,
            -31.416028
          ],
          [
            -64.176027,
            -31.416002
          ],
          [
            -64.175995,
            -31.415976
          ],
          [
            -64.175964,
            -31.415955
          ],
          [
            -64.175935,
            -31.415941
          ],
          [
            -64.175903,
            -31.415928
          ],
          [
            -64.17587,
            -31.415921
          ],
          [
            -64.17583,
            -31.415919
          ],
          [
            -64.175744,
            -31.41592
          ],
          [
            -64.175585,
            -31.415975
          ],
          [
            -64.17545,
            -31.416022
          ],
          [
            -64.175207,
            -31.416089
          ],
          [
            -64.174904,
            -31.416136
          ],
          [
            -64.174646,
            -31.416086
          ],
          [
            -64.173295,
            -31.415758
          ],
          [
            -64.173201,
            -31.415733
          ],
          [
            -64.17202,
            -31.415391
          ],
          [
            -64.171988,
            -31.415381
          ],
          [
            -64.170834,
            -31.415047
          ],
          [
            -64.170782,
            -31.415032
          ],
          [
            -64.169897,
            -31.414791
          ],
          [
            -64.16971,
            -31.41474
          ],
          [
            -64.169592,
            -31.414707
          ],
          [
            -64.16839,
            -31.414379
          ],
          [
            -64.168072,
            -31.414292
          ],
          [
            -64.167717,
            -31.414195
          ],
          [
            -64.167173,
            -31.414046
          ],
          [
            -64.165965,
            -31.413715
          ],
          [
            -64.165599,
            -31.413615
          ],
          [
            -64.1648,
            -31.413396
          ],
          [
            -64.163552,
            -31.413071
          ],
          [
            -64.162344,
            -31.412747
          ],
          [
            -64.161161,
            -31.412422
          ],
          [
            -64.159966,
            -31.412075
          ],
          [
            -64.158738,
            -31.411737
          ],
          [
            -64.157947,
            -31.411534
          ],
          [
            -64.157262,
            -31.411358
          ],
          [
            -64.157125,
            -31.411331
          ],
          [
            -64.157059,
            -31.411447
          ],
          [
            -64.156706,
            -31.412348
          ],
          [
            -64.156352,
            -31.413332
          ],
          [
            -64.15602,
            -31.414227
          ],
          [
            -64.156006,
            -31.414406
          ],
          [
            -64.156874,
            -31.41466
          ],
          [
            -64.157136,
            -31.414736
          ],
          [
            -64.15669,
            -31.415
          ],
          [
            -64.156875,
            -31.415055
          ],
          [
            -64.157624,
            -31.415282
          ],
          [
            -64.158348,
            -31.415511
          ],
          [
            -64.159094,
            -31.415727
          ],
          [
            -64.159812,
            -31.415944
          ],
          [
            -64.159689,
            -31.416274
          ],
          [
            -64.159681,
            -31.41634
          ],
          [
            -64.159692,
            -31.416449
          ],
          [
            -64.159926,
            -31.417311
          ],
          [
            -64.159283,
            -31.417669
          ],
          [
            -64.158622,
            -31.41803
          ],
          [
            -64.158536,
            -31.418073
          ],
          [
            -64.158453,
            -31.418098
          ],
          [
            -64.158355,
            -31.418111
          ],
          [
            -64.158259,
            -31.418119
          ],
          [
            -64.158227,
            -31.418123
          ],
          [
            -64.157474,
            -31.418186
          ],
          [
            -64.157405,
            -31.41819
          ],
          [
            -64.157382,
            -31.418192
          ],
          [
            -64.157267,
            -31.418201
          ],
          [
            -64.157277,
            -31.418236
          ],
          [
            -64.157465,
            -31.418882
          ],
          [
            -64.157569,
            -31.419234
          ],
          [
            -64.157716,
            -31.419709
          ],
          [
            -64.157836,
            -31.420075
          ],
          [
            -64.157854,
            -31.420249
          ],
          [
            -64.157853,
            -31.420311
          ],
          [
            -64.15785,
            -31.420383
          ],
          [
            -64.157831,
            -31.420686
          ],
          [
            -64.157829,
            -31.420711
          ],
          [
            -64.157829,
            -31.420775
          ],
          [
            -64.157833,
            -31.420832
          ],
          [
            -64.157896,
            -31.421273
          ],
          [
            -64.157904,
            -31.421329
          ],
          [
            -64.157912,
            -31.421396
          ],
          [
            -64.158058,
            -31.422421
          ],
          [
            -64.158066,
            -31.422477
          ],
          [
            -64.156799,
            -31.4226
          ],
          [
            -64.155562,
            -31.42272
          ],
          [
            -64.154314,
            -31.42284
          ],
          [
            -64.154426,
            -31.423904
          ],
          [
            -64.1557,
            -31.423787
          ],
          [
            -64.15562,
            -31.423166
          ],
          [
            -64.155562,
            -31.42272
          ],
          [
            -64.154314,
            -31.42284
          ],
          [
            -64.153537,
            -31.422907
          ],
          [
            -64.153529,
            -31.423036
          ],
          [
            -64.153475,
            -31.423157
          ],
          [
            -64.153381,
            -31.423259
          ],
          [
            -64.153256,
            -31.423331
          ],
          [
            -64.15311,
            -31.423367
          ],
          [
            -64.152953,
            -31.423362
          ],
          [
            -64.152805,
            -31.423316
          ],
          [
            -64.152682,
            -31.423231
          ],
          [
            -64.152596,
            -31.423118
          ],
          [
            -64.152557,
            -31.422988
          ],
          [
            -64.1518,
            -31.423063
          ],
          [
            -64.150563,
            -31.423173
          ],
          [
            -64.149306,
            -31.42328
          ],
          [
            -64.148613,
            -31.423343
          ],
          [
            -64.14858,
            -31.423346
          ],
          [
            -64.148633,
            -31.423739
          ],
          [
            -64.148624,
            -31.423766
          ],
          [
            -64.148601,
            -31.423782
          ],
          [
            -64.148134,
            -31.423835
          ],
          [
            -64.148214,
            -31.424483
          ],
          [
            -64.148787,
            -31.424434
          ],
          [
            -64.148854,
            -31.424832
          ],
          [
            -64.148964,
            -31.425482
          ],
          [
            -64.148361,
            -31.425538
          ],
          [
            -64.147104,
            -31.425655
          ],
          [
            -64.145869,
            -31.425771
          ],
          [
            -64.14464,
            -31.425886
          ],
          [
            -64.14338,
            -31.426002
          ],
          [
            -64.14212,
            -31.42612
          ],
          [
            -64.140868,
            -31.426238
          ],
          [
            -64.140208,
            -31.4263
          ],
          [
            -64.13969,
            -31.426348
          ],
          [
            -64.138553,
            -31.426453
          ],
          [
            -64.138482,
            -31.426001
          ],
          [
            -64.138475,
            -31.425948
          ],
          [
            -64.138479,
            -31.425896
          ],
          [
            -64.138496,
            -31.425834
          ],
          [
            -64.138626,
            -31.425367
          ],
          [
            -64.1388,
            -31.424794
          ],
          [
            -64.138829,
            -31.424725
          ],
          [
            -64.139583,
            -31.425262
          ],
          [
            -64.139633,
            -31.425286
          ],
          [
            -64.139696,
            -31.425292
          ],
          [
            -64.139941,
            -31.425272
          ],
          [
            -64.140063,
            -31.425262
          ],
          [
            -64.140208,
            -31.4263
          ],
          [
            -64.13969,
            -31.426348
          ],
          [
            -64.139785,
            -31.426861
          ],
          [
            -64.139876,
            -31.427363
          ],
          [
            -64.139955,
            -31.427847
          ],
          [
            -64.140041,
            -31.42834
          ],
          [
            -64.140114,
            -31.428786
          ],
          [
            -64.140206,
            -31.42933
          ],
          [
            -64.140256,
            -31.429804
          ],
          [
            -64.1403,
            -31.43031
          ],
          [
            -64.140347,
            -31.430676
          ],
          [
            -64.14026,
            -31.430746
          ],
          [
            -64.140203,
            -31.430797
          ],
          [
            -64.139943,
            -31.431098
          ],
          [
            -64.139825,
            -31.431265
          ],
          [
            -64.139765,
            -31.431387
          ],
          [
            -64.139732,
            -31.431477
          ],
          [
            -64.139702,
            -31.431603
          ],
          [
            -64.139708,
            -31.431695
          ],
          [
            -64.139734,
            -31.4318
          ],
          [
            -64.139767,
            -31.431879
          ],
          [
            -64.139937,
            -31.432184
          ],
          [
            -64.140237,
            -31.432483
          ],
          [
            -64.140288,
            -31.432524
          ],
          [
            -64.140354,
            -31.432565
          ],
          [
            -64.140466,
            -31.432616
          ],
          [
            -64.140556,
            -31.432652
          ],
          [
            -64.140664,
            -31.432682
          ],
          [
            -64.141106,
            -31.432775
          ],
          [
            -64.141445,
            -31.432819
          ],
          [
            -64.141731,
            -31.432823
          ],
          [
            -64.141846,
            -31.43286
          ],
          [
            -64.141886,
            -31.432877
          ],
          [
            -64.141926,
            -31.432915
          ],
          [
            -64.141961,
            -31.432973
          ],
          [
            -64.141974,
            -31.43301
          ],
          [
            -64.141978,
            -31.433071
          ],
          [
            -64.141962,
            -31.433176
          ],
          [
            -64.141831,
            -31.433177
          ],
          [
            -64.141765,
            -31.433205
          ],
          [
            -64.141711,
            -31.433232
          ],
          [
            -64.141557,
            -31.433242
          ],
          [
            -64.140981,
            -31.433194
          ],
          [
            -64.140918,
            -31.433195
          ],
          [
            -64.140826,
            -31.433216
          ],
          [
            -64.140899,
            -31.433513
          ],
          [
            -64.140951,
            -31.433672
          ],
          [
            -64.141203,
            -31.434079
          ],
          [
            -64.141458,
            -31.434487
          ],
          [
            -64.141498,
            -31.434584
          ],
          [
            -64.141522,
            -31.434694
          ],
          [
            -64.141534,
            -31.434805
          ],
          [
            -64.141532,
            -31.435012
          ],
          [
            -64.141529,
            -31.435314
          ],
          [
            -64.142687,
            -31.435307
          ],
          [
            -64.143788,
            -31.435325
          ],
          [
            -64.14391,
            -31.435326
          ],
          [
            -64.144209,
            -31.435336
          ],
          [
            -64.144405,
            -31.435334
          ],
          [
            -64.145732,
            -31.43533
          ],
          [
            -64.145731,
            -31.434379
          ],
          [
            -64.145731,
            -31.434259
          ],
          [
            -64.145729,
            -31.433505
          ],
          [
            -64.14573,
            -31.433467
          ],
          [
            -64.145727,
            -31.433346
          ],
          [
            -64.14523,
            -31.433256
          ],
          [
            -64.144982,
            -31.4332
          ],
          [
            -64.144897,
            -31.43318
          ],
          [
            -64.144591,
            -31.433105
          ],
          [
            -64.14451,
            -31.433088
          ],
          [
            -64.144231,
            -31.433041
          ],
          [
            -64.144074,
            -31.433021
          ],
          [
            -64.143631,
            -31.433002
          ],
          [
            -64.14346,
            -31.433006
          ],
          [
            -64.142901,
            -31.433079
          ],
          [
            -64.142796,
            -31.433096
          ],
          [
            -64.142692,
            -31.433088
          ],
          [
            -64.142612,
            -31.43308
          ],
          [
            -64.142549,
            -31.433055
          ],
          [
            -64.142494,
            -31.432988
          ],
          [
            -64.142487,
            -31.432951
          ],
          [
            -64.142499,
            -31.432905
          ],
          [
            -64.142553,
            -31.432849
          ],
          [
            -64.142597,
            -31.432827
          ],
          [
            -64.142746,
            -31.432803
          ],
          [
            -64.143318,
            -31.432814
          ],
          [
            -64.143567,
            -31.432828
          ],
          [
            -64.1438,
            -31.432851
          ],
          [
            -64.144016,
            -31.432874
          ],
          [
            -64.14416,
            -31.432901
          ],
          [
            -64.144656,
            -31.433032
          ],
          [
            -64.14496,
            -31.433099
          ],
          [
            -64.14519,
            -31.433146
          ],
          [
            -64.145392,
            -31.433179
          ],
          [
            -64.145543,
            -31.433204
          ],
          [
            -64.145681,
            -31.433221
          ],
          [
            -64.145811,
            -31.433233
          ],
          [
            -64.14591,
            -31.43324
          ],
          [
            -64.146099,
            -31.43325
          ],
          [
            -64.146275,
            -31.433257
          ],
          [
            -64.147077,
            -31.433251
          ],
          [
            -64.147383,
            -31.433249
          ],
          [
            -64.147544,
            -31.43325
          ],
          [
            -64.148072,
            -31.433253
          ],
          [
            -64.148307,
            -31.433255
          ],
          [
            -64.148426,
            -31.433256
          ],
          [
            -64.148501,
            -31.433256
          ],
          [
            -64.148592,
            -31.433256
          ],
          [
            -64.149626,
            -31.433257
          ],
          [
            -64.149953,
            -31.433257
          ],
          [
            -64.150087,
            -31.433249
          ],
          [
            -64.150205,
            -31.43323
          ],
          [
            -64.150711,
            -31.433131
          ],
          [
            -64.150858,
            -31.433113
          ],
          [
            -64.150989,
            -31.433098
          ],
          [
            -64.151235,
            -31.433072
          ],
          [
            -64.151502,
            -31.433053
          ],
          [
            -64.151672,
            -31.433046
          ],
          [
            -64.151832,
            -31.43304
          ],
          [
            -64.153013,
            -31.433052
          ],
          [
            -64.154139,
            -31.433047
          ],
          [
            -64.155463,
            -31.433044
          ],
          [
            -64.156185,
            -31.433043
          ],
          [
            -64.156754,
            -31.433042
          ],
          [
            -64.157146,
            -31.433035
          ],
          [
            -64.158757,
            -31.433038
          ],
          [
            -64.159772,
            -31.433062
          ],
          [
            -64.160113,
            -31.433062
          ],
          [
            -64.160304,
            -31.433057
          ],
          [
            -64.160494,
            -31.433042
          ],
          [
            -64.160717,
            -31.433014
          ],
          [
            -64.160906,
            -31.432989
          ],
          [
            -64.161094,
            -31.432954
          ],
          [
            -64.161392,
            -31.432878
          ],
          [
            -64.161506,
            -31.432841
          ],
          [
            -64.161705,
            -31.432776
          ],
          [
            -64.161884,
            -31.432713
          ],
          [
            -64.162088,
            -31.432626
          ],
          [
            -64.16227,
            -31.432542
          ],
          [
            -64.16311,
            -31.432082
          ],
          [
            -64.163381,
            -31.431933
          ],
          [
            -64.163693,
            -31.431762
          ],
          [
            -64.163898,
            -31.431656
          ],
          [
            -64.164122,
            -31.43154
          ],
          [
            -64.164282,
            -31.43147
          ],
          [
            -64.164505,
            -31.431378
          ],
          [
            -64.164719,
            -31.431294
          ],
          [
            -64.165003,
            -31.431213
          ],
          [
            -64.165169,
            -31.431172
          ],
          [
            -64.165356,
            -31.431132
          ],
          [
            -64.165639,
            -31.431087
          ],
          [
            -64.166364,
            -31.430964
          ],
          [
            -64.166859,
            -31.430856
          ],
          [
            -64.167016,
            -31.430815
          ],
          [
            -64.167219,
            -31.430756
          ],
          [
            -64.167464,
            -31.430679
          ],
          [
            -64.167562,
            -31.430644
          ],
          [
            -64.167723,
            -31.430581
          ],
          [
            -64.167823,
            -31.430541
          ],
          [
            -64.168149,
            -31.430396
          ],
          [
            -64.169074,
            -31.429933
          ],
          [
            -64.16941,
            -31.429766
          ],
          [
            -64.169499,
            -31.429715
          ],
          [
            -64.169571,
            -31.429668
          ],
          [
            -64.169949,
            -31.429393
          ],
          [
            -64.170085,
            -31.42927
          ],
          [
            -64.170208,
            -31.429155
          ],
          [
            -64.170661,
            -31.428681
          ],
          [
            -64.171112,
            -31.428201
          ],
          [
            -64.171415,
            -31.427895
          ],
          [
            -64.171577,
            -31.427733
          ],
          [
            -64.171664,
            -31.427636
          ],
          [
            -64.171768,
            -31.427531
          ],
          [
            -64.171952,
            -31.427347
          ],
          [
            -64.172051,
            -31.427248
          ],
          [
            -64.172232,
            -31.427067
          ],
          [
            -64.172823,
            -31.426481
          ],
          [
            -64.173023,
            -31.426288
          ],
          [
            -64.17363,
            -31.42569
          ],
          [
            -64.173962,
            -31.425359
          ],
          [
            -64.174126,
            -31.425195
          ],
          [
            -64.174333,
            -31.424975
          ],
          [
            -64.17439,
            -31.424913
          ],
          [
            -64.174546,
            -31.424738
          ],
          [
            -64.174613,
            -31.424663
          ],
          [
            -64.174672,
            -31.424607
          ],
          [
            -64.174792,
            -31.424495
          ],
          [
            -64.174942,
            -31.424368
          ],
          [
            -64.174997,
            -31.424309
          ],
          [
            -64.175271,
            -31.424
          ],
          [
            -64.175521,
            -31.42373
          ],
          [
            -64.175607,
            -31.423637
          ],
          [
            -64.175695,
            -31.423568
          ],
          [
            -64.175765,
            -31.423526
          ],
          [
            -64.175856,
            -31.423478
          ],
          [
            -64.175932,
            -31.423446
          ],
          [
            -64.175996,
            -31.423425
          ],
          [
            -64.176361,
            -31.423324
          ],
          [
            -64.176741,
            -31.423226
          ],
          [
            -64.177859,
            -31.422944
          ],
          [
            -64.179313,
            -31.422566
          ],
          [
            -64.180685,
            -31.422206
          ],
          [
            -64.181908,
            -31.421886
          ],
          [
            -64.181933,
            -31.42188
          ],
          [
            -64.182055,
            -31.421848
          ],
          [
            -64.183332,
            -31.421513
          ],
          [
            -64.183646,
            -31.421431
          ],
          [
            -64.184303,
            -31.421259
          ],
          [
            -64.184705,
            -31.421154
          ],
          [
            -64.186053,
            -31.420801
          ],
          [
            -64.186264,
            -31.420749
          ],
          [
            -64.187394,
            -31.420469
          ],
          [
            -64.187439,
            -31.420456
          ],
          [
            -64.187877,
            -31.420332
          ],
          [
            -64.188038,
            -31.420286
          ],
          [
            -64.188169,
            -31.420245
          ],
          [
            -64.188208,
            -31.420233
          ],
          [
            -64.188297,
            -31.420206
          ],
          [
            -64.188431,
            -31.42015
          ],
          [
            -64.188553,
            -31.4201
          ],
          [
            -64.188617,
            -31.420073
          ],
          [
            -64.188664,
            -31.420053
          ],
          [
            -64.188709,
            -31.420032
          ],
          [
            -64.188708,
            -31.420086
          ],
          [
            -64.188709,
            -31.420103
          ]
        ]
      }
    },
    {
      "type": "Feature",
      "id": "route-cordoba-2026-08-30-v3-05",
      "properties": {
        "truckId": "vehicle-05",
        "waypointDistancesKm": [
          0,
          3.1670934715109236,
          4.190383163672463,
          6.968578234151589,
          10.160806603732018,
          11.207152221028128,
          17.28795918378931,
          27.422206261047
        ]
      },
      "geometry": {
        "type": "LineString",
        "coordinates": [
          [
            -64.188709,
            -31.420109
          ],
          [
            -64.18871,
            -31.420127
          ],
          [
            -64.188717,
            -31.420178
          ],
          [
            -64.188727,
            -31.42023
          ],
          [
            -64.188737,
            -31.420284
          ],
          [
            -64.188734,
            -31.420338
          ],
          [
            -64.188661,
            -31.420343
          ],
          [
            -64.188627,
            -31.420347
          ],
          [
            -64.188532,
            -31.420357
          ],
          [
            -64.188403,
            -31.420371
          ],
          [
            -64.188305,
            -31.420382
          ],
          [
            -64.188185,
            -31.420397
          ],
          [
            -64.187924,
            -31.420468
          ],
          [
            -64.187534,
            -31.420563
          ],
          [
            -64.187445,
            -31.420584
          ],
          [
            -64.186091,
            -31.4209
          ],
          [
            -64.184746,
            -31.421253
          ],
          [
            -64.183366,
            -31.421613
          ],
          [
            -64.182096,
            -31.421946
          ],
          [
            -64.18202,
            -31.421966
          ],
          [
            -64.181989,
            -31.421974
          ],
          [
            -64.181948,
            -31.421985
          ],
          [
            -64.181887,
            -31.422001
          ],
          [
            -64.180726,
            -31.422306
          ],
          [
            -64.179365,
            -31.422693
          ],
          [
            -64.177897,
            -31.423051
          ],
          [
            -64.176787,
            -31.423339
          ],
          [
            -64.176386,
            -31.423448
          ],
          [
            -64.17605,
            -31.423547
          ],
          [
            -64.175982,
            -31.42357
          ],
          [
            -64.175894,
            -31.423609
          ],
          [
            -64.1758,
            -31.423669
          ],
          [
            -64.175727,
            -31.423726
          ],
          [
            -64.175419,
            -31.424068
          ],
          [
            -64.175137,
            -31.424385
          ],
          [
            -64.175088,
            -31.424433
          ],
          [
            -64.174886,
            -31.424597
          ],
          [
            -64.174799,
            -31.424672
          ],
          [
            -64.174691,
            -31.424781
          ],
          [
            -64.174556,
            -31.424942
          ],
          [
            -64.174488,
            -31.425018
          ],
          [
            -64.174252,
            -31.425289
          ],
          [
            -64.174077,
            -31.425473
          ],
          [
            -64.17384,
            -31.425724
          ],
          [
            -64.17281,
            -31.426764
          ],
          [
            -64.172484,
            -31.427093
          ],
          [
            -64.17242,
            -31.427155
          ],
          [
            -64.172099,
            -31.427461
          ],
          [
            -64.171982,
            -31.42758
          ],
          [
            -64.171309,
            -31.428265
          ],
          [
            -64.171244,
            -31.428374
          ],
          [
            -64.171009,
            -31.428668
          ],
          [
            -64.170954,
            -31.428747
          ],
          [
            -64.170921,
            -31.428814
          ],
          [
            -64.170828,
            -31.429002
          ],
          [
            -64.170635,
            -31.429429
          ],
          [
            -64.170576,
            -31.429569
          ],
          [
            -64.17055,
            -31.429634
          ],
          [
            -64.170533,
            -31.42969
          ],
          [
            -64.170519,
            -31.429776
          ],
          [
            -64.170471,
            -31.430203
          ],
          [
            -64.170466,
            -31.430241
          ],
          [
            -64.170457,
            -31.430294
          ],
          [
            -64.170438,
            -31.43034
          ],
          [
            -64.170402,
            -31.430392
          ],
          [
            -64.170344,
            -31.430449
          ],
          [
            -64.170254,
            -31.430493
          ],
          [
            -64.170201,
            -31.430508
          ],
          [
            -64.170133,
            -31.430519
          ],
          [
            -64.17003,
            -31.430515
          ],
          [
            -64.169951,
            -31.430499
          ],
          [
            -64.169905,
            -31.430475
          ],
          [
            -64.169869,
            -31.430451
          ],
          [
            -64.169799,
            -31.430385
          ],
          [
            -64.169773,
            -31.430324
          ],
          [
            -64.169754,
            -31.430271
          ],
          [
            -64.169743,
            -31.430212
          ],
          [
            -64.169738,
            -31.430153
          ],
          [
            -64.169757,
            -31.429927
          ],
          [
            -64.169758,
            -31.429857
          ],
          [
            -64.169754,
            -31.429798
          ],
          [
            -64.169721,
            -31.42955
          ],
          [
            -64.169684,
            -31.429259
          ],
          [
            -64.169657,
            -31.429079
          ],
          [
            -64.169657,
            -31.429073
          ],
          [
            -64.169608,
            -31.428731
          ],
          [
            -64.169602,
            -31.428698
          ],
          [
            -64.169524,
            -31.428284
          ],
          [
            -64.169275,
            -31.42832
          ],
          [
            -64.168762,
            -31.42839
          ],
          [
            -64.168652,
            -31.428406
          ],
          [
            -64.16794,
            -31.428503
          ],
          [
            -64.16779,
            -31.428531
          ],
          [
            -64.167288,
            -31.428605
          ],
          [
            -64.16665,
            -31.428709
          ],
          [
            -64.165543,
            -31.428894
          ],
          [
            -64.165058,
            -31.428971
          ],
          [
            -64.165311,
            -31.430156
          ],
          [
            -64.166024,
            -31.430037
          ],
          [
            -64.166174,
            -31.430012
          ],
          [
            -64.166135,
            -31.429795
          ],
          [
            -64.166123,
            -31.429704
          ],
          [
            -64.165543,
            -31.428894
          ],
          [
            -64.165058,
            -31.428971
          ],
          [
            -64.164211,
            -31.429107
          ],
          [
            -64.163364,
            -31.429246
          ],
          [
            -64.162504,
            -31.429398
          ],
          [
            -64.161699,
            -31.429533
          ],
          [
            -64.161539,
            -31.431148
          ],
          [
            -64.160763,
            -31.431282
          ],
          [
            -64.160682,
            -31.431299
          ],
          [
            -64.160186,
            -31.431447
          ],
          [
            -64.15961,
            -31.431726
          ],
          [
            -64.159541,
            -31.431748
          ],
          [
            -64.159431,
            -31.431759
          ],
          [
            -64.158625,
            -31.431751
          ],
          [
            -64.158623,
            -31.431995
          ],
          [
            -64.158619,
            -31.432365
          ],
          [
            -64.157138,
            -31.432378
          ],
          [
            -64.157146,
            -31.433035
          ],
          [
            -64.157143,
            -31.433153
          ],
          [
            -64.157141,
            -31.433204
          ],
          [
            -64.15715,
            -31.433697
          ],
          [
            -64.157153,
            -31.434222
          ],
          [
            -64.156877,
            -31.434604
          ],
          [
            -64.156287,
            -31.435418
          ],
          [
            -64.15576,
            -31.436147
          ],
          [
            -64.155732,
            -31.436236
          ],
          [
            -64.155701,
            -31.436325
          ],
          [
            -64.15513,
            -31.437106
          ],
          [
            -64.154513,
            -31.437948
          ],
          [
            -64.153885,
            -31.438806
          ],
          [
            -64.153259,
            -31.439662
          ],
          [
            -64.153128,
            -31.439841
          ],
          [
            -64.152016,
            -31.439813
          ],
          [
            -64.151234,
            -31.439804
          ],
          [
            -64.149878,
            -31.439789
          ],
          [
            -64.148536,
            -31.439774
          ],
          [
            -64.148519,
            -31.440041
          ],
          [
            -64.148517,
            -31.44026
          ],
          [
            -64.148513,
            -31.440511
          ],
          [
            -64.14852,
            -31.440589
          ],
          [
            -64.148545,
            -31.440653
          ],
          [
            -64.148586,
            -31.440716
          ],
          [
            -64.14864,
            -31.440776
          ],
          [
            -64.149448,
            -31.441424
          ],
          [
            -64.149513,
            -31.441482
          ],
          [
            -64.149533,
            -31.441508
          ],
          [
            -64.149608,
            -31.441605
          ],
          [
            -64.149522,
            -31.441638
          ],
          [
            -64.149245,
            -31.441739
          ],
          [
            -64.149202,
            -31.441755
          ],
          [
            -64.149153,
            -31.441773
          ],
          [
            -64.149104,
            -31.441791
          ],
          [
            -64.149038,
            -31.441816
          ],
          [
            -64.148712,
            -31.441939
          ],
          [
            -64.14865,
            -31.4418
          ],
          [
            -64.148595,
            -31.441673
          ],
          [
            -64.146619,
            -31.44203
          ],
          [
            -64.14663,
            -31.44214
          ],
          [
            -64.146661,
            -31.442222
          ],
          [
            -64.145547,
            -31.442879
          ],
          [
            -64.144778,
            -31.443311
          ],
          [
            -64.144659,
            -31.443301
          ],
          [
            -64.144172,
            -31.443313
          ],
          [
            -64.143066,
            -31.443315
          ],
          [
            -64.141981,
            -31.443314
          ],
          [
            -64.14198,
            -31.444051
          ],
          [
            -64.142787,
            -31.444051
          ],
          [
            -64.143053,
            -31.444051
          ],
          [
            -64.143349,
            -31.444049
          ],
          [
            -64.143471,
            -31.444069
          ],
          [
            -64.144171,
            -31.443665
          ],
          [
            -64.144186,
            -31.443768
          ],
          [
            -64.144209,
            -31.443849
          ],
          [
            -64.144328,
            -31.444022
          ],
          [
            -64.144602,
            -31.444373
          ],
          [
            -64.145306,
            -31.443975
          ],
          [
            -64.146064,
            -31.443548
          ],
          [
            -64.146293,
            -31.443851
          ],
          [
            -64.146377,
            -31.443842
          ],
          [
            -64.146872,
            -31.443845
          ],
          [
            -64.14781,
            -31.443851
          ],
          [
            -64.148437,
            -31.443856
          ],
          [
            -64.148527,
            -31.443857
          ],
          [
            -64.148525,
            -31.443967
          ],
          [
            -64.14849,
            -31.445268
          ],
          [
            -64.148494,
            -31.445387
          ],
          [
            -64.148476,
            -31.44582
          ],
          [
            -64.148477,
            -31.445878
          ],
          [
            -64.148475,
            -31.446089
          ],
          [
            -64.148471,
            -31.446461
          ],
          [
            -64.148462,
            -31.447315
          ],
          [
            -64.14846,
            -31.448161
          ],
          [
            -64.149092,
            -31.448153
          ],
          [
            -64.14976,
            -31.448146
          ],
          [
            -64.150419,
            -31.44814
          ],
          [
            -64.151082,
            -31.448133
          ],
          [
            -64.15184,
            -31.448125
          ],
          [
            -64.151965,
            -31.44813
          ],
          [
            -64.152123,
            -31.448128
          ],
          [
            -64.152593,
            -31.448133
          ],
          [
            -64.153783,
            -31.448145
          ],
          [
            -64.154966,
            -31.448156
          ],
          [
            -64.154975,
            -31.44866
          ],
          [
            -64.154982,
            -31.449165
          ],
          [
            -64.154985,
            -31.449655
          ],
          [
            -64.154977,
            -31.450168
          ],
          [
            -64.154981,
            -31.450667
          ],
          [
            -64.154983,
            -31.45111
          ],
          [
            -64.155017,
            -31.451154
          ],
          [
            -64.155094,
            -31.451184
          ],
          [
            -64.156301,
            -31.451188
          ],
          [
            -64.157066,
            -31.451198
          ],
          [
            -64.157271,
            -31.45121
          ],
          [
            -64.157575,
            -31.45124
          ],
          [
            -64.157665,
            -31.451259
          ],
          [
            -64.157821,
            -31.451293
          ],
          [
            -64.157882,
            -31.451301
          ],
          [
            -64.158499,
            -31.451331
          ],
          [
            -64.159243,
            -31.451361
          ],
          [
            -64.159915,
            -31.451389
          ],
          [
            -64.160648,
            -31.451178
          ],
          [
            -64.161346,
            -31.45118
          ],
          [
            -64.162047,
            -31.451177
          ],
          [
            -64.162181,
            -31.451182
          ],
          [
            -64.163055,
            -31.451184
          ],
          [
            -64.163752,
            -31.451185
          ],
          [
            -64.164414,
            -31.451186
          ],
          [
            -64.164416,
            -31.452454
          ],
          [
            -64.164416,
            -31.453084
          ],
          [
            -64.164417,
            -31.454053
          ],
          [
            -64.163763,
            -31.454057
          ],
          [
            -64.163058,
            -31.45406
          ],
          [
            -64.162823,
            -31.454057
          ],
          [
            -64.162819,
            -31.454586
          ],
          [
            -64.162807,
            -31.454622
          ],
          [
            -64.162769,
            -31.454658
          ],
          [
            -64.16272,
            -31.454702
          ],
          [
            -64.162702,
            -31.454745
          ],
          [
            -64.162697,
            -31.454788
          ],
          [
            -64.162692,
            -31.455214
          ],
          [
            -64.1627,
            -31.455778
          ],
          [
            -64.162704,
            -31.456321
          ],
          [
            -64.162708,
            -31.457005
          ],
          [
            -64.16271,
            -31.457419
          ],
          [
            -64.162714,
            -31.457972
          ],
          [
            -64.162722,
            -31.45855
          ],
          [
            -64.16318,
            -31.458548
          ],
          [
            -64.163207,
            -31.458548
          ],
          [
            -64.163203,
            -31.458668
          ],
          [
            -64.163247,
            -31.45872
          ],
          [
            -64.163274,
            -31.459599
          ],
          [
            -64.163023,
            -31.4596
          ],
          [
            -64.16282,
            -31.459599
          ],
          [
            -64.162093,
            -31.459592
          ],
          [
            -64.162011,
            -31.459591
          ],
          [
            -64.161838,
            -31.45959
          ],
          [
            -64.161753,
            -31.4596
          ],
          [
            -64.161673,
            -31.45963
          ],
          [
            -64.161607,
            -31.459682
          ],
          [
            -64.161585,
            -31.459729
          ],
          [
            -64.161575,
            -31.459782
          ],
          [
            -64.161576,
            -31.459824
          ],
          [
            -64.16158,
            -31.459869
          ],
          [
            -64.161606,
            -31.459936
          ],
          [
            -64.161679,
            -31.460002
          ],
          [
            -64.161764,
            -31.460035
          ],
          [
            -64.161872,
            -31.460049
          ],
          [
            -64.162045,
            -31.460052
          ],
          [
            -64.162762,
            -31.460066
          ],
          [
            -64.163061,
            -31.460072
          ],
          [
            -64.163108,
            -31.46008
          ],
          [
            -64.16314,
            -31.460088
          ],
          [
            -64.163168,
            -31.460098
          ],
          [
            -64.163203,
            -31.460119
          ],
          [
            -64.163569,
            -31.460457
          ],
          [
            -64.16357,
            -31.46139
          ],
          [
            -64.163572,
            -31.461474
          ],
          [
            -64.163495,
            -31.461476
          ],
          [
            -64.163079,
            -31.461477
          ],
          [
            -64.162748,
            -31.461478
          ],
          [
            -64.162446,
            -31.46148
          ],
          [
            -64.162303,
            -31.46148
          ],
          [
            -64.161787,
            -31.461483
          ],
          [
            -64.161475,
            -31.461484
          ],
          [
            -64.161147,
            -31.461486
          ],
          [
            -64.160976,
            -31.461487
          ],
          [
            -64.160472,
            -31.461489
          ],
          [
            -64.160253,
            -31.461491
          ],
          [
            -64.15973,
            -31.461493
          ],
          [
            -64.158313,
            -31.4615
          ],
          [
            -64.157202,
            -31.461505
          ],
          [
            -64.156082,
            -31.461511
          ],
          [
            -64.155414,
            -31.461512
          ],
          [
            -64.154725,
            -31.461514
          ],
          [
            -64.154051,
            -31.461515
          ],
          [
            -64.153383,
            -31.461516
          ],
          [
            -64.152726,
            -31.461517
          ],
          [
            -64.152018,
            -31.461519
          ],
          [
            -64.151304,
            -31.461523
          ],
          [
            -64.151226,
            -31.461529
          ],
          [
            -64.151123,
            -31.461547
          ],
          [
            -64.151028,
            -31.461594
          ],
          [
            -64.150959,
            -31.461635
          ],
          [
            -64.15091,
            -31.461686
          ],
          [
            -64.150888,
            -31.461715
          ],
          [
            -64.150488,
            -31.462449
          ],
          [
            -64.150472,
            -31.462438
          ],
          [
            -64.149173,
            -31.461631
          ],
          [
            -64.14913,
            -31.46161
          ],
          [
            -64.149057,
            -31.46159
          ],
          [
            -64.148925,
            -31.461595
          ],
          [
            -64.148593,
            -31.461626
          ],
          [
            -64.148386,
            -31.461636
          ],
          [
            -64.148224,
            -31.461637
          ],
          [
            -64.148065,
            -31.46162
          ],
          [
            -64.147942,
            -31.461612
          ],
          [
            -64.147878,
            -31.461612
          ],
          [
            -64.147821,
            -31.461619
          ],
          [
            -64.147758,
            -31.461632
          ],
          [
            -64.147681,
            -31.461655
          ],
          [
            -64.147663,
            -31.461675
          ],
          [
            -64.147632,
            -31.461701
          ],
          [
            -64.147597,
            -31.461722
          ],
          [
            -64.147557,
            -31.461738
          ],
          [
            -64.147515,
            -31.461748
          ],
          [
            -64.147472,
            -31.461752
          ],
          [
            -64.147429,
            -31.461749
          ],
          [
            -64.147391,
            -31.461742
          ],
          [
            -64.147355,
            -31.46173
          ],
          [
            -64.147321,
            -31.461713
          ],
          [
            -64.147291,
            -31.461692
          ],
          [
            -64.147265,
            -31.461668
          ],
          [
            -64.147243,
            -31.46164
          ],
          [
            -64.147227,
            -31.46161
          ],
          [
            -64.147216,
            -31.461578
          ],
          [
            -64.147211,
            -31.461545
          ],
          [
            -64.147211,
            -31.461512
          ],
          [
            -64.147218,
            -31.46148
          ],
          [
            -64.14723,
            -31.461448
          ],
          [
            -64.147257,
            -31.461312
          ],
          [
            -64.147259,
            -31.461234
          ],
          [
            -64.147254,
            -31.461155
          ],
          [
            -64.147241,
            -31.461088
          ],
          [
            -64.147221,
            -31.461025
          ],
          [
            -64.147191,
            -31.46095
          ],
          [
            -64.147156,
            -31.460868
          ],
          [
            -64.147115,
            -31.460787
          ],
          [
            -64.147075,
            -31.460721
          ],
          [
            -64.147033,
            -31.460662
          ],
          [
            -64.146988,
            -31.460602
          ],
          [
            -64.146942,
            -31.460541
          ],
          [
            -64.146879,
            -31.46047
          ],
          [
            -64.146756,
            -31.460326
          ],
          [
            -64.146711,
            -31.46029
          ],
          [
            -64.146577,
            -31.460245
          ],
          [
            -64.146444,
            -31.460205
          ],
          [
            -64.146383,
            -31.46019
          ],
          [
            -64.146319,
            -31.46018
          ],
          [
            -64.146248,
            -31.460174
          ],
          [
            -64.144714,
            -31.460154
          ],
          [
            -64.144467,
            -31.460135
          ],
          [
            -64.144077,
            -31.460136
          ],
          [
            -64.143436,
            -31.460143
          ],
          [
            -64.143117,
            -31.46018
          ],
          [
            -64.142169,
            -31.460203
          ],
          [
            -64.141124,
            -31.460224
          ],
          [
            -64.138814,
            -31.460244
          ],
          [
            -64.136732,
            -31.460276
          ],
          [
            -64.134235,
            -31.4603
          ],
          [
            -64.132434,
            -31.460327
          ],
          [
            -64.129689,
            -31.460358
          ],
          [
            -64.129176,
            -31.46036
          ],
          [
            -64.128728,
            -31.460373
          ],
          [
            -64.128221,
            -31.460379
          ],
          [
            -64.127379,
            -31.460387
          ],
          [
            -64.126456,
            -31.460396
          ],
          [
            -64.125986,
            -31.4604
          ],
          [
            -64.125873,
            -31.460403
          ],
          [
            -64.124231,
            -31.460429
          ],
          [
            -64.123461,
            -31.460433
          ],
          [
            -64.122195,
            -31.460445
          ],
          [
            -64.120947,
            -31.460456
          ],
          [
            -64.120667,
            -31.460459
          ],
          [
            -64.120501,
            -31.46046
          ],
          [
            -64.120225,
            -31.460463
          ],
          [
            -64.118891,
            -31.460475
          ],
          [
            -64.116111,
            -31.46049
          ],
          [
            -64.115154,
            -31.460457
          ],
          [
            -64.115027,
            -31.460453
          ],
          [
            -64.114745,
            -31.460441
          ],
          [
            -64.11444,
            -31.460428
          ],
          [
            -64.113382,
            -31.460404
          ],
          [
            -64.112154,
            -31.460396
          ],
          [
            -64.11131,
            -31.460366
          ],
          [
            -64.110178,
            -31.460305
          ],
          [
            -64.109681,
            -31.460288
          ],
          [
            -64.109384,
            -31.460278
          ],
          [
            -64.109209,
            -31.460278
          ],
          [
            -64.109073,
            -31.460286
          ],
          [
            -64.108963,
            -31.460304
          ],
          [
            -64.108847,
            -31.460331
          ],
          [
            -64.108677,
            -31.460361
          ],
          [
            -64.108546,
            -31.460371
          ],
          [
            -64.108446,
            -31.460366
          ],
          [
            -64.108366,
            -31.460346
          ],
          [
            -64.108261,
            -31.460297
          ],
          [
            -64.108197,
            -31.460265
          ],
          [
            -64.108017,
            -31.460154
          ],
          [
            -64.107981,
            -31.460123
          ],
          [
            -64.108077,
            -31.460025
          ],
          [
            -64.10812,
            -31.460052
          ],
          [
            -64.10829,
            -31.460172
          ],
          [
            -64.108362,
            -31.460212
          ],
          [
            -64.108448,
            -31.460255
          ],
          [
            -64.108519,
            -31.460279
          ],
          [
            -64.108592,
            -31.460284
          ],
          [
            -64.108671,
            -31.460277
          ],
          [
            -64.108758,
            -31.46026
          ],
          [
            -64.108975,
            -31.460225
          ],
          [
            -64.109138,
            -31.46021
          ],
          [
            -64.109301,
            -31.460206
          ],
          [
            -64.109503,
            -31.460207
          ],
          [
            -64.109825,
            -31.460216
          ],
          [
            -64.109843,
            -31.460216
          ],
          [
            -64.110215,
            -31.460219
          ],
          [
            -64.110178,
            -31.460305
          ],
          [
            -64.109681,
            -31.460288
          ],
          [
            -64.109384,
            -31.460278
          ],
          [
            -64.109209,
            -31.460278
          ],
          [
            -64.109073,
            -31.460286
          ],
          [
            -64.108963,
            -31.460304
          ],
          [
            -64.108847,
            -31.460331
          ],
          [
            -64.108677,
            -31.460361
          ],
          [
            -64.108546,
            -31.460371
          ],
          [
            -64.108446,
            -31.460366
          ],
          [
            -64.108366,
            -31.460346
          ],
          [
            -64.108261,
            -31.460297
          ],
          [
            -64.108197,
            -31.460265
          ],
          [
            -64.108017,
            -31.460154
          ],
          [
            -64.107981,
            -31.460123
          ],
          [
            -64.108077,
            -31.460025
          ],
          [
            -64.10811,
            -31.459995
          ],
          [
            -64.108229,
            -31.459886
          ],
          [
            -64.10837,
            -31.45975
          ],
          [
            -64.108748,
            -31.459375
          ],
          [
            -64.109339,
            -31.458789
          ],
          [
            -64.109918,
            -31.458218
          ],
          [
            -64.110536,
            -31.457626
          ],
          [
            -64.111076,
            -31.457083
          ],
          [
            -64.111187,
            -31.45698
          ],
          [
            -64.111839,
            -31.456333
          ],
          [
            -64.111962,
            -31.456218
          ],
          [
            -64.1123,
            -31.455902
          ],
          [
            -64.113051,
            -31.45516
          ],
          [
            -64.113534,
            -31.454686
          ],
          [
            -64.114152,
            -31.454083
          ],
          [
            -64.115117,
            -31.453165
          ],
          [
            -64.115282,
            -31.452998
          ],
          [
            -64.115359,
            -31.452921
          ],
          [
            -64.115374,
            -31.452905
          ],
          [
            -64.115769,
            -31.452488
          ],
          [
            -64.116201,
            -31.452066
          ],
          [
            -64.116276,
            -31.451989
          ],
          [
            -64.116412,
            -31.451868
          ],
          [
            -64.116537,
            -31.451752
          ],
          [
            -64.117283,
            -31.451063
          ],
          [
            -64.117439,
            -31.450889
          ],
          [
            -64.117519,
            -31.450796
          ],
          [
            -64.117684,
            -31.450576
          ],
          [
            -64.117783,
            -31.450433
          ],
          [
            -64.118048,
            -31.450014
          ],
          [
            -64.118207,
            -31.4498
          ],
          [
            -64.118303,
            -31.449685
          ],
          [
            -64.118427,
            -31.449561
          ],
          [
            -64.118571,
            -31.449426
          ],
          [
            -64.118711,
            -31.449305
          ],
          [
            -64.119095,
            -31.449016
          ],
          [
            -64.119288,
            -31.448866
          ],
          [
            -64.119401,
            -31.448781
          ],
          [
            -64.11983,
            -31.448464
          ],
          [
            -64.119984,
            -31.448343
          ],
          [
            -64.120142,
            -31.448192
          ],
          [
            -64.120417,
            -31.447916
          ],
          [
            -64.120856,
            -31.4475
          ],
          [
            -64.121991,
            -31.446364
          ],
          [
            -64.122065,
            -31.446289
          ],
          [
            -64.122127,
            -31.446211
          ],
          [
            -64.122184,
            -31.446129
          ],
          [
            -64.12225,
            -31.446023
          ],
          [
            -64.122305,
            -31.445917
          ],
          [
            -64.122341,
            -31.445823
          ],
          [
            -64.122376,
            -31.445709
          ],
          [
            -64.122398,
            -31.445596
          ],
          [
            -64.122409,
            -31.445472
          ],
          [
            -64.12241,
            -31.445356
          ],
          [
            -64.122402,
            -31.445199
          ],
          [
            -64.122376,
            -31.444724
          ],
          [
            -64.12235,
            -31.444214
          ],
          [
            -64.12231,
            -31.443543
          ],
          [
            -64.122325,
            -31.443265
          ],
          [
            -64.122344,
            -31.443161
          ],
          [
            -64.122371,
            -31.443065
          ],
          [
            -64.122398,
            -31.442987
          ],
          [
            -64.122439,
            -31.442894
          ],
          [
            -64.122477,
            -31.442817
          ],
          [
            -64.122525,
            -31.442739
          ],
          [
            -64.122578,
            -31.442657
          ],
          [
            -64.122641,
            -31.442576
          ],
          [
            -64.122753,
            -31.442457
          ],
          [
            -64.122833,
            -31.442381
          ],
          [
            -64.122928,
            -31.442312
          ],
          [
            -64.122978,
            -31.442279
          ],
          [
            -64.123058,
            -31.442228
          ],
          [
            -64.123161,
            -31.442175
          ],
          [
            -64.123279,
            -31.44212
          ],
          [
            -64.123395,
            -31.442075
          ],
          [
            -64.123523,
            -31.442036
          ],
          [
            -64.123661,
            -31.442001
          ],
          [
            -64.123787,
            -31.441981
          ],
          [
            -64.123923,
            -31.441969
          ],
          [
            -64.124055,
            -31.441968
          ],
          [
            -64.124174,
            -31.44197
          ],
          [
            -64.124307,
            -31.441986
          ],
          [
            -64.124438,
            -31.442008
          ],
          [
            -64.124624,
            -31.442051
          ],
          [
            -64.125022,
            -31.442162
          ],
          [
            -64.125183,
            -31.442197
          ],
          [
            -64.125327,
            -31.442219
          ],
          [
            -64.125441,
            -31.442228
          ],
          [
            -64.125544,
            -31.44223
          ],
          [
            -64.125643,
            -31.442228
          ],
          [
            -64.125767,
            -31.442216
          ],
          [
            -64.125885,
            -31.442197
          ],
          [
            -64.125996,
            -31.44217
          ],
          [
            -64.126104,
            -31.442136
          ],
          [
            -64.126204,
            -31.442099
          ],
          [
            -64.126306,
            -31.442053
          ],
          [
            -64.126386,
            -31.442012
          ],
          [
            -64.126471,
            -31.441963
          ],
          [
            -64.126556,
            -31.441907
          ],
          [
            -64.126665,
            -31.441824
          ],
          [
            -64.126768,
            -31.441728
          ],
          [
            -64.126861,
            -31.441627
          ],
          [
            -64.12693,
            -31.441545
          ],
          [
            -64.126985,
            -31.441479
          ],
          [
            -64.127039,
            -31.441403
          ],
          [
            -64.127081,
            -31.441337
          ],
          [
            -64.127123,
            -31.441266
          ],
          [
            -64.127161,
            -31.441193
          ],
          [
            -64.127195,
            -31.441117
          ],
          [
            -64.12723,
            -31.441019
          ],
          [
            -64.127266,
            -31.440899
          ],
          [
            -64.127312,
            -31.440728
          ],
          [
            -64.127363,
            -31.44051
          ],
          [
            -64.127392,
            -31.4404
          ],
          [
            -64.127425,
            -31.440292
          ],
          [
            -64.127478,
            -31.440152
          ],
          [
            -64.127531,
            -31.440021
          ],
          [
            -64.127585,
            -31.439898
          ],
          [
            -64.127646,
            -31.439764
          ],
          [
            -64.127755,
            -31.43954
          ],
          [
            -64.127916,
            -31.439233
          ],
          [
            -64.128072,
            -31.438928
          ],
          [
            -64.128093,
            -31.438867
          ],
          [
            -64.128118,
            -31.438796
          ],
          [
            -64.128195,
            -31.438503
          ],
          [
            -64.128222,
            -31.438401
          ],
          [
            -64.128267,
            -31.438265
          ],
          [
            -64.128296,
            -31.438197
          ],
          [
            -64.128324,
            -31.438146
          ],
          [
            -64.128367,
            -31.438101
          ],
          [
            -64.12849,
            -31.437994
          ],
          [
            -64.128547,
            -31.437947
          ],
          [
            -64.128644,
            -31.437839
          ],
          [
            -64.128691,
            -31.437782
          ],
          [
            -64.128725,
            -31.437723
          ],
          [
            -64.128786,
            -31.4376
          ],
          [
            -64.128881,
            -31.437396
          ],
          [
            -64.128981,
            -31.437237
          ],
          [
            -64.129054,
            -31.43713
          ],
          [
            -64.129141,
            -31.437011
          ],
          [
            -64.12925,
            -31.436881
          ],
          [
            -64.129405,
            -31.436702
          ],
          [
            -64.129533,
            -31.436565
          ],
          [
            -64.129889,
            -31.436226
          ],
          [
            -64.130678,
            -31.435428
          ],
          [
            -64.130745,
            -31.435361
          ],
          [
            -64.131379,
            -31.434738
          ],
          [
            -64.13146,
            -31.434659
          ],
          [
            -64.131604,
            -31.43452
          ],
          [
            -64.131812,
            -31.434318
          ],
          [
            -64.132004,
            -31.434148
          ],
          [
            -64.132131,
            -31.434043
          ],
          [
            -64.132241,
            -31.43396
          ],
          [
            -64.132372,
            -31.433879
          ],
          [
            -64.132513,
            -31.433804
          ],
          [
            -64.132674,
            -31.433718
          ],
          [
            -64.133241,
            -31.433447
          ],
          [
            -64.13368,
            -31.433238
          ],
          [
            -64.133857,
            -31.433153
          ],
          [
            -64.134346,
            -31.432919
          ],
          [
            -64.134434,
            -31.432884
          ],
          [
            -64.134551,
            -31.43285
          ],
          [
            -64.134651,
            -31.432824
          ],
          [
            -64.135802,
            -31.432523
          ],
          [
            -64.136063,
            -31.432451
          ],
          [
            -64.136884,
            -31.432226
          ],
          [
            -64.136969,
            -31.432194
          ],
          [
            -64.137044,
            -31.432165
          ],
          [
            -64.137769,
            -31.431816
          ],
          [
            -64.137936,
            -31.431752
          ],
          [
            -64.138091,
            -31.431703
          ],
          [
            -64.13828,
            -31.43166
          ],
          [
            -64.138469,
            -31.431636
          ],
          [
            -64.138619,
            -31.431621
          ],
          [
            -64.138759,
            -31.431614
          ],
          [
            -64.138808,
            -31.431611
          ],
          [
            -64.138948,
            -31.431619
          ],
          [
            -64.139072,
            -31.431636
          ],
          [
            -64.139202,
            -31.431671
          ],
          [
            -64.139326,
            -31.431712
          ],
          [
            -64.139498,
            -31.431805
          ],
          [
            -64.139937,
            -31.432184
          ],
          [
            -64.140237,
            -31.432483
          ],
          [
            -64.140288,
            -31.432524
          ],
          [
            -64.140354,
            -31.432565
          ],
          [
            -64.140466,
            -31.432616
          ],
          [
            -64.140556,
            -31.432652
          ],
          [
            -64.140664,
            -31.432682
          ],
          [
            -64.141106,
            -31.432775
          ],
          [
            -64.141445,
            -31.432819
          ],
          [
            -64.141731,
            -31.432823
          ],
          [
            -64.142746,
            -31.432803
          ],
          [
            -64.143318,
            -31.432814
          ],
          [
            -64.143567,
            -31.432828
          ],
          [
            -64.1438,
            -31.432851
          ],
          [
            -64.144016,
            -31.432874
          ],
          [
            -64.14416,
            -31.432901
          ],
          [
            -64.144656,
            -31.433032
          ],
          [
            -64.14496,
            -31.433099
          ],
          [
            -64.14519,
            -31.433146
          ],
          [
            -64.145392,
            -31.433179
          ],
          [
            -64.145543,
            -31.433204
          ],
          [
            -64.145681,
            -31.433221
          ],
          [
            -64.145811,
            -31.433233
          ],
          [
            -64.14591,
            -31.43324
          ],
          [
            -64.146099,
            -31.43325
          ],
          [
            -64.146275,
            -31.433257
          ],
          [
            -64.147077,
            -31.433251
          ],
          [
            -64.147383,
            -31.433249
          ],
          [
            -64.147544,
            -31.43325
          ],
          [
            -64.148072,
            -31.433253
          ],
          [
            -64.148307,
            -31.433255
          ],
          [
            -64.148426,
            -31.433256
          ],
          [
            -64.148501,
            -31.433256
          ],
          [
            -64.148592,
            -31.433256
          ],
          [
            -64.149626,
            -31.433257
          ],
          [
            -64.149953,
            -31.433257
          ],
          [
            -64.150087,
            -31.433249
          ],
          [
            -64.150205,
            -31.43323
          ],
          [
            -64.150711,
            -31.433131
          ],
          [
            -64.150858,
            -31.433113
          ],
          [
            -64.150989,
            -31.433098
          ],
          [
            -64.151235,
            -31.433072
          ],
          [
            -64.151502,
            -31.433053
          ],
          [
            -64.151672,
            -31.433046
          ],
          [
            -64.151832,
            -31.43304
          ],
          [
            -64.153013,
            -31.433052
          ],
          [
            -64.154139,
            -31.433047
          ],
          [
            -64.155463,
            -31.433044
          ],
          [
            -64.156185,
            -31.433043
          ],
          [
            -64.156754,
            -31.433042
          ],
          [
            -64.157146,
            -31.433035
          ],
          [
            -64.158757,
            -31.433038
          ],
          [
            -64.159772,
            -31.433062
          ],
          [
            -64.160113,
            -31.433062
          ],
          [
            -64.160304,
            -31.433057
          ],
          [
            -64.160494,
            -31.433042
          ],
          [
            -64.160717,
            -31.433014
          ],
          [
            -64.160906,
            -31.432989
          ],
          [
            -64.161094,
            -31.432954
          ],
          [
            -64.161392,
            -31.432878
          ],
          [
            -64.161506,
            -31.432841
          ],
          [
            -64.161705,
            -31.432776
          ],
          [
            -64.161884,
            -31.432713
          ],
          [
            -64.162088,
            -31.432626
          ],
          [
            -64.16227,
            -31.432542
          ],
          [
            -64.16311,
            -31.432082
          ],
          [
            -64.163381,
            -31.431933
          ],
          [
            -64.163693,
            -31.431762
          ],
          [
            -64.163898,
            -31.431656
          ],
          [
            -64.164122,
            -31.43154
          ],
          [
            -64.164282,
            -31.43147
          ],
          [
            -64.164505,
            -31.431378
          ],
          [
            -64.164719,
            -31.431294
          ],
          [
            -64.165003,
            -31.431213
          ],
          [
            -64.165169,
            -31.431172
          ],
          [
            -64.165356,
            -31.431132
          ],
          [
            -64.165639,
            -31.431087
          ],
          [
            -64.166364,
            -31.430964
          ],
          [
            -64.166859,
            -31.430856
          ],
          [
            -64.167016,
            -31.430815
          ],
          [
            -64.167219,
            -31.430756
          ],
          [
            -64.167464,
            -31.430679
          ],
          [
            -64.167562,
            -31.430644
          ],
          [
            -64.167723,
            -31.430581
          ],
          [
            -64.167823,
            -31.430541
          ],
          [
            -64.168149,
            -31.430396
          ],
          [
            -64.169074,
            -31.429933
          ],
          [
            -64.16941,
            -31.429766
          ],
          [
            -64.169499,
            -31.429715
          ],
          [
            -64.169571,
            -31.429668
          ],
          [
            -64.169949,
            -31.429393
          ],
          [
            -64.170085,
            -31.42927
          ],
          [
            -64.170208,
            -31.429155
          ],
          [
            -64.170661,
            -31.428681
          ],
          [
            -64.171112,
            -31.428201
          ],
          [
            -64.171415,
            -31.427895
          ],
          [
            -64.171577,
            -31.427733
          ],
          [
            -64.171664,
            -31.427636
          ],
          [
            -64.171768,
            -31.427531
          ],
          [
            -64.171952,
            -31.427347
          ],
          [
            -64.172051,
            -31.427248
          ],
          [
            -64.172232,
            -31.427067
          ],
          [
            -64.172823,
            -31.426481
          ],
          [
            -64.173023,
            -31.426288
          ],
          [
            -64.17363,
            -31.42569
          ],
          [
            -64.173962,
            -31.425359
          ],
          [
            -64.174126,
            -31.425195
          ],
          [
            -64.174333,
            -31.424975
          ],
          [
            -64.17439,
            -31.424913
          ],
          [
            -64.174546,
            -31.424738
          ],
          [
            -64.174613,
            -31.424663
          ],
          [
            -64.174672,
            -31.424607
          ],
          [
            -64.174792,
            -31.424495
          ],
          [
            -64.174942,
            -31.424368
          ],
          [
            -64.174997,
            -31.424309
          ],
          [
            -64.175271,
            -31.424
          ],
          [
            -64.175521,
            -31.42373
          ],
          [
            -64.175607,
            -31.423637
          ],
          [
            -64.175695,
            -31.423568
          ],
          [
            -64.175765,
            -31.423526
          ],
          [
            -64.175856,
            -31.423478
          ],
          [
            -64.175932,
            -31.423446
          ],
          [
            -64.175996,
            -31.423425
          ],
          [
            -64.176361,
            -31.423324
          ],
          [
            -64.176741,
            -31.423226
          ],
          [
            -64.177859,
            -31.422944
          ],
          [
            -64.179313,
            -31.422566
          ],
          [
            -64.180685,
            -31.422206
          ],
          [
            -64.181908,
            -31.421886
          ],
          [
            -64.181933,
            -31.42188
          ],
          [
            -64.182055,
            -31.421848
          ],
          [
            -64.183332,
            -31.421513
          ],
          [
            -64.183646,
            -31.421431
          ],
          [
            -64.184303,
            -31.421259
          ],
          [
            -64.184705,
            -31.421154
          ],
          [
            -64.186053,
            -31.420801
          ],
          [
            -64.186264,
            -31.420749
          ],
          [
            -64.187394,
            -31.420469
          ],
          [
            -64.187439,
            -31.420456
          ],
          [
            -64.187877,
            -31.420332
          ],
          [
            -64.188038,
            -31.420286
          ],
          [
            -64.188169,
            -31.420245
          ],
          [
            -64.188208,
            -31.420233
          ],
          [
            -64.188297,
            -31.420206
          ],
          [
            -64.188431,
            -31.42015
          ],
          [
            -64.188553,
            -31.4201
          ],
          [
            -64.188617,
            -31.420073
          ],
          [
            -64.188664,
            -31.420053
          ],
          [
            -64.188709,
            -31.420032
          ],
          [
            -64.188708,
            -31.420086
          ],
          [
            -64.188709,
            -31.420103
          ]
        ]
      }
    },
    {
      "type": "Feature",
      "id": "route-cordoba-2026-08-30-v3-06",
      "properties": {
        "truckId": "vehicle-06",
        "waypointDistancesKm": [
          0,
          1.8243032183251637,
          3.4205983975031926,
          4.480446312471635,
          5.681561200061926,
          6.84519654039169,
          11.948288432194492,
          21.74728962120921
        ]
      },
      "geometry": {
        "type": "LineString",
        "coordinates": [
          [
            -64.188709,
            -31.420109
          ],
          [
            -64.18871,
            -31.420127
          ],
          [
            -64.188717,
            -31.420178
          ],
          [
            -64.188727,
            -31.42023
          ],
          [
            -64.188737,
            -31.420284
          ],
          [
            -64.188734,
            -31.420338
          ],
          [
            -64.188686,
            -31.420476
          ],
          [
            -64.188614,
            -31.420637
          ],
          [
            -64.188602,
            -31.420666
          ],
          [
            -64.188216,
            -31.421509
          ],
          [
            -64.188008,
            -31.421909
          ],
          [
            -64.187455,
            -31.423057
          ],
          [
            -64.187282,
            -31.423421
          ],
          [
            -64.187225,
            -31.42354
          ],
          [
            -64.187179,
            -31.423635
          ],
          [
            -64.186727,
            -31.424578
          ],
          [
            -64.18644,
            -31.425174
          ],
          [
            -64.186032,
            -31.426085
          ],
          [
            -64.186005,
            -31.426146
          ],
          [
            -64.185991,
            -31.426177
          ],
          [
            -64.185638,
            -31.426928
          ],
          [
            -64.185591,
            -31.427033
          ],
          [
            -64.185475,
            -31.427292
          ],
          [
            -64.185452,
            -31.42734
          ],
          [
            -64.185317,
            -31.427621
          ],
          [
            -64.185278,
            -31.427701
          ],
          [
            -64.185251,
            -31.427773
          ],
          [
            -64.18524,
            -31.427801
          ],
          [
            -64.185211,
            -31.427886
          ],
          [
            -64.185203,
            -31.42792
          ],
          [
            -64.185197,
            -31.427969
          ],
          [
            -64.185195,
            -31.427999
          ],
          [
            -64.185198,
            -31.42802
          ],
          [
            -64.185201,
            -31.428042
          ],
          [
            -64.185215,
            -31.428094
          ],
          [
            -64.18523,
            -31.428147
          ],
          [
            -64.185282,
            -31.428181
          ],
          [
            -64.18533,
            -31.428221
          ],
          [
            -64.185372,
            -31.428265
          ],
          [
            -64.185414,
            -31.42832
          ],
          [
            -64.185448,
            -31.42838
          ],
          [
            -64.185473,
            -31.428443
          ],
          [
            -64.185488,
            -31.428508
          ],
          [
            -64.185494,
            -31.428577
          ],
          [
            -64.185489,
            -31.428647
          ],
          [
            -64.185473,
            -31.428715
          ],
          [
            -64.185452,
            -31.428769
          ],
          [
            -64.185425,
            -31.42882
          ],
          [
            -64.185392,
            -31.428868
          ],
          [
            -64.185374,
            -31.42889
          ],
          [
            -64.185353,
            -31.428914
          ],
          [
            -64.18529,
            -31.42897
          ],
          [
            -64.185242,
            -31.429003
          ],
          [
            -64.185211,
            -31.429045
          ],
          [
            -64.185192,
            -31.429081
          ],
          [
            -64.185183,
            -31.429125
          ],
          [
            -64.185179,
            -31.429205
          ],
          [
            -64.185194,
            -31.429258
          ],
          [
            -64.185212,
            -31.4293
          ],
          [
            -64.185256,
            -31.429401
          ],
          [
            -64.18528,
            -31.429451
          ],
          [
            -64.185412,
            -31.429776
          ],
          [
            -64.185914,
            -31.430988
          ],
          [
            -64.186444,
            -31.432177
          ],
          [
            -64.186517,
            -31.432352
          ],
          [
            -64.186634,
            -31.432624
          ],
          [
            -64.18668,
            -31.432719
          ],
          [
            -64.186725,
            -31.432793
          ],
          [
            -64.18683,
            -31.432955
          ],
          [
            -64.186933,
            -31.433112
          ],
          [
            -64.187014,
            -31.433242
          ],
          [
            -64.187159,
            -31.433501
          ],
          [
            -64.187281,
            -31.433727
          ],
          [
            -64.187334,
            -31.433773
          ],
          [
            -64.18737,
            -31.433843
          ],
          [
            -64.187388,
            -31.433896
          ],
          [
            -64.187398,
            -31.433936
          ],
          [
            -64.187423,
            -31.433983
          ],
          [
            -64.187532,
            -31.43418
          ],
          [
            -64.187592,
            -31.434326
          ],
          [
            -64.187923,
            -31.435324
          ],
          [
            -64.187991,
            -31.435528
          ],
          [
            -64.188131,
            -31.435936
          ],
          [
            -64.188288,
            -31.436397
          ],
          [
            -64.188318,
            -31.436485
          ],
          [
            -64.188334,
            -31.436535
          ],
          [
            -64.188688,
            -31.437643
          ],
          [
            -64.188709,
            -31.43771
          ],
          [
            -64.188886,
            -31.438258
          ],
          [
            -64.1889,
            -31.438304
          ],
          [
            -64.188922,
            -31.438368
          ],
          [
            -64.190033,
            -31.43811
          ],
          [
            -64.19021,
            -31.438062
          ],
          [
            -64.19051,
            -31.437975
          ],
          [
            -64.190759,
            -31.437895
          ],
          [
            -64.190898,
            -31.437848
          ],
          [
            -64.191023,
            -31.437802
          ],
          [
            -64.191121,
            -31.437763
          ],
          [
            -64.191511,
            -31.437577
          ],
          [
            -64.191665,
            -31.437518
          ],
          [
            -64.192098,
            -31.437392
          ],
          [
            -64.192137,
            -31.437381
          ],
          [
            -64.192222,
            -31.437358
          ],
          [
            -64.192298,
            -31.437344
          ],
          [
            -64.192359,
            -31.437338
          ],
          [
            -64.192421,
            -31.437521
          ],
          [
            -64.192445,
            -31.437609
          ],
          [
            -64.192501,
            -31.437813
          ],
          [
            -64.192511,
            -31.437874
          ],
          [
            -64.19252,
            -31.437954
          ],
          [
            -64.192529,
            -31.438119
          ],
          [
            -64.19252,
            -31.438233
          ],
          [
            -64.192515,
            -31.438269
          ],
          [
            -64.192502,
            -31.438381
          ],
          [
            -64.192466,
            -31.438532
          ],
          [
            -64.192441,
            -31.438621
          ],
          [
            -64.192431,
            -31.438687
          ],
          [
            -64.19242,
            -31.438842
          ],
          [
            -64.192428,
            -31.438869
          ],
          [
            -64.192429,
            -31.438896
          ],
          [
            -64.192422,
            -31.438923
          ],
          [
            -64.192409,
            -31.438947
          ],
          [
            -64.192385,
            -31.438972
          ],
          [
            -64.192355,
            -31.438991
          ],
          [
            -64.19228,
            -31.439056
          ],
          [
            -64.192214,
            -31.439105
          ],
          [
            -64.191908,
            -31.439336
          ],
          [
            -64.191504,
            -31.439606
          ],
          [
            -64.191522,
            -31.439654
          ],
          [
            -64.191648,
            -31.439991
          ],
          [
            -64.192164,
            -31.441199
          ],
          [
            -64.192167,
            -31.441236
          ],
          [
            -64.192159,
            -31.441284
          ],
          [
            -64.192134,
            -31.441333
          ],
          [
            -64.192095,
            -31.441373
          ],
          [
            -64.191617,
            -31.441579
          ],
          [
            -64.191559,
            -31.441584
          ],
          [
            -64.19071,
            -31.441484
          ],
          [
            -64.191559,
            -31.441584
          ],
          [
            -64.191617,
            -31.441579
          ],
          [
            -64.192095,
            -31.441373
          ],
          [
            -64.192134,
            -31.441333
          ],
          [
            -64.192159,
            -31.441284
          ],
          [
            -64.192167,
            -31.441236
          ],
          [
            -64.192164,
            -31.441199
          ],
          [
            -64.191813,
            -31.440378
          ],
          [
            -64.191648,
            -31.439991
          ],
          [
            -64.191522,
            -31.439654
          ],
          [
            -64.191504,
            -31.439606
          ],
          [
            -64.19148,
            -31.439539
          ],
          [
            -64.191562,
            -31.43949
          ],
          [
            -64.191899,
            -31.439258
          ],
          [
            -64.191962,
            -31.439205
          ],
          [
            -64.192014,
            -31.439155
          ],
          [
            -64.192074,
            -31.439083
          ],
          [
            -64.192116,
            -31.439003
          ],
          [
            -64.19215,
            -31.438913
          ],
          [
            -64.192146,
            -31.438882
          ],
          [
            -64.192152,
            -31.43885
          ],
          [
            -64.192167,
            -31.438821
          ],
          [
            -64.192191,
            -31.438797
          ],
          [
            -64.192221,
            -31.438778
          ],
          [
            -64.192256,
            -31.438767
          ],
          [
            -64.192296,
            -31.438764
          ],
          [
            -64.192336,
            -31.438772
          ],
          [
            -64.192371,
            -31.438788
          ],
          [
            -64.1924,
            -31.438812
          ],
          [
            -64.19242,
            -31.438842
          ],
          [
            -64.192428,
            -31.438869
          ],
          [
            -64.192429,
            -31.438896
          ],
          [
            -64.192422,
            -31.438923
          ],
          [
            -64.192409,
            -31.438947
          ],
          [
            -64.192406,
            -31.43902
          ],
          [
            -64.19241,
            -31.439091
          ],
          [
            -64.192434,
            -31.439176
          ],
          [
            -64.192497,
            -31.439365
          ],
          [
            -64.192711,
            -31.439949
          ],
          [
            -64.1928,
            -31.440167
          ],
          [
            -64.192863,
            -31.440326
          ],
          [
            -64.192956,
            -31.440561
          ],
          [
            -64.192994,
            -31.440649
          ],
          [
            -64.193081,
            -31.440815
          ],
          [
            -64.19312,
            -31.440887
          ],
          [
            -64.193165,
            -31.440969
          ],
          [
            -64.193258,
            -31.441133
          ],
          [
            -64.193429,
            -31.441414
          ],
          [
            -64.193842,
            -31.442122
          ],
          [
            -64.193966,
            -31.442325
          ],
          [
            -64.194024,
            -31.44242
          ],
          [
            -64.19407,
            -31.442496
          ],
          [
            -64.194264,
            -31.442813
          ],
          [
            -64.194361,
            -31.442979
          ],
          [
            -64.194409,
            -31.443057
          ],
          [
            -64.194464,
            -31.44314
          ],
          [
            -64.194511,
            -31.44321
          ],
          [
            -64.194577,
            -31.44328
          ],
          [
            -64.194588,
            -31.443288
          ],
          [
            -64.194613,
            -31.443312
          ],
          [
            -64.194627,
            -31.443342
          ],
          [
            -64.194629,
            -31.443374
          ],
          [
            -64.194618,
            -31.443406
          ],
          [
            -64.194596,
            -31.443432
          ],
          [
            -64.194566,
            -31.443451
          ],
          [
            -64.194529,
            -31.44346
          ],
          [
            -64.194459,
            -31.443449
          ],
          [
            -64.194436,
            -31.443435
          ],
          [
            -64.194417,
            -31.443415
          ],
          [
            -64.194405,
            -31.443393
          ],
          [
            -64.194399,
            -31.443368
          ],
          [
            -64.194401,
            -31.443343
          ],
          [
            -64.194411,
            -31.44332
          ],
          [
            -64.194427,
            -31.443299
          ],
          [
            -64.194438,
            -31.443289
          ],
          [
            -64.19442,
            -31.443208
          ],
          [
            -64.194392,
            -31.443148
          ],
          [
            -64.194363,
            -31.443096
          ],
          [
            -64.194274,
            -31.44294
          ],
          [
            -64.194218,
            -31.442849
          ],
          [
            -64.19402,
            -31.442837
          ],
          [
            -64.193997,
            -31.442834
          ],
          [
            -64.193684,
            -31.442793
          ],
          [
            -64.193634,
            -31.442793
          ],
          [
            -64.193581,
            -31.4428
          ],
          [
            -64.193542,
            -31.442828
          ],
          [
            -64.193516,
            -31.442878
          ],
          [
            -64.193499,
            -31.442921
          ],
          [
            -64.193442,
            -31.442915
          ],
          [
            -64.193365,
            -31.442907
          ],
          [
            -64.19321,
            -31.442889
          ],
          [
            -64.19307,
            -31.442873
          ],
          [
            -64.192936,
            -31.442858
          ],
          [
            -64.192817,
            -31.442845
          ],
          [
            -64.192868,
            -31.442529
          ],
          [
            -64.192817,
            -31.442845
          ],
          [
            -64.192936,
            -31.442858
          ],
          [
            -64.19307,
            -31.442873
          ],
          [
            -64.19321,
            -31.442889
          ],
          [
            -64.193365,
            -31.442907
          ],
          [
            -64.193442,
            -31.442915
          ],
          [
            -64.19348,
            -31.442837
          ],
          [
            -64.193504,
            -31.442808
          ],
          [
            -64.193531,
            -31.442778
          ],
          [
            -64.193573,
            -31.442756
          ],
          [
            -64.193631,
            -31.442749
          ],
          [
            -64.193692,
            -31.442751
          ],
          [
            -64.193979,
            -31.442788
          ],
          [
            -64.194027,
            -31.442794
          ],
          [
            -64.194084,
            -31.442786
          ],
          [
            -64.194151,
            -31.442746
          ],
          [
            -64.194118,
            -31.442695
          ],
          [
            -64.194076,
            -31.442627
          ],
          [
            -64.194014,
            -31.442525
          ],
          [
            -64.193959,
            -31.442439
          ],
          [
            -64.193912,
            -31.442366
          ],
          [
            -64.193829,
            -31.442226
          ],
          [
            -64.19376,
            -31.442113
          ],
          [
            -64.193737,
            -31.442074
          ],
          [
            -64.193681,
            -31.441983
          ],
          [
            -64.193566,
            -31.441787
          ],
          [
            -64.193369,
            -31.441455
          ],
          [
            -64.193228,
            -31.441211
          ],
          [
            -64.193154,
            -31.441095
          ],
          [
            -64.19306,
            -31.440914
          ],
          [
            -64.192984,
            -31.440773
          ],
          [
            -64.192934,
            -31.440668
          ],
          [
            -64.192885,
            -31.44056
          ],
          [
            -64.192824,
            -31.440407
          ],
          [
            -64.192739,
            -31.440183
          ],
          [
            -64.192611,
            -31.439827
          ],
          [
            -64.192441,
            -31.439387
          ],
          [
            -64.192348,
            -31.439172
          ],
          [
            -64.192313,
            -31.439108
          ],
          [
            -64.19228,
            -31.439056
          ],
          [
            -64.192239,
            -31.438998
          ],
          [
            -64.192208,
            -31.438985
          ],
          [
            -64.192182,
            -31.438965
          ],
          [
            -64.192162,
            -31.438941
          ],
          [
            -64.19215,
            -31.438913
          ],
          [
            -64.192146,
            -31.438882
          ],
          [
            -64.192152,
            -31.43885
          ],
          [
            -64.192167,
            -31.438821
          ],
          [
            -64.192191,
            -31.438797
          ],
          [
            -64.192221,
            -31.438778
          ],
          [
            -64.192256,
            -31.438767
          ],
          [
            -64.192296,
            -31.438764
          ],
          [
            -64.192336,
            -31.438772
          ],
          [
            -64.192371,
            -31.438788
          ],
          [
            -64.1924,
            -31.438812
          ],
          [
            -64.19242,
            -31.438842
          ],
          [
            -64.192428,
            -31.438869
          ],
          [
            -64.192429,
            -31.438896
          ],
          [
            -64.192422,
            -31.438923
          ],
          [
            -64.192409,
            -31.438947
          ],
          [
            -64.192406,
            -31.43902
          ],
          [
            -64.19241,
            -31.439091
          ],
          [
            -64.192434,
            -31.439176
          ],
          [
            -64.192497,
            -31.439365
          ],
          [
            -64.192711,
            -31.439949
          ],
          [
            -64.1928,
            -31.440167
          ],
          [
            -64.192863,
            -31.440326
          ],
          [
            -64.192956,
            -31.440561
          ],
          [
            -64.192994,
            -31.440649
          ],
          [
            -64.193081,
            -31.440815
          ],
          [
            -64.19312,
            -31.440887
          ],
          [
            -64.193165,
            -31.440969
          ],
          [
            -64.193258,
            -31.441133
          ],
          [
            -64.193429,
            -31.441414
          ],
          [
            -64.193842,
            -31.442122
          ],
          [
            -64.193966,
            -31.442325
          ],
          [
            -64.194024,
            -31.44242
          ],
          [
            -64.19407,
            -31.442496
          ],
          [
            -64.194264,
            -31.442813
          ],
          [
            -64.194361,
            -31.442979
          ],
          [
            -64.194409,
            -31.443057
          ],
          [
            -64.19445,
            -31.443119
          ],
          [
            -64.194464,
            -31.44314
          ],
          [
            -64.194511,
            -31.44321
          ],
          [
            -64.194577,
            -31.44328
          ],
          [
            -64.194588,
            -31.443288
          ],
          [
            -64.194613,
            -31.443312
          ],
          [
            -64.194627,
            -31.443342
          ],
          [
            -64.194629,
            -31.443374
          ],
          [
            -64.194618,
            -31.443406
          ],
          [
            -64.194596,
            -31.443432
          ],
          [
            -64.194566,
            -31.443451
          ],
          [
            -64.194529,
            -31.44346
          ],
          [
            -64.194459,
            -31.443449
          ],
          [
            -64.193696,
            -31.443329
          ],
          [
            -64.193522,
            -31.44331
          ],
          [
            -64.193484,
            -31.443422
          ],
          [
            -64.193473,
            -31.443467
          ],
          [
            -64.193447,
            -31.443617
          ],
          [
            -64.193453,
            -31.443683
          ],
          [
            -64.193835,
            -31.445194
          ],
          [
            -64.193981,
            -31.44578
          ],
          [
            -64.193988,
            -31.445848
          ],
          [
            -64.194055,
            -31.44634
          ],
          [
            -64.194064,
            -31.446398
          ],
          [
            -64.194138,
            -31.446915
          ],
          [
            -64.194146,
            -31.446968
          ],
          [
            -64.194306,
            -31.447952
          ],
          [
            -64.194314,
            -31.448033
          ],
          [
            -64.194396,
            -31.448977
          ],
          [
            -64.194443,
            -31.449496
          ],
          [
            -64.194464,
            -31.449754
          ],
          [
            -64.19455,
            -31.450539
          ],
          [
            -64.19634,
            -31.45017
          ],
          [
            -64.196415,
            -31.45044
          ],
          [
            -64.19659,
            -31.451063
          ],
          [
            -64.195737,
            -31.451235
          ],
          [
            -64.194784,
            -31.451428
          ],
          [
            -64.194915,
            -31.451935
          ],
          [
            -64.195068,
            -31.452468
          ],
          [
            -64.195273,
            -31.453185
          ],
          [
            -64.195523,
            -31.45406
          ],
          [
            -64.195799,
            -31.455088
          ],
          [
            -64.195925,
            -31.455522
          ],
          [
            -64.196114,
            -31.456234
          ],
          [
            -64.196254,
            -31.456748
          ],
          [
            -64.196337,
            -31.457053
          ],
          [
            -64.196555,
            -31.45785
          ],
          [
            -64.1967,
            -31.458383
          ],
          [
            -64.196711,
            -31.458425
          ],
          [
            -64.196809,
            -31.458784
          ],
          [
            -64.196836,
            -31.458882
          ],
          [
            -64.19703,
            -31.459595
          ],
          [
            -64.197173,
            -31.460121
          ],
          [
            -64.197392,
            -31.460926
          ],
          [
            -64.19751,
            -31.461362
          ],
          [
            -64.197652,
            -31.46188
          ],
          [
            -64.197903,
            -31.462803
          ],
          [
            -64.19793,
            -31.462897
          ],
          [
            -64.198119,
            -31.463599
          ],
          [
            -64.198829,
            -31.463459
          ],
          [
            -64.199461,
            -31.463334
          ],
          [
            -64.200099,
            -31.463208
          ],
          [
            -64.200724,
            -31.463087
          ],
          [
            -64.2014,
            -31.462951
          ],
          [
            -64.201677,
            -31.462897
          ],
          [
            -64.201995,
            -31.462854
          ],
          [
            -64.202071,
            -31.46284
          ],
          [
            -64.202189,
            -31.462828
          ],
          [
            -64.202282,
            -31.463008
          ],
          [
            -64.202335,
            -31.463024
          ],
          [
            -64.202382,
            -31.463052
          ],
          [
            -64.202419,
            -31.463088
          ],
          [
            -64.202443,
            -31.463132
          ],
          [
            -64.202452,
            -31.463167
          ],
          [
            -64.202452,
            -31.463203
          ],
          [
            -64.202448,
            -31.463228
          ],
          [
            -64.202429,
            -31.463274
          ],
          [
            -64.202396,
            -31.463313
          ],
          [
            -64.202383,
            -31.463425
          ],
          [
            -64.202383,
            -31.463445
          ],
          [
            -64.202384,
            -31.463536
          ],
          [
            -64.202463,
            -31.463864
          ],
          [
            -64.202585,
            -31.464314
          ],
          [
            -64.202795,
            -31.465074
          ],
          [
            -64.202944,
            -31.465642
          ],
          [
            -64.203175,
            -31.466503
          ],
          [
            -64.203795,
            -31.468761
          ],
          [
            -64.203868,
            -31.469029
          ],
          [
            -64.203939,
            -31.46927
          ],
          [
            -64.204036,
            -31.46967
          ],
          [
            -64.204111,
            -31.469983
          ],
          [
            -64.204128,
            -31.470049
          ],
          [
            -64.204307,
            -31.470734
          ],
          [
            -64.204493,
            -31.471424
          ],
          [
            -64.20452,
            -31.471552
          ],
          [
            -64.204537,
            -31.471648
          ],
          [
            -64.204543,
            -31.471724
          ],
          [
            -64.20454,
            -31.471819
          ],
          [
            -64.204528,
            -31.471908
          ],
          [
            -64.204509,
            -31.472004
          ],
          [
            -64.204485,
            -31.472109
          ],
          [
            -64.204447,
            -31.472205
          ],
          [
            -64.204404,
            -31.472299
          ],
          [
            -64.204355,
            -31.472378
          ],
          [
            -64.204314,
            -31.472433
          ],
          [
            -64.204292,
            -31.472461
          ],
          [
            -64.204271,
            -31.472487
          ],
          [
            -64.20422,
            -31.472545
          ],
          [
            -64.204092,
            -31.472679
          ],
          [
            -64.204077,
            -31.472695
          ],
          [
            -64.203611,
            -31.473144
          ],
          [
            -64.203132,
            -31.473602
          ],
          [
            -64.20306,
            -31.473679
          ],
          [
            -64.202995,
            -31.473751
          ],
          [
            -64.202891,
            -31.473887
          ],
          [
            -64.202814,
            -31.474002
          ],
          [
            -64.202747,
            -31.474119
          ],
          [
            -64.202682,
            -31.47425
          ],
          [
            -64.202658,
            -31.474318
          ],
          [
            -64.202635,
            -31.474386
          ],
          [
            -64.202599,
            -31.474518
          ],
          [
            -64.202579,
            -31.474603
          ],
          [
            -64.202559,
            -31.474758
          ],
          [
            -64.202547,
            -31.474902
          ],
          [
            -64.202538,
            -31.475058
          ],
          [
            -64.20254,
            -31.475175
          ],
          [
            -64.20255,
            -31.475314
          ],
          [
            -64.202599,
            -31.476101
          ],
          [
            -64.202668,
            -31.477496
          ],
          [
            -64.202709,
            -31.478274
          ],
          [
            -64.202754,
            -31.4788
          ],
          [
            -64.202809,
            -31.47986
          ],
          [
            -64.202814,
            -31.479934
          ],
          [
            -64.202822,
            -31.480003
          ],
          [
            -64.202831,
            -31.480054
          ],
          [
            -64.202853,
            -31.480169
          ],
          [
            -64.202965,
            -31.48062
          ],
          [
            -64.202993,
            -31.480721
          ],
          [
            -64.20314,
            -31.481262
          ],
          [
            -64.203259,
            -31.481677
          ],
          [
            -64.203385,
            -31.482121
          ],
          [
            -64.203553,
            -31.482587
          ],
          [
            -64.203612,
            -31.482747
          ],
          [
            -64.203973,
            -31.483677
          ],
          [
            -64.204039,
            -31.483668
          ],
          [
            -64.204827,
            -31.483653
          ],
          [
            -64.205466,
            -31.483642
          ],
          [
            -64.206102,
            -31.483633
          ],
          [
            -64.206728,
            -31.483621
          ],
          [
            -64.207351,
            -31.483605
          ],
          [
            -64.207841,
            -31.483595
          ],
          [
            -64.207989,
            -31.483592
          ],
          [
            -64.208629,
            -31.483582
          ],
          [
            -64.208652,
            -31.48461
          ],
          [
            -64.209273,
            -31.484601
          ],
          [
            -64.209269,
            -31.484346
          ],
          [
            -64.209255,
            -31.483572
          ],
          [
            -64.208629,
            -31.483582
          ],
          [
            -64.207989,
            -31.483592
          ],
          [
            -64.207841,
            -31.483595
          ],
          [
            -64.207351,
            -31.483605
          ],
          [
            -64.206728,
            -31.483621
          ],
          [
            -64.206102,
            -31.483633
          ],
          [
            -64.205466,
            -31.483642
          ],
          [
            -64.204827,
            -31.483653
          ],
          [
            -64.204039,
            -31.483668
          ],
          [
            -64.203973,
            -31.483677
          ],
          [
            -64.203903,
            -31.48369
          ],
          [
            -64.203531,
            -31.482768
          ],
          [
            -64.203354,
            -31.482306
          ],
          [
            -64.203279,
            -31.482079
          ],
          [
            -64.203172,
            -31.481692
          ],
          [
            -64.203045,
            -31.481265
          ],
          [
            -64.202898,
            -31.480723
          ],
          [
            -64.202872,
            -31.48063
          ],
          [
            -64.202766,
            -31.480208
          ],
          [
            -64.20275,
            -31.480137
          ],
          [
            -64.202737,
            -31.480045
          ],
          [
            -64.202725,
            -31.479938
          ],
          [
            -64.202716,
            -31.479822
          ],
          [
            -64.202709,
            -31.479587
          ],
          [
            -64.202676,
            -31.478958
          ],
          [
            -64.202641,
            -31.478384
          ],
          [
            -64.202629,
            -31.478312
          ],
          [
            -64.202627,
            -31.47827
          ],
          [
            -64.202603,
            -31.477619
          ],
          [
            -64.2026,
            -31.4775
          ],
          [
            -64.202585,
            -31.477041
          ],
          [
            -64.202534,
            -31.476102
          ],
          [
            -64.202479,
            -31.475176
          ],
          [
            -64.202474,
            -31.475058
          ],
          [
            -64.202472,
            -31.475005
          ],
          [
            -64.202471,
            -31.474994
          ],
          [
            -64.202473,
            -31.474859
          ],
          [
            -64.20248,
            -31.474768
          ],
          [
            -64.202488,
            -31.474686
          ],
          [
            -64.202508,
            -31.474582
          ],
          [
            -64.202527,
            -31.474494
          ],
          [
            -64.202549,
            -31.474398
          ],
          [
            -64.202581,
            -31.474309
          ],
          [
            -64.202623,
            -31.474223
          ],
          [
            -64.202655,
            -31.474154
          ],
          [
            -64.202714,
            -31.474036
          ],
          [
            -64.202787,
            -31.473913
          ],
          [
            -64.20284,
            -31.473833
          ],
          [
            -64.202906,
            -31.473744
          ],
          [
            -64.203003,
            -31.473638
          ],
          [
            -64.203079,
            -31.473561
          ],
          [
            -64.203307,
            -31.473335
          ],
          [
            -64.204047,
            -31.472623
          ],
          [
            -64.204149,
            -31.472517
          ],
          [
            -64.204211,
            -31.472444
          ],
          [
            -64.204291,
            -31.472336
          ],
          [
            -64.204353,
            -31.472213
          ],
          [
            -64.204403,
            -31.472088
          ],
          [
            -64.204435,
            -31.471988
          ],
          [
            -64.204457,
            -31.47189
          ],
          [
            -64.20447,
            -31.471798
          ],
          [
            -64.20447,
            -31.471716
          ],
          [
            -64.204464,
            -31.471627
          ],
          [
            -64.20445,
            -31.471539
          ],
          [
            -64.204425,
            -31.471438
          ],
          [
            -64.20414,
            -31.470381
          ],
          [
            -64.204021,
            -31.469905
          ],
          [
            -64.204008,
            -31.469852
          ],
          [
            -64.203976,
            -31.469757
          ],
          [
            -64.203894,
            -31.469515
          ],
          [
            -64.203833,
            -31.469298
          ],
          [
            -64.203768,
            -31.469052
          ],
          [
            -64.203693,
            -31.468784
          ],
          [
            -64.203614,
            -31.468503
          ],
          [
            -64.203066,
            -31.466515
          ],
          [
            -64.202834,
            -31.465663
          ],
          [
            -64.202688,
            -31.465096
          ],
          [
            -64.202485,
            -31.464344
          ],
          [
            -64.202399,
            -31.464041
          ],
          [
            -64.20224,
            -31.463485
          ],
          [
            -64.20219,
            -31.463403
          ],
          [
            -64.202136,
            -31.463352
          ],
          [
            -64.20209,
            -31.463325
          ],
          [
            -64.202054,
            -31.463288
          ],
          [
            -64.20203,
            -31.463244
          ],
          [
            -64.20202,
            -31.463197
          ],
          [
            -64.202025,
            -31.463149
          ],
          [
            -64.202044,
            -31.463104
          ],
          [
            -64.202076,
            -31.463064
          ],
          [
            -64.202093,
            -31.462989
          ],
          [
            -64.202071,
            -31.46284
          ],
          [
            -64.201995,
            -31.462854
          ],
          [
            -64.201677,
            -31.462897
          ],
          [
            -64.2014,
            -31.462951
          ],
          [
            -64.200724,
            -31.463087
          ],
          [
            -64.200099,
            -31.463208
          ],
          [
            -64.199461,
            -31.463334
          ],
          [
            -64.198829,
            -31.463459
          ],
          [
            -64.198119,
            -31.463599
          ],
          [
            -64.19793,
            -31.462897
          ],
          [
            -64.197903,
            -31.462803
          ],
          [
            -64.197652,
            -31.46188
          ],
          [
            -64.19751,
            -31.461362
          ],
          [
            -64.197392,
            -31.460926
          ],
          [
            -64.197173,
            -31.460121
          ],
          [
            -64.19703,
            -31.459595
          ],
          [
            -64.196836,
            -31.458882
          ],
          [
            -64.196809,
            -31.458784
          ],
          [
            -64.196711,
            -31.458425
          ],
          [
            -64.1967,
            -31.458383
          ],
          [
            -64.196555,
            -31.45785
          ],
          [
            -64.196337,
            -31.457053
          ],
          [
            -64.196254,
            -31.456748
          ],
          [
            -64.196114,
            -31.456234
          ],
          [
            -64.195925,
            -31.455522
          ],
          [
            -64.195799,
            -31.455088
          ],
          [
            -64.195523,
            -31.45406
          ],
          [
            -64.195273,
            -31.453185
          ],
          [
            -64.195068,
            -31.452468
          ],
          [
            -64.194915,
            -31.451935
          ],
          [
            -64.194784,
            -31.451428
          ],
          [
            -64.19455,
            -31.450539
          ],
          [
            -64.194464,
            -31.449754
          ],
          [
            -64.194443,
            -31.449496
          ],
          [
            -64.194396,
            -31.448977
          ],
          [
            -64.194314,
            -31.448033
          ],
          [
            -64.194306,
            -31.447952
          ],
          [
            -64.194146,
            -31.446968
          ],
          [
            -64.194138,
            -31.446915
          ],
          [
            -64.194064,
            -31.446398
          ],
          [
            -64.194055,
            -31.44634
          ],
          [
            -64.193988,
            -31.445848
          ],
          [
            -64.193981,
            -31.44578
          ],
          [
            -64.193835,
            -31.445194
          ],
          [
            -64.193453,
            -31.443683
          ],
          [
            -64.193447,
            -31.443617
          ],
          [
            -64.193473,
            -31.443467
          ],
          [
            -64.193484,
            -31.443422
          ],
          [
            -64.193522,
            -31.44331
          ],
          [
            -64.192111,
            -31.443148
          ],
          [
            -64.191982,
            -31.443132
          ],
          [
            -64.190327,
            -31.442935
          ],
          [
            -64.189985,
            -31.442894
          ],
          [
            -64.188131,
            -31.442674
          ],
          [
            -64.187811,
            -31.442636
          ],
          [
            -64.187592,
            -31.442611
          ],
          [
            -64.18725,
            -31.442552
          ],
          [
            -64.187161,
            -31.442529
          ],
          [
            -64.18709,
            -31.442517
          ],
          [
            -64.187025,
            -31.442511
          ],
          [
            -64.186965,
            -31.442509
          ],
          [
            -64.186815,
            -31.442508
          ],
          [
            -64.186773,
            -31.442523
          ],
          [
            -64.186728,
            -31.442528
          ],
          [
            -64.186682,
            -31.442525
          ],
          [
            -64.186639,
            -31.442513
          ],
          [
            -64.1866,
            -31.442493
          ],
          [
            -64.183781,
            -31.442188
          ],
          [
            -64.18331,
            -31.442142
          ],
          [
            -64.183161,
            -31.442095
          ],
          [
            -64.18305,
            -31.442049
          ],
          [
            -64.182925,
            -31.441983
          ],
          [
            -64.182823,
            -31.441922
          ],
          [
            -64.182759,
            -31.441875
          ],
          [
            -64.182744,
            -31.441863
          ],
          [
            -64.18268,
            -31.44181
          ],
          [
            -64.182616,
            -31.44174
          ],
          [
            -64.182493,
            -31.441538
          ],
          [
            -64.182419,
            -31.441361
          ],
          [
            -64.182372,
            -31.441239
          ],
          [
            -64.182307,
            -31.441066
          ],
          [
            -64.181883,
            -31.440088
          ],
          [
            -64.181799,
            -31.439882
          ],
          [
            -64.181756,
            -31.439783
          ],
          [
            -64.181702,
            -31.439672
          ],
          [
            -64.181515,
            -31.439229
          ],
          [
            -64.181388,
            -31.438911
          ],
          [
            -64.181373,
            -31.438876
          ],
          [
            -64.181346,
            -31.438808
          ],
          [
            -64.181111,
            -31.438223
          ],
          [
            -64.181086,
            -31.438079
          ],
          [
            -64.181078,
            -31.437994
          ],
          [
            -64.181075,
            -31.437909
          ],
          [
            -64.181076,
            -31.437816
          ],
          [
            -64.181084,
            -31.437645
          ],
          [
            -64.181107,
            -31.437522
          ],
          [
            -64.181125,
            -31.437454
          ],
          [
            -64.181151,
            -31.437375
          ],
          [
            -64.181183,
            -31.437304
          ],
          [
            -64.181227,
            -31.437215
          ],
          [
            -64.182275,
            -31.435222
          ],
          [
            -64.183347,
            -31.433231
          ],
          [
            -64.183391,
            -31.43313
          ],
          [
            -64.183416,
            -31.433064
          ],
          [
            -64.183433,
            -31.432979
          ],
          [
            -64.183464,
            -31.432825
          ],
          [
            -64.183492,
            -31.432724
          ],
          [
            -64.183489,
            -31.432677
          ],
          [
            -64.183495,
            -31.43262
          ],
          [
            -64.183511,
            -31.432569
          ],
          [
            -64.183535,
            -31.432501
          ],
          [
            -64.183559,
            -31.432455
          ],
          [
            -64.18359,
            -31.43241
          ],
          [
            -64.183617,
            -31.432382
          ],
          [
            -64.183652,
            -31.432354
          ],
          [
            -64.183684,
            -31.432341
          ],
          [
            -64.183921,
            -31.432102
          ],
          [
            -64.184009,
            -31.431992
          ],
          [
            -64.184068,
            -31.431892
          ],
          [
            -64.184142,
            -31.431752
          ],
          [
            -64.184189,
            -31.431637
          ],
          [
            -64.184228,
            -31.431497
          ],
          [
            -64.184246,
            -31.431357
          ],
          [
            -64.18425,
            -31.431247
          ],
          [
            -64.184247,
            -31.431158
          ],
          [
            -64.184219,
            -31.431005
          ],
          [
            -64.184176,
            -31.430833
          ],
          [
            -64.184122,
            -31.430619
          ],
          [
            -64.184064,
            -31.430391
          ],
          [
            -64.184046,
            -31.430283
          ],
          [
            -64.184039,
            -31.43016
          ],
          [
            -64.184053,
            -31.430021
          ],
          [
            -64.184084,
            -31.42987
          ],
          [
            -64.184119,
            -31.429751
          ],
          [
            -64.18416,
            -31.429639
          ],
          [
            -64.184389,
            -31.429162
          ],
          [
            -64.184486,
            -31.42895
          ],
          [
            -64.184531,
            -31.428823
          ],
          [
            -64.184574,
            -31.428688
          ],
          [
            -64.184593,
            -31.428498
          ],
          [
            -64.184597,
            -31.428466
          ],
          [
            -64.184597,
            -31.428295
          ],
          [
            -64.184584,
            -31.428142
          ],
          [
            -64.184586,
            -31.428003
          ],
          [
            -64.184583,
            -31.42789
          ],
          [
            -64.184574,
            -31.42781
          ],
          [
            -64.184497,
            -31.427531
          ],
          [
            -64.184138,
            -31.426736
          ],
          [
            -64.183868,
            -31.42612
          ],
          [
            -64.183698,
            -31.425727
          ],
          [
            -64.18366,
            -31.425634
          ],
          [
            -64.183634,
            -31.425568
          ],
          [
            -64.183584,
            -31.425459
          ],
          [
            -64.183377,
            -31.424998
          ],
          [
            -64.183133,
            -31.424414
          ],
          [
            -64.182911,
            -31.423881
          ],
          [
            -64.182874,
            -31.423795
          ],
          [
            -64.182631,
            -31.423252
          ],
          [
            -64.182244,
            -31.42231
          ],
          [
            -64.182096,
            -31.421946
          ],
          [
            -64.182055,
            -31.421848
          ],
          [
            -64.183332,
            -31.421513
          ],
          [
            -64.183646,
            -31.421431
          ],
          [
            -64.184303,
            -31.421259
          ],
          [
            -64.184705,
            -31.421154
          ],
          [
            -64.186053,
            -31.420801
          ],
          [
            -64.186264,
            -31.420749
          ],
          [
            -64.187394,
            -31.420469
          ],
          [
            -64.187439,
            -31.420456
          ],
          [
            -64.187877,
            -31.420332
          ],
          [
            -64.188038,
            -31.420286
          ],
          [
            -64.188169,
            -31.420245
          ],
          [
            -64.188208,
            -31.420233
          ],
          [
            -64.188297,
            -31.420206
          ],
          [
            -64.188431,
            -31.42015
          ],
          [
            -64.188553,
            -31.4201
          ],
          [
            -64.188617,
            -31.420073
          ],
          [
            -64.188664,
            -31.420053
          ],
          [
            -64.188709,
            -31.420032
          ],
          [
            -64.188708,
            -31.420086
          ],
          [
            -64.188709,
            -31.420103
          ]
        ]
      }
    },
    {
      "type": "Feature",
      "id": "route-cordoba-2026-08-30-v3-07",
      "properties": {
        "truckId": "vehicle-07",
        "waypointDistancesKm": [
          0,
          1.9433767247940925,
          5.564388605171645,
          5.791390484599314,
          6.2483479422038135,
          11.579856885796158,
          11.968495938952648,
          23.066341414295728
        ]
      },
      "geometry": {
        "type": "LineString",
        "coordinates": [
          [
            -64.188709,
            -31.420109
          ],
          [
            -64.18871,
            -31.420127
          ],
          [
            -64.188717,
            -31.420178
          ],
          [
            -64.188727,
            -31.42023
          ],
          [
            -64.188737,
            -31.420284
          ],
          [
            -64.188734,
            -31.420338
          ],
          [
            -64.188686,
            -31.420476
          ],
          [
            -64.188614,
            -31.420637
          ],
          [
            -64.188602,
            -31.420666
          ],
          [
            -64.188216,
            -31.421509
          ],
          [
            -64.188008,
            -31.421909
          ],
          [
            -64.187455,
            -31.423057
          ],
          [
            -64.187282,
            -31.423421
          ],
          [
            -64.187225,
            -31.42354
          ],
          [
            -64.187285,
            -31.423692
          ],
          [
            -64.187532,
            -31.424318
          ],
          [
            -64.18803,
            -31.425456
          ],
          [
            -64.188043,
            -31.425489
          ],
          [
            -64.189352,
            -31.425077
          ],
          [
            -64.190706,
            -31.424648
          ],
          [
            -64.191078,
            -31.425517
          ],
          [
            -64.191219,
            -31.425847
          ],
          [
            -64.191496,
            -31.426511
          ],
          [
            -64.191991,
            -31.427764
          ],
          [
            -64.192414,
            -31.428765
          ],
          [
            -64.192497,
            -31.428947
          ],
          [
            -64.192619,
            -31.429233
          ],
          [
            -64.19298,
            -31.430111
          ],
          [
            -64.193092,
            -31.430379
          ],
          [
            -64.193856,
            -31.430138
          ],
          [
            -64.193381,
            -31.429011
          ],
          [
            -64.1929,
            -31.42784
          ],
          [
            -64.192867,
            -31.42776
          ],
          [
            -64.192419,
            -31.426684
          ],
          [
            -64.192241,
            -31.42627
          ],
          [
            -64.192925,
            -31.426075
          ],
          [
            -64.194044,
            -31.425728
          ],
          [
            -64.194091,
            -31.425714
          ],
          [
            -64.194251,
            -31.425668
          ],
          [
            -64.194324,
            -31.425646
          ],
          [
            -64.194347,
            -31.425638
          ],
          [
            -64.194891,
            -31.42545
          ],
          [
            -64.195089,
            -31.425942
          ],
          [
            -64.194506,
            -31.426099
          ],
          [
            -64.194523,
            -31.426142
          ],
          [
            -64.194526,
            -31.42615
          ],
          [
            -64.194601,
            -31.426349
          ],
          [
            -64.194737,
            -31.426671
          ],
          [
            -64.194821,
            -31.426884
          ],
          [
            -64.194834,
            -31.426914
          ],
          [
            -64.194872,
            -31.427
          ],
          [
            -64.194924,
            -31.427119
          ],
          [
            -64.194932,
            -31.427138
          ],
          [
            -64.195152,
            -31.4276
          ],
          [
            -64.195204,
            -31.427683
          ],
          [
            -64.195251,
            -31.42774
          ],
          [
            -64.195305,
            -31.427805
          ],
          [
            -64.19541,
            -31.427897
          ],
          [
            -64.195498,
            -31.427967
          ],
          [
            -64.19614,
            -31.428382
          ],
          [
            -64.196265,
            -31.428465
          ],
          [
            -64.196539,
            -31.428652
          ],
          [
            -64.196629,
            -31.428722
          ],
          [
            -64.196935,
            -31.429001
          ],
          [
            -64.197075,
            -31.429137
          ],
          [
            -64.197196,
            -31.429264
          ],
          [
            -64.197784,
            -31.429899
          ],
          [
            -64.197871,
            -31.429989
          ],
          [
            -64.198034,
            -31.43015
          ],
          [
            -64.198077,
            -31.430196
          ],
          [
            -64.198101,
            -31.430238
          ],
          [
            -64.198134,
            -31.430307
          ],
          [
            -64.19829,
            -31.430768
          ],
          [
            -64.198349,
            -31.430935
          ],
          [
            -64.198402,
            -31.431058
          ],
          [
            -64.198483,
            -31.431203
          ],
          [
            -64.198534,
            -31.431278
          ],
          [
            -64.198583,
            -31.431335
          ],
          [
            -64.198659,
            -31.431396
          ],
          [
            -64.198761,
            -31.431446
          ],
          [
            -64.198866,
            -31.431488
          ],
          [
            -64.198997,
            -31.431528
          ],
          [
            -64.199125,
            -31.431558
          ],
          [
            -64.199746,
            -31.431662
          ],
          [
            -64.199876,
            -31.431681
          ],
          [
            -64.200222,
            -31.431729
          ],
          [
            -64.200505,
            -31.431788
          ],
          [
            -64.200603,
            -31.431832
          ],
          [
            -64.200684,
            -31.431881
          ],
          [
            -64.200756,
            -31.431967
          ],
          [
            -64.200808,
            -31.432042
          ],
          [
            -64.200834,
            -31.432094
          ],
          [
            -64.200895,
            -31.432257
          ],
          [
            -64.200908,
            -31.43233
          ],
          [
            -64.200907,
            -31.432378
          ],
          [
            -64.200873,
            -31.432773
          ],
          [
            -64.200871,
            -31.432855
          ],
          [
            -64.200881,
            -31.432937
          ],
          [
            -64.200986,
            -31.433355
          ],
          [
            -64.201066,
            -31.433645
          ],
          [
            -64.201099,
            -31.433745
          ],
          [
            -64.201132,
            -31.433807
          ],
          [
            -64.201459,
            -31.434198
          ],
          [
            -64.201474,
            -31.434216
          ],
          [
            -64.201556,
            -31.434287
          ],
          [
            -64.20162,
            -31.434331
          ],
          [
            -64.202098,
            -31.434612
          ],
          [
            -64.202624,
            -31.434871
          ],
          [
            -64.20276,
            -31.434918
          ],
          [
            -64.202836,
            -31.434929
          ],
          [
            -64.202912,
            -31.434931
          ],
          [
            -64.203247,
            -31.434883
          ],
          [
            -64.203257,
            -31.434923
          ],
          [
            -64.203276,
            -31.434996
          ],
          [
            -64.203298,
            -31.435081
          ],
          [
            -64.203306,
            -31.435115
          ],
          [
            -64.203453,
            -31.43574
          ],
          [
            -64.203601,
            -31.436293
          ],
          [
            -64.203643,
            -31.436434
          ],
          [
            -64.203739,
            -31.43647
          ],
          [
            -64.203801,
            -31.436484
          ],
          [
            -64.203972,
            -31.436499
          ],
          [
            -64.204752,
            -31.436583
          ],
          [
            -64.204959,
            -31.436597
          ],
          [
            -64.205089,
            -31.436622
          ],
          [
            -64.205216,
            -31.436659
          ],
          [
            -64.205491,
            -31.436752
          ],
          [
            -64.20572,
            -31.436849
          ],
          [
            -64.205886,
            -31.436928
          ],
          [
            -64.206539,
            -31.43739
          ],
          [
            -64.206573,
            -31.437433
          ],
          [
            -64.206598,
            -31.437487
          ],
          [
            -64.206714,
            -31.43792
          ],
          [
            -64.206737,
            -31.437985
          ],
          [
            -64.206782,
            -31.438038
          ],
          [
            -64.207464,
            -31.438735
          ],
          [
            -64.207503,
            -31.438791
          ],
          [
            -64.207531,
            -31.438837
          ],
          [
            -64.207819,
            -31.439779
          ],
          [
            -64.207986,
            -31.440354
          ],
          [
            -64.208169,
            -31.441
          ],
          [
            -64.208335,
            -31.441608
          ],
          [
            -64.208503,
            -31.442209
          ],
          [
            -64.208671,
            -31.44281
          ],
          [
            -64.208837,
            -31.443405
          ],
          [
            -64.208847,
            -31.443439
          ],
          [
            -64.209013,
            -31.444036
          ],
          [
            -64.210785,
            -31.443684
          ],
          [
            -64.212411,
            -31.443396
          ],
          [
            -64.212481,
            -31.443726
          ],
          [
            -64.212495,
            -31.443826
          ],
          [
            -64.212494,
            -31.443932
          ],
          [
            -64.212487,
            -31.444
          ],
          [
            -64.212462,
            -31.444265
          ],
          [
            -64.212455,
            -31.444316
          ],
          [
            -64.212607,
            -31.444439
          ],
          [
            -64.212728,
            -31.444566
          ],
          [
            -64.212789,
            -31.444614
          ],
          [
            -64.21288,
            -31.444639
          ],
          [
            -64.213147,
            -31.444652
          ],
          [
            -64.21315,
            -31.444372
          ],
          [
            -64.213174,
            -31.444332
          ],
          [
            -64.213298,
            -31.443974
          ],
          [
            -64.213316,
            -31.44395
          ],
          [
            -64.213358,
            -31.443918
          ],
          [
            -64.21362,
            -31.443881
          ],
          [
            -64.214048,
            -31.44382
          ],
          [
            -64.214017,
            -31.443731
          ],
          [
            -64.213901,
            -31.443104
          ],
          [
            -64.214478,
            -31.442991
          ],
          [
            -64.21459,
            -31.442969
          ],
          [
            -64.215151,
            -31.44286
          ],
          [
            -64.21529,
            -31.443411
          ],
          [
            -64.21543,
            -31.443971
          ],
          [
            -64.215563,
            -31.444506
          ],
          [
            -64.215296,
            -31.444562
          ],
          [
            -64.214995,
            -31.444624
          ],
          [
            -64.214906,
            -31.444642
          ],
          [
            -64.214917,
            -31.44469
          ],
          [
            -64.214975,
            -31.444938
          ],
          [
            -64.215029,
            -31.445087
          ],
          [
            -64.215035,
            -31.445123
          ],
          [
            -64.215039,
            -31.445179
          ],
          [
            -64.21504,
            -31.445229
          ],
          [
            -64.215041,
            -31.44529
          ],
          [
            -64.215045,
            -31.445335
          ],
          [
            -64.215045,
            -31.445346
          ],
          [
            -64.215048,
            -31.445385
          ],
          [
            -64.215115,
            -31.445538
          ],
          [
            -64.215142,
            -31.445589
          ],
          [
            -64.215153,
            -31.445644
          ],
          [
            -64.21525,
            -31.445878
          ],
          [
            -64.21526,
            -31.445901
          ],
          [
            -64.215265,
            -31.445912
          ],
          [
            -64.215273,
            -31.445927
          ],
          [
            -64.215325,
            -31.446065
          ],
          [
            -64.215343,
            -31.446092
          ],
          [
            -64.215374,
            -31.446143
          ],
          [
            -64.215384,
            -31.446164
          ],
          [
            -64.215412,
            -31.446188
          ],
          [
            -64.215442,
            -31.446216
          ],
          [
            -64.215461,
            -31.446228
          ],
          [
            -64.215486,
            -31.446244
          ],
          [
            -64.215503,
            -31.446258
          ],
          [
            -64.215518,
            -31.446274
          ],
          [
            -64.215528,
            -31.446294
          ],
          [
            -64.215537,
            -31.44633
          ],
          [
            -64.215547,
            -31.446412
          ],
          [
            -64.215548,
            -31.446417
          ],
          [
            -64.215594,
            -31.446674
          ],
          [
            -64.215645,
            -31.446864
          ],
          [
            -64.215786,
            -31.447404
          ],
          [
            -64.215912,
            -31.447862
          ],
          [
            -64.215942,
            -31.447969
          ],
          [
            -64.216084,
            -31.448502
          ],
          [
            -64.216232,
            -31.449039
          ],
          [
            -64.216376,
            -31.449582
          ],
          [
            -64.216522,
            -31.450126
          ],
          [
            -64.216676,
            -31.45067
          ],
          [
            -64.217251,
            -31.452677
          ],
          [
            -64.217428,
            -31.453302
          ],
          [
            -64.217452,
            -31.453382
          ],
          [
            -64.217605,
            -31.453976
          ],
          [
            -64.217981,
            -31.455366
          ],
          [
            -64.218336,
            -31.456552
          ],
          [
            -64.218358,
            -31.456624
          ],
          [
            -64.218394,
            -31.456745
          ],
          [
            -64.218442,
            -31.45694
          ],
          [
            -64.218535,
            -31.45731
          ],
          [
            -64.218667,
            -31.457893
          ],
          [
            -64.218806,
            -31.458468
          ],
          [
            -64.218908,
            -31.458858
          ],
          [
            -64.218933,
            -31.458948
          ],
          [
            -64.219101,
            -31.459545
          ],
          [
            -64.219437,
            -31.460809
          ],
          [
            -64.219537,
            -31.461191
          ],
          [
            -64.219606,
            -31.461368
          ],
          [
            -64.219626,
            -31.461426
          ],
          [
            -64.219635,
            -31.461512
          ],
          [
            -64.219624,
            -31.461594
          ],
          [
            -64.219575,
            -31.461686
          ],
          [
            -64.219525,
            -31.46177
          ],
          [
            -64.219493,
            -31.461846
          ],
          [
            -64.21949,
            -31.461927
          ],
          [
            -64.219513,
            -31.462039
          ],
          [
            -64.219551,
            -31.462083
          ],
          [
            -64.219583,
            -31.462128
          ],
          [
            -64.219679,
            -31.462282
          ],
          [
            -64.21973,
            -31.462358
          ],
          [
            -64.219791,
            -31.462437
          ],
          [
            -64.219861,
            -31.46251
          ],
          [
            -64.219963,
            -31.462605
          ],
          [
            -64.220075,
            -31.462703
          ],
          [
            -64.220206,
            -31.462818
          ],
          [
            -64.220313,
            -31.462921
          ],
          [
            -64.220414,
            -31.463024
          ],
          [
            -64.220513,
            -31.463128
          ],
          [
            -64.220725,
            -31.463368
          ],
          [
            -64.22086,
            -31.46353
          ],
          [
            -64.220996,
            -31.463739
          ],
          [
            -64.221127,
            -31.463908
          ],
          [
            -64.221226,
            -31.464028
          ],
          [
            -64.221276,
            -31.464088
          ],
          [
            -64.221531,
            -31.464388
          ],
          [
            -64.221622,
            -31.464491
          ],
          [
            -64.221751,
            -31.464636
          ],
          [
            -64.221896,
            -31.464791
          ],
          [
            -64.222129,
            -31.465029
          ],
          [
            -64.222233,
            -31.465133
          ],
          [
            -64.222358,
            -31.465251
          ],
          [
            -64.222498,
            -31.465376
          ],
          [
            -64.222737,
            -31.465584
          ],
          [
            -64.222981,
            -31.465784
          ],
          [
            -64.223277,
            -31.466034
          ],
          [
            -64.223499,
            -31.466211
          ],
          [
            -64.223684,
            -31.466362
          ],
          [
            -64.22387,
            -31.466518
          ],
          [
            -64.224054,
            -31.466678
          ],
          [
            -64.224239,
            -31.46684
          ],
          [
            -64.224426,
            -31.467002
          ],
          [
            -64.224767,
            -31.467303
          ],
          [
            -64.225271,
            -31.467728
          ],
          [
            -64.22666,
            -31.468898
          ],
          [
            -64.22724,
            -31.469383
          ],
          [
            -64.227881,
            -31.469981
          ],
          [
            -64.228514,
            -31.470518
          ],
          [
            -64.228725,
            -31.470705
          ],
          [
            -64.22881,
            -31.470782
          ],
          [
            -64.229643,
            -31.471489
          ],
          [
            -64.230098,
            -31.471887
          ],
          [
            -64.231138,
            -31.472742
          ],
          [
            -64.231241,
            -31.472827
          ],
          [
            -64.231555,
            -31.472805
          ],
          [
            -64.231624,
            -31.472798
          ],
          [
            -64.233237,
            -31.472773
          ],
          [
            -64.234768,
            -31.472751
          ],
          [
            -64.236349,
            -31.472726
          ],
          [
            -64.237471,
            -31.472711
          ],
          [
            -64.237895,
            -31.472703
          ],
          [
            -64.238023,
            -31.472692
          ],
          [
            -64.238073,
            -31.472678
          ],
          [
            -64.238114,
            -31.472657
          ],
          [
            -64.238135,
            -31.47264
          ],
          [
            -64.238213,
            -31.472563
          ],
          [
            -64.238234,
            -31.472523
          ],
          [
            -64.238263,
            -31.472483
          ],
          [
            -64.238385,
            -31.472394
          ],
          [
            -64.238483,
            -31.472357
          ],
          [
            -64.238628,
            -31.472344
          ],
          [
            -64.238733,
            -31.472358
          ],
          [
            -64.238825,
            -31.472396
          ],
          [
            -64.238863,
            -31.472412
          ],
          [
            -64.238965,
            -31.4725
          ],
          [
            -64.238999,
            -31.472544
          ],
          [
            -64.239037,
            -31.472641
          ],
          [
            -64.239043,
            -31.47274
          ],
          [
            -64.239007,
            -31.472865
          ],
          [
            -64.238983,
            -31.472909
          ],
          [
            -64.239005,
            -31.472965
          ],
          [
            -64.239028,
            -31.472999
          ],
          [
            -64.239073,
            -31.473053
          ],
          [
            -64.240398,
            -31.474138
          ],
          [
            -64.241023,
            -31.47465
          ],
          [
            -64.241506,
            -31.475047
          ],
          [
            -64.241961,
            -31.475419
          ],
          [
            -64.242433,
            -31.47581
          ],
          [
            -64.242926,
            -31.476216
          ],
          [
            -64.243376,
            -31.475822
          ],
          [
            -64.243541,
            -31.475681
          ],
          [
            -64.243583,
            -31.475668
          ],
          [
            -64.243638,
            -31.475659
          ],
          [
            -64.243716,
            -31.475658
          ],
          [
            -64.244301,
            -31.475647
          ],
          [
            -64.244966,
            -31.475636
          ],
          [
            -64.244989,
            -31.476639
          ],
          [
            -64.244997,
            -31.477018
          ],
          [
            -64.244987,
            -31.477137
          ],
          [
            -64.245305,
            -31.477385
          ],
          [
            -64.245543,
            -31.477577
          ],
          [
            -64.245713,
            -31.477395
          ],
          [
            -64.245773,
            -31.47735
          ],
          [
            -64.245812,
            -31.477333
          ],
          [
            -64.245854,
            -31.477328
          ],
          [
            -64.24633,
            -31.47732
          ],
          [
            -64.246612,
            -31.477314
          ],
          [
            -64.247267,
            -31.477302
          ],
          [
            -64.24725,
            -31.476532
          ],
          [
            -64.24723,
            -31.475607
          ],
          [
            -64.246288,
            -31.475612
          ],
          [
            -64.245619,
            -31.475624
          ],
          [
            -64.244966,
            -31.475636
          ],
          [
            -64.244301,
            -31.475647
          ],
          [
            -64.243716,
            -31.475658
          ],
          [
            -64.243638,
            -31.475659
          ],
          [
            -64.243583,
            -31.475668
          ],
          [
            -64.243541,
            -31.475681
          ],
          [
            -64.243376,
            -31.475822
          ],
          [
            -64.242926,
            -31.476216
          ],
          [
            -64.242433,
            -31.47581
          ],
          [
            -64.241961,
            -31.475419
          ],
          [
            -64.241506,
            -31.475047
          ],
          [
            -64.241023,
            -31.47465
          ],
          [
            -64.240398,
            -31.474138
          ],
          [
            -64.239073,
            -31.473053
          ],
          [
            -64.238989,
            -31.473009
          ],
          [
            -64.238963,
            -31.473002
          ],
          [
            -64.238929,
            -31.472998
          ],
          [
            -64.238887,
            -31.472996
          ],
          [
            -64.23883,
            -31.473035
          ],
          [
            -64.23872,
            -31.473074
          ],
          [
            -64.238602,
            -31.473087
          ],
          [
            -64.238484,
            -31.473071
          ],
          [
            -64.238463,
            -31.473063
          ],
          [
            -64.238376,
            -31.473029
          ],
          [
            -64.238349,
            -31.473013
          ],
          [
            -64.238291,
            -31.472974
          ],
          [
            -64.238241,
            -31.47292
          ],
          [
            -64.23822,
            -31.472885
          ],
          [
            -64.238181,
            -31.472794
          ],
          [
            -64.238134,
            -31.472763
          ],
          [
            -64.238093,
            -31.472746
          ],
          [
            -64.238065,
            -31.472735
          ],
          [
            -64.23799,
            -31.472713
          ],
          [
            -64.237895,
            -31.472703
          ],
          [
            -64.237471,
            -31.472711
          ],
          [
            -64.236349,
            -31.472726
          ],
          [
            -64.234768,
            -31.472751
          ],
          [
            -64.233237,
            -31.472773
          ],
          [
            -64.231624,
            -31.472798
          ],
          [
            -64.231555,
            -31.472805
          ],
          [
            -64.231241,
            -31.472827
          ],
          [
            -64.23111,
            -31.472837
          ],
          [
            -64.231009,
            -31.472752
          ],
          [
            -64.23094,
            -31.472693
          ],
          [
            -64.229644,
            -31.471595
          ],
          [
            -64.228843,
            -31.470927
          ],
          [
            -64.22856,
            -31.470685
          ],
          [
            -64.227806,
            -31.470027
          ],
          [
            -64.227232,
            -31.469503
          ],
          [
            -64.225804,
            -31.468311
          ],
          [
            -64.225219,
            -31.467815
          ],
          [
            -64.224679,
            -31.467358
          ],
          [
            -64.224343,
            -31.467077
          ],
          [
            -64.224143,
            -31.466923
          ],
          [
            -64.223931,
            -31.466763
          ],
          [
            -64.22376,
            -31.466636
          ],
          [
            -64.223549,
            -31.466482
          ],
          [
            -64.223348,
            -31.466333
          ],
          [
            -64.223137,
            -31.466173
          ],
          [
            -64.222727,
            -31.465836
          ],
          [
            -64.222551,
            -31.465686
          ],
          [
            -64.222384,
            -31.465537
          ],
          [
            -64.222217,
            -31.465379
          ],
          [
            -64.222088,
            -31.465246
          ],
          [
            -64.221812,
            -31.46494
          ],
          [
            -64.221628,
            -31.464742
          ],
          [
            -64.221444,
            -31.464539
          ],
          [
            -64.221239,
            -31.46431
          ],
          [
            -64.220829,
            -31.463817
          ],
          [
            -64.220686,
            -31.463608
          ],
          [
            -64.220618,
            -31.463509
          ],
          [
            -64.220446,
            -31.463317
          ],
          [
            -64.220284,
            -31.46315
          ],
          [
            -64.220166,
            -31.463038
          ],
          [
            -64.220026,
            -31.462916
          ],
          [
            -64.219877,
            -31.462792
          ],
          [
            -64.21979,
            -31.462735
          ],
          [
            -64.219706,
            -31.462691
          ],
          [
            -64.219623,
            -31.46266
          ],
          [
            -64.219549,
            -31.462638
          ],
          [
            -64.219439,
            -31.46261
          ],
          [
            -64.219341,
            -31.462594
          ],
          [
            -64.219242,
            -31.462582
          ],
          [
            -64.219141,
            -31.462561
          ],
          [
            -64.219049,
            -31.462535
          ],
          [
            -64.21897,
            -31.462507
          ],
          [
            -64.218882,
            -31.46247
          ],
          [
            -64.21881,
            -31.462428
          ],
          [
            -64.218742,
            -31.462384
          ],
          [
            -64.218662,
            -31.462329
          ],
          [
            -64.218557,
            -31.462234
          ],
          [
            -64.218459,
            -31.46213
          ],
          [
            -64.218439,
            -31.462106
          ],
          [
            -64.218387,
            -31.462031
          ],
          [
            -64.218339,
            -31.461961
          ],
          [
            -64.218279,
            -31.461879
          ],
          [
            -64.218204,
            -31.461786
          ],
          [
            -64.218117,
            -31.461696
          ],
          [
            -64.218031,
            -31.461629
          ],
          [
            -64.217926,
            -31.461554
          ],
          [
            -64.217819,
            -31.461484
          ],
          [
            -64.217233,
            -31.461119
          ],
          [
            -64.216953,
            -31.460924
          ],
          [
            -64.216612,
            -31.460665
          ],
          [
            -64.216057,
            -31.460186
          ],
          [
            -64.215521,
            -31.459713
          ],
          [
            -64.215412,
            -31.459617
          ],
          [
            -64.215356,
            -31.459574
          ],
          [
            -64.215271,
            -31.459511
          ],
          [
            -64.215119,
            -31.459419
          ],
          [
            -64.215008,
            -31.459359
          ],
          [
            -64.214891,
            -31.459311
          ],
          [
            -64.214605,
            -31.459216
          ],
          [
            -64.213539,
            -31.458862
          ],
          [
            -64.213434,
            -31.458827
          ],
          [
            -64.213332,
            -31.458793
          ],
          [
            -64.212805,
            -31.458618
          ],
          [
            -64.21164,
            -31.458231
          ],
          [
            -64.211572,
            -31.458208
          ],
          [
            -64.211488,
            -31.45818
          ],
          [
            -64.210354,
            -31.457809
          ],
          [
            -64.210246,
            -31.457774
          ],
          [
            -64.210145,
            -31.457738
          ],
          [
            -64.209221,
            -31.45742
          ],
          [
            -64.209143,
            -31.457384
          ],
          [
            -64.209086,
            -31.457347
          ],
          [
            -64.209033,
            -31.45731
          ],
          [
            -64.208969,
            -31.457256
          ],
          [
            -64.208918,
            -31.4572
          ],
          [
            -64.20889,
            -31.457153
          ],
          [
            -64.208859,
            -31.4571
          ],
          [
            -64.208826,
            -31.457028
          ],
          [
            -64.208798,
            -31.456953
          ],
          [
            -64.208397,
            -31.455644
          ],
          [
            -64.208351,
            -31.455534
          ],
          [
            -64.208308,
            -31.455444
          ],
          [
            -64.208249,
            -31.455345
          ],
          [
            -64.208212,
            -31.455287
          ],
          [
            -64.20815,
            -31.455211
          ],
          [
            -64.208081,
            -31.455138
          ],
          [
            -64.208,
            -31.455064
          ],
          [
            -64.207916,
            -31.455001
          ],
          [
            -64.207743,
            -31.454871
          ],
          [
            -64.207428,
            -31.454637
          ],
          [
            -64.205146,
            -31.452945
          ],
          [
            -64.204278,
            -31.45232
          ],
          [
            -64.203233,
            -31.451595
          ],
          [
            -64.20307,
            -31.451483
          ],
          [
            -64.202859,
            -31.451349
          ],
          [
            -64.202754,
            -31.451289
          ],
          [
            -64.202641,
            -31.451232
          ],
          [
            -64.202529,
            -31.451189
          ],
          [
            -64.202381,
            -31.451146
          ],
          [
            -64.202191,
            -31.451102
          ],
          [
            -64.201883,
            -31.451031
          ],
          [
            -64.201253,
            -31.450862
          ],
          [
            -64.201196,
            -31.450848
          ],
          [
            -64.201139,
            -31.450834
          ],
          [
            -64.201094,
            -31.450827
          ],
          [
            -64.201064,
            -31.450822
          ],
          [
            -64.200992,
            -31.450818
          ],
          [
            -64.200935,
            -31.450822
          ],
          [
            -64.200882,
            -31.45083
          ],
          [
            -64.200816,
            -31.450844
          ],
          [
            -64.200729,
            -31.450869
          ],
          [
            -64.200605,
            -31.450914
          ],
          [
            -64.200575,
            -31.45094
          ],
          [
            -64.200529,
            -31.450969
          ],
          [
            -64.200478,
            -31.450989
          ],
          [
            -64.200422,
            -31.451
          ],
          [
            -64.200365,
            -31.451001
          ],
          [
            -64.200309,
            -31.450992
          ],
          [
            -64.200256,
            -31.450973
          ],
          [
            -64.200209,
            -31.450945
          ],
          [
            -64.20017,
            -31.45091
          ],
          [
            -64.200137,
            -31.450873
          ],
          [
            -64.20012,
            -31.450822
          ],
          [
            -64.2001,
            -31.450784
          ],
          [
            -64.200052,
            -31.450692
          ],
          [
            -64.19994,
            -31.450386
          ],
          [
            -64.199543,
            -31.449274
          ],
          [
            -64.199387,
            -31.448816
          ],
          [
            -64.199186,
            -31.448231
          ],
          [
            -64.198872,
            -31.447263
          ],
          [
            -64.198535,
            -31.446271
          ],
          [
            -64.198151,
            -31.445121
          ],
          [
            -64.198093,
            -31.445084
          ],
          [
            -64.19806,
            -31.445051
          ],
          [
            -64.198037,
            -31.444998
          ],
          [
            -64.197714,
            -31.444171
          ],
          [
            -64.197691,
            -31.444142
          ],
          [
            -64.197648,
            -31.44412
          ],
          [
            -64.194587,
            -31.443751
          ],
          [
            -64.194455,
            -31.443736
          ],
          [
            -64.193447,
            -31.443617
          ],
          [
            -64.193473,
            -31.443467
          ],
          [
            -64.193484,
            -31.443422
          ],
          [
            -64.193522,
            -31.44331
          ],
          [
            -64.192111,
            -31.443148
          ],
          [
            -64.191982,
            -31.443132
          ],
          [
            -64.190327,
            -31.442935
          ],
          [
            -64.189985,
            -31.442894
          ],
          [
            -64.188131,
            -31.442674
          ],
          [
            -64.187811,
            -31.442636
          ],
          [
            -64.187592,
            -31.442611
          ],
          [
            -64.18725,
            -31.442552
          ],
          [
            -64.187161,
            -31.442529
          ],
          [
            -64.18709,
            -31.442517
          ],
          [
            -64.187025,
            -31.442511
          ],
          [
            -64.186965,
            -31.442509
          ],
          [
            -64.186815,
            -31.442508
          ],
          [
            -64.186773,
            -31.442523
          ],
          [
            -64.186728,
            -31.442528
          ],
          [
            -64.186682,
            -31.442525
          ],
          [
            -64.186639,
            -31.442513
          ],
          [
            -64.1866,
            -31.442493
          ],
          [
            -64.183781,
            -31.442188
          ],
          [
            -64.18331,
            -31.442142
          ],
          [
            -64.183161,
            -31.442095
          ],
          [
            -64.18305,
            -31.442049
          ],
          [
            -64.182925,
            -31.441983
          ],
          [
            -64.182823,
            -31.441922
          ],
          [
            -64.182759,
            -31.441875
          ],
          [
            -64.182744,
            -31.441863
          ],
          [
            -64.18268,
            -31.44181
          ],
          [
            -64.182616,
            -31.44174
          ],
          [
            -64.182493,
            -31.441538
          ],
          [
            -64.182419,
            -31.441361
          ],
          [
            -64.182372,
            -31.441239
          ],
          [
            -64.182307,
            -31.441066
          ],
          [
            -64.181883,
            -31.440088
          ],
          [
            -64.181799,
            -31.439882
          ],
          [
            -64.181756,
            -31.439783
          ],
          [
            -64.181702,
            -31.439672
          ],
          [
            -64.181515,
            -31.439229
          ],
          [
            -64.181388,
            -31.438911
          ],
          [
            -64.181373,
            -31.438876
          ],
          [
            -64.181346,
            -31.438808
          ],
          [
            -64.181111,
            -31.438223
          ],
          [
            -64.181086,
            -31.438079
          ],
          [
            -64.181078,
            -31.437994
          ],
          [
            -64.181075,
            -31.437909
          ],
          [
            -64.181076,
            -31.437816
          ],
          [
            -64.181084,
            -31.437645
          ],
          [
            -64.181107,
            -31.437522
          ],
          [
            -64.181125,
            -31.437454
          ],
          [
            -64.181151,
            -31.437375
          ],
          [
            -64.181183,
            -31.437304
          ],
          [
            -64.181227,
            -31.437215
          ],
          [
            -64.182275,
            -31.435222
          ],
          [
            -64.183347,
            -31.433231
          ],
          [
            -64.183391,
            -31.43313
          ],
          [
            -64.183416,
            -31.433064
          ],
          [
            -64.183433,
            -31.432979
          ],
          [
            -64.183464,
            -31.432825
          ],
          [
            -64.183492,
            -31.432724
          ],
          [
            -64.183489,
            -31.432677
          ],
          [
            -64.183495,
            -31.43262
          ],
          [
            -64.183511,
            -31.432569
          ],
          [
            -64.183535,
            -31.432501
          ],
          [
            -64.183559,
            -31.432455
          ],
          [
            -64.18359,
            -31.43241
          ],
          [
            -64.183617,
            -31.432382
          ],
          [
            -64.183652,
            -31.432354
          ],
          [
            -64.183684,
            -31.432341
          ],
          [
            -64.183921,
            -31.432102
          ],
          [
            -64.184009,
            -31.431992
          ],
          [
            -64.184068,
            -31.431892
          ],
          [
            -64.184142,
            -31.431752
          ],
          [
            -64.184189,
            -31.431637
          ],
          [
            -64.184228,
            -31.431497
          ],
          [
            -64.184246,
            -31.431357
          ],
          [
            -64.18425,
            -31.431247
          ],
          [
            -64.184247,
            -31.431158
          ],
          [
            -64.184219,
            -31.431005
          ],
          [
            -64.184176,
            -31.430833
          ],
          [
            -64.184122,
            -31.430619
          ],
          [
            -64.184064,
            -31.430391
          ],
          [
            -64.184046,
            -31.430283
          ],
          [
            -64.184039,
            -31.43016
          ],
          [
            -64.184053,
            -31.430021
          ],
          [
            -64.184084,
            -31.42987
          ],
          [
            -64.184119,
            -31.429751
          ],
          [
            -64.18416,
            -31.429639
          ],
          [
            -64.184389,
            -31.429162
          ],
          [
            -64.184486,
            -31.42895
          ],
          [
            -64.184531,
            -31.428823
          ],
          [
            -64.184574,
            -31.428688
          ],
          [
            -64.184593,
            -31.428498
          ],
          [
            -64.184597,
            -31.428466
          ],
          [
            -64.184597,
            -31.428295
          ],
          [
            -64.184584,
            -31.428142
          ],
          [
            -64.184586,
            -31.428003
          ],
          [
            -64.184583,
            -31.42789
          ],
          [
            -64.184574,
            -31.42781
          ],
          [
            -64.184497,
            -31.427531
          ],
          [
            -64.184138,
            -31.426736
          ],
          [
            -64.183868,
            -31.42612
          ],
          [
            -64.183698,
            -31.425727
          ],
          [
            -64.18366,
            -31.425634
          ],
          [
            -64.183634,
            -31.425568
          ],
          [
            -64.183584,
            -31.425459
          ],
          [
            -64.183377,
            -31.424998
          ],
          [
            -64.183133,
            -31.424414
          ],
          [
            -64.182911,
            -31.423881
          ],
          [
            -64.182874,
            -31.423795
          ],
          [
            -64.182631,
            -31.423252
          ],
          [
            -64.182244,
            -31.42231
          ],
          [
            -64.182096,
            -31.421946
          ],
          [
            -64.182055,
            -31.421848
          ],
          [
            -64.183332,
            -31.421513
          ],
          [
            -64.183646,
            -31.421431
          ],
          [
            -64.184303,
            -31.421259
          ],
          [
            -64.184705,
            -31.421154
          ],
          [
            -64.186053,
            -31.420801
          ],
          [
            -64.186264,
            -31.420749
          ],
          [
            -64.187394,
            -31.420469
          ],
          [
            -64.187439,
            -31.420456
          ],
          [
            -64.187877,
            -31.420332
          ],
          [
            -64.188038,
            -31.420286
          ],
          [
            -64.188169,
            -31.420245
          ],
          [
            -64.188208,
            -31.420233
          ],
          [
            -64.188297,
            -31.420206
          ],
          [
            -64.188431,
            -31.42015
          ],
          [
            -64.188553,
            -31.4201
          ],
          [
            -64.188617,
            -31.420073
          ],
          [
            -64.188664,
            -31.420053
          ],
          [
            -64.188709,
            -31.420032
          ],
          [
            -64.188708,
            -31.420086
          ],
          [
            -64.188709,
            -31.420103
          ]
        ]
      }
    },
    {
      "type": "Feature",
      "id": "route-cordoba-2026-08-30-v3-08",
      "properties": {
        "truckId": "vehicle-08",
        "waypointDistancesKm": [
          0,
          2.901672126565161,
          3.7154124994475057,
          4.18830861520811,
          10.346356666819794,
          11.095226467418318,
          11.72760755265581,
          21.86889870544332
        ]
      },
      "geometry": {
        "type": "LineString",
        "coordinates": [
          [
            -64.188709,
            -31.420109
          ],
          [
            -64.18871,
            -31.420127
          ],
          [
            -64.188717,
            -31.420178
          ],
          [
            -64.188727,
            -31.42023
          ],
          [
            -64.188737,
            -31.420284
          ],
          [
            -64.188734,
            -31.420338
          ],
          [
            -64.188686,
            -31.420476
          ],
          [
            -64.188614,
            -31.420637
          ],
          [
            -64.188602,
            -31.420666
          ],
          [
            -64.188216,
            -31.421509
          ],
          [
            -64.188139,
            -31.421536
          ],
          [
            -64.187971,
            -31.421596
          ],
          [
            -64.187883,
            -31.421621
          ],
          [
            -64.186582,
            -31.422025
          ],
          [
            -64.185253,
            -31.422438
          ],
          [
            -64.184746,
            -31.421253
          ],
          [
            -64.184705,
            -31.421154
          ],
          [
            -64.186053,
            -31.420801
          ],
          [
            -64.186264,
            -31.420749
          ],
          [
            -64.187394,
            -31.420469
          ],
          [
            -64.187439,
            -31.420456
          ],
          [
            -64.187877,
            -31.420332
          ],
          [
            -64.188038,
            -31.420286
          ],
          [
            -64.188169,
            -31.420245
          ],
          [
            -64.188208,
            -31.420233
          ],
          [
            -64.188297,
            -31.420206
          ],
          [
            -64.188431,
            -31.42015
          ],
          [
            -64.188553,
            -31.4201
          ],
          [
            -64.188617,
            -31.420073
          ],
          [
            -64.188664,
            -31.420053
          ],
          [
            -64.188709,
            -31.420032
          ],
          [
            -64.188747,
            -31.420017
          ],
          [
            -64.188791,
            -31.420004
          ],
          [
            -64.188816,
            -31.419999
          ],
          [
            -64.188834,
            -31.419994
          ],
          [
            -64.188873,
            -31.419986
          ],
          [
            -64.188977,
            -31.419966
          ],
          [
            -64.18928,
            -31.419934
          ],
          [
            -64.189473,
            -31.419896
          ],
          [
            -64.189832,
            -31.419802
          ],
          [
            -64.189976,
            -31.419802
          ],
          [
            -64.190263,
            -31.419718
          ],
          [
            -64.191479,
            -31.419398
          ],
          [
            -64.19279,
            -31.419035
          ],
          [
            -64.194047,
            -31.418698
          ],
          [
            -64.195343,
            -31.418339
          ],
          [
            -64.195893,
            -31.418187
          ],
          [
            -64.196665,
            -31.417972
          ],
          [
            -64.197822,
            -31.417657
          ],
          [
            -64.197979,
            -31.417614
          ],
          [
            -64.198433,
            -31.417486
          ],
          [
            -64.198706,
            -31.4174
          ],
          [
            -64.199394,
            -31.417167
          ],
          [
            -64.199549,
            -31.41713
          ],
          [
            -64.200832,
            -31.416911
          ],
          [
            -64.201834,
            -31.416784
          ],
          [
            -64.202689,
            -31.416673
          ],
          [
            -64.203428,
            -31.416565
          ],
          [
            -64.203522,
            -31.416545
          ],
          [
            -64.203699,
            -31.416511
          ],
          [
            -64.204232,
            -31.416381
          ],
          [
            -64.205161,
            -31.416135
          ],
          [
            -64.205209,
            -31.416128
          ],
          [
            -64.205286,
            -31.416133
          ],
          [
            -64.205615,
            -31.41616
          ],
          [
            -64.205549,
            -31.416092
          ],
          [
            -64.204817,
            -31.415417
          ],
          [
            -64.205162,
            -31.415105
          ],
          [
            -64.205575,
            -31.415413
          ],
          [
            -64.205615,
            -31.415446
          ],
          [
            -64.205622,
            -31.415452
          ],
          [
            -64.205676,
            -31.415507
          ],
          [
            -64.205952,
            -31.415873
          ],
          [
            -64.206136,
            -31.416123
          ],
          [
            -64.206157,
            -31.416167
          ],
          [
            -64.206167,
            -31.416207
          ],
          [
            -64.206216,
            -31.416214
          ],
          [
            -64.206258,
            -31.416227
          ],
          [
            -64.206291,
            -31.416245
          ],
          [
            -64.206429,
            -31.416344
          ],
          [
            -64.206471,
            -31.416371
          ],
          [
            -64.207094,
            -31.416823
          ],
          [
            -64.207145,
            -31.416856
          ],
          [
            -64.207197,
            -31.416881
          ],
          [
            -64.207508,
            -31.416983
          ],
          [
            -64.207628,
            -31.417045
          ],
          [
            -64.207724,
            -31.41704
          ],
          [
            -64.208457,
            -31.416909
          ],
          [
            -64.209027,
            -31.416795
          ],
          [
            -64.210354,
            -31.416535
          ],
          [
            -64.211152,
            -31.416384
          ],
          [
            -64.211258,
            -31.416362
          ],
          [
            -64.211895,
            -31.416237
          ],
          [
            -64.212694,
            -31.416079
          ],
          [
            -64.21323,
            -31.415981
          ],
          [
            -64.213696,
            -31.415895
          ],
          [
            -64.213917,
            -31.416825
          ],
          [
            -64.214171,
            -31.417756
          ],
          [
            -64.214316,
            -31.4183
          ],
          [
            -64.214374,
            -31.418517
          ],
          [
            -64.214558,
            -31.419152
          ],
          [
            -64.214684,
            -31.419647
          ],
          [
            -64.214821,
            -31.42019
          ],
          [
            -64.215066,
            -31.42014
          ],
          [
            -64.215352,
            -31.420082
          ],
          [
            -64.215983,
            -31.419953
          ],
          [
            -64.216628,
            -31.41983
          ],
          [
            -64.21715,
            -31.419779
          ],
          [
            -64.217304,
            -31.419769
          ],
          [
            -64.217624,
            -31.41977
          ],
          [
            -64.218439,
            -31.419781
          ],
          [
            -64.219769,
            -31.419799
          ],
          [
            -64.220379,
            -31.419807
          ],
          [
            -64.221389,
            -31.419821
          ],
          [
            -64.221492,
            -31.419817
          ],
          [
            -64.221887,
            -31.419769
          ],
          [
            -64.221947,
            -31.419775
          ],
          [
            -64.222007,
            -31.419817
          ],
          [
            -64.222656,
            -31.419686
          ],
          [
            -64.223543,
            -31.419508
          ],
          [
            -64.224417,
            -31.419352
          ],
          [
            -64.224679,
            -31.419302
          ],
          [
            -64.225058,
            -31.41923
          ],
          [
            -64.226535,
            -31.418949
          ],
          [
            -64.22715,
            -31.418832
          ],
          [
            -64.228001,
            -31.418663
          ],
          [
            -64.228859,
            -31.418494
          ],
          [
            -64.229694,
            -31.418329
          ],
          [
            -64.230628,
            -31.418147
          ],
          [
            -64.231462,
            -31.417985
          ],
          [
            -64.232289,
            -31.417824
          ],
          [
            -64.232568,
            -31.418878
          ],
          [
            -64.232694,
            -31.419349
          ],
          [
            -64.23297,
            -31.420381
          ],
          [
            -64.233285,
            -31.421556
          ],
          [
            -64.233335,
            -31.421739
          ],
          [
            -64.233414,
            -31.422036
          ],
          [
            -64.233552,
            -31.422568
          ],
          [
            -64.233619,
            -31.422831
          ],
          [
            -64.233683,
            -31.423082
          ],
          [
            -64.233824,
            -31.423139
          ],
          [
            -64.233846,
            -31.423169
          ],
          [
            -64.234196,
            -31.424407
          ],
          [
            -64.234245,
            -31.424596
          ],
          [
            -64.234373,
            -31.425106
          ],
          [
            -64.234396,
            -31.425248
          ],
          [
            -64.234463,
            -31.425224
          ],
          [
            -64.234501,
            -31.425208
          ],
          [
            -64.234538,
            -31.425185
          ],
          [
            -64.234961,
            -31.424742
          ],
          [
            -64.236371,
            -31.42339
          ],
          [
            -64.237055,
            -31.422722
          ],
          [
            -64.237129,
            -31.422665
          ],
          [
            -64.237167,
            -31.422635
          ],
          [
            -64.237318,
            -31.422522
          ],
          [
            -64.237568,
            -31.422315
          ],
          [
            -64.237617,
            -31.422259
          ],
          [
            -64.238199,
            -31.421387
          ],
          [
            -64.238569,
            -31.420821
          ],
          [
            -64.238617,
            -31.420759
          ],
          [
            -64.238663,
            -31.42072
          ],
          [
            -64.238747,
            -31.420665
          ],
          [
            -64.239421,
            -31.420303
          ],
          [
            -64.23944,
            -31.420373
          ],
          [
            -64.239476,
            -31.420498
          ],
          [
            -64.239531,
            -31.420684
          ],
          [
            -64.239566,
            -31.420797
          ],
          [
            -64.240112,
            -31.420554
          ],
          [
            -64.240167,
            -31.420544
          ],
          [
            -64.240796,
            -31.42054
          ],
          [
            -64.241771,
            -31.420541
          ],
          [
            -64.242838,
            -31.420551
          ],
          [
            -64.242881,
            -31.420551
          ],
          [
            -64.243339,
            -31.42054
          ],
          [
            -64.243869,
            -31.420532
          ],
          [
            -64.244901,
            -31.420504
          ],
          [
            -64.245954,
            -31.420496
          ],
          [
            -64.246898,
            -31.420483
          ],
          [
            -64.247023,
            -31.420482
          ],
          [
            -64.247997,
            -31.420473
          ],
          [
            -64.248102,
            -31.420459
          ],
          [
            -64.248171,
            -31.420449
          ],
          [
            -64.248519,
            -31.420448
          ],
          [
            -64.249305,
            -31.420445
          ],
          [
            -64.249541,
            -31.420445
          ],
          [
            -64.25051,
            -31.420441
          ],
          [
            -64.250879,
            -31.42044
          ],
          [
            -64.251157,
            -31.420439
          ],
          [
            -64.25171,
            -31.420438
          ],
          [
            -64.25229,
            -31.420442
          ],
          [
            -64.253406,
            -31.420451
          ],
          [
            -64.253595,
            -31.420467
          ],
          [
            -64.255748,
            -31.420474
          ],
          [
            -64.256226,
            -31.420474
          ],
          [
            -64.256901,
            -31.420475
          ],
          [
            -64.258063,
            -31.420475
          ],
          [
            -64.259215,
            -31.42048
          ],
          [
            -64.260387,
            -31.420479
          ],
          [
            -64.26153,
            -31.420477
          ],
          [
            -64.261764,
            -31.420475
          ],
          [
            -64.263866,
            -31.420477
          ],
          [
            -64.263856,
            -31.419487
          ],
          [
            -64.263853,
            -31.419246
          ],
          [
            -64.263854,
            -31.41849
          ],
          [
            -64.26385,
            -31.418093
          ],
          [
            -64.263842,
            -31.417496
          ],
          [
            -64.263846,
            -31.4169
          ],
          [
            -64.263844,
            -31.416503
          ],
          [
            -64.263844,
            -31.416473
          ],
          [
            -64.263841,
            -31.41576
          ],
          [
            -64.263838,
            -31.415517
          ],
          [
            -64.263844,
            -31.414524
          ],
          [
            -64.263839,
            -31.413539
          ],
          [
            -64.263845,
            -31.41304
          ],
          [
            -64.263851,
            -31.412539
          ],
          [
            -64.263862,
            -31.411528
          ],
          [
            -64.264391,
            -31.411531
          ],
          [
            -64.264687,
            -31.411537
          ],
          [
            -64.26491,
            -31.411541
          ],
          [
            -64.265415,
            -31.411549
          ],
          [
            -64.265417,
            -31.411085
          ],
          [
            -64.265419,
            -31.41036
          ],
          [
            -64.265425,
            -31.409236
          ],
          [
            -64.265415,
            -31.408027
          ],
          [
            -64.265437,
            -31.406941
          ],
          [
            -64.264908,
            -31.40694
          ],
          [
            -64.264699,
            -31.406943
          ],
          [
            -64.264691,
            -31.407856
          ],
          [
            -64.264689,
            -31.408031
          ],
          [
            -64.264689,
            -31.409236
          ],
          [
            -64.264681,
            -31.410374
          ],
          [
            -64.264687,
            -31.411537
          ],
          [
            -64.264391,
            -31.411531
          ],
          [
            -64.263862,
            -31.411528
          ],
          [
            -64.263851,
            -31.412539
          ],
          [
            -64.263845,
            -31.41304
          ],
          [
            -64.263839,
            -31.413539
          ],
          [
            -64.263844,
            -31.414524
          ],
          [
            -64.263838,
            -31.415517
          ],
          [
            -64.263841,
            -31.41576
          ],
          [
            -64.263844,
            -31.416503
          ],
          [
            -64.263846,
            -31.4169
          ],
          [
            -64.263842,
            -31.417496
          ],
          [
            -64.26385,
            -31.418093
          ],
          [
            -64.263854,
            -31.41849
          ],
          [
            -64.263853,
            -31.419246
          ],
          [
            -64.263856,
            -31.419487
          ],
          [
            -64.263866,
            -31.420477
          ],
          [
            -64.261764,
            -31.420475
          ],
          [
            -64.26153,
            -31.420477
          ],
          [
            -64.260387,
            -31.420479
          ],
          [
            -64.259215,
            -31.42048
          ],
          [
            -64.258063,
            -31.420475
          ],
          [
            -64.256901,
            -31.420475
          ],
          [
            -64.256226,
            -31.420474
          ],
          [
            -64.255748,
            -31.420474
          ],
          [
            -64.253595,
            -31.420467
          ],
          [
            -64.253406,
            -31.420451
          ],
          [
            -64.25229,
            -31.420442
          ],
          [
            -64.25171,
            -31.420438
          ],
          [
            -64.251157,
            -31.420439
          ],
          [
            -64.250879,
            -31.42044
          ],
          [
            -64.25051,
            -31.420441
          ],
          [
            -64.249541,
            -31.420445
          ],
          [
            -64.249305,
            -31.420445
          ],
          [
            -64.248519,
            -31.420448
          ],
          [
            -64.248171,
            -31.420449
          ],
          [
            -64.248102,
            -31.420459
          ],
          [
            -64.247997,
            -31.420473
          ],
          [
            -64.247023,
            -31.420482
          ],
          [
            -64.246898,
            -31.420483
          ],
          [
            -64.245954,
            -31.420496
          ],
          [
            -64.244901,
            -31.420504
          ],
          [
            -64.243869,
            -31.420532
          ],
          [
            -64.243339,
            -31.42054
          ],
          [
            -64.242881,
            -31.420551
          ],
          [
            -64.242838,
            -31.420551
          ],
          [
            -64.241771,
            -31.420541
          ],
          [
            -64.240796,
            -31.42054
          ],
          [
            -64.240167,
            -31.420544
          ],
          [
            -64.240112,
            -31.420554
          ],
          [
            -64.239566,
            -31.420797
          ],
          [
            -64.239531,
            -31.420684
          ],
          [
            -64.239476,
            -31.420498
          ],
          [
            -64.23944,
            -31.420373
          ],
          [
            -64.239135,
            -31.420537
          ],
          [
            -64.23876,
            -31.420743
          ],
          [
            -64.238712,
            -31.420774
          ],
          [
            -64.23869,
            -31.420799
          ],
          [
            -64.238606,
            -31.420905
          ],
          [
            -64.238538,
            -31.421003
          ],
          [
            -64.238279,
            -31.421396
          ],
          [
            -64.237692,
            -31.422292
          ],
          [
            -64.237644,
            -31.42235
          ],
          [
            -64.237591,
            -31.4224
          ],
          [
            -64.237199,
            -31.422701
          ],
          [
            -64.237133,
            -31.422759
          ],
          [
            -64.237064,
            -31.422818
          ],
          [
            -64.236431,
            -31.423435
          ],
          [
            -64.236371,
            -31.42339
          ],
          [
            -64.235894,
            -31.422996
          ],
          [
            -64.235567,
            -31.422721
          ],
          [
            -64.2346,
            -31.422901
          ],
          [
            -64.234469,
            -31.422926
          ],
          [
            -64.233683,
            -31.423082
          ],
          [
            -64.232846,
            -31.42325
          ],
          [
            -64.23199,
            -31.423422
          ],
          [
            -64.231099,
            -31.4236
          ],
          [
            -64.230258,
            -31.42377
          ],
          [
            -64.229427,
            -31.423937
          ],
          [
            -64.228554,
            -31.424112
          ],
          [
            -64.227356,
            -31.424347
          ],
          [
            -64.226129,
            -31.424582
          ],
          [
            -64.225367,
            -31.424727
          ],
          [
            -64.224928,
            -31.424814
          ],
          [
            -64.224202,
            -31.424956
          ],
          [
            -64.223429,
            -31.425101
          ],
          [
            -64.222765,
            -31.425231
          ],
          [
            -64.221993,
            -31.425384
          ],
          [
            -64.221259,
            -31.425526
          ],
          [
            -64.220521,
            -31.425669
          ],
          [
            -64.219769,
            -31.425813
          ],
          [
            -64.219042,
            -31.425955
          ],
          [
            -64.218287,
            -31.426102
          ],
          [
            -64.217649,
            -31.426226
          ],
          [
            -64.217327,
            -31.426288
          ],
          [
            -64.217017,
            -31.426348
          ],
          [
            -64.216671,
            -31.426408
          ],
          [
            -64.216315,
            -31.426484
          ],
          [
            -64.2159,
            -31.426567
          ],
          [
            -64.215662,
            -31.426611
          ],
          [
            -64.215017,
            -31.426734
          ],
          [
            -64.213216,
            -31.427048
          ],
          [
            -64.213131,
            -31.427065
          ],
          [
            -64.212522,
            -31.427176
          ],
          [
            -64.212437,
            -31.427191
          ],
          [
            -64.212407,
            -31.427196
          ],
          [
            -64.212341,
            -31.427208
          ],
          [
            -64.211808,
            -31.427305
          ],
          [
            -64.211743,
            -31.427317
          ],
          [
            -64.211663,
            -31.427331
          ],
          [
            -64.211105,
            -31.427433
          ],
          [
            -64.211043,
            -31.427444
          ],
          [
            -64.210427,
            -31.42756
          ],
          [
            -64.210334,
            -31.427578
          ],
          [
            -64.210227,
            -31.427596
          ],
          [
            -64.208754,
            -31.427879
          ],
          [
            -64.208649,
            -31.427984
          ],
          [
            -64.208463,
            -31.427883
          ],
          [
            -64.208279,
            -31.427796
          ],
          [
            -64.208146,
            -31.427755
          ],
          [
            -64.208038,
            -31.427736
          ],
          [
            -64.207912,
            -31.427727
          ],
          [
            -64.207804,
            -31.427721
          ],
          [
            -64.207695,
            -31.427718
          ],
          [
            -64.207553,
            -31.427731
          ],
          [
            -64.207446,
            -31.427747
          ],
          [
            -64.207277,
            -31.427785
          ],
          [
            -64.206246,
            -31.428042
          ],
          [
            -64.20444,
            -31.428475
          ],
          [
            -64.204201,
            -31.428531
          ],
          [
            -64.204057,
            -31.42855
          ],
          [
            -64.203855,
            -31.428576
          ],
          [
            -64.203081,
            -31.428627
          ],
          [
            -64.202943,
            -31.428634
          ],
          [
            -64.202205,
            -31.428681
          ],
          [
            -64.201566,
            -31.428731
          ],
          [
            -64.201252,
            -31.428756
          ],
          [
            -64.200677,
            -31.428802
          ],
          [
            -64.200619,
            -31.428809
          ],
          [
            -64.200024,
            -31.428863
          ],
          [
            -64.199805,
            -31.428859
          ],
          [
            -64.199682,
            -31.428836
          ],
          [
            -64.198513,
            -31.428558
          ],
          [
            -64.197892,
            -31.428419
          ],
          [
            -64.197755,
            -31.428385
          ],
          [
            -64.19764,
            -31.428351
          ],
          [
            -64.197483,
            -31.428302
          ],
          [
            -64.197381,
            -31.42827
          ],
          [
            -64.197254,
            -31.428218
          ],
          [
            -64.196639,
            -31.42792
          ],
          [
            -64.195274,
            -31.427165
          ],
          [
            -64.194872,
            -31.427
          ],
          [
            -64.194509,
            -31.426863
          ],
          [
            -64.194478,
            -31.426787
          ],
          [
            -64.194469,
            -31.426766
          ],
          [
            -64.194257,
            -31.426227
          ],
          [
            -64.194255,
            -31.426221
          ],
          [
            -64.194239,
            -31.42618
          ],
          [
            -64.19422,
            -31.426133
          ],
          [
            -64.194217,
            -31.426124
          ],
          [
            -64.194076,
            -31.425803
          ],
          [
            -64.194072,
            -31.425793
          ],
          [
            -64.194044,
            -31.425728
          ],
          [
            -64.194016,
            -31.425659
          ],
          [
            -64.194012,
            -31.425649
          ],
          [
            -64.193799,
            -31.425129
          ],
          [
            -64.193794,
            -31.425118
          ],
          [
            -64.193764,
            -31.425045
          ],
          [
            -64.193737,
            -31.424979
          ],
          [
            -64.193732,
            -31.424969
          ],
          [
            -64.193303,
            -31.423935
          ],
          [
            -64.1933,
            -31.423927
          ],
          [
            -64.19328,
            -31.423877
          ],
          [
            -64.193257,
            -31.423821
          ],
          [
            -64.193252,
            -31.423808
          ],
          [
            -64.193046,
            -31.423323
          ],
          [
            -64.19301,
            -31.423229
          ],
          [
            -64.192822,
            -31.422835
          ],
          [
            -64.192817,
            -31.422826
          ],
          [
            -64.192787,
            -31.422763
          ],
          [
            -64.192763,
            -31.42271
          ],
          [
            -64.192758,
            -31.422699
          ],
          [
            -64.192698,
            -31.422564
          ],
          [
            -64.192573,
            -31.422383
          ],
          [
            -64.192455,
            -31.422273
          ],
          [
            -64.192403,
            -31.42223
          ],
          [
            -64.192332,
            -31.42218
          ],
          [
            -64.191757,
            -31.421847
          ],
          [
            -64.191748,
            -31.421842
          ],
          [
            -64.191681,
            -31.421802
          ],
          [
            -64.19163,
            -31.421772
          ],
          [
            -64.191615,
            -31.421762
          ],
          [
            -64.190716,
            -31.421211
          ],
          [
            -64.190627,
            -31.421142
          ],
          [
            -64.190514,
            -31.42103
          ],
          [
            -64.190452,
            -31.420938
          ],
          [
            -64.19044,
            -31.420922
          ],
          [
            -64.190435,
            -31.420913
          ],
          [
            -64.19041,
            -31.420877
          ],
          [
            -64.19039,
            -31.420832
          ],
          [
            -64.190385,
            -31.420821
          ],
          [
            -64.190038,
            -31.420001
          ],
          [
            -64.190031,
            -31.419983
          ],
          [
            -64.190007,
            -31.419899
          ],
          [
            -64.189976,
            -31.419802
          ],
          [
            -64.189956,
            -31.419714
          ],
          [
            -64.189951,
            -31.419695
          ],
          [
            -64.189855,
            -31.419325
          ],
          [
            -64.189817,
            -31.419043
          ],
          [
            -64.18966,
            -31.418461
          ],
          [
            -64.189595,
            -31.418267
          ],
          [
            -64.189097,
            -31.417094
          ],
          [
            -64.189089,
            -31.417076
          ],
          [
            -64.189049,
            -31.417087
          ],
          [
            -64.18777,
            -31.417441
          ],
          [
            -64.187673,
            -31.417469
          ],
          [
            -64.18769,
            -31.41751
          ],
          [
            -64.188184,
            -31.418665
          ],
          [
            -64.188568,
            -31.419564
          ],
          [
            -64.188701,
            -31.419841
          ],
          [
            -64.188713,
            -31.419861
          ],
          [
            -64.188728,
            -31.419891
          ],
          [
            -64.188735,
            -31.419927
          ],
          [
            -64.188737,
            -31.419959
          ],
          [
            -64.188733,
            -31.419976
          ],
          [
            -64.188728,
            -31.419991
          ],
          [
            -64.188709,
            -31.420032
          ],
          [
            -64.188708,
            -31.420086
          ],
          [
            -64.188709,
            -31.420103
          ]
        ]
      }
    }
  ]
}
