{
  "type": "FeatureCollection",
  "metadata": {
    "runId": "cordoba-2026-08-28-v3",
    "targetDate": "2026-08-28",
    "modelVersion": "fleetflow-v0.6"
  },
  "features": [
    {
      "type": "Feature",
      "id": "route-cordoba-2026-08-28-v3-01",
      "properties": {
        "truckId": "vehicle-01",
        "waypointDistancesKm": [
          0,
          1.1680221630997492,
          3.586060033125406,
          4.507630516853502,
          5.815144539437132,
          7.495670305374131,
          13.22351965095425,
          16.445060793648057,
          19.847969311228844,
          26.66560108775246
        ]
      },
      "geometry": {
        "type": "LineString",
        "coordinates": [
          [
            -64.188709,
            -31.420109
          ],
          [
            -64.18871,
            -31.420127
          ],
          [
            -64.188717,
            -31.420178
          ],
          [
            -64.188727,
            -31.42023
          ],
          [
            -64.188737,
            -31.420284
          ],
          [
            -64.188734,
            -31.420338
          ],
          [
            -64.188686,
            -31.420476
          ],
          [
            -64.188614,
            -31.420637
          ],
          [
            -64.188602,
            -31.420666
          ],
          [
            -64.188216,
            -31.421509
          ],
          [
            -64.188139,
            -31.421536
          ],
          [
            -64.187971,
            -31.421596
          ],
          [
            -64.187883,
            -31.421621
          ],
          [
            -64.186582,
            -31.422025
          ],
          [
            -64.185253,
            -31.422438
          ],
          [
            -64.184746,
            -31.421253
          ],
          [
            -64.184705,
            -31.421154
          ],
          [
            -64.184491,
            -31.420636
          ],
          [
            -64.184265,
            -31.420104
          ],
          [
            -64.184136,
            -31.419798
          ],
          [
            -64.185451,
            -31.419396
          ],
          [
            -64.186782,
            -31.41903
          ],
          [
            -64.186994,
            -31.419529
          ],
          [
            -64.187236,
            -31.420097
          ],
          [
            -64.187373,
            -31.420419
          ],
          [
            -64.187394,
            -31.420469
          ],
          [
            -64.187439,
            -31.420456
          ],
          [
            -64.187877,
            -31.420332
          ],
          [
            -64.188038,
            -31.420286
          ],
          [
            -64.188169,
            -31.420245
          ],
          [
            -64.188208,
            -31.420233
          ],
          [
            -64.188297,
            -31.420206
          ],
          [
            -64.188431,
            -31.42015
          ],
          [
            -64.188553,
            -31.4201
          ],
          [
            -64.188617,
            -31.420073
          ],
          [
            -64.188664,
            -31.420053
          ],
          [
            -64.188709,
            -31.420032
          ],
          [
            -64.188747,
            -31.420017
          ],
          [
            -64.188791,
            -31.420004
          ],
          [
            -64.188816,
            -31.419999
          ],
          [
            -64.188834,
            -31.419994
          ],
          [
            -64.188873,
            -31.419986
          ],
          [
            -64.188902,
            -31.420031
          ],
          [
            -64.188915,
            -31.42005
          ],
          [
            -64.188942,
            -31.420119
          ],
          [
            -64.188957,
            -31.420203
          ],
          [
            -64.188948,
            -31.420282
          ],
          [
            -64.188947,
            -31.420332
          ],
          [
            -64.188949,
            -31.420382
          ],
          [
            -64.188958,
            -31.420447
          ],
          [
            -64.189023,
            -31.42062
          ],
          [
            -64.189256,
            -31.421209
          ],
          [
            -64.189743,
            -31.422336
          ],
          [
            -64.191026,
            -31.421953
          ],
          [
            -64.190613,
            -31.421516
          ],
          [
            -64.190113,
            -31.421069
          ],
          [
            -64.190082,
            -31.420974
          ],
          [
            -64.19,
            -31.420834
          ],
          [
            -64.189978,
            -31.420712
          ],
          [
            -64.18997,
            -31.420554
          ],
          [
            -64.189962,
            -31.420073
          ],
          [
            -64.189978,
            -31.419996
          ],
          [
            -64.190007,
            -31.419899
          ],
          [
            -64.189976,
            -31.419802
          ],
          [
            -64.189956,
            -31.419714
          ],
          [
            -64.189951,
            -31.419695
          ],
          [
            -64.189855,
            -31.419325
          ],
          [
            -64.189817,
            -31.419043
          ],
          [
            -64.189817,
            -31.418845
          ],
          [
            -64.189827,
            -31.418696
          ],
          [
            -64.189856,
            -31.418532
          ],
          [
            -64.189885,
            -31.418373
          ],
          [
            -64.189918,
            -31.418231
          ],
          [
            -64.18992,
            -31.418223
          ],
          [
            -64.189931,
            -31.418171
          ],
          [
            -64.189955,
            -31.418097
          ],
          [
            -64.189959,
            -31.418085
          ],
          [
            -64.190416,
            -31.416687
          ],
          [
            -64.190422,
            -31.416663
          ],
          [
            -64.190453,
            -31.416566
          ],
          [
            -64.190822,
            -31.41525
          ],
          [
            -64.191018,
            -31.414692
          ],
          [
            -64.190728,
            -31.414015
          ],
          [
            -64.190641,
            -31.413793
          ],
          [
            -64.190513,
            -31.413467
          ],
          [
            -64.190506,
            -31.413448
          ],
          [
            -64.190302,
            -31.412929
          ],
          [
            -64.190294,
            -31.412909
          ],
          [
            -64.190081,
            -31.412365
          ],
          [
            -64.190027,
            -31.412229
          ],
          [
            -64.189801,
            -31.411651
          ],
          [
            -64.189773,
            -31.411576
          ],
          [
            -64.189392,
            -31.410554
          ],
          [
            -64.189004,
            -31.409416
          ],
          [
            -64.18866,
            -31.409521
          ],
          [
            -64.188516,
            -31.409565
          ],
          [
            -64.188337,
            -31.409621
          ],
          [
            -64.187868,
            -31.409761
          ],
          [
            -64.187571,
            -31.40985
          ],
          [
            -64.188035,
            -31.410984
          ],
          [
            -64.188255,
            -31.41153
          ],
          [
            -64.188429,
            -31.411961
          ],
          [
            -64.188461,
            -31.412038
          ],
          [
            -64.188414,
            -31.412053
          ],
          [
            -64.18783,
            -31.412229
          ],
          [
            -64.187675,
            -31.412279
          ],
          [
            -64.187176,
            -31.412446
          ],
          [
            -64.187127,
            -31.412461
          ],
          [
            -64.187108,
            -31.412417
          ],
          [
            -64.187086,
            -31.412364
          ],
          [
            -64.186929,
            -31.411999
          ],
          [
            -64.186672,
            -31.411397
          ],
          [
            -64.186733,
            -31.411377
          ],
          [
            -64.187411,
            -31.411177
          ],
          [
            -64.188035,
            -31.410984
          ],
          [
            -64.189392,
            -31.410554
          ],
          [
            -64.189004,
            -31.409416
          ],
          [
            -64.18866,
            -31.409521
          ],
          [
            -64.188516,
            -31.409565
          ],
          [
            -64.188337,
            -31.409621
          ],
          [
            -64.187868,
            -31.409761
          ],
          [
            -64.187571,
            -31.40985
          ],
          [
            -64.187745,
            -31.410275
          ],
          [
            -64.188035,
            -31.410984
          ],
          [
            -64.188429,
            -31.411961
          ],
          [
            -64.188461,
            -31.412038
          ],
          [
            -64.188414,
            -31.412053
          ],
          [
            -64.18783,
            -31.412229
          ],
          [
            -64.187675,
            -31.412279
          ],
          [
            -64.187176,
            -31.412446
          ],
          [
            -64.187127,
            -31.412461
          ],
          [
            -64.185737,
            -31.412882
          ],
          [
            -64.185687,
            -31.412897
          ],
          [
            -64.185375,
            -31.412988
          ],
          [
            -64.18518,
            -31.413046
          ],
          [
            -64.185128,
            -31.413061
          ],
          [
            -64.185038,
            -31.413087
          ],
          [
            -64.184988,
            -31.413102
          ],
          [
            -64.184883,
            -31.413133
          ],
          [
            -64.184383,
            -31.413279
          ],
          [
            -64.184349,
            -31.413289
          ],
          [
            -64.183851,
            -31.413435
          ],
          [
            -64.183045,
            -31.413671
          ],
          [
            -64.182846,
            -31.41373
          ],
          [
            -64.18243,
            -31.413853
          ],
          [
            -64.181724,
            -31.414065
          ],
          [
            -64.181713,
            -31.414039
          ],
          [
            -64.18128,
            -31.41302
          ],
          [
            -64.181263,
            -31.412979
          ],
          [
            -64.181959,
            -31.412778
          ],
          [
            -64.18258,
            -31.412599
          ],
          [
            -64.182618,
            -31.412588
          ],
          [
            -64.183143,
            -31.412436
          ],
          [
            -64.183865,
            -31.412228
          ],
          [
            -64.183897,
            -31.412219
          ],
          [
            -64.183883,
            -31.412187
          ],
          [
            -64.183787,
            -31.411968
          ],
          [
            -64.183413,
            -31.411113
          ],
          [
            -64.183402,
            -31.411089
          ],
          [
            -64.182851,
            -31.409775
          ],
          [
            -64.184257,
            -31.409361
          ],
          [
            -64.185659,
            -31.408968
          ],
          [
            -64.187035,
            -31.408567
          ],
          [
            -64.187643,
            -31.408388
          ],
          [
            -64.188509,
            -31.408133
          ],
          [
            -64.18971,
            -31.407771
          ],
          [
            -64.190031,
            -31.407679
          ],
          [
            -64.190267,
            -31.407611
          ],
          [
            -64.190334,
            -31.407591
          ],
          [
            -64.191363,
            -31.407284
          ],
          [
            -64.192606,
            -31.406913
          ],
          [
            -64.193069,
            -31.408182
          ],
          [
            -64.191826,
            -31.408562
          ],
          [
            -64.190776,
            -31.408875
          ],
          [
            -64.190588,
            -31.408328
          ],
          [
            -64.190334,
            -31.407591
          ],
          [
            -64.191363,
            -31.407284
          ],
          [
            -64.192606,
            -31.406913
          ],
          [
            -64.192999,
            -31.406795
          ],
          [
            -64.193826,
            -31.406533
          ],
          [
            -64.193876,
            -31.406494
          ],
          [
            -64.193911,
            -31.406454
          ],
          [
            -64.193933,
            -31.406412
          ],
          [
            -64.19395,
            -31.406347
          ],
          [
            -64.193694,
            -31.405653
          ],
          [
            -64.193593,
            -31.405424
          ],
          [
            -64.193578,
            -31.405395
          ],
          [
            -64.193521,
            -31.405292
          ],
          [
            -64.193479,
            -31.405295
          ],
          [
            -64.192409,
            -31.40535
          ],
          [
            -64.1912,
            -31.405405
          ],
          [
            -64.190023,
            -31.405451
          ],
          [
            -64.189028,
            -31.405504
          ],
          [
            -64.188867,
            -31.405514
          ],
          [
            -64.187857,
            -31.405569
          ],
          [
            -64.187738,
            -31.405576
          ],
          [
            -64.187192,
            -31.405617
          ],
          [
            -64.186937,
            -31.405566
          ],
          [
            -64.186561,
            -31.405492
          ],
          [
            -64.185362,
            -31.405221
          ],
          [
            -64.184239,
            -31.404954
          ],
          [
            -64.184038,
            -31.404907
          ],
          [
            -64.183041,
            -31.404693
          ],
          [
            -64.182656,
            -31.404595
          ],
          [
            -64.182626,
            -31.404381
          ],
          [
            -64.182614,
            -31.404246
          ],
          [
            -64.182602,
            -31.404002
          ],
          [
            -64.182593,
            -31.40395
          ],
          [
            -64.18255,
            -31.403744
          ],
          [
            -64.182402,
            -31.403388
          ],
          [
            -64.182273,
            -31.403081
          ],
          [
            -64.182086,
            -31.402658
          ],
          [
            -64.181124,
            -31.402152
          ],
          [
            -64.180846,
            -31.402005
          ],
          [
            -64.180471,
            -31.40111
          ],
          [
            -64.180006,
            -31.400004
          ],
          [
            -64.17956,
            -31.398934
          ],
          [
            -64.178237,
            -31.399343
          ],
          [
            -64.176954,
            -31.39974
          ],
          [
            -64.175831,
            -31.400087
          ],
          [
            -64.17583,
            -31.399469
          ],
          [
            -64.175831,
            -31.399343
          ],
          [
            -64.175832,
            -31.3993
          ],
          [
            -64.175832,
            -31.399278
          ],
          [
            -64.175832,
            -31.399267
          ],
          [
            -64.175841,
            -31.398313
          ],
          [
            -64.175845,
            -31.39814
          ],
          [
            -64.175851,
            -31.39749
          ],
          [
            -64.17522,
            -31.397678
          ],
          [
            -64.174083,
            -31.398037
          ],
          [
            -64.173651,
            -31.396968
          ],
          [
            -64.173203,
            -31.395888
          ],
          [
            -64.172734,
            -31.394759
          ],
          [
            -64.172314,
            -31.393746
          ],
          [
            -64.171902,
            -31.392774
          ],
          [
            -64.171627,
            -31.392124
          ],
          [
            -64.171348,
            -31.391466
          ],
          [
            -64.170939,
            -31.390499
          ],
          [
            -64.170533,
            -31.389541
          ],
          [
            -64.170116,
            -31.388555
          ],
          [
            -64.169693,
            -31.387567
          ],
          [
            -64.169287,
            -31.38661
          ],
          [
            -64.168882,
            -31.385645
          ],
          [
            -64.16845,
            -31.384636
          ],
          [
            -64.168106,
            -31.383825
          ],
          [
            -64.168039,
            -31.383666
          ],
          [
            -64.16859,
            -31.383488
          ],
          [
            -64.169179,
            -31.383306
          ],
          [
            -64.16972,
            -31.383136
          ],
          [
            -64.170282,
            -31.38296
          ],
          [
            -64.170717,
            -31.382823
          ],
          [
            -64.171404,
            -31.382608
          ],
          [
            -64.171552,
            -31.382561
          ],
          [
            -64.172332,
            -31.382317
          ],
          [
            -64.173231,
            -31.382035
          ],
          [
            -64.17367,
            -31.383052
          ],
          [
            -64.174423,
            -31.382824
          ],
          [
            -64.17404,
            -31.381919
          ],
          [
            -64.173988,
            -31.381797
          ],
          [
            -64.174634,
            -31.381595
          ],
          [
            -64.175338,
            -31.381374
          ],
          [
            -64.175612,
            -31.381288
          ],
          [
            -64.175826,
            -31.381221
          ],
          [
            -64.176027,
            -31.381166
          ],
          [
            -64.176033,
            -31.380599
          ],
          [
            -64.176012,
            -31.380545
          ],
          [
            -64.176012,
            -31.380415
          ],
          [
            -64.176015,
            -31.379833
          ],
          [
            -64.176023,
            -31.377986
          ],
          [
            -64.17603,
            -31.377253
          ],
          [
            -64.176026,
            -31.376885
          ],
          [
            -64.176027,
            -31.376656
          ],
          [
            -64.176031,
            -31.376126
          ],
          [
            -64.176035,
            -31.375127
          ],
          [
            -64.176037,
            -31.374612
          ],
          [
            -64.176038,
            -31.374331
          ],
          [
            -64.176039,
            -31.374055
          ],
          [
            -64.17604,
            -31.373913
          ],
          [
            -64.176075,
            -31.373834
          ],
          [
            -64.17607,
            -31.373617
          ],
          [
            -64.17607,
            -31.372648
          ],
          [
            -64.176332,
            -31.372464
          ],
          [
            -64.176318,
            -31.371352
          ],
          [
            -64.176342,
            -31.369944
          ],
          [
            -64.176455,
            -31.369942
          ],
          [
            -64.177217,
            -31.369942
          ],
          [
            -64.177872,
            -31.36994
          ],
          [
            -64.178525,
            -31.369942
          ],
          [
            -64.179192,
            -31.36994
          ],
          [
            -64.179825,
            -31.369942
          ],
          [
            -64.18047,
            -31.369942
          ],
          [
            -64.181125,
            -31.369942
          ],
          [
            -64.181568,
            -31.369942
          ],
          [
            -64.181771,
            -31.369942
          ],
          [
            -64.182392,
            -31.369942
          ],
          [
            -64.183088,
            -31.369942
          ],
          [
            -64.183874,
            -31.369942
          ],
          [
            -64.183874,
            -31.369757
          ],
          [
            -64.18389,
            -31.3692
          ],
          [
            -64.183893,
            -31.368757
          ],
          [
            -64.183892,
            -31.368662
          ],
          [
            -64.183893,
            -31.36812
          ],
          [
            -64.183893,
            -31.367465
          ],
          [
            -64.1839,
            -31.366888
          ],
          [
            -64.183898,
            -31.36653
          ],
          [
            -64.183893,
            -31.366348
          ],
          [
            -64.183885,
            -31.365793
          ],
          [
            -64.183885,
            -31.365733
          ],
          [
            -64.183887,
            -31.365243
          ],
          [
            -64.183887,
            -31.364914
          ],
          [
            -64.183887,
            -31.364813
          ],
          [
            -64.183886,
            -31.364656
          ],
          [
            -64.183881,
            -31.364114
          ],
          [
            -64.183878,
            -31.363561
          ],
          [
            -64.183877,
            -31.363437
          ],
          [
            -64.183693,
            -31.363422
          ],
          [
            -64.183597,
            -31.363395
          ],
          [
            -64.1831,
            -31.363185
          ],
          [
            -64.182831,
            -31.363089
          ],
          [
            -64.182765,
            -31.363065
          ],
          [
            -64.182714,
            -31.363035
          ],
          [
            -64.182647,
            -31.362947
          ],
          [
            -64.182683,
            -31.362929
          ],
          [
            -64.182716,
            -31.362898
          ],
          [
            -64.182729,
            -31.362853
          ],
          [
            -64.182731,
            -31.362531
          ],
          [
            -64.182729,
            -31.362853
          ],
          [
            -64.182716,
            -31.362898
          ],
          [
            -64.182683,
            -31.362929
          ],
          [
            -64.182647,
            -31.362947
          ],
          [
            -64.182714,
            -31.363035
          ],
          [
            -64.182765,
            -31.363065
          ],
          [
            -64.182831,
            -31.363089
          ],
          [
            -64.1831,
            -31.363185
          ],
          [
            -64.183281,
            -31.363261
          ],
          [
            -64.183597,
            -31.363395
          ],
          [
            -64.183693,
            -31.363422
          ],
          [
            -64.183877,
            -31.363437
          ],
          [
            -64.183878,
            -31.362134
          ],
          [
            -64.184683,
            -31.362139
          ],
          [
            -64.185421,
            -31.362144
          ],
          [
            -64.186005,
            -31.362148
          ],
          [
            -64.186094,
            -31.362148
          ],
          [
            -64.186752,
            -31.362152
          ],
          [
            -64.18699,
            -31.362154
          ],
          [
            -64.187089,
            -31.362154
          ],
          [
            -64.187264,
            -31.362155
          ],
          [
            -64.188733,
            -31.363219
          ],
          [
            -64.189094,
            -31.363476
          ],
          [
            -64.189286,
            -31.363536
          ],
          [
            -64.18956,
            -31.363615
          ],
          [
            -64.189742,
            -31.363648
          ],
          [
            -64.190001,
            -31.363674
          ],
          [
            -64.190289,
            -31.363682
          ],
          [
            -64.190485,
            -31.363673
          ],
          [
            -64.190671,
            -31.363653
          ],
          [
            -64.190824,
            -31.363621
          ],
          [
            -64.190972,
            -31.363582
          ],
          [
            -64.191126,
            -31.363536
          ],
          [
            -64.191382,
            -31.363428
          ],
          [
            -64.191537,
            -31.363276
          ],
          [
            -64.192117,
            -31.362693
          ],
          [
            -64.192671,
            -31.362145
          ],
          [
            -64.192743,
            -31.362196
          ],
          [
            -64.194387,
            -31.363379
          ],
          [
            -64.195733,
            -31.364382
          ],
          [
            -64.19636,
            -31.36483
          ],
          [
            -64.196502,
            -31.364919
          ],
          [
            -64.196855,
            -31.365224
          ],
          [
            -64.197733,
            -31.365876
          ],
          [
            -64.199384,
            -31.367089
          ],
          [
            -64.199453,
            -31.367137
          ],
          [
            -64.201095,
            -31.368345
          ],
          [
            -64.202734,
            -31.369584
          ],
          [
            -64.204518,
            -31.370901
          ],
          [
            -64.205519,
            -31.370644
          ],
          [
            -64.205649,
            -31.37061
          ],
          [
            -64.205922,
            -31.370542
          ],
          [
            -64.205935,
            -31.370603
          ],
          [
            -64.20595,
            -31.370651
          ],
          [
            -64.205976,
            -31.370752
          ],
          [
            -64.20599,
            -31.37081
          ],
          [
            -64.205993,
            -31.370835
          ],
          [
            -64.206006,
            -31.371177
          ],
          [
            -64.206023,
            -31.371582
          ],
          [
            -64.206029,
            -31.371663
          ],
          [
            -64.20603,
            -31.371703
          ],
          [
            -64.206024,
            -31.371758
          ],
          [
            -64.205983,
            -31.371993
          ],
          [
            -64.206018,
            -31.372301
          ],
          [
            -64.206003,
            -31.372421
          ],
          [
            -64.206011,
            -31.372471
          ],
          [
            -64.206131,
            -31.37306
          ],
          [
            -64.206284,
            -31.373936
          ],
          [
            -64.206431,
            -31.374619
          ],
          [
            -64.206537,
            -31.375162
          ],
          [
            -64.207265,
            -31.375066
          ],
          [
            -64.20746,
            -31.375039
          ],
          [
            -64.207932,
            -31.374973
          ],
          [
            -64.208181,
            -31.376258
          ],
          [
            -64.207523,
            -31.376439
          ],
          [
            -64.206817,
            -31.376631
          ],
          [
            -64.206424,
            -31.376735
          ],
          [
            -64.206359,
            -31.376762
          ],
          [
            -64.206297,
            -31.376798
          ],
          [
            -64.205884,
            -31.377094
          ],
          [
            -64.205015,
            -31.377782
          ],
          [
            -64.204684,
            -31.378053
          ],
          [
            -64.204456,
            -31.378231
          ],
          [
            -64.204375,
            -31.378296
          ],
          [
            -64.204097,
            -31.378516
          ],
          [
            -64.203175,
            -31.379245
          ],
          [
            -64.202961,
            -31.379417
          ],
          [
            -64.202302,
            -31.379957
          ],
          [
            -64.201897,
            -31.380272
          ],
          [
            -64.201772,
            -31.380367
          ],
          [
            -64.201467,
            -31.380603
          ],
          [
            -64.201381,
            -31.380668
          ],
          [
            -64.200453,
            -31.381403
          ],
          [
            -64.200424,
            -31.381423
          ],
          [
            -64.200011,
            -31.381753
          ],
          [
            -64.199544,
            -31.38213
          ],
          [
            -64.199167,
            -31.382428
          ],
          [
            -64.199032,
            -31.38253
          ],
          [
            -64.198674,
            -31.38285
          ],
          [
            -64.198557,
            -31.382945
          ],
          [
            -64.197748,
            -31.383586
          ],
          [
            -64.197048,
            -31.384141
          ],
          [
            -64.196845,
            -31.384298
          ],
          [
            -64.196436,
            -31.384622
          ],
          [
            -64.196282,
            -31.384743
          ],
          [
            -64.196188,
            -31.384805
          ],
          [
            -64.196077,
            -31.38487
          ],
          [
            -64.195981,
            -31.384921
          ],
          [
            -64.19591,
            -31.384957
          ],
          [
            -64.195788,
            -31.385014
          ],
          [
            -64.195563,
            -31.385118
          ],
          [
            -64.19542,
            -31.385183
          ],
          [
            -64.19492,
            -31.385382
          ],
          [
            -64.194621,
            -31.38551
          ],
          [
            -64.194433,
            -31.385593
          ],
          [
            -64.194304,
            -31.385663
          ],
          [
            -64.194062,
            -31.385797
          ],
          [
            -64.193917,
            -31.385878
          ],
          [
            -64.193632,
            -31.386058
          ],
          [
            -64.193485,
            -31.386155
          ],
          [
            -64.192887,
            -31.386532
          ],
          [
            -64.192809,
            -31.386588
          ],
          [
            -64.192598,
            -31.386735
          ],
          [
            -64.192536,
            -31.386771
          ],
          [
            -64.192459,
            -31.38681
          ],
          [
            -64.192196,
            -31.386885
          ],
          [
            -64.192107,
            -31.386903
          ],
          [
            -64.191957,
            -31.38691
          ],
          [
            -64.191761,
            -31.386948
          ],
          [
            -64.191675,
            -31.386968
          ],
          [
            -64.191649,
            -31.386974
          ],
          [
            -64.191133,
            -31.387107
          ],
          [
            -64.191042,
            -31.387142
          ],
          [
            -64.190935,
            -31.387185
          ],
          [
            -64.190616,
            -31.387343
          ],
          [
            -64.190177,
            -31.387593
          ],
          [
            -64.18975,
            -31.387816
          ],
          [
            -64.189295,
            -31.388063
          ],
          [
            -64.188583,
            -31.388434
          ],
          [
            -64.187979,
            -31.388742
          ],
          [
            -64.187863,
            -31.388805
          ],
          [
            -64.18778,
            -31.388849
          ],
          [
            -64.187395,
            -31.389054
          ],
          [
            -64.186546,
            -31.389518
          ],
          [
            -64.186193,
            -31.389711
          ],
          [
            -64.185769,
            -31.389942
          ],
          [
            -64.18518,
            -31.390264
          ],
          [
            -64.185017,
            -31.390355
          ],
          [
            -64.18384,
            -31.390933
          ],
          [
            -64.183866,
            -31.391012
          ],
          [
            -64.183968,
            -31.391274
          ],
          [
            -64.184431,
            -31.39239
          ],
          [
            -64.184798,
            -31.393284
          ],
          [
            -64.184892,
            -31.393501
          ],
          [
            -64.185318,
            -31.394528
          ],
          [
            -64.185802,
            -31.395694
          ],
          [
            -64.186036,
            -31.396262
          ],
          [
            -64.186043,
            -31.396284
          ],
          [
            -64.18605,
            -31.396301
          ],
          [
            -64.18626,
            -31.396825
          ],
          [
            -64.18662,
            -31.397697
          ],
          [
            -64.18671,
            -31.397922
          ],
          [
            -64.18716,
            -31.399044
          ],
          [
            -64.18763,
            -31.400137
          ],
          [
            -64.188069,
            -31.401229
          ],
          [
            -64.187472,
            -31.401414
          ],
          [
            -64.186827,
            -31.401612
          ],
          [
            -64.186169,
            -31.401818
          ],
          [
            -64.185541,
            -31.402013
          ],
          [
            -64.184883,
            -31.402218
          ],
          [
            -64.184254,
            -31.402413
          ],
          [
            -64.18394,
            -31.40251
          ],
          [
            -64.183263,
            -31.40272
          ],
          [
            -64.182762,
            -31.402876
          ],
          [
            -64.182701,
            -31.402982
          ],
          [
            -64.182651,
            -31.403105
          ],
          [
            -64.182618,
            -31.403213
          ],
          [
            -64.182586,
            -31.403394
          ],
          [
            -64.18255,
            -31.403744
          ],
          [
            -64.182593,
            -31.40395
          ],
          [
            -64.182602,
            -31.404002
          ],
          [
            -64.182614,
            -31.404246
          ],
          [
            -64.182626,
            -31.404381
          ],
          [
            -64.182656,
            -31.404595
          ],
          [
            -64.182701,
            -31.404839
          ],
          [
            -64.182719,
            -31.40491
          ],
          [
            -64.182879,
            -31.405545
          ],
          [
            -64.182932,
            -31.405738
          ],
          [
            -64.18294,
            -31.405766
          ],
          [
            -64.183201,
            -31.40677
          ],
          [
            -64.183212,
            -31.406813
          ],
          [
            -64.183262,
            -31.406951
          ],
          [
            -64.183339,
            -31.40717
          ],
          [
            -64.183389,
            -31.407298
          ],
          [
            -64.183645,
            -31.407908
          ],
          [
            -64.183726,
            -31.408102
          ],
          [
            -64.183788,
            -31.408253
          ],
          [
            -64.183949,
            -31.408629
          ],
          [
            -64.184257,
            -31.409361
          ],
          [
            -64.184637,
            -31.410262
          ],
          [
            -64.184804,
            -31.410657
          ],
          [
            -64.185292,
            -31.411809
          ],
          [
            -64.185718,
            -31.412838
          ],
          [
            -64.185737,
            -31.412882
          ],
          [
            -64.185762,
            -31.412943
          ],
          [
            -64.185948,
            -31.413383
          ],
          [
            -64.186125,
            -31.413802
          ],
          [
            -64.186243,
            -31.414082
          ],
          [
            -64.186591,
            -31.414907
          ],
          [
            -64.186704,
            -31.415175
          ],
          [
            -64.186715,
            -31.415201
          ],
          [
            -64.186739,
            -31.415256
          ],
          [
            -64.186794,
            -31.415387
          ],
          [
            -64.186829,
            -31.41547
          ],
          [
            -64.187167,
            -31.416272
          ],
          [
            -64.187176,
            -31.416293
          ],
          [
            -64.187381,
            -31.41678
          ],
          [
            -64.187392,
            -31.416806
          ],
          [
            -64.187665,
            -31.417451
          ],
          [
            -64.187673,
            -31.417469
          ],
          [
            -64.18769,
            -31.41751
          ],
          [
            -64.188184,
            -31.418665
          ],
          [
            -64.188568,
            -31.419564
          ],
          [
            -64.188701,
            -31.419841
          ],
          [
            -64.188713,
            -31.419861
          ],
          [
            -64.188728,
            -31.419891
          ],
          [
            -64.188735,
            -31.419927
          ],
          [
            -64.188737,
            -31.419959
          ],
          [
            -64.188733,
            -31.419976
          ],
          [
            -64.188728,
            -31.419991
          ],
          [
            -64.188709,
            -31.420032
          ],
          [
            -64.188708,
            -31.420086
          ],
          [
            -64.188709,
            -31.420103
          ]
        ]
      }
    },
    {
      "type": "Feature",
      "id": "route-cordoba-2026-08-28-v3-02",
      "properties": {
        "truckId": "vehicle-02",
        "waypointDistancesKm": [
          0,
          2.5641230705357523,
          3.7825118476406407,
          5.252336824826353,
          6.089052243841203,
          7.304814360015528,
          11.113026270396613,
          13.380456712539209,
          16.978768558065,
          22.287188634023476
        ]
      },
      "geometry": {
        "type": "LineString",
        "coordinates": [
          [
            -64.188709,
            -31.420109
          ],
          [
            -64.18871,
            -31.420127
          ],
          [
            -64.188717,
            -31.420178
          ],
          [
            -64.188727,
            -31.42023
          ],
          [
            -64.188737,
            -31.420284
          ],
          [
            -64.188734,
            -31.420338
          ],
          [
            -64.188686,
            -31.420476
          ],
          [
            -64.188614,
            -31.420637
          ],
          [
            -64.188602,
            -31.420666
          ],
          [
            -64.188216,
            -31.421509
          ],
          [
            -64.188139,
            -31.421536
          ],
          [
            -64.187971,
            -31.421596
          ],
          [
            -64.187883,
            -31.421621
          ],
          [
            -64.186582,
            -31.422025
          ],
          [
            -64.185253,
            -31.422438
          ],
          [
            -64.185197,
            -31.422455
          ],
          [
            -64.183898,
            -31.422858
          ],
          [
            -64.182631,
            -31.423252
          ],
          [
            -64.182244,
            -31.42231
          ],
          [
            -64.182096,
            -31.421946
          ],
          [
            -64.182055,
            -31.421848
          ],
          [
            -64.181996,
            -31.421707
          ],
          [
            -64.181525,
            -31.420577
          ],
          [
            -64.181044,
            -31.419435
          ],
          [
            -64.180579,
            -31.418327
          ],
          [
            -64.180572,
            -31.418311
          ],
          [
            -64.180565,
            -31.418294
          ],
          [
            -64.18008,
            -31.417168
          ],
          [
            -64.179602,
            -31.416049
          ],
          [
            -64.17914,
            -31.41493
          ],
          [
            -64.179101,
            -31.414847
          ],
          [
            -64.179079,
            -31.414799
          ],
          [
            -64.178639,
            -31.413739
          ],
          [
            -64.179932,
            -31.413364
          ],
          [
            -64.180884,
            -31.413089
          ],
          [
            -64.181263,
            -31.412979
          ],
          [
            -64.181959,
            -31.412778
          ],
          [
            -64.18258,
            -31.412599
          ],
          [
            -64.182618,
            -31.412588
          ],
          [
            -64.183143,
            -31.412436
          ],
          [
            -64.183865,
            -31.412228
          ],
          [
            -64.183897,
            -31.412219
          ],
          [
            -64.183883,
            -31.412187
          ],
          [
            -64.183413,
            -31.411113
          ],
          [
            -64.183402,
            -31.411089
          ],
          [
            -64.18338,
            -31.411096
          ],
          [
            -64.182903,
            -31.411243
          ],
          [
            -64.182158,
            -31.411473
          ],
          [
            -64.182113,
            -31.411487
          ],
          [
            -64.182123,
            -31.411511
          ],
          [
            -64.182569,
            -31.412575
          ],
          [
            -64.18258,
            -31.412599
          ],
          [
            -64.182598,
            -31.41264
          ],
          [
            -64.182731,
            -31.412947
          ],
          [
            -64.183026,
            -31.413627
          ],
          [
            -64.183045,
            -31.413671
          ],
          [
            -64.182846,
            -31.41373
          ],
          [
            -64.18243,
            -31.413853
          ],
          [
            -64.181724,
            -31.414065
          ],
          [
            -64.181685,
            -31.414077
          ],
          [
            -64.181359,
            -31.414174
          ],
          [
            -64.181022,
            -31.414275
          ],
          [
            -64.180387,
            -31.414464
          ],
          [
            -64.180033,
            -31.41457
          ],
          [
            -64.179101,
            -31.414847
          ],
          [
            -64.179061,
            -31.414859
          ],
          [
            -64.17902,
            -31.41487
          ],
          [
            -64.179001,
            -31.414876
          ],
          [
            -64.178233,
            -31.415127
          ],
          [
            -64.178093,
            -31.415172
          ],
          [
            -64.177774,
            -31.415275
          ],
          [
            -64.176467,
            -31.415664
          ],
          [
            -64.176184,
            -31.415764
          ],
          [
            -64.176043,
            -31.415814
          ],
          [
            -64.175744,
            -31.41592
          ],
          [
            -64.175585,
            -31.415975
          ],
          [
            -64.175537,
            -31.415873
          ],
          [
            -64.175499,
            -31.415814
          ],
          [
            -64.17564,
            -31.415768
          ],
          [
            -64.175454,
            -31.415205
          ],
          [
            -64.175299,
            -31.415246
          ],
          [
            -64.175336,
            -31.415356
          ],
          [
            -64.175484,
            -31.415791
          ],
          [
            -64.175499,
            -31.415814
          ],
          [
            -64.175537,
            -31.415873
          ],
          [
            -64.175585,
            -31.415975
          ],
          [
            -64.17545,
            -31.416022
          ],
          [
            -64.175207,
            -31.416089
          ],
          [
            -64.174904,
            -31.416136
          ],
          [
            -64.174646,
            -31.416086
          ],
          [
            -64.173295,
            -31.415758
          ],
          [
            -64.173201,
            -31.415733
          ],
          [
            -64.17202,
            -31.415391
          ],
          [
            -64.171988,
            -31.415381
          ],
          [
            -64.170834,
            -31.415047
          ],
          [
            -64.170782,
            -31.415032
          ],
          [
            -64.169897,
            -31.414791
          ],
          [
            -64.16971,
            -31.41474
          ],
          [
            -64.169592,
            -31.414707
          ],
          [
            -64.16839,
            -31.414379
          ],
          [
            -64.168072,
            -31.414292
          ],
          [
            -64.167717,
            -31.414195
          ],
          [
            -64.167173,
            -31.414046
          ],
          [
            -64.165965,
            -31.413715
          ],
          [
            -64.166364,
            -31.412671
          ],
          [
            -64.166762,
            -31.411624
          ],
          [
            -64.167136,
            -31.410605
          ],
          [
            -64.167377,
            -31.409952
          ],
          [
            -64.167522,
            -31.409558
          ],
          [
            -64.166324,
            -31.409233
          ],
          [
            -64.165091,
            -31.408896
          ],
          [
            -64.163883,
            -31.408567
          ],
          [
            -64.163497,
            -31.409613
          ],
          [
            -64.163365,
            -31.409972
          ],
          [
            -64.163247,
            -31.410276
          ],
          [
            -64.163122,
            -31.410632
          ],
          [
            -64.161936,
            -31.410328
          ],
          [
            -64.161234,
            -31.410133
          ],
          [
            -64.160742,
            -31.409997
          ],
          [
            -64.159526,
            -31.409672
          ],
          [
            -64.157906,
            -31.40922
          ],
          [
            -64.157831,
            -31.409198
          ],
          [
            -64.1582,
            -31.408177
          ],
          [
            -64.15822,
            -31.408127
          ],
          [
            -64.158581,
            -31.407128
          ],
          [
            -64.158603,
            -31.40707
          ],
          [
            -64.158788,
            -31.406574
          ],
          [
            -64.158806,
            -31.406528
          ],
          [
            -64.158826,
            -31.406475
          ],
          [
            -64.158971,
            -31.406087
          ],
          [
            -64.159009,
            -31.40597
          ],
          [
            -64.159035,
            -31.405899
          ],
          [
            -64.159345,
            -31.405078
          ],
          [
            -64.159216,
            -31.405048
          ],
          [
            -64.158692,
            -31.404916
          ],
          [
            -64.157867,
            -31.404697
          ],
          [
            -64.157562,
            -31.40547
          ],
          [
            -64.157531,
            -31.405566
          ],
          [
            -64.157317,
            -31.406202
          ],
          [
            -64.157254,
            -31.40637
          ],
          [
            -64.157306,
            -31.406381
          ],
          [
            -64.157422,
            -31.406396
          ],
          [
            -64.157824,
            -31.40645
          ],
          [
            -64.157847,
            -31.406447
          ],
          [
            -64.157864,
            -31.406432
          ],
          [
            -64.157873,
            -31.4064
          ],
          [
            -64.15795,
            -31.406198
          ],
          [
            -64.158,
            -31.406064
          ],
          [
            -64.15799,
            -31.406028
          ],
          [
            -64.157962,
            -31.405996
          ],
          [
            -64.157939,
            -31.406007
          ],
          [
            -64.157839,
            -31.405999
          ],
          [
            -64.157711,
            -31.405989
          ],
          [
            -64.157557,
            -31.405976
          ],
          [
            -64.157422,
            -31.406396
          ],
          [
            -64.157306,
            -31.406381
          ],
          [
            -64.157254,
            -31.40637
          ],
          [
            -64.157057,
            -31.406895
          ],
          [
            -64.156818,
            -31.407542
          ],
          [
            -64.156688,
            -31.407895
          ],
          [
            -64.156797,
            -31.407926
          ],
          [
            -64.156873,
            -31.407943
          ],
          [
            -64.157618,
            -31.408073
          ],
          [
            -64.1582,
            -31.408177
          ],
          [
            -64.15822,
            -31.408127
          ],
          [
            -64.158581,
            -31.407128
          ],
          [
            -64.158603,
            -31.40707
          ],
          [
            -64.158788,
            -31.406574
          ],
          [
            -64.158806,
            -31.406528
          ],
          [
            -64.158826,
            -31.406475
          ],
          [
            -64.158971,
            -31.406087
          ],
          [
            -64.159009,
            -31.40597
          ],
          [
            -64.159035,
            -31.405899
          ],
          [
            -64.159345,
            -31.405078
          ],
          [
            -64.159724,
            -31.404027
          ],
          [
            -64.16021,
            -31.402709
          ],
          [
            -64.160633,
            -31.40157
          ],
          [
            -64.160989,
            -31.400577
          ],
          [
            -64.161317,
            -31.399671
          ],
          [
            -64.161583,
            -31.398972
          ],
          [
            -64.161593,
            -31.398877
          ],
          [
            -64.161575,
            -31.398782
          ],
          [
            -64.161555,
            -31.398722
          ],
          [
            -64.161441,
            -31.398287
          ],
          [
            -64.161436,
            -31.398267
          ],
          [
            -64.161428,
            -31.398201
          ],
          [
            -64.161435,
            -31.398129
          ],
          [
            -64.161462,
            -31.398028
          ],
          [
            -64.161598,
            -31.397738
          ],
          [
            -64.161958,
            -31.396967
          ],
          [
            -64.16205,
            -31.396853
          ],
          [
            -64.16,
            -31.396208
          ],
          [
            -64.159203,
            -31.395967
          ],
          [
            -64.159245,
            -31.395821
          ],
          [
            -64.159249,
            -31.395798
          ],
          [
            -64.159275,
            -31.395657
          ],
          [
            -64.159277,
            -31.395613
          ],
          [
            -64.159264,
            -31.395588
          ],
          [
            -64.159248,
            -31.395571
          ],
          [
            -64.159211,
            -31.395546
          ],
          [
            -64.158501,
            -31.395309
          ],
          [
            -64.158346,
            -31.395262
          ],
          [
            -64.158157,
            -31.395202
          ],
          [
            -64.157831,
            -31.395095
          ],
          [
            -64.156215,
            -31.394577
          ],
          [
            -64.156019,
            -31.394516
          ],
          [
            -64.155717,
            -31.394428
          ],
          [
            -64.155458,
            -31.394351
          ],
          [
            -64.154601,
            -31.394095
          ],
          [
            -64.154317,
            -31.394006
          ],
          [
            -64.153113,
            -31.393619
          ],
          [
            -64.152796,
            -31.39352
          ],
          [
            -64.152703,
            -31.39349
          ],
          [
            -64.15204,
            -31.393283
          ],
          [
            -64.15145,
            -31.393081
          ],
          [
            -64.151394,
            -31.393062
          ],
          [
            -64.151317,
            -31.39304
          ],
          [
            -64.150003,
            -31.392654
          ],
          [
            -64.149754,
            -31.392583
          ],
          [
            -64.149479,
            -31.392516
          ],
          [
            -64.148981,
            -31.3924
          ],
          [
            -64.148511,
            -31.392283
          ],
          [
            -64.147917,
            -31.392144
          ],
          [
            -64.146622,
            -31.391842
          ],
          [
            -64.145352,
            -31.391542
          ],
          [
            -64.144072,
            -31.391242
          ],
          [
            -64.144063,
            -31.39046
          ],
          [
            -64.144064,
            -31.38991
          ],
          [
            -64.144064,
            -31.389463
          ],
          [
            -64.144064,
            -31.388476
          ],
          [
            -64.145225,
            -31.388471
          ],
          [
            -64.145327,
            -31.388486
          ],
          [
            -64.145326,
            -31.38792
          ],
          [
            -64.145326,
            -31.387483
          ],
          [
            -64.14532,
            -31.38648
          ],
          [
            -64.145323,
            -31.385482
          ],
          [
            -64.145323,
            -31.38488
          ],
          [
            -64.145329,
            -31.384848
          ],
          [
            -64.145348,
            -31.384774
          ],
          [
            -64.144988,
            -31.384701
          ],
          [
            -64.144884,
            -31.384677
          ],
          [
            -64.144877,
            -31.383708
          ],
          [
            -64.144877,
            -31.382618
          ],
          [
            -64.144874,
            -31.382491
          ],
          [
            -64.144884,
            -31.382444
          ],
          [
            -64.144964,
            -31.382241
          ],
          [
            -64.145006,
            -31.382125
          ],
          [
            -64.145013,
            -31.382066
          ],
          [
            -64.145007,
            -31.38153
          ],
          [
            -64.145026,
            -31.379928
          ],
          [
            -64.145021,
            -31.379755
          ],
          [
            -64.14502,
            -31.379619
          ],
          [
            -64.144742,
            -31.379569
          ],
          [
            -64.144737,
            -31.37879
          ],
          [
            -64.144727,
            -31.377714
          ],
          [
            -64.144718,
            -31.376651
          ],
          [
            -64.144705,
            -31.376222
          ],
          [
            -64.144663,
            -31.37621
          ],
          [
            -64.143991,
            -31.375633
          ],
          [
            -64.143954,
            -31.375578
          ],
          [
            -64.143992,
            -31.375518
          ],
          [
            -64.144637,
            -31.374949
          ],
          [
            -64.144704,
            -31.374902
          ],
          [
            -64.1447,
            -31.374498
          ],
          [
            -64.144682,
            -31.373434
          ],
          [
            -64.144676,
            -31.372942
          ],
          [
            -64.144664,
            -31.372198
          ],
          [
            -64.145293,
            -31.372191
          ],
          [
            -64.146356,
            -31.372179
          ],
          [
            -64.14749,
            -31.372173
          ],
          [
            -64.147795,
            -31.372171
          ],
          [
            -64.147796,
            -31.371859
          ],
          [
            -64.14791,
            -31.371836
          ],
          [
            -64.14905,
            -31.371543
          ],
          [
            -64.150121,
            -31.371247
          ],
          [
            -64.15016,
            -31.371241
          ],
          [
            -64.15042,
            -31.371948
          ],
          [
            -64.150608,
            -31.372447
          ],
          [
            -64.150687,
            -31.372657
          ],
          [
            -64.150938,
            -31.373325
          ],
          [
            -64.151165,
            -31.373969
          ],
          [
            -64.151386,
            -31.374592
          ],
          [
            -64.151628,
            -31.375237
          ],
          [
            -64.151883,
            -31.375887
          ],
          [
            -64.152141,
            -31.376538
          ],
          [
            -64.15246,
            -31.377391
          ],
          [
            -64.152794,
            -31.378304
          ],
          [
            -64.15284,
            -31.378292
          ],
          [
            -64.152877,
            -31.378283
          ],
          [
            -64.154199,
            -31.377918
          ],
          [
            -64.155309,
            -31.377602
          ],
          [
            -64.155491,
            -31.377463
          ],
          [
            -64.155523,
            -31.377446
          ],
          [
            -64.155569,
            -31.37743
          ],
          [
            -64.15745,
            -31.376946
          ],
          [
            -64.15931,
            -31.376459
          ],
          [
            -64.160216,
            -31.376225
          ],
          [
            -64.160331,
            -31.376206
          ],
          [
            -64.160474,
            -31.376189
          ],
          [
            -64.160575,
            -31.376182
          ],
          [
            -64.160676,
            -31.376176
          ],
          [
            -64.160839,
            -31.376172
          ],
          [
            -64.161018,
            -31.376171
          ],
          [
            -64.16123,
            -31.376184
          ],
          [
            -64.161486,
            -31.376215
          ],
          [
            -64.161749,
            -31.376261
          ],
          [
            -64.162035,
            -31.37634
          ],
          [
            -64.162271,
            -31.376421
          ],
          [
            -64.162505,
            -31.376518
          ],
          [
            -64.163795,
            -31.377053
          ],
          [
            -64.163975,
            -31.377131
          ],
          [
            -64.164835,
            -31.377504
          ],
          [
            -64.165549,
            -31.377788
          ],
          [
            -64.165629,
            -31.377989
          ],
          [
            -64.165643,
            -31.378016
          ],
          [
            -64.165676,
            -31.378082
          ],
          [
            -64.166053,
            -31.378942
          ],
          [
            -64.1662,
            -31.379265
          ],
          [
            -64.166446,
            -31.379853
          ],
          [
            -64.16668,
            -31.380412
          ],
          [
            -64.166903,
            -31.380957
          ],
          [
            -64.16709,
            -31.381444
          ],
          [
            -64.167137,
            -31.381556
          ],
          [
            -64.167177,
            -31.381652
          ],
          [
            -64.167389,
            -31.382123
          ],
          [
            -64.167647,
            -31.382715
          ],
          [
            -64.167888,
            -31.383288
          ],
          [
            -64.168039,
            -31.383666
          ],
          [
            -64.16859,
            -31.383488
          ],
          [
            -64.169179,
            -31.383306
          ],
          [
            -64.169593,
            -31.384289
          ],
          [
            -64.169778,
            -31.384718
          ],
          [
            -64.170021,
            -31.385283
          ],
          [
            -64.170424,
            -31.386261
          ],
          [
            -64.170826,
            -31.387217
          ],
          [
            -64.171243,
            -31.388207
          ],
          [
            -64.17153,
            -31.388888
          ],
          [
            -64.17166,
            -31.389196
          ],
          [
            -64.172063,
            -31.390154
          ],
          [
            -64.17248,
            -31.39114
          ],
          [
            -64.172746,
            -31.391775
          ],
          [
            -64.173019,
            -31.392423
          ],
          [
            -64.17343,
            -31.3934
          ],
          [
            -64.173855,
            -31.39441
          ],
          [
            -64.174331,
            -31.395539
          ],
          [
            -64.174784,
            -31.396643
          ],
          [
            -64.17522,
            -31.397678
          ],
          [
            -64.174083,
            -31.398037
          ],
          [
            -64.172922,
            -31.398391
          ],
          [
            -64.173109,
            -31.39887
          ],
          [
            -64.173349,
            -31.399476
          ],
          [
            -64.173408,
            -31.399569
          ],
          [
            -64.173428,
            -31.399595
          ],
          [
            -64.173461,
            -31.399639
          ],
          [
            -64.17356,
            -31.399774
          ],
          [
            -64.173599,
            -31.399814
          ],
          [
            -64.173636,
            -31.399839
          ],
          [
            -64.173673,
            -31.399891
          ],
          [
            -64.173679,
            -31.399925
          ],
          [
            -64.173343,
            -31.400861
          ],
          [
            -64.174535,
            -31.401185
          ],
          [
            -64.175843,
            -31.4015
          ],
          [
            -64.175851,
            -31.401781
          ],
          [
            -64.175858,
            -31.402535
          ],
          [
            -64.175858,
            -31.402643
          ],
          [
            -64.175855,
            -31.403778
          ],
          [
            -64.175852,
            -31.404964
          ],
          [
            -64.175855,
            -31.405408
          ],
          [
            -64.175877,
            -31.405521
          ],
          [
            -64.175895,
            -31.405559
          ],
          [
            -64.175928,
            -31.405615
          ],
          [
            -64.175984,
            -31.405695
          ],
          [
            -64.176041,
            -31.405745
          ],
          [
            -64.176092,
            -31.405785
          ],
          [
            -64.177134,
            -31.405165
          ],
          [
            -64.177349,
            -31.405045
          ],
          [
            -64.177457,
            -31.405007
          ],
          [
            -64.178265,
            -31.404711
          ],
          [
            -64.178601,
            -31.404609
          ],
          [
            -64.178817,
            -31.404551
          ],
          [
            -64.179068,
            -31.404494
          ],
          [
            -64.179472,
            -31.40443
          ],
          [
            -64.179721,
            -31.404403
          ],
          [
            -64.179991,
            -31.404375
          ],
          [
            -64.180409,
            -31.404348
          ],
          [
            -64.181686,
            -31.404274
          ],
          [
            -64.182614,
            -31.404246
          ],
          [
            -64.182626,
            -31.404381
          ],
          [
            -64.182656,
            -31.404595
          ],
          [
            -64.182701,
            -31.404839
          ],
          [
            -64.182719,
            -31.40491
          ],
          [
            -64.182879,
            -31.405545
          ],
          [
            -64.182932,
            -31.405738
          ],
          [
            -64.18294,
            -31.405766
          ],
          [
            -64.183201,
            -31.40677
          ],
          [
            -64.183212,
            -31.406813
          ],
          [
            -64.183262,
            -31.406951
          ],
          [
            -64.183339,
            -31.40717
          ],
          [
            -64.183389,
            -31.407298
          ],
          [
            -64.183645,
            -31.407908
          ],
          [
            -64.183726,
            -31.408102
          ],
          [
            -64.183788,
            -31.408253
          ],
          [
            -64.183949,
            -31.408629
          ],
          [
            -64.184257,
            -31.409361
          ],
          [
            -64.184637,
            -31.410262
          ],
          [
            -64.184804,
            -31.410657
          ],
          [
            -64.185292,
            -31.411809
          ],
          [
            -64.185718,
            -31.412838
          ],
          [
            -64.185737,
            -31.412882
          ],
          [
            -64.185762,
            -31.412943
          ],
          [
            -64.185948,
            -31.413383
          ],
          [
            -64.186125,
            -31.413802
          ],
          [
            -64.186243,
            -31.414082
          ],
          [
            -64.186591,
            -31.414907
          ],
          [
            -64.186704,
            -31.415175
          ],
          [
            -64.186715,
            -31.415201
          ],
          [
            -64.186739,
            -31.415256
          ],
          [
            -64.186794,
            -31.415387
          ],
          [
            -64.186829,
            -31.41547
          ],
          [
            -64.187167,
            -31.416272
          ],
          [
            -64.187176,
            -31.416293
          ],
          [
            -64.187381,
            -31.41678
          ],
          [
            -64.187392,
            -31.416806
          ],
          [
            -64.187665,
            -31.417451
          ],
          [
            -64.187673,
            -31.417469
          ],
          [
            -64.18769,
            -31.41751
          ],
          [
            -64.188184,
            -31.418665
          ],
          [
            -64.188568,
            -31.419564
          ],
          [
            -64.188701,
            -31.419841
          ],
          [
            -64.188713,
            -31.419861
          ],
          [
            -64.188728,
            -31.419891
          ],
          [
            -64.188735,
            -31.419927
          ],
          [
            -64.188737,
            -31.419959
          ],
          [
            -64.188733,
            -31.419976
          ],
          [
            -64.188728,
            -31.419991
          ],
          [
            -64.188709,
            -31.420032
          ],
          [
            -64.188708,
            -31.420086
          ],
          [
            -64.188709,
            -31.420103
          ]
        ]
      }
    },
    {
      "type": "Feature",
      "id": "route-cordoba-2026-08-28-v3-03",
      "properties": {
        "truckId": "vehicle-03",
        "waypointDistancesKm": [
          0,
          0.3942647343129957,
          2.1542540436521667,
          4.016911633842955,
          7.373455830775785,
          7.949238296247077,
          8.755112433268794,
          9.859636096812705,
          12.971581732711437,
          20.71786545880743
        ]
      },
      "geometry": {
        "type": "LineString",
        "coordinates": [
          [
            -64.188709,
            -31.420109
          ],
          [
            -64.18871,
            -31.420127
          ],
          [
            -64.188717,
            -31.420178
          ],
          [
            -64.188727,
            -31.42023
          ],
          [
            -64.188737,
            -31.420284
          ],
          [
            -64.188734,
            -31.420338
          ],
          [
            -64.188686,
            -31.420476
          ],
          [
            -64.188614,
            -31.420637
          ],
          [
            -64.188602,
            -31.420666
          ],
          [
            -64.188216,
            -31.421509
          ],
          [
            -64.188139,
            -31.421536
          ],
          [
            -64.187971,
            -31.421596
          ],
          [
            -64.187883,
            -31.421621
          ],
          [
            -64.186582,
            -31.422025
          ],
          [
            -64.185948,
            -31.422222
          ],
          [
            -64.185253,
            -31.422438
          ],
          [
            -64.185197,
            -31.422455
          ],
          [
            -64.183898,
            -31.422858
          ],
          [
            -64.182631,
            -31.423252
          ],
          [
            -64.182565,
            -31.423271
          ],
          [
            -64.18253,
            -31.423283
          ],
          [
            -64.182506,
            -31.42329
          ],
          [
            -64.182219,
            -31.422615
          ],
          [
            -64.181948,
            -31.421985
          ],
          [
            -64.181908,
            -31.421886
          ],
          [
            -64.181858,
            -31.42176
          ],
          [
            -64.181401,
            -31.420612
          ],
          [
            -64.180946,
            -31.419465
          ],
          [
            -64.180482,
            -31.418341
          ],
          [
            -64.180474,
            -31.418322
          ],
          [
            -64.179989,
            -31.417196
          ],
          [
            -64.178731,
            -31.417563
          ],
          [
            -64.177442,
            -31.417938
          ],
          [
            -64.176418,
            -31.418242
          ],
          [
            -64.176092,
            -31.418339
          ],
          [
            -64.176043,
            -31.418567
          ],
          [
            -64.175681,
            -31.418546
          ],
          [
            -64.175453,
            -31.418519
          ],
          [
            -64.175356,
            -31.418508
          ],
          [
            -64.175318,
            -31.418503
          ],
          [
            -64.175277,
            -31.418498
          ],
          [
            -64.175043,
            -31.418475
          ],
          [
            -64.174945,
            -31.418467
          ],
          [
            -64.174766,
            -31.418473
          ],
          [
            -64.174675,
            -31.41849
          ],
          [
            -64.174541,
            -31.418536
          ],
          [
            -64.174429,
            -31.418561
          ],
          [
            -64.174371,
            -31.418558
          ],
          [
            -64.174318,
            -31.418544
          ],
          [
            -64.174301,
            -31.418502
          ],
          [
            -64.174292,
            -31.418456
          ],
          [
            -64.174291,
            -31.41841
          ],
          [
            -64.174295,
            -31.418375
          ],
          [
            -64.174306,
            -31.418347
          ],
          [
            -64.174323,
            -31.418314
          ],
          [
            -64.174346,
            -31.418282
          ],
          [
            -64.174374,
            -31.418253
          ],
          [
            -64.174416,
            -31.418223
          ],
          [
            -64.17449,
            -31.418236
          ],
          [
            -64.174602,
            -31.418303
          ],
          [
            -64.174631,
            -31.418333
          ],
          [
            -64.174645,
            -31.418348
          ],
          [
            -64.174681,
            -31.418365
          ],
          [
            -64.174706,
            -31.41837
          ],
          [
            -64.17475,
            -31.418378
          ],
          [
            -64.175105,
            -31.418401
          ],
          [
            -64.175295,
            -31.418414
          ],
          [
            -64.175338,
            -31.418416
          ],
          [
            -64.175377,
            -31.41842
          ],
          [
            -64.175528,
            -31.418414
          ],
          [
            -64.175649,
            -31.418401
          ],
          [
            -64.175707,
            -31.418389
          ],
          [
            -64.175725,
            -31.418385
          ],
          [
            -64.17577,
            -31.418283
          ],
          [
            -64.175809,
            -31.418193
          ],
          [
            -64.17585,
            -31.418124
          ],
          [
            -64.175862,
            -31.418107
          ],
          [
            -64.176015,
            -31.417881
          ],
          [
            -64.176048,
            -31.417807
          ],
          [
            -64.176118,
            -31.417597
          ],
          [
            -64.176163,
            -31.417447
          ],
          [
            -64.176191,
            -31.417324
          ],
          [
            -64.176208,
            -31.417076
          ],
          [
            -64.176218,
            -31.416804
          ],
          [
            -64.176213,
            -31.416585
          ],
          [
            -64.176188,
            -31.416378
          ],
          [
            -64.176125,
            -31.41611
          ],
          [
            -64.176079,
            -31.416056
          ],
          [
            -64.176052,
            -31.416028
          ],
          [
            -64.176027,
            -31.416002
          ],
          [
            -64.175995,
            -31.415976
          ],
          [
            -64.175964,
            -31.415955
          ],
          [
            -64.175935,
            -31.415941
          ],
          [
            -64.175903,
            -31.415928
          ],
          [
            -64.17587,
            -31.415921
          ],
          [
            -64.17583,
            -31.415919
          ],
          [
            -64.175744,
            -31.41592
          ],
          [
            -64.175585,
            -31.415975
          ],
          [
            -64.17545,
            -31.416022
          ],
          [
            -64.175362,
            -31.416097
          ],
          [
            -64.175325,
            -31.416164
          ],
          [
            -64.175301,
            -31.416228
          ],
          [
            -64.175296,
            -31.416277
          ],
          [
            -64.175295,
            -31.416302
          ],
          [
            -64.1753,
            -31.41633
          ],
          [
            -64.175325,
            -31.416381
          ],
          [
            -64.17535,
            -31.416433
          ],
          [
            -64.175377,
            -31.4165
          ],
          [
            -64.1754,
            -31.416581
          ],
          [
            -64.175408,
            -31.416635
          ],
          [
            -64.175407,
            -31.416704
          ],
          [
            -64.175394,
            -31.416777
          ],
          [
            -64.175368,
            -31.416888
          ],
          [
            -64.175343,
            -31.416989
          ],
          [
            -64.1753,
            -31.4171
          ],
          [
            -64.175257,
            -31.417186
          ],
          [
            -64.175219,
            -31.41725
          ],
          [
            -64.175164,
            -31.417332
          ],
          [
            -64.175098,
            -31.417414
          ],
          [
            -64.175287,
            -31.417402
          ],
          [
            -64.175476,
            -31.417332
          ],
          [
            -64.17559,
            -31.41729
          ],
          [
            -64.175631,
            -31.417277
          ],
          [
            -64.175918,
            -31.417177
          ],
          [
            -64.176208,
            -31.417076
          ],
          [
            -64.176191,
            -31.417324
          ],
          [
            -64.176195,
            -31.417427
          ],
          [
            -64.176187,
            -31.417588
          ],
          [
            -64.176109,
            -31.418226
          ],
          [
            -64.176092,
            -31.418339
          ],
          [
            -64.176043,
            -31.418567
          ],
          [
            -64.175989,
            -31.418892
          ],
          [
            -64.175916,
            -31.419299
          ],
          [
            -64.175818,
            -31.419716
          ],
          [
            -64.175618,
            -31.420397
          ],
          [
            -64.17545,
            -31.42091
          ],
          [
            -64.175335,
            -31.421222
          ],
          [
            -64.175271,
            -31.421365
          ],
          [
            -64.175075,
            -31.421762
          ],
          [
            -64.175051,
            -31.42181
          ],
          [
            -64.174797,
            -31.422321
          ],
          [
            -64.174679,
            -31.422565
          ],
          [
            -64.174555,
            -31.42279
          ],
          [
            -64.174349,
            -31.423083
          ],
          [
            -64.1743,
            -31.42314
          ],
          [
            -64.174187,
            -31.423245
          ],
          [
            -64.174115,
            -31.423319
          ],
          [
            -64.173965,
            -31.423464
          ],
          [
            -64.173798,
            -31.423598
          ],
          [
            -64.173636,
            -31.423724
          ],
          [
            -64.173436,
            -31.423875
          ],
          [
            -64.173183,
            -31.424032
          ],
          [
            -64.172972,
            -31.424151
          ],
          [
            -64.172919,
            -31.424181
          ],
          [
            -64.172509,
            -31.424412
          ],
          [
            -64.172225,
            -31.424549
          ],
          [
            -64.171993,
            -31.42465
          ],
          [
            -64.171628,
            -31.424784
          ],
          [
            -64.171037,
            -31.424981
          ],
          [
            -64.170935,
            -31.425046
          ],
          [
            -64.170862,
            -31.425094
          ],
          [
            -64.170764,
            -31.425172
          ],
          [
            -64.170707,
            -31.425233
          ],
          [
            -64.170666,
            -31.425291
          ],
          [
            -64.170613,
            -31.425376
          ],
          [
            -64.170527,
            -31.425516
          ],
          [
            -64.170466,
            -31.425615
          ],
          [
            -64.170404,
            -31.425731
          ],
          [
            -64.170401,
            -31.425736
          ],
          [
            -64.170222,
            -31.426057
          ],
          [
            -64.170027,
            -31.426396
          ],
          [
            -64.16997,
            -31.426481
          ],
          [
            -64.169805,
            -31.426679
          ],
          [
            -64.169653,
            -31.426949
          ],
          [
            -64.169596,
            -31.427067
          ],
          [
            -64.169557,
            -31.427171
          ],
          [
            -64.169531,
            -31.427253
          ],
          [
            -64.16952,
            -31.427324
          ],
          [
            -64.169505,
            -31.427423
          ],
          [
            -64.169498,
            -31.427526
          ],
          [
            -64.169505,
            -31.427632
          ],
          [
            -64.169512,
            -31.427685
          ],
          [
            -64.169522,
            -31.427751
          ],
          [
            -64.169534,
            -31.427816
          ],
          [
            -64.16955,
            -31.427895
          ],
          [
            -64.169572,
            -31.427979
          ],
          [
            -64.169651,
            -31.428259
          ],
          [
            -64.16968,
            -31.428347
          ],
          [
            -64.169716,
            -31.428437
          ],
          [
            -64.169777,
            -31.428566
          ],
          [
            -64.169854,
            -31.42873
          ],
          [
            -64.169895,
            -31.428836
          ],
          [
            -64.169905,
            -31.428864
          ],
          [
            -64.169995,
            -31.429131
          ],
          [
            -64.170083,
            -31.429409
          ],
          [
            -64.170146,
            -31.429578
          ],
          [
            -64.170175,
            -31.429683
          ],
          [
            -64.170191,
            -31.429754
          ],
          [
            -64.170197,
            -31.429819
          ],
          [
            -64.170194,
            -31.429875
          ],
          [
            -64.17018,
            -31.429941
          ],
          [
            -64.170165,
            -31.429971
          ],
          [
            -64.170145,
            -31.430004
          ],
          [
            -64.170093,
            -31.430058
          ],
          [
            -64.170035,
            -31.430095
          ],
          [
            -64.169973,
            -31.43012
          ],
          [
            -64.169918,
            -31.430136
          ],
          [
            -64.169853,
            -31.430149
          ],
          [
            -64.169805,
            -31.430153
          ],
          [
            -64.169738,
            -31.430153
          ],
          [
            -64.169757,
            -31.429927
          ],
          [
            -64.169758,
            -31.429857
          ],
          [
            -64.169754,
            -31.429798
          ],
          [
            -64.169721,
            -31.42955
          ],
          [
            -64.169684,
            -31.429259
          ],
          [
            -64.169657,
            -31.429079
          ],
          [
            -64.169657,
            -31.429073
          ],
          [
            -64.169608,
            -31.428731
          ],
          [
            -64.169602,
            -31.428698
          ],
          [
            -64.169524,
            -31.428284
          ],
          [
            -64.169467,
            -31.427999
          ],
          [
            -64.16943,
            -31.427806
          ],
          [
            -64.169412,
            -31.427696
          ],
          [
            -64.169407,
            -31.42758
          ],
          [
            -64.169409,
            -31.427499
          ],
          [
            -64.169417,
            -31.427425
          ],
          [
            -64.169436,
            -31.427305
          ],
          [
            -64.169452,
            -31.42722
          ],
          [
            -64.169477,
            -31.427138
          ],
          [
            -64.16951,
            -31.427053
          ],
          [
            -64.169588,
            -31.42689
          ],
          [
            -64.169699,
            -31.426682
          ],
          [
            -64.169703,
            -31.426673
          ],
          [
            -64.169774,
            -31.426535
          ],
          [
            -64.169887,
            -31.426265
          ],
          [
            -64.169972,
            -31.426088
          ],
          [
            -64.170057,
            -31.425929
          ],
          [
            -64.170113,
            -31.425819
          ],
          [
            -64.170301,
            -31.425438
          ],
          [
            -64.170318,
            -31.425382
          ],
          [
            -64.170318,
            -31.425333
          ],
          [
            -64.170298,
            -31.425292
          ],
          [
            -64.170263,
            -31.425256
          ],
          [
            -64.170216,
            -31.425221
          ],
          [
            -64.170175,
            -31.425204
          ],
          [
            -64.170078,
            -31.425193
          ],
          [
            -64.169971,
            -31.425203
          ],
          [
            -64.169853,
            -31.425218
          ],
          [
            -64.169717,
            -31.42524
          ],
          [
            -64.169419,
            -31.425293
          ],
          [
            -64.169341,
            -31.425306
          ],
          [
            -64.169296,
            -31.425309
          ],
          [
            -64.169265,
            -31.42531
          ],
          [
            -64.169224,
            -31.425303
          ],
          [
            -64.169173,
            -31.425288
          ],
          [
            -64.169123,
            -31.425281
          ],
          [
            -64.169075,
            -31.425279
          ],
          [
            -64.168999,
            -31.425281
          ],
          [
            -64.168965,
            -31.425291
          ],
          [
            -64.168933,
            -31.425301
          ],
          [
            -64.16844,
            -31.425386
          ],
          [
            -64.168398,
            -31.425376
          ],
          [
            -64.168366,
            -31.42536
          ],
          [
            -64.168338,
            -31.425337
          ],
          [
            -64.168319,
            -31.425311
          ],
          [
            -64.168312,
            -31.425297
          ],
          [
            -64.168302,
            -31.425278
          ],
          [
            -64.168287,
            -31.425237
          ],
          [
            -64.168276,
            -31.425205
          ],
          [
            -64.168274,
            -31.425193
          ],
          [
            -64.168282,
            -31.425165
          ],
          [
            -64.168292,
            -31.425141
          ],
          [
            -64.168306,
            -31.42511
          ],
          [
            -64.16832,
            -31.425083
          ],
          [
            -64.168342,
            -31.425061
          ],
          [
            -64.168386,
            -31.425033
          ],
          [
            -64.168449,
            -31.425005
          ],
          [
            -64.168534,
            -31.424985
          ],
          [
            -64.168689,
            -31.42496
          ],
          [
            -64.168768,
            -31.42492
          ],
          [
            -64.168793,
            -31.424894
          ],
          [
            -64.168805,
            -31.424871
          ],
          [
            -64.168808,
            -31.424848
          ],
          [
            -64.168799,
            -31.424812
          ],
          [
            -64.16878,
            -31.424785
          ],
          [
            -64.168744,
            -31.424761
          ],
          [
            -64.167496,
            -31.424058
          ],
          [
            -64.16746,
            -31.424042
          ],
          [
            -64.1674,
            -31.424026
          ],
          [
            -64.167337,
            -31.424017
          ],
          [
            -64.16696,
            -31.424009
          ],
          [
            -64.166737,
            -31.423997
          ],
          [
            -64.166311,
            -31.423986
          ],
          [
            -64.166259,
            -31.423985
          ],
          [
            -64.165856,
            -31.423989
          ],
          [
            -64.165347,
            -31.424021
          ],
          [
            -64.164873,
            -31.424062
          ],
          [
            -64.164742,
            -31.42407
          ],
          [
            -64.164397,
            -31.424107
          ],
          [
            -64.163539,
            -31.424201
          ],
          [
            -64.163345,
            -31.424188
          ],
          [
            -64.162111,
            -31.424274
          ],
          [
            -64.161482,
            -31.424332
          ],
          [
            -64.160848,
            -31.424383
          ],
          [
            -64.159593,
            -31.42449
          ],
          [
            -64.158435,
            -31.424598
          ],
          [
            -64.15834,
            -31.424607
          ],
          [
            -64.157726,
            -31.424664
          ],
          [
            -64.157066,
            -31.424726
          ],
          [
            -64.155836,
            -31.42484
          ],
          [
            -64.154576,
            -31.424958
          ],
          [
            -64.153325,
            -31.425075
          ],
          [
            -64.152686,
            -31.425135
          ],
          [
            -64.152079,
            -31.425193
          ],
          [
            -64.152224,
            -31.426281
          ],
          [
            -64.152313,
            -31.426862
          ],
          [
            -64.152343,
            -31.427095
          ],
          [
            -64.152374,
            -31.427324
          ],
          [
            -64.152851,
            -31.427279
          ],
          [
            -64.152781,
            -31.426766
          ],
          [
            -64.152707,
            -31.426231
          ],
          [
            -64.15346,
            -31.426167
          ],
          [
            -64.153325,
            -31.425075
          ],
          [
            -64.153176,
            -31.424019
          ],
          [
            -64.15311,
            -31.423367
          ],
          [
            -64.152953,
            -31.423362
          ],
          [
            -64.152805,
            -31.423316
          ],
          [
            -64.152682,
            -31.423231
          ],
          [
            -64.152596,
            -31.423118
          ],
          [
            -64.152557,
            -31.422988
          ],
          [
            -64.151969,
            -31.423046
          ],
          [
            -64.1518,
            -31.423063
          ],
          [
            -64.150563,
            -31.423173
          ],
          [
            -64.150557,
            -31.423117
          ],
          [
            -64.150433,
            -31.422035
          ],
          [
            -64.150283,
            -31.420965
          ],
          [
            -64.150219,
            -31.42044
          ],
          [
            -64.150145,
            -31.419928
          ],
          [
            -64.150084,
            -31.419431
          ],
          [
            -64.150009,
            -31.418965
          ],
          [
            -64.149984,
            -31.418876
          ],
          [
            -64.149941,
            -31.418772
          ],
          [
            -64.150297,
            -31.418718
          ],
          [
            -64.150792,
            -31.418621
          ],
          [
            -64.151291,
            -31.418476
          ],
          [
            -64.151271,
            -31.418629
          ],
          [
            -64.151266,
            -31.418707
          ],
          [
            -64.151266,
            -31.41882
          ],
          [
            -64.151274,
            -31.418887
          ],
          [
            -64.151287,
            -31.419
          ],
          [
            -64.15139,
            -31.419828
          ],
          [
            -64.150145,
            -31.419928
          ],
          [
            -64.148898,
            -31.420041
          ],
          [
            -64.147644,
            -31.420151
          ],
          [
            -64.146411,
            -31.420259
          ],
          [
            -64.145048,
            -31.420378
          ],
          [
            -64.143804,
            -31.420487
          ],
          [
            -64.142545,
            -31.420598
          ],
          [
            -64.142712,
            -31.421647
          ],
          [
            -64.142766,
            -31.421985
          ],
          [
            -64.142887,
            -31.42274
          ],
          [
            -64.143037,
            -31.423799
          ],
          [
            -64.143046,
            -31.423857
          ],
          [
            -64.143082,
            -31.424095
          ],
          [
            -64.143212,
            -31.424956
          ],
          [
            -64.14338,
            -31.426002
          ],
          [
            -64.14212,
            -31.42612
          ],
          [
            -64.140868,
            -31.426238
          ],
          [
            -64.140208,
            -31.4263
          ],
          [
            -64.13969,
            -31.426348
          ],
          [
            -64.138553,
            -31.426453
          ],
          [
            -64.137398,
            -31.42656
          ],
          [
            -64.136582,
            -31.426635
          ],
          [
            -64.135942,
            -31.426695
          ],
          [
            -64.135449,
            -31.426707
          ],
          [
            -64.134726,
            -31.426726
          ],
          [
            -64.133587,
            -31.426763
          ],
          [
            -64.132483,
            -31.426822
          ],
          [
            -64.132119,
            -31.426837
          ],
          [
            -64.131884,
            -31.426846
          ],
          [
            -64.131345,
            -31.426863
          ],
          [
            -64.130843,
            -31.426882
          ],
          [
            -64.130108,
            -31.426899
          ],
          [
            -64.129011,
            -31.426933
          ],
          [
            -64.127905,
            -31.426966
          ],
          [
            -64.126666,
            -31.427005
          ],
          [
            -64.126652,
            -31.427576
          ],
          [
            -64.126021,
            -31.427565
          ],
          [
            -64.12553,
            -31.427556
          ],
          [
            -64.125376,
            -31.427554
          ],
          [
            -64.124436,
            -31.427546
          ],
          [
            -64.123331,
            -31.427536
          ],
          [
            -64.121934,
            -31.427503
          ],
          [
            -64.120581,
            -31.427475
          ],
          [
            -64.119272,
            -31.427448
          ],
          [
            -64.118115,
            -31.427433
          ],
          [
            -64.116984,
            -31.427407
          ],
          [
            -64.116952,
            -31.427442
          ],
          [
            -64.116937,
            -31.427482
          ],
          [
            -64.116929,
            -31.427515
          ],
          [
            -64.11692,
            -31.428201
          ],
          [
            -64.116915,
            -31.428537
          ],
          [
            -64.118095,
            -31.428564
          ],
          [
            -64.119276,
            -31.428592
          ],
          [
            -64.120539,
            -31.428616
          ],
          [
            -64.121902,
            -31.42864
          ],
          [
            -64.122649,
            -31.428664
          ],
          [
            -64.123336,
            -31.428685
          ],
          [
            -64.124751,
            -31.428699
          ],
          [
            -64.125353,
            -31.428705
          ],
          [
            -64.125999,
            -31.428711
          ],
          [
            -64.126624,
            -31.428718
          ],
          [
            -64.1272,
            -31.428723
          ],
          [
            -64.127199,
            -31.428781
          ],
          [
            -64.127265,
            -31.428757
          ],
          [
            -64.127296,
            -31.428733
          ],
          [
            -64.127677,
            -31.42837
          ],
          [
            -64.128053,
            -31.427996
          ],
          [
            -64.12808,
            -31.427957
          ],
          [
            -64.128102,
            -31.427925
          ],
          [
            -64.128149,
            -31.427898
          ],
          [
            -64.129038,
            -31.427867
          ],
          [
            -64.130103,
            -31.427832
          ],
          [
            -64.130861,
            -31.427823
          ],
          [
            -64.131356,
            -31.427813
          ],
          [
            -64.131907,
            -31.427805
          ],
          [
            -64.132499,
            -31.427795
          ],
          [
            -64.133597,
            -31.427788
          ],
          [
            -64.134745,
            -31.427776
          ],
          [
            -64.135959,
            -31.427767
          ],
          [
            -64.136604,
            -31.427703
          ],
          [
            -64.137571,
            -31.427595
          ],
          [
            -64.138718,
            -31.427488
          ],
          [
            -64.138632,
            -31.426961
          ],
          [
            -64.138553,
            -31.426453
          ],
          [
            -64.138482,
            -31.426001
          ],
          [
            -64.138475,
            -31.425948
          ],
          [
            -64.138479,
            -31.425896
          ],
          [
            -64.138496,
            -31.425834
          ],
          [
            -64.138626,
            -31.425367
          ],
          [
            -64.1388,
            -31.424794
          ],
          [
            -64.138829,
            -31.424725
          ],
          [
            -64.138879,
            -31.424664
          ],
          [
            -64.139272,
            -31.424266
          ],
          [
            -64.139298,
            -31.424244
          ],
          [
            -64.139343,
            -31.424219
          ],
          [
            -64.139406,
            -31.424208
          ],
          [
            -64.139908,
            -31.424164
          ],
          [
            -64.140552,
            -31.424096
          ],
          [
            -64.141797,
            -31.423974
          ],
          [
            -64.143046,
            -31.423857
          ],
          [
            -64.144308,
            -31.423743
          ],
          [
            -64.145545,
            -31.423635
          ],
          [
            -64.146812,
            -31.423511
          ],
          [
            -64.147531,
            -31.423444
          ],
          [
            -64.147525,
            -31.423399
          ],
          [
            -64.14749,
            -31.423176
          ],
          [
            -64.14749,
            -31.423136
          ],
          [
            -64.147508,
            -31.423107
          ],
          [
            -64.147541,
            -31.423076
          ],
          [
            -64.147609,
            -31.423015
          ],
          [
            -64.147649,
            -31.422993
          ],
          [
            -64.14771,
            -31.422972
          ],
          [
            -64.148014,
            -31.422949
          ],
          [
            -64.148463,
            -31.4229
          ],
          [
            -64.148508,
            -31.422905
          ],
          [
            -64.148525,
            -31.422926
          ],
          [
            -64.148529,
            -31.422958
          ],
          [
            -64.14858,
            -31.423346
          ],
          [
            -64.148613,
            -31.423343
          ],
          [
            -64.149306,
            -31.42328
          ],
          [
            -64.150563,
            -31.423173
          ],
          [
            -64.1518,
            -31.423063
          ],
          [
            -64.152557,
            -31.422988
          ],
          [
            -64.152568,
            -31.422856
          ],
          [
            -64.152626,
            -31.422734
          ],
          [
            -64.152725,
            -31.422634
          ],
          [
            -64.152856,
            -31.422564
          ],
          [
            -64.153005,
            -31.422532
          ],
          [
            -64.153157,
            -31.422541
          ],
          [
            -64.153299,
            -31.42259
          ],
          [
            -64.153416,
            -31.422672
          ],
          [
            -64.153498,
            -31.422782
          ],
          [
            -64.153537,
            -31.422907
          ],
          [
            -64.154314,
            -31.42284
          ],
          [
            -64.155562,
            -31.42272
          ],
          [
            -64.156799,
            -31.4226
          ],
          [
            -64.158066,
            -31.422477
          ],
          [
            -64.158666,
            -31.422417
          ],
          [
            -64.159311,
            -31.422357
          ],
          [
            -64.159969,
            -31.422286
          ],
          [
            -64.160047,
            -31.422284
          ],
          [
            -64.160136,
            -31.422291
          ],
          [
            -64.160581,
            -31.422363
          ],
          [
            -64.160912,
            -31.422433
          ],
          [
            -64.161051,
            -31.422464
          ],
          [
            -64.161297,
            -31.422505
          ],
          [
            -64.161429,
            -31.422517
          ],
          [
            -64.161615,
            -31.422529
          ],
          [
            -64.161879,
            -31.422536
          ],
          [
            -64.163091,
            -31.422563
          ],
          [
            -64.163299,
            -31.422566
          ],
          [
            -64.163718,
            -31.42258
          ],
          [
            -64.164124,
            -31.422593
          ],
          [
            -64.164408,
            -31.422618
          ],
          [
            -64.164488,
            -31.422662
          ],
          [
            -64.164532,
            -31.422705
          ],
          [
            -64.164574,
            -31.422767
          ],
          [
            -64.1646,
            -31.42283
          ],
          [
            -64.164623,
            -31.422988
          ],
          [
            -64.164674,
            -31.423447
          ],
          [
            -64.164726,
            -31.423936
          ],
          [
            -64.164735,
            -31.424011
          ],
          [
            -64.164871,
            -31.424002
          ],
          [
            -64.165336,
            -31.423957
          ],
          [
            -64.1654,
            -31.423954
          ],
          [
            -64.165822,
            -31.423933
          ],
          [
            -64.165867,
            -31.423931
          ],
          [
            -64.166244,
            -31.423926
          ],
          [
            -64.16631,
            -31.423927
          ],
          [
            -64.166957,
            -31.423938
          ],
          [
            -64.167358,
            -31.423946
          ],
          [
            -64.167428,
            -31.423957
          ],
          [
            -64.167497,
            -31.42398
          ],
          [
            -64.167552,
            -31.424005
          ],
          [
            -64.168851,
            -31.424755
          ],
          [
            -64.1689,
            -31.424796
          ],
          [
            -64.168942,
            -31.424825
          ],
          [
            -64.168979,
            -31.42487
          ],
          [
            -64.169008,
            -31.424923
          ],
          [
            -64.169022,
            -31.424964
          ],
          [
            -64.169048,
            -31.425045
          ],
          [
            -64.16907,
            -31.425072
          ],
          [
            -64.169099,
            -31.425099
          ],
          [
            -64.169124,
            -31.425133
          ],
          [
            -64.169142,
            -31.425164
          ],
          [
            -64.169161,
            -31.425189
          ],
          [
            -64.169183,
            -31.425211
          ],
          [
            -64.169207,
            -31.425226
          ],
          [
            -64.169235,
            -31.425235
          ],
          [
            -64.169268,
            -31.425244
          ],
          [
            -64.1693,
            -31.425244
          ],
          [
            -64.169326,
            -31.425242
          ],
          [
            -64.169381,
            -31.425236
          ],
          [
            -64.169404,
            -31.425234
          ],
          [
            -64.170656,
            -31.425013
          ],
          [
            -64.171127,
            -31.4249
          ],
          [
            -64.171374,
            -31.424824
          ],
          [
            -64.171611,
            -31.424741
          ],
          [
            -64.171996,
            -31.424593
          ],
          [
            -64.172312,
            -31.424449
          ],
          [
            -64.172769,
            -31.424206
          ],
          [
            -64.173035,
            -31.424057
          ],
          [
            -64.173234,
            -31.423937
          ],
          [
            -64.17346,
            -31.423782
          ],
          [
            -64.173711,
            -31.423588
          ],
          [
            -64.17388,
            -31.423447
          ],
          [
            -64.174027,
            -31.423307
          ],
          [
            -64.174115,
            -31.423319
          ],
          [
            -64.174169,
            -31.423343
          ],
          [
            -64.174289,
            -31.4234
          ],
          [
            -64.174319,
            -31.423444
          ],
          [
            -64.174324,
            -31.423452
          ],
          [
            -64.174405,
            -31.423543
          ],
          [
            -64.174516,
            -31.423642
          ],
          [
            -64.174679,
            -31.423753
          ],
          [
            -64.17483,
            -31.423817
          ],
          [
            -64.174913,
            -31.423852
          ],
          [
            -64.175,
            -31.423871
          ],
          [
            -64.175044,
            -31.423879
          ],
          [
            -64.175097,
            -31.423881
          ],
          [
            -64.175136,
            -31.42388
          ],
          [
            -64.175179,
            -31.423878
          ],
          [
            -64.175252,
            -31.423859
          ],
          [
            -64.175305,
            -31.423832
          ],
          [
            -64.175349,
            -31.423796
          ],
          [
            -64.175385,
            -31.423753
          ],
          [
            -64.175452,
            -31.423658
          ],
          [
            -64.175523,
            -31.423557
          ],
          [
            -64.175624,
            -31.423485
          ],
          [
            -64.175668,
            -31.423462
          ],
          [
            -64.175739,
            -31.423432
          ],
          [
            -64.175788,
            -31.423418
          ],
          [
            -64.175825,
            -31.423407
          ],
          [
            -64.176026,
            -31.423351
          ],
          [
            -64.176285,
            -31.423288
          ],
          [
            -64.176398,
            -31.423265
          ],
          [
            -64.176516,
            -31.423243
          ],
          [
            -64.176741,
            -31.423226
          ],
          [
            -64.177859,
            -31.422944
          ],
          [
            -64.179313,
            -31.422566
          ],
          [
            -64.180685,
            -31.422206
          ],
          [
            -64.181908,
            -31.421886
          ],
          [
            -64.181933,
            -31.42188
          ],
          [
            -64.182055,
            -31.421848
          ],
          [
            -64.183332,
            -31.421513
          ],
          [
            -64.183646,
            -31.421431
          ],
          [
            -64.184303,
            -31.421259
          ],
          [
            -64.184705,
            -31.421154
          ],
          [
            -64.186053,
            -31.420801
          ],
          [
            -64.186264,
            -31.420749
          ],
          [
            -64.187394,
            -31.420469
          ],
          [
            -64.187439,
            -31.420456
          ],
          [
            -64.187877,
            -31.420332
          ],
          [
            -64.188038,
            -31.420286
          ],
          [
            -64.188169,
            -31.420245
          ],
          [
            -64.188208,
            -31.420233
          ],
          [
            -64.188297,
            -31.420206
          ],
          [
            -64.188431,
            -31.42015
          ],
          [
            -64.188553,
            -31.4201
          ],
          [
            -64.188617,
            -31.420073
          ],
          [
            -64.188664,
            -31.420053
          ],
          [
            -64.188709,
            -31.420032
          ],
          [
            -64.188708,
            -31.420086
          ],
          [
            -64.188709,
            -31.420103
          ]
        ]
      }
    },
    {
      "type": "Feature",
      "id": "route-cordoba-2026-08-28-v3-04",
      "properties": {
        "truckId": "vehicle-04",
        "waypointDistancesKm": [
          0,
          1.8521342451422411,
          2.817784552067152,
          3.619864377105666,
          5.764345407721611,
          7.6897076984400154,
          9.200841995479948,
          13.516604808902564,
          20.35980942568131,
          31.067081734073664
        ]
      },
      "geometry": {
        "type": "LineString",
        "coordinates": [
          [
            -64.188709,
            -31.420109
          ],
          [
            -64.18871,
            -31.420127
          ],
          [
            -64.188717,
            -31.420178
          ],
          [
            -64.188727,
            -31.42023
          ],
          [
            -64.188737,
            -31.420284
          ],
          [
            -64.188734,
            -31.420338
          ],
          [
            -64.188661,
            -31.420343
          ],
          [
            -64.188627,
            -31.420347
          ],
          [
            -64.188532,
            -31.420357
          ],
          [
            -64.188403,
            -31.420371
          ],
          [
            -64.188305,
            -31.420382
          ],
          [
            -64.188185,
            -31.420397
          ],
          [
            -64.187924,
            -31.420468
          ],
          [
            -64.187534,
            -31.420563
          ],
          [
            -64.187445,
            -31.420584
          ],
          [
            -64.186091,
            -31.4209
          ],
          [
            -64.184746,
            -31.421253
          ],
          [
            -64.183366,
            -31.421613
          ],
          [
            -64.182096,
            -31.421946
          ],
          [
            -64.18202,
            -31.421966
          ],
          [
            -64.181989,
            -31.421974
          ],
          [
            -64.181948,
            -31.421985
          ],
          [
            -64.181887,
            -31.422001
          ],
          [
            -64.180726,
            -31.422306
          ],
          [
            -64.179365,
            -31.422693
          ],
          [
            -64.177897,
            -31.423051
          ],
          [
            -64.176787,
            -31.423339
          ],
          [
            -64.176386,
            -31.423448
          ],
          [
            -64.17605,
            -31.423547
          ],
          [
            -64.175982,
            -31.42357
          ],
          [
            -64.175894,
            -31.423609
          ],
          [
            -64.1758,
            -31.423669
          ],
          [
            -64.175727,
            -31.423726
          ],
          [
            -64.175419,
            -31.424068
          ],
          [
            -64.175137,
            -31.424385
          ],
          [
            -64.175088,
            -31.424433
          ],
          [
            -64.174886,
            -31.424597
          ],
          [
            -64.174799,
            -31.424672
          ],
          [
            -64.174691,
            -31.424781
          ],
          [
            -64.174556,
            -31.424942
          ],
          [
            -64.174488,
            -31.425018
          ],
          [
            -64.174252,
            -31.425289
          ],
          [
            -64.174077,
            -31.425473
          ],
          [
            -64.17384,
            -31.425724
          ],
          [
            -64.17281,
            -31.426764
          ],
          [
            -64.172484,
            -31.427093
          ],
          [
            -64.17242,
            -31.427155
          ],
          [
            -64.172145,
            -31.427417
          ],
          [
            -64.172099,
            -31.427461
          ],
          [
            -64.171982,
            -31.42758
          ],
          [
            -64.171309,
            -31.428265
          ],
          [
            -64.171244,
            -31.428374
          ],
          [
            -64.171009,
            -31.428668
          ],
          [
            -64.170954,
            -31.428747
          ],
          [
            -64.170921,
            -31.428814
          ],
          [
            -64.170828,
            -31.429002
          ],
          [
            -64.170635,
            -31.429429
          ],
          [
            -64.170576,
            -31.429569
          ],
          [
            -64.17055,
            -31.429634
          ],
          [
            -64.170533,
            -31.42969
          ],
          [
            -64.170519,
            -31.429776
          ],
          [
            -64.170471,
            -31.430203
          ],
          [
            -64.170466,
            -31.430241
          ],
          [
            -64.170457,
            -31.430294
          ],
          [
            -64.170438,
            -31.43034
          ],
          [
            -64.170402,
            -31.430392
          ],
          [
            -64.170344,
            -31.430449
          ],
          [
            -64.170254,
            -31.430493
          ],
          [
            -64.170201,
            -31.430508
          ],
          [
            -64.170133,
            -31.430519
          ],
          [
            -64.17003,
            -31.430515
          ],
          [
            -64.169951,
            -31.430499
          ],
          [
            -64.169905,
            -31.430475
          ],
          [
            -64.169869,
            -31.430451
          ],
          [
            -64.169799,
            -31.430385
          ],
          [
            -64.169773,
            -31.430324
          ],
          [
            -64.169754,
            -31.430271
          ],
          [
            -64.169743,
            -31.430212
          ],
          [
            -64.169738,
            -31.430153
          ],
          [
            -64.169757,
            -31.429927
          ],
          [
            -64.169758,
            -31.429857
          ],
          [
            -64.169754,
            -31.429798
          ],
          [
            -64.169721,
            -31.42955
          ],
          [
            -64.169684,
            -31.429259
          ],
          [
            -64.169657,
            -31.429079
          ],
          [
            -64.169657,
            -31.429073
          ],
          [
            -64.169608,
            -31.428731
          ],
          [
            -64.169602,
            -31.428698
          ],
          [
            -64.169524,
            -31.428284
          ],
          [
            -64.169275,
            -31.42832
          ],
          [
            -64.168762,
            -31.42839
          ],
          [
            -64.168652,
            -31.428406
          ],
          [
            -64.16794,
            -31.428503
          ],
          [
            -64.16779,
            -31.428531
          ],
          [
            -64.167803,
            -31.428584
          ],
          [
            -64.167818,
            -31.428613
          ],
          [
            -64.168447,
            -31.429263
          ],
          [
            -64.168541,
            -31.429361
          ],
          [
            -64.168682,
            -31.429508
          ],
          [
            -64.168916,
            -31.429752
          ],
          [
            -64.168992,
            -31.429801
          ],
          [
            -64.169077,
            -31.429817
          ],
          [
            -64.169217,
            -31.429744
          ],
          [
            -64.169258,
            -31.4297
          ],
          [
            -64.169293,
            -31.429654
          ],
          [
            -64.169494,
            -31.42939
          ],
          [
            -64.169564,
            -31.429248
          ],
          [
            -64.169594,
            -31.429188
          ],
          [
            -64.169625,
            -31.429137
          ],
          [
            -64.169657,
            -31.429079
          ],
          [
            -64.169657,
            -31.429073
          ],
          [
            -64.169608,
            -31.428731
          ],
          [
            -64.169602,
            -31.428698
          ],
          [
            -64.169524,
            -31.428284
          ],
          [
            -64.169275,
            -31.42832
          ],
          [
            -64.168762,
            -31.42839
          ],
          [
            -64.168652,
            -31.428406
          ],
          [
            -64.16794,
            -31.428503
          ],
          [
            -64.16779,
            -31.428531
          ],
          [
            -64.167288,
            -31.428605
          ],
          [
            -64.16665,
            -31.428709
          ],
          [
            -64.165543,
            -31.428894
          ],
          [
            -64.166123,
            -31.429704
          ],
          [
            -64.166135,
            -31.429795
          ],
          [
            -64.166174,
            -31.430012
          ],
          [
            -64.166024,
            -31.430037
          ],
          [
            -64.165311,
            -31.430156
          ],
          [
            -64.165432,
            -31.430761
          ],
          [
            -64.16545,
            -31.430819
          ],
          [
            -64.165473,
            -31.430873
          ],
          [
            -64.165639,
            -31.431087
          ],
          [
            -64.166364,
            -31.430964
          ],
          [
            -64.166538,
            -31.430864
          ],
          [
            -64.166593,
            -31.430828
          ],
          [
            -64.166661,
            -31.430771
          ],
          [
            -64.1674,
            -31.430545
          ],
          [
            -64.167483,
            -31.43052
          ],
          [
            -64.167522,
            -31.430591
          ],
          [
            -64.167562,
            -31.430644
          ],
          [
            -64.167664,
            -31.430791
          ],
          [
            -64.167543,
            -31.430836
          ],
          [
            -64.167218,
            -31.430949
          ],
          [
            -64.167034,
            -31.431002
          ],
          [
            -64.166814,
            -31.431056
          ],
          [
            -64.16639,
            -31.431154
          ],
          [
            -64.165743,
            -31.431233
          ],
          [
            -64.165454,
            -31.431273
          ],
          [
            -64.165252,
            -31.43131
          ],
          [
            -64.165002,
            -31.431375
          ],
          [
            -64.164781,
            -31.431443
          ],
          [
            -64.164358,
            -31.431606
          ],
          [
            -64.163923,
            -31.431815
          ],
          [
            -64.163846,
            -31.431859
          ],
          [
            -64.163688,
            -31.431952
          ],
          [
            -64.163592,
            -31.432008
          ],
          [
            -64.163188,
            -31.432227
          ],
          [
            -64.163131,
            -31.432257
          ],
          [
            -64.162963,
            -31.432346
          ],
          [
            -64.162645,
            -31.432513
          ],
          [
            -64.162053,
            -31.432825
          ],
          [
            -64.161987,
            -31.432856
          ],
          [
            -64.161984,
            -31.433363
          ],
          [
            -64.161981,
            -31.433434
          ],
          [
            -64.161974,
            -31.434356
          ],
          [
            -64.161972,
            -31.435252
          ],
          [
            -64.161967,
            -31.436171
          ],
          [
            -64.161961,
            -31.437112
          ],
          [
            -64.161966,
            -31.437945
          ],
          [
            -64.161949,
            -31.438752
          ],
          [
            -64.161936,
            -31.439327
          ],
          [
            -64.161714,
            -31.439487
          ],
          [
            -64.161401,
            -31.439732
          ],
          [
            -64.161342,
            -31.439781
          ],
          [
            -64.161255,
            -31.439872
          ],
          [
            -64.160963,
            -31.440219
          ],
          [
            -64.160928,
            -31.440278
          ],
          [
            -64.160892,
            -31.440361
          ],
          [
            -64.160866,
            -31.440396
          ],
          [
            -64.160849,
            -31.440421
          ],
          [
            -64.160811,
            -31.44045
          ],
          [
            -64.160691,
            -31.440509
          ],
          [
            -64.160654,
            -31.440541
          ],
          [
            -64.160655,
            -31.440593
          ],
          [
            -64.160665,
            -31.441296
          ],
          [
            -64.160669,
            -31.441843
          ],
          [
            -64.160646,
            -31.442753
          ],
          [
            -64.160632,
            -31.443287
          ],
          [
            -64.16063,
            -31.443609
          ],
          [
            -64.159939,
            -31.443601
          ],
          [
            -64.159164,
            -31.443593
          ],
          [
            -64.159165,
            -31.443264
          ],
          [
            -64.159164,
            -31.44279
          ],
          [
            -64.159169,
            -31.442541
          ],
          [
            -64.159165,
            -31.442353
          ],
          [
            -64.159173,
            -31.44153
          ],
          [
            -64.159175,
            -31.441074
          ],
          [
            -64.159176,
            -31.44054
          ],
          [
            -64.156908,
            -31.440534
          ],
          [
            -64.155494,
            -31.440534
          ],
          [
            -64.155106,
            -31.440554
          ],
          [
            -64.154545,
            -31.440593
          ],
          [
            -64.153795,
            -31.440669
          ],
          [
            -64.153103,
            -31.440756
          ],
          [
            -64.152475,
            -31.440854
          ],
          [
            -64.151765,
            -31.440994
          ],
          [
            -64.151225,
            -31.441129
          ],
          [
            -64.15073,
            -31.441264
          ],
          [
            -64.150304,
            -31.441385
          ],
          [
            -64.149608,
            -31.441605
          ],
          [
            -64.149522,
            -31.441638
          ],
          [
            -64.149245,
            -31.441739
          ],
          [
            -64.149202,
            -31.441755
          ],
          [
            -64.149153,
            -31.441773
          ],
          [
            -64.149104,
            -31.441791
          ],
          [
            -64.149038,
            -31.441816
          ],
          [
            -64.148712,
            -31.441939
          ],
          [
            -64.14865,
            -31.4418
          ],
          [
            -64.148595,
            -31.441673
          ],
          [
            -64.148513,
            -31.441485
          ],
          [
            -64.148403,
            -31.441225
          ],
          [
            -64.14836,
            -31.441158
          ],
          [
            -64.1483,
            -31.441092
          ],
          [
            -64.146605,
            -31.441095
          ],
          [
            -64.146607,
            -31.441491
          ],
          [
            -64.146613,
            -31.441748
          ],
          [
            -64.146619,
            -31.44203
          ],
          [
            -64.14663,
            -31.44214
          ],
          [
            -64.146661,
            -31.442222
          ],
          [
            -64.145547,
            -31.442879
          ],
          [
            -64.144778,
            -31.443311
          ],
          [
            -64.144171,
            -31.443665
          ],
          [
            -64.143471,
            -31.444069
          ],
          [
            -64.143069,
            -31.444293
          ],
          [
            -64.142316,
            -31.44473
          ],
          [
            -64.14198,
            -31.444732
          ],
          [
            -64.141308,
            -31.444731
          ],
          [
            -64.140666,
            -31.44473
          ],
          [
            -64.140602,
            -31.444777
          ],
          [
            -64.140025,
            -31.445065
          ],
          [
            -64.139677,
            -31.444874
          ],
          [
            -64.139239,
            -31.444634
          ],
          [
            -64.139047,
            -31.444528
          ],
          [
            -64.138594,
            -31.444695
          ],
          [
            -64.137923,
            -31.444956
          ],
          [
            -64.137555,
            -31.445088
          ],
          [
            -64.137156,
            -31.44524
          ],
          [
            -64.136784,
            -31.445394
          ],
          [
            -64.136707,
            -31.445415
          ],
          [
            -64.136637,
            -31.445459
          ],
          [
            -64.136118,
            -31.446012
          ],
          [
            -64.136035,
            -31.446102
          ],
          [
            -64.135402,
            -31.446779
          ],
          [
            -64.134953,
            -31.446477
          ],
          [
            -64.134896,
            -31.44644
          ],
          [
            -64.134808,
            -31.446468
          ],
          [
            -64.133777,
            -31.446607
          ],
          [
            -64.133798,
            -31.446731
          ],
          [
            -64.133871,
            -31.44715
          ],
          [
            -64.135434,
            -31.447005
          ],
          [
            -64.136288,
            -31.446931
          ],
          [
            -64.136298,
            -31.446979
          ],
          [
            -64.136297,
            -31.447017
          ],
          [
            -64.136289,
            -31.447075
          ],
          [
            -64.136163,
            -31.447787
          ],
          [
            -64.136168,
            -31.447832
          ],
          [
            -64.136193,
            -31.44788
          ],
          [
            -64.136513,
            -31.448277
          ],
          [
            -64.136271,
            -31.448406
          ],
          [
            -64.136284,
            -31.448434
          ],
          [
            -64.136303,
            -31.448533
          ],
          [
            -64.136326,
            -31.448579
          ],
          [
            -64.136557,
            -31.448878
          ],
          [
            -64.135447,
            -31.449531
          ],
          [
            -64.1347,
            -31.449984
          ],
          [
            -64.135425,
            -31.450454
          ],
          [
            -64.135922,
            -31.450809
          ],
          [
            -64.136148,
            -31.450962
          ],
          [
            -64.136403,
            -31.451149
          ],
          [
            -64.136793,
            -31.45148
          ],
          [
            -64.137537,
            -31.452119
          ],
          [
            -64.137972,
            -31.452461
          ],
          [
            -64.13842,
            -31.452771
          ],
          [
            -64.139462,
            -31.453482
          ],
          [
            -64.141311,
            -31.454786
          ],
          [
            -64.143861,
            -31.456531
          ],
          [
            -64.144338,
            -31.456881
          ],
          [
            -64.144705,
            -31.45714
          ],
          [
            -64.14482,
            -31.457204
          ],
          [
            -64.146453,
            -31.458097
          ],
          [
            -64.146541,
            -31.458128
          ],
          [
            -64.146629,
            -31.458143
          ],
          [
            -64.147373,
            -31.458123
          ],
          [
            -64.147436,
            -31.458109
          ],
          [
            -64.147478,
            -31.458077
          ],
          [
            -64.147699,
            -31.457868
          ],
          [
            -64.147718,
            -31.457813
          ],
          [
            -64.147724,
            -31.457751
          ],
          [
            -64.147756,
            -31.456939
          ],
          [
            -64.147779,
            -31.456872
          ],
          [
            -64.147832,
            -31.456811
          ],
          [
            -64.14789,
            -31.456784
          ],
          [
            -64.147949,
            -31.456777
          ],
          [
            -64.148155,
            -31.456761
          ],
          [
            -64.148403,
            -31.456793
          ],
          [
            -64.148475,
            -31.456818
          ],
          [
            -64.148513,
            -31.456848
          ],
          [
            -64.148535,
            -31.456878
          ],
          [
            -64.148545,
            -31.456932
          ],
          [
            -64.148525,
            -31.458349
          ],
          [
            -64.148534,
            -31.458413
          ],
          [
            -64.148561,
            -31.45849
          ],
          [
            -64.148619,
            -31.458619
          ],
          [
            -64.150619,
            -31.458607
          ],
          [
            -64.151379,
            -31.458607
          ],
          [
            -64.151462,
            -31.458607
          ],
          [
            -64.151787,
            -31.458606
          ],
          [
            -64.15205,
            -31.458604
          ],
          [
            -64.152447,
            -31.458603
          ],
          [
            -64.152837,
            -31.458601
          ],
          [
            -64.152975,
            -31.4586
          ],
          [
            -64.153518,
            -31.458598
          ],
          [
            -64.155094,
            -31.458591
          ],
          [
            -64.156076,
            -31.458587
          ],
          [
            -64.157314,
            -31.45858
          ],
          [
            -64.158542,
            -31.458574
          ],
          [
            -64.159288,
            -31.458569
          ],
          [
            -64.159687,
            -31.458567
          ],
          [
            -64.16022,
            -31.458564
          ],
          [
            -64.160453,
            -31.458563
          ],
          [
            -64.160661,
            -31.458562
          ],
          [
            -64.161504,
            -31.458557
          ],
          [
            -64.161666,
            -31.458556
          ],
          [
            -64.162722,
            -31.45855
          ],
          [
            -64.16318,
            -31.458548
          ],
          [
            -64.163207,
            -31.458548
          ],
          [
            -64.163203,
            -31.458668
          ],
          [
            -64.163247,
            -31.45872
          ],
          [
            -64.163274,
            -31.459599
          ],
          [
            -64.163023,
            -31.4596
          ],
          [
            -64.16282,
            -31.459599
          ],
          [
            -64.162093,
            -31.459592
          ],
          [
            -64.162011,
            -31.459591
          ],
          [
            -64.161838,
            -31.45959
          ],
          [
            -64.161753,
            -31.4596
          ],
          [
            -64.161673,
            -31.45963
          ],
          [
            -64.161607,
            -31.459682
          ],
          [
            -64.161585,
            -31.459729
          ],
          [
            -64.161575,
            -31.459782
          ],
          [
            -64.161576,
            -31.459824
          ],
          [
            -64.16158,
            -31.459869
          ],
          [
            -64.161606,
            -31.459936
          ],
          [
            -64.161679,
            -31.460002
          ],
          [
            -64.161764,
            -31.460035
          ],
          [
            -64.161872,
            -31.460049
          ],
          [
            -64.162045,
            -31.460052
          ],
          [
            -64.162762,
            -31.460066
          ],
          [
            -64.163061,
            -31.460072
          ],
          [
            -64.163108,
            -31.46008
          ],
          [
            -64.16314,
            -31.460088
          ],
          [
            -64.163168,
            -31.460098
          ],
          [
            -64.163203,
            -31.460119
          ],
          [
            -64.163569,
            -31.460457
          ],
          [
            -64.16357,
            -31.46139
          ],
          [
            -64.163572,
            -31.461474
          ],
          [
            -64.163495,
            -31.461476
          ],
          [
            -64.163079,
            -31.461477
          ],
          [
            -64.162748,
            -31.461478
          ],
          [
            -64.162446,
            -31.46148
          ],
          [
            -64.162303,
            -31.46148
          ],
          [
            -64.161787,
            -31.461483
          ],
          [
            -64.161475,
            -31.461484
          ],
          [
            -64.161147,
            -31.461486
          ],
          [
            -64.160976,
            -31.461487
          ],
          [
            -64.160472,
            -31.461489
          ],
          [
            -64.160253,
            -31.461491
          ],
          [
            -64.15973,
            -31.461493
          ],
          [
            -64.158313,
            -31.4615
          ],
          [
            -64.157202,
            -31.461505
          ],
          [
            -64.156082,
            -31.461511
          ],
          [
            -64.155414,
            -31.461512
          ],
          [
            -64.154725,
            -31.461514
          ],
          [
            -64.154051,
            -31.461515
          ],
          [
            -64.153383,
            -31.461516
          ],
          [
            -64.152726,
            -31.461517
          ],
          [
            -64.152018,
            -31.461519
          ],
          [
            -64.151304,
            -31.461523
          ],
          [
            -64.151226,
            -31.461529
          ],
          [
            -64.151123,
            -31.461547
          ],
          [
            -64.151028,
            -31.461594
          ],
          [
            -64.150959,
            -31.461635
          ],
          [
            -64.15091,
            -31.461686
          ],
          [
            -64.150888,
            -31.461715
          ],
          [
            -64.150488,
            -31.462449
          ],
          [
            -64.150472,
            -31.462438
          ],
          [
            -64.149173,
            -31.461631
          ],
          [
            -64.14913,
            -31.46161
          ],
          [
            -64.149057,
            -31.46159
          ],
          [
            -64.148925,
            -31.461595
          ],
          [
            -64.148593,
            -31.461626
          ],
          [
            -64.148386,
            -31.461636
          ],
          [
            -64.148224,
            -31.461637
          ],
          [
            -64.148065,
            -31.46162
          ],
          [
            -64.147942,
            -31.461612
          ],
          [
            -64.147878,
            -31.461612
          ],
          [
            -64.147821,
            -31.461619
          ],
          [
            -64.147758,
            -31.461632
          ],
          [
            -64.147681,
            -31.461655
          ],
          [
            -64.147663,
            -31.461675
          ],
          [
            -64.147632,
            -31.461701
          ],
          [
            -64.147597,
            -31.461722
          ],
          [
            -64.147557,
            -31.461738
          ],
          [
            -64.147515,
            -31.461748
          ],
          [
            -64.147472,
            -31.461752
          ],
          [
            -64.147429,
            -31.461749
          ],
          [
            -64.147391,
            -31.461742
          ],
          [
            -64.147355,
            -31.46173
          ],
          [
            -64.147321,
            -31.461713
          ],
          [
            -64.147291,
            -31.461692
          ],
          [
            -64.147265,
            -31.461668
          ],
          [
            -64.147243,
            -31.46164
          ],
          [
            -64.147227,
            -31.46161
          ],
          [
            -64.147216,
            -31.461578
          ],
          [
            -64.147211,
            -31.461545
          ],
          [
            -64.147211,
            -31.461512
          ],
          [
            -64.147218,
            -31.46148
          ],
          [
            -64.14723,
            -31.461448
          ],
          [
            -64.147257,
            -31.461312
          ],
          [
            -64.147259,
            -31.461234
          ],
          [
            -64.147254,
            -31.461155
          ],
          [
            -64.147241,
            -31.461088
          ],
          [
            -64.147221,
            -31.461025
          ],
          [
            -64.147191,
            -31.46095
          ],
          [
            -64.147156,
            -31.460868
          ],
          [
            -64.147115,
            -31.460787
          ],
          [
            -64.147075,
            -31.460721
          ],
          [
            -64.147033,
            -31.460662
          ],
          [
            -64.146988,
            -31.460602
          ],
          [
            -64.146942,
            -31.460541
          ],
          [
            -64.146879,
            -31.46047
          ],
          [
            -64.146756,
            -31.460326
          ],
          [
            -64.146711,
            -31.46029
          ],
          [
            -64.146577,
            -31.460245
          ],
          [
            -64.146444,
            -31.460205
          ],
          [
            -64.146383,
            -31.46019
          ],
          [
            -64.146319,
            -31.46018
          ],
          [
            -64.146248,
            -31.460174
          ],
          [
            -64.144714,
            -31.460154
          ],
          [
            -64.144467,
            -31.460135
          ],
          [
            -64.144077,
            -31.460136
          ],
          [
            -64.143436,
            -31.460143
          ],
          [
            -64.143117,
            -31.46018
          ],
          [
            -64.142169,
            -31.460203
          ],
          [
            -64.141124,
            -31.460224
          ],
          [
            -64.138814,
            -31.460244
          ],
          [
            -64.136732,
            -31.460276
          ],
          [
            -64.134235,
            -31.4603
          ],
          [
            -64.132434,
            -31.460327
          ],
          [
            -64.129689,
            -31.460358
          ],
          [
            -64.129176,
            -31.46036
          ],
          [
            -64.128728,
            -31.460373
          ],
          [
            -64.128221,
            -31.460379
          ],
          [
            -64.127379,
            -31.460387
          ],
          [
            -64.126456,
            -31.460396
          ],
          [
            -64.125986,
            -31.4604
          ],
          [
            -64.125873,
            -31.460403
          ],
          [
            -64.124231,
            -31.460429
          ],
          [
            -64.123461,
            -31.460433
          ],
          [
            -64.122195,
            -31.460445
          ],
          [
            -64.120947,
            -31.460456
          ],
          [
            -64.120667,
            -31.460459
          ],
          [
            -64.120501,
            -31.46046
          ],
          [
            -64.120225,
            -31.460463
          ],
          [
            -64.118891,
            -31.460475
          ],
          [
            -64.116111,
            -31.46049
          ],
          [
            -64.115154,
            -31.460457
          ],
          [
            -64.115027,
            -31.460453
          ],
          [
            -64.114745,
            -31.460441
          ],
          [
            -64.11444,
            -31.460428
          ],
          [
            -64.113382,
            -31.460404
          ],
          [
            -64.112154,
            -31.460396
          ],
          [
            -64.11131,
            -31.460366
          ],
          [
            -64.110178,
            -31.460305
          ],
          [
            -64.109681,
            -31.460288
          ],
          [
            -64.109384,
            -31.460278
          ],
          [
            -64.109209,
            -31.460278
          ],
          [
            -64.109073,
            -31.460286
          ],
          [
            -64.108963,
            -31.460304
          ],
          [
            -64.108847,
            -31.460331
          ],
          [
            -64.108677,
            -31.460361
          ],
          [
            -64.108546,
            -31.460371
          ],
          [
            -64.108446,
            -31.460366
          ],
          [
            -64.108366,
            -31.460346
          ],
          [
            -64.108231,
            -31.460318
          ],
          [
            -64.108163,
            -31.460292
          ],
          [
            -64.108075,
            -31.460279
          ],
          [
            -64.107998,
            -31.460288
          ],
          [
            -64.107883,
            -31.460287
          ],
          [
            -64.107626,
            -31.460543
          ],
          [
            -64.10738,
            -31.460784
          ],
          [
            -64.107282,
            -31.460811
          ],
          [
            -64.10657,
            -31.461523
          ],
          [
            -64.105897,
            -31.462175
          ],
          [
            -64.105222,
            -31.462829
          ],
          [
            -64.104586,
            -31.463446
          ],
          [
            -64.104386,
            -31.46364
          ],
          [
            -64.1037,
            -31.464282
          ],
          [
            -64.103636,
            -31.464341
          ],
          [
            -64.102969,
            -31.464977
          ],
          [
            -64.101559,
            -31.464987
          ],
          [
            -64.101506,
            -31.464849
          ],
          [
            -64.101509,
            -31.4648
          ],
          [
            -64.101803,
            -31.464
          ],
          [
            -64.101852,
            -31.463868
          ],
          [
            -64.101885,
            -31.463828
          ],
          [
            -64.101964,
            -31.463798
          ],
          [
            -64.102037,
            -31.463796
          ],
          [
            -64.102155,
            -31.463814
          ],
          [
            -64.102209,
            -31.463818
          ],
          [
            -64.102259,
            -31.463812
          ],
          [
            -64.102414,
            -31.463722
          ],
          [
            -64.102482,
            -31.463691
          ],
          [
            -64.102601,
            -31.463672
          ],
          [
            -64.102757,
            -31.463673
          ],
          [
            -64.102858,
            -31.463687
          ],
          [
            -64.102941,
            -31.463727
          ],
          [
            -64.1037,
            -31.464282
          ],
          [
            -64.104386,
            -31.46364
          ],
          [
            -64.104586,
            -31.463446
          ],
          [
            -64.105222,
            -31.462829
          ],
          [
            -64.105897,
            -31.462175
          ],
          [
            -64.10657,
            -31.461523
          ],
          [
            -64.107282,
            -31.460811
          ],
          [
            -64.107328,
            -31.460751
          ],
          [
            -64.10762,
            -31.460465
          ],
          [
            -64.107699,
            -31.460385
          ],
          [
            -64.1078,
            -31.460279
          ],
          [
            -64.107981,
            -31.460123
          ],
          [
            -64.108077,
            -31.460025
          ],
          [
            -64.10811,
            -31.459995
          ],
          [
            -64.108229,
            -31.459886
          ],
          [
            -64.10837,
            -31.45975
          ],
          [
            -64.108748,
            -31.459375
          ],
          [
            -64.109339,
            -31.458789
          ],
          [
            -64.109918,
            -31.458218
          ],
          [
            -64.110536,
            -31.457626
          ],
          [
            -64.111076,
            -31.457083
          ],
          [
            -64.111187,
            -31.45698
          ],
          [
            -64.111839,
            -31.456333
          ],
          [
            -64.111962,
            -31.456218
          ],
          [
            -64.1123,
            -31.455902
          ],
          [
            -64.113051,
            -31.45516
          ],
          [
            -64.113534,
            -31.454686
          ],
          [
            -64.114152,
            -31.454083
          ],
          [
            -64.115117,
            -31.453165
          ],
          [
            -64.115282,
            -31.452998
          ],
          [
            -64.115359,
            -31.452921
          ],
          [
            -64.115374,
            -31.452905
          ],
          [
            -64.115769,
            -31.452488
          ],
          [
            -64.116201,
            -31.452066
          ],
          [
            -64.116276,
            -31.451989
          ],
          [
            -64.116412,
            -31.451868
          ],
          [
            -64.116537,
            -31.451752
          ],
          [
            -64.117283,
            -31.451063
          ],
          [
            -64.117439,
            -31.450889
          ],
          [
            -64.117519,
            -31.450796
          ],
          [
            -64.117684,
            -31.450576
          ],
          [
            -64.117783,
            -31.450433
          ],
          [
            -64.118048,
            -31.450014
          ],
          [
            -64.118207,
            -31.4498
          ],
          [
            -64.118303,
            -31.449685
          ],
          [
            -64.118427,
            -31.449561
          ],
          [
            -64.118571,
            -31.449426
          ],
          [
            -64.118711,
            -31.449305
          ],
          [
            -64.119095,
            -31.449016
          ],
          [
            -64.119288,
            -31.448866
          ],
          [
            -64.119401,
            -31.448781
          ],
          [
            -64.11983,
            -31.448464
          ],
          [
            -64.119984,
            -31.448343
          ],
          [
            -64.120142,
            -31.448192
          ],
          [
            -64.120417,
            -31.447916
          ],
          [
            -64.120856,
            -31.4475
          ],
          [
            -64.121991,
            -31.446364
          ],
          [
            -64.122065,
            -31.446289
          ],
          [
            -64.122127,
            -31.446211
          ],
          [
            -64.122184,
            -31.446129
          ],
          [
            -64.12225,
            -31.446023
          ],
          [
            -64.122305,
            -31.445917
          ],
          [
            -64.122341,
            -31.445823
          ],
          [
            -64.122376,
            -31.445709
          ],
          [
            -64.122398,
            -31.445596
          ],
          [
            -64.122409,
            -31.445472
          ],
          [
            -64.12241,
            -31.445356
          ],
          [
            -64.122402,
            -31.445199
          ],
          [
            -64.122376,
            -31.444724
          ],
          [
            -64.12235,
            -31.444214
          ],
          [
            -64.12231,
            -31.443543
          ],
          [
            -64.122325,
            -31.443265
          ],
          [
            -64.122344,
            -31.443161
          ],
          [
            -64.122371,
            -31.443065
          ],
          [
            -64.122398,
            -31.442987
          ],
          [
            -64.122439,
            -31.442894
          ],
          [
            -64.122477,
            -31.442817
          ],
          [
            -64.122525,
            -31.442739
          ],
          [
            -64.122578,
            -31.442657
          ],
          [
            -64.122641,
            -31.442576
          ],
          [
            -64.122753,
            -31.442457
          ],
          [
            -64.122833,
            -31.442381
          ],
          [
            -64.122928,
            -31.442312
          ],
          [
            -64.122978,
            -31.442279
          ],
          [
            -64.123058,
            -31.442228
          ],
          [
            -64.123161,
            -31.442175
          ],
          [
            -64.123279,
            -31.44212
          ],
          [
            -64.123395,
            -31.442075
          ],
          [
            -64.123523,
            -31.442036
          ],
          [
            -64.123661,
            -31.442001
          ],
          [
            -64.123787,
            -31.441981
          ],
          [
            -64.123923,
            -31.441969
          ],
          [
            -64.124055,
            -31.441968
          ],
          [
            -64.124174,
            -31.44197
          ],
          [
            -64.124307,
            -31.441986
          ],
          [
            -64.124438,
            -31.442008
          ],
          [
            -64.124624,
            -31.442051
          ],
          [
            -64.125022,
            -31.442162
          ],
          [
            -64.125183,
            -31.442197
          ],
          [
            -64.125327,
            -31.442219
          ],
          [
            -64.125441,
            -31.442228
          ],
          [
            -64.125544,
            -31.44223
          ],
          [
            -64.125643,
            -31.442228
          ],
          [
            -64.125767,
            -31.442216
          ],
          [
            -64.125885,
            -31.442197
          ],
          [
            -64.125996,
            -31.44217
          ],
          [
            -64.126104,
            -31.442136
          ],
          [
            -64.126204,
            -31.442099
          ],
          [
            -64.126306,
            -31.442053
          ],
          [
            -64.126386,
            -31.442012
          ],
          [
            -64.126471,
            -31.441963
          ],
          [
            -64.126556,
            -31.441907
          ],
          [
            -64.126665,
            -31.441824
          ],
          [
            -64.126768,
            -31.441728
          ],
          [
            -64.126861,
            -31.441627
          ],
          [
            -64.12693,
            -31.441545
          ],
          [
            -64.126985,
            -31.441479
          ],
          [
            -64.127039,
            -31.441403
          ],
          [
            -64.127081,
            -31.441337
          ],
          [
            -64.127123,
            -31.441266
          ],
          [
            -64.127161,
            -31.441193
          ],
          [
            -64.127195,
            -31.441117
          ],
          [
            -64.12723,
            -31.441019
          ],
          [
            -64.127266,
            -31.440899
          ],
          [
            -64.127312,
            -31.440728
          ],
          [
            -64.127363,
            -31.44051
          ],
          [
            -64.127392,
            -31.4404
          ],
          [
            -64.127425,
            -31.440292
          ],
          [
            -64.127478,
            -31.440152
          ],
          [
            -64.127531,
            -31.440021
          ],
          [
            -64.127585,
            -31.439898
          ],
          [
            -64.127646,
            -31.439764
          ],
          [
            -64.127755,
            -31.43954
          ],
          [
            -64.127916,
            -31.439233
          ],
          [
            -64.128072,
            -31.438928
          ],
          [
            -64.128093,
            -31.438867
          ],
          [
            -64.128118,
            -31.438796
          ],
          [
            -64.128195,
            -31.438503
          ],
          [
            -64.128222,
            -31.438401
          ],
          [
            -64.128267,
            -31.438265
          ],
          [
            -64.128296,
            -31.438197
          ],
          [
            -64.128324,
            -31.438146
          ],
          [
            -64.128367,
            -31.438101
          ],
          [
            -64.12849,
            -31.437994
          ],
          [
            -64.128547,
            -31.437947
          ],
          [
            -64.128644,
            -31.437839
          ],
          [
            -64.128691,
            -31.437782
          ],
          [
            -64.128725,
            -31.437723
          ],
          [
            -64.128786,
            -31.4376
          ],
          [
            -64.128881,
            -31.437396
          ],
          [
            -64.128981,
            -31.437237
          ],
          [
            -64.129054,
            -31.43713
          ],
          [
            -64.129141,
            -31.437011
          ],
          [
            -64.12925,
            -31.436881
          ],
          [
            -64.129405,
            -31.436702
          ],
          [
            -64.129533,
            -31.436565
          ],
          [
            -64.129889,
            -31.436226
          ],
          [
            -64.130678,
            -31.435428
          ],
          [
            -64.130745,
            -31.435361
          ],
          [
            -64.131379,
            -31.434738
          ],
          [
            -64.13146,
            -31.434659
          ],
          [
            -64.131604,
            -31.43452
          ],
          [
            -64.131812,
            -31.434318
          ],
          [
            -64.132004,
            -31.434148
          ],
          [
            -64.132131,
            -31.434043
          ],
          [
            -64.132241,
            -31.43396
          ],
          [
            -64.132372,
            -31.433879
          ],
          [
            -64.132513,
            -31.433804
          ],
          [
            -64.132674,
            -31.433718
          ],
          [
            -64.133241,
            -31.433447
          ],
          [
            -64.13368,
            -31.433238
          ],
          [
            -64.133857,
            -31.433153
          ],
          [
            -64.134346,
            -31.432919
          ],
          [
            -64.134434,
            -31.432884
          ],
          [
            -64.134551,
            -31.43285
          ],
          [
            -64.134651,
            -31.432824
          ],
          [
            -64.135802,
            -31.432523
          ],
          [
            -64.136063,
            -31.432451
          ],
          [
            -64.136884,
            -31.432226
          ],
          [
            -64.136969,
            -31.432194
          ],
          [
            -64.137044,
            -31.432165
          ],
          [
            -64.137769,
            -31.431816
          ],
          [
            -64.137936,
            -31.431752
          ],
          [
            -64.138091,
            -31.431703
          ],
          [
            -64.13828,
            -31.43166
          ],
          [
            -64.138469,
            -31.431636
          ],
          [
            -64.138619,
            -31.431621
          ],
          [
            -64.138759,
            -31.431614
          ],
          [
            -64.138808,
            -31.431611
          ],
          [
            -64.138948,
            -31.431619
          ],
          [
            -64.139072,
            -31.431636
          ],
          [
            -64.139202,
            -31.431671
          ],
          [
            -64.139326,
            -31.431712
          ],
          [
            -64.139498,
            -31.431805
          ],
          [
            -64.139937,
            -31.432184
          ],
          [
            -64.140237,
            -31.432483
          ],
          [
            -64.140288,
            -31.432524
          ],
          [
            -64.140354,
            -31.432565
          ],
          [
            -64.140466,
            -31.432616
          ],
          [
            -64.140556,
            -31.432652
          ],
          [
            -64.140664,
            -31.432682
          ],
          [
            -64.141106,
            -31.432775
          ],
          [
            -64.141445,
            -31.432819
          ],
          [
            -64.141731,
            -31.432823
          ],
          [
            -64.142746,
            -31.432803
          ],
          [
            -64.143318,
            -31.432814
          ],
          [
            -64.143567,
            -31.432828
          ],
          [
            -64.1438,
            -31.432851
          ],
          [
            -64.144016,
            -31.432874
          ],
          [
            -64.14416,
            -31.432901
          ],
          [
            -64.144656,
            -31.433032
          ],
          [
            -64.14496,
            -31.433099
          ],
          [
            -64.14519,
            -31.433146
          ],
          [
            -64.145392,
            -31.433179
          ],
          [
            -64.145543,
            -31.433204
          ],
          [
            -64.145681,
            -31.433221
          ],
          [
            -64.145811,
            -31.433233
          ],
          [
            -64.14591,
            -31.43324
          ],
          [
            -64.146099,
            -31.43325
          ],
          [
            -64.146275,
            -31.433257
          ],
          [
            -64.147077,
            -31.433251
          ],
          [
            -64.147383,
            -31.433249
          ],
          [
            -64.147544,
            -31.43325
          ],
          [
            -64.148072,
            -31.433253
          ],
          [
            -64.148307,
            -31.433255
          ],
          [
            -64.148426,
            -31.433256
          ],
          [
            -64.148501,
            -31.433256
          ],
          [
            -64.148592,
            -31.433256
          ],
          [
            -64.149626,
            -31.433257
          ],
          [
            -64.149953,
            -31.433257
          ],
          [
            -64.150087,
            -31.433249
          ],
          [
            -64.150205,
            -31.43323
          ],
          [
            -64.150711,
            -31.433131
          ],
          [
            -64.150858,
            -31.433113
          ],
          [
            -64.150989,
            -31.433098
          ],
          [
            -64.151235,
            -31.433072
          ],
          [
            -64.151502,
            -31.433053
          ],
          [
            -64.151672,
            -31.433046
          ],
          [
            -64.151832,
            -31.43304
          ],
          [
            -64.153013,
            -31.433052
          ],
          [
            -64.154139,
            -31.433047
          ],
          [
            -64.155463,
            -31.433044
          ],
          [
            -64.156185,
            -31.433043
          ],
          [
            -64.156754,
            -31.433042
          ],
          [
            -64.157146,
            -31.433035
          ],
          [
            -64.158757,
            -31.433038
          ],
          [
            -64.159772,
            -31.433062
          ],
          [
            -64.160113,
            -31.433062
          ],
          [
            -64.160304,
            -31.433057
          ],
          [
            -64.160494,
            -31.433042
          ],
          [
            -64.160717,
            -31.433014
          ],
          [
            -64.160906,
            -31.432989
          ],
          [
            -64.161094,
            -31.432954
          ],
          [
            -64.161392,
            -31.432878
          ],
          [
            -64.161506,
            -31.432841
          ],
          [
            -64.161705,
            -31.432776
          ],
          [
            -64.161884,
            -31.432713
          ],
          [
            -64.162088,
            -31.432626
          ],
          [
            -64.16227,
            -31.432542
          ],
          [
            -64.16311,
            -31.432082
          ],
          [
            -64.163381,
            -31.431933
          ],
          [
            -64.163693,
            -31.431762
          ],
          [
            -64.163898,
            -31.431656
          ],
          [
            -64.164122,
            -31.43154
          ],
          [
            -64.164282,
            -31.43147
          ],
          [
            -64.164505,
            -31.431378
          ],
          [
            -64.164719,
            -31.431294
          ],
          [
            -64.165003,
            -31.431213
          ],
          [
            -64.165169,
            -31.431172
          ],
          [
            -64.165356,
            -31.431132
          ],
          [
            -64.165639,
            -31.431087
          ],
          [
            -64.166364,
            -31.430964
          ],
          [
            -64.166859,
            -31.430856
          ],
          [
            -64.167016,
            -31.430815
          ],
          [
            -64.167219,
            -31.430756
          ],
          [
            -64.167464,
            -31.430679
          ],
          [
            -64.167562,
            -31.430644
          ],
          [
            -64.167723,
            -31.430581
          ],
          [
            -64.167823,
            -31.430541
          ],
          [
            -64.168149,
            -31.430396
          ],
          [
            -64.169074,
            -31.429933
          ],
          [
            -64.16941,
            -31.429766
          ],
          [
            -64.169499,
            -31.429715
          ],
          [
            -64.169571,
            -31.429668
          ],
          [
            -64.169949,
            -31.429393
          ],
          [
            -64.170085,
            -31.42927
          ],
          [
            -64.170208,
            -31.429155
          ],
          [
            -64.170661,
            -31.428681
          ],
          [
            -64.171112,
            -31.428201
          ],
          [
            -64.171415,
            -31.427895
          ],
          [
            -64.171577,
            -31.427733
          ],
          [
            -64.171664,
            -31.427636
          ],
          [
            -64.171768,
            -31.427531
          ],
          [
            -64.171952,
            -31.427347
          ],
          [
            -64.172051,
            -31.427248
          ],
          [
            -64.172232,
            -31.427067
          ],
          [
            -64.172823,
            -31.426481
          ],
          [
            -64.173023,
            -31.426288
          ],
          [
            -64.17363,
            -31.42569
          ],
          [
            -64.173962,
            -31.425359
          ],
          [
            -64.174126,
            -31.425195
          ],
          [
            -64.174333,
            -31.424975
          ],
          [
            -64.17439,
            -31.424913
          ],
          [
            -64.174546,
            -31.424738
          ],
          [
            -64.174613,
            -31.424663
          ],
          [
            -64.174672,
            -31.424607
          ],
          [
            -64.174792,
            -31.424495
          ],
          [
            -64.174942,
            -31.424368
          ],
          [
            -64.174997,
            -31.424309
          ],
          [
            -64.175271,
            -31.424
          ],
          [
            -64.175521,
            -31.42373
          ],
          [
            -64.175607,
            -31.423637
          ],
          [
            -64.175695,
            -31.423568
          ],
          [
            -64.175765,
            -31.423526
          ],
          [
            -64.175856,
            -31.423478
          ],
          [
            -64.175932,
            -31.423446
          ],
          [
            -64.175996,
            -31.423425
          ],
          [
            -64.176361,
            -31.423324
          ],
          [
            -64.176741,
            -31.423226
          ],
          [
            -64.177859,
            -31.422944
          ],
          [
            -64.179313,
            -31.422566
          ],
          [
            -64.180685,
            -31.422206
          ],
          [
            -64.181908,
            -31.421886
          ],
          [
            -64.181933,
            -31.42188
          ],
          [
            -64.182055,
            -31.421848
          ],
          [
            -64.183332,
            -31.421513
          ],
          [
            -64.183646,
            -31.421431
          ],
          [
            -64.184303,
            -31.421259
          ],
          [
            -64.184705,
            -31.421154
          ],
          [
            -64.186053,
            -31.420801
          ],
          [
            -64.186264,
            -31.420749
          ],
          [
            -64.187394,
            -31.420469
          ],
          [
            -64.187439,
            -31.420456
          ],
          [
            -64.187877,
            -31.420332
          ],
          [
            -64.188038,
            -31.420286
          ],
          [
            -64.188169,
            -31.420245
          ],
          [
            -64.188208,
            -31.420233
          ],
          [
            -64.188297,
            -31.420206
          ],
          [
            -64.188431,
            -31.42015
          ],
          [
            -64.188553,
            -31.4201
          ],
          [
            -64.188617,
            -31.420073
          ],
          [
            -64.188664,
            -31.420053
          ],
          [
            -64.188709,
            -31.420032
          ],
          [
            -64.188708,
            -31.420086
          ],
          [
            -64.188709,
            -31.420103
          ]
        ]
      }
    },
    {
      "type": "Feature",
      "id": "route-cordoba-2026-08-28-v3-05",
      "properties": {
        "truckId": "vehicle-05",
        "waypointDistancesKm": [
          0,
          0.9516603086837337,
          3.8184739889764936,
          5.820933734305139,
          6.898877529799701,
          8.439273936222689,
          9.456167665063312,
          10.76327863428718,
          14.891210910028429,
          24.690212099043134
        ]
      },
      "geometry": {
        "type": "LineString",
        "coordinates": [
          [
            -64.188709,
            -31.420109
          ],
          [
            -64.18871,
            -31.420127
          ],
          [
            -64.188717,
            -31.420178
          ],
          [
            -64.188727,
            -31.42023
          ],
          [
            -64.188737,
            -31.420284
          ],
          [
            -64.188734,
            -31.420338
          ],
          [
            -64.188686,
            -31.420476
          ],
          [
            -64.188614,
            -31.420637
          ],
          [
            -64.188602,
            -31.420666
          ],
          [
            -64.188216,
            -31.421509
          ],
          [
            -64.188139,
            -31.421536
          ],
          [
            -64.187971,
            -31.421596
          ],
          [
            -64.187883,
            -31.421621
          ],
          [
            -64.186582,
            -31.422025
          ],
          [
            -64.187051,
            -31.423184
          ],
          [
            -64.187348,
            -31.423089
          ],
          [
            -64.187455,
            -31.423057
          ],
          [
            -64.18837,
            -31.422766
          ],
          [
            -64.189743,
            -31.422336
          ],
          [
            -64.190227,
            -31.423525
          ],
          [
            -64.1895,
            -31.423735
          ],
          [
            -64.188861,
            -31.42392
          ],
          [
            -64.187836,
            -31.424227
          ],
          [
            -64.187532,
            -31.424318
          ],
          [
            -64.18803,
            -31.425456
          ],
          [
            -64.188043,
            -31.425489
          ],
          [
            -64.188058,
            -31.425523
          ],
          [
            -64.188566,
            -31.426674
          ],
          [
            -64.188835,
            -31.427327
          ],
          [
            -64.189333,
            -31.428574
          ],
          [
            -64.189351,
            -31.428612
          ],
          [
            -64.189536,
            -31.429017
          ],
          [
            -64.189748,
            -31.429515
          ],
          [
            -64.189859,
            -31.429768
          ],
          [
            -64.190335,
            -31.430949
          ],
          [
            -64.190402,
            -31.431119
          ],
          [
            -64.191504,
            -31.431624
          ],
          [
            -64.192207,
            -31.43194
          ],
          [
            -64.192899,
            -31.43228
          ],
          [
            -64.193066,
            -31.432345
          ],
          [
            -64.193218,
            -31.432405
          ],
          [
            -64.193625,
            -31.432571
          ],
          [
            -64.193639,
            -31.432575
          ],
          [
            -64.193688,
            -31.432588
          ],
          [
            -64.193774,
            -31.432598
          ],
          [
            -64.193815,
            -31.432577
          ],
          [
            -64.193903,
            -31.432536
          ],
          [
            -64.193957,
            -31.432523
          ],
          [
            -64.19402,
            -31.432507
          ],
          [
            -64.194157,
            -31.43249
          ],
          [
            -64.194317,
            -31.432506
          ],
          [
            -64.194467,
            -31.432554
          ],
          [
            -64.194567,
            -31.432611
          ],
          [
            -64.194653,
            -31.432682
          ],
          [
            -64.194736,
            -31.432787
          ],
          [
            -64.194772,
            -31.432867
          ],
          [
            -64.194789,
            -31.432906
          ],
          [
            -64.194809,
            -31.433031
          ],
          [
            -64.194802,
            -31.433092
          ],
          [
            -64.194794,
            -31.433157
          ],
          [
            -64.194746,
            -31.433277
          ],
          [
            -64.194667,
            -31.433385
          ],
          [
            -64.194562,
            -31.433474
          ],
          [
            -64.194518,
            -31.433625
          ],
          [
            -64.194504,
            -31.433723
          ],
          [
            -64.194507,
            -31.433773
          ],
          [
            -64.194523,
            -31.433838
          ],
          [
            -64.194538,
            -31.433878
          ],
          [
            -64.194583,
            -31.433965
          ],
          [
            -64.194643,
            -31.434069
          ],
          [
            -64.194717,
            -31.434186
          ],
          [
            -64.194745,
            -31.434245
          ],
          [
            -64.194954,
            -31.43481
          ],
          [
            -64.195151,
            -31.435342
          ],
          [
            -64.19525,
            -31.435608
          ],
          [
            -64.195704,
            -31.436449
          ],
          [
            -64.19619,
            -31.437565
          ],
          [
            -64.196455,
            -31.438189
          ],
          [
            -64.19692,
            -31.439288
          ],
          [
            -64.197289,
            -31.440153
          ],
          [
            -64.196849,
            -31.440283
          ],
          [
            -64.196709,
            -31.440326
          ],
          [
            -64.196607,
            -31.440357
          ],
          [
            -64.196321,
            -31.439474
          ],
          [
            -64.196168,
            -31.439002
          ],
          [
            -64.195995,
            -31.439042
          ],
          [
            -64.195909,
            -31.439062
          ],
          [
            -64.195741,
            -31.439033
          ],
          [
            -64.195603,
            -31.439033
          ],
          [
            -64.195562,
            -31.439072
          ],
          [
            -64.195512,
            -31.43919
          ],
          [
            -64.195494,
            -31.439284
          ],
          [
            -64.195506,
            -31.43932
          ],
          [
            -64.195559,
            -31.439476
          ],
          [
            -64.19561,
            -31.439626
          ],
          [
            -64.195663,
            -31.439783
          ],
          [
            -64.195699,
            -31.439893
          ],
          [
            -64.194736,
            -31.440117
          ],
          [
            -64.194441,
            -31.440188
          ],
          [
            -64.194397,
            -31.440197
          ],
          [
            -64.194253,
            -31.440225
          ],
          [
            -64.194207,
            -31.440196
          ],
          [
            -64.193831,
            -31.438995
          ],
          [
            -64.193917,
            -31.438958
          ],
          [
            -64.194009,
            -31.438948
          ],
          [
            -64.194283,
            -31.438918
          ],
          [
            -64.195217,
            -31.43885
          ],
          [
            -64.195443,
            -31.438866
          ],
          [
            -64.195477,
            -31.438903
          ],
          [
            -64.195538,
            -31.438904
          ],
          [
            -64.195589,
            -31.438933
          ],
          [
            -64.195603,
            -31.438961
          ],
          [
            -64.195741,
            -31.439033
          ],
          [
            -64.195909,
            -31.439062
          ],
          [
            -64.195995,
            -31.439042
          ],
          [
            -64.196168,
            -31.439002
          ],
          [
            -64.195954,
            -31.438343
          ],
          [
            -64.19582,
            -31.437935
          ],
          [
            -64.195438,
            -31.436768
          ],
          [
            -64.195337,
            -31.436708
          ],
          [
            -64.195236,
            -31.436671
          ],
          [
            -64.195147,
            -31.436663
          ],
          [
            -64.195042,
            -31.436672
          ],
          [
            -64.194002,
            -31.437012
          ],
          [
            -64.19354,
            -31.437162
          ],
          [
            -64.193475,
            -31.437183
          ],
          [
            -64.19334,
            -31.437228
          ],
          [
            -64.192709,
            -31.437434
          ],
          [
            -64.192685,
            -31.437442
          ],
          [
            -64.192514,
            -31.437497
          ],
          [
            -64.192494,
            -31.437504
          ],
          [
            -64.192421,
            -31.437521
          ],
          [
            -64.192445,
            -31.437609
          ],
          [
            -64.192501,
            -31.437813
          ],
          [
            -64.192511,
            -31.437874
          ],
          [
            -64.19252,
            -31.437954
          ],
          [
            -64.192529,
            -31.438119
          ],
          [
            -64.19252,
            -31.438233
          ],
          [
            -64.192515,
            -31.438269
          ],
          [
            -64.192502,
            -31.438381
          ],
          [
            -64.192466,
            -31.438532
          ],
          [
            -64.192441,
            -31.438621
          ],
          [
            -64.192431,
            -31.438687
          ],
          [
            -64.19242,
            -31.438842
          ],
          [
            -64.192428,
            -31.438869
          ],
          [
            -64.192429,
            -31.438896
          ],
          [
            -64.192422,
            -31.438923
          ],
          [
            -64.192409,
            -31.438947
          ],
          [
            -64.192406,
            -31.43902
          ],
          [
            -64.19241,
            -31.439091
          ],
          [
            -64.192434,
            -31.439176
          ],
          [
            -64.192497,
            -31.439365
          ],
          [
            -64.192711,
            -31.439949
          ],
          [
            -64.1928,
            -31.440167
          ],
          [
            -64.192863,
            -31.440326
          ],
          [
            -64.192956,
            -31.440561
          ],
          [
            -64.192994,
            -31.440649
          ],
          [
            -64.193081,
            -31.440815
          ],
          [
            -64.19312,
            -31.440887
          ],
          [
            -64.193165,
            -31.440969
          ],
          [
            -64.193258,
            -31.441133
          ],
          [
            -64.193429,
            -31.441414
          ],
          [
            -64.193842,
            -31.442122
          ],
          [
            -64.193966,
            -31.442325
          ],
          [
            -64.194024,
            -31.44242
          ],
          [
            -64.19407,
            -31.442496
          ],
          [
            -64.194264,
            -31.442813
          ],
          [
            -64.194361,
            -31.442979
          ],
          [
            -64.194409,
            -31.443057
          ],
          [
            -64.194464,
            -31.44314
          ],
          [
            -64.194511,
            -31.44321
          ],
          [
            -64.194577,
            -31.44328
          ],
          [
            -64.194588,
            -31.443288
          ],
          [
            -64.194613,
            -31.443312
          ],
          [
            -64.194627,
            -31.443342
          ],
          [
            -64.194629,
            -31.443374
          ],
          [
            -64.194618,
            -31.443406
          ],
          [
            -64.194596,
            -31.443432
          ],
          [
            -64.194566,
            -31.443451
          ],
          [
            -64.194529,
            -31.44346
          ],
          [
            -64.194459,
            -31.443449
          ],
          [
            -64.193696,
            -31.443329
          ],
          [
            -64.193522,
            -31.44331
          ],
          [
            -64.192111,
            -31.443148
          ],
          [
            -64.191982,
            -31.443132
          ],
          [
            -64.192008,
            -31.443024
          ],
          [
            -64.19203,
            -31.442936
          ],
          [
            -64.192055,
            -31.442839
          ],
          [
            -64.192064,
            -31.442801
          ],
          [
            -64.192069,
            -31.442781
          ],
          [
            -64.192073,
            -31.442762
          ],
          [
            -64.192194,
            -31.442775
          ],
          [
            -64.192389,
            -31.442797
          ],
          [
            -64.192435,
            -31.442519
          ],
          [
            -64.192389,
            -31.442797
          ],
          [
            -64.192194,
            -31.442775
          ],
          [
            -64.192163,
            -31.44293
          ],
          [
            -64.192138,
            -31.443034
          ],
          [
            -64.192111,
            -31.443148
          ],
          [
            -64.193522,
            -31.44331
          ],
          [
            -64.193696,
            -31.443329
          ],
          [
            -64.193979,
            -31.443344
          ],
          [
            -64.194051,
            -31.443343
          ],
          [
            -64.194177,
            -31.443326
          ],
          [
            -64.194253,
            -31.443313
          ],
          [
            -64.194324,
            -31.443282
          ],
          [
            -64.194427,
            -31.443299
          ],
          [
            -64.194438,
            -31.443289
          ],
          [
            -64.19446,
            -31.443277
          ],
          [
            -64.19449,
            -31.443267
          ],
          [
            -64.19452,
            -31.443265
          ],
          [
            -64.19455,
            -31.443269
          ],
          [
            -64.194577,
            -31.44328
          ],
          [
            -64.194588,
            -31.443288
          ],
          [
            -64.194613,
            -31.443312
          ],
          [
            -64.194627,
            -31.443342
          ],
          [
            -64.194629,
            -31.443374
          ],
          [
            -64.194618,
            -31.443406
          ],
          [
            -64.194596,
            -31.443432
          ],
          [
            -64.194566,
            -31.443451
          ],
          [
            -64.194529,
            -31.44346
          ],
          [
            -64.194459,
            -31.443449
          ],
          [
            -64.193696,
            -31.443329
          ],
          [
            -64.193522,
            -31.44331
          ],
          [
            -64.193484,
            -31.443422
          ],
          [
            -64.193473,
            -31.443467
          ],
          [
            -64.193447,
            -31.443617
          ],
          [
            -64.190001,
            -31.443194
          ],
          [
            -64.189989,
            -31.444004
          ],
          [
            -64.189979,
            -31.444631
          ],
          [
            -64.190267,
            -31.444646
          ],
          [
            -64.190994,
            -31.444648
          ],
          [
            -64.191017,
            -31.444665
          ],
          [
            -64.191017,
            -31.445141
          ],
          [
            -64.191028,
            -31.445215
          ],
          [
            -64.191149,
            -31.445811
          ],
          [
            -64.191267,
            -31.4464
          ],
          [
            -64.191983,
            -31.446257
          ],
          [
            -64.192021,
            -31.446249
          ],
          [
            -64.192226,
            -31.44621
          ],
          [
            -64.193988,
            -31.445848
          ],
          [
            -64.194426,
            -31.445767
          ],
          [
            -64.194821,
            -31.445698
          ],
          [
            -64.195263,
            -31.445623
          ],
          [
            -64.19528,
            -31.44562
          ],
          [
            -64.195891,
            -31.445515
          ],
          [
            -64.196332,
            -31.445437
          ],
          [
            -64.196763,
            -31.445362
          ],
          [
            -64.196922,
            -31.445917
          ],
          [
            -64.1971,
            -31.446536
          ],
          [
            -64.197754,
            -31.446416
          ],
          [
            -64.198535,
            -31.446271
          ],
          [
            -64.198151,
            -31.445121
          ],
          [
            -64.198093,
            -31.445084
          ],
          [
            -64.19806,
            -31.445051
          ],
          [
            -64.198037,
            -31.444998
          ],
          [
            -64.197714,
            -31.444171
          ],
          [
            -64.197691,
            -31.444142
          ],
          [
            -64.197648,
            -31.44412
          ],
          [
            -64.194713,
            -31.443766
          ],
          [
            -64.194587,
            -31.443751
          ],
          [
            -64.194455,
            -31.443736
          ],
          [
            -64.193447,
            -31.443617
          ],
          [
            -64.193453,
            -31.443683
          ],
          [
            -64.193835,
            -31.445194
          ],
          [
            -64.193981,
            -31.44578
          ],
          [
            -64.193988,
            -31.445848
          ],
          [
            -64.194055,
            -31.44634
          ],
          [
            -64.194064,
            -31.446398
          ],
          [
            -64.194138,
            -31.446915
          ],
          [
            -64.194146,
            -31.446968
          ],
          [
            -64.194306,
            -31.447952
          ],
          [
            -64.194314,
            -31.448033
          ],
          [
            -64.194396,
            -31.448977
          ],
          [
            -64.194443,
            -31.449496
          ],
          [
            -64.194464,
            -31.449754
          ],
          [
            -64.19455,
            -31.450539
          ],
          [
            -64.195756,
            -31.45029
          ],
          [
            -64.19634,
            -31.45017
          ],
          [
            -64.19659,
            -31.451063
          ],
          [
            -64.196877,
            -31.452088
          ],
          [
            -64.197072,
            -31.452825
          ],
          [
            -64.197301,
            -31.453701
          ],
          [
            -64.198938,
            -31.453381
          ],
          [
            -64.200656,
            -31.453048
          ],
          [
            -64.200701,
            -31.453039
          ],
          [
            -64.200775,
            -31.453024
          ],
          [
            -64.200789,
            -31.453085
          ],
          [
            -64.200933,
            -31.453755
          ],
          [
            -64.201061,
            -31.454348
          ],
          [
            -64.201204,
            -31.454958
          ],
          [
            -64.201217,
            -31.455041
          ],
          [
            -64.201227,
            -31.455125
          ],
          [
            -64.201227,
            -31.45519
          ],
          [
            -64.201823,
            -31.455066
          ],
          [
            -64.201979,
            -31.455615
          ],
          [
            -64.203031,
            -31.455409
          ],
          [
            -64.202968,
            -31.455186
          ],
          [
            -64.20293,
            -31.455052
          ],
          [
            -64.202873,
            -31.454847
          ],
          [
            -64.202358,
            -31.454954
          ],
          [
            -64.201823,
            -31.455066
          ],
          [
            -64.201227,
            -31.45519
          ],
          [
            -64.201225,
            -31.455274
          ],
          [
            -64.201209,
            -31.455363
          ],
          [
            -64.201183,
            -31.455453
          ],
          [
            -64.20093,
            -31.4562
          ],
          [
            -64.200822,
            -31.456515
          ],
          [
            -64.200712,
            -31.456824
          ],
          [
            -64.200691,
            -31.456894
          ],
          [
            -64.200675,
            -31.456966
          ],
          [
            -64.20066,
            -31.457052
          ],
          [
            -64.200657,
            -31.45714
          ],
          [
            -64.200663,
            -31.457221
          ],
          [
            -64.200675,
            -31.457289
          ],
          [
            -64.200691,
            -31.457364
          ],
          [
            -64.200855,
            -31.457955
          ],
          [
            -64.200977,
            -31.45842
          ],
          [
            -64.201097,
            -31.458887
          ],
          [
            -64.201209,
            -31.459305
          ],
          [
            -64.201529,
            -31.460485
          ],
          [
            -64.201545,
            -31.460546
          ],
          [
            -64.201559,
            -31.460598
          ],
          [
            -64.201848,
            -31.461655
          ],
          [
            -64.202021,
            -31.46233
          ],
          [
            -64.202142,
            -31.462717
          ],
          [
            -64.202189,
            -31.462828
          ],
          [
            -64.202282,
            -31.463008
          ],
          [
            -64.202335,
            -31.463024
          ],
          [
            -64.202382,
            -31.463052
          ],
          [
            -64.202419,
            -31.463088
          ],
          [
            -64.202443,
            -31.463132
          ],
          [
            -64.202452,
            -31.463167
          ],
          [
            -64.202452,
            -31.463203
          ],
          [
            -64.202448,
            -31.463228
          ],
          [
            -64.202429,
            -31.463274
          ],
          [
            -64.202396,
            -31.463313
          ],
          [
            -64.202383,
            -31.463425
          ],
          [
            -64.202383,
            -31.463445
          ],
          [
            -64.202384,
            -31.463536
          ],
          [
            -64.202463,
            -31.463864
          ],
          [
            -64.202585,
            -31.464314
          ],
          [
            -64.202795,
            -31.465074
          ],
          [
            -64.202944,
            -31.465642
          ],
          [
            -64.203175,
            -31.466503
          ],
          [
            -64.203795,
            -31.468761
          ],
          [
            -64.203868,
            -31.469029
          ],
          [
            -64.203939,
            -31.46927
          ],
          [
            -64.204036,
            -31.46967
          ],
          [
            -64.204111,
            -31.469983
          ],
          [
            -64.204128,
            -31.470049
          ],
          [
            -64.204307,
            -31.470734
          ],
          [
            -64.204493,
            -31.471424
          ],
          [
            -64.20452,
            -31.471552
          ],
          [
            -64.204537,
            -31.471648
          ],
          [
            -64.204543,
            -31.471724
          ],
          [
            -64.20454,
            -31.471819
          ],
          [
            -64.204528,
            -31.471908
          ],
          [
            -64.204509,
            -31.472004
          ],
          [
            -64.204485,
            -31.472109
          ],
          [
            -64.204447,
            -31.472205
          ],
          [
            -64.204404,
            -31.472299
          ],
          [
            -64.204355,
            -31.472378
          ],
          [
            -64.204314,
            -31.472433
          ],
          [
            -64.204292,
            -31.472461
          ],
          [
            -64.204271,
            -31.472487
          ],
          [
            -64.20422,
            -31.472545
          ],
          [
            -64.204092,
            -31.472679
          ],
          [
            -64.204077,
            -31.472695
          ],
          [
            -64.203611,
            -31.473144
          ],
          [
            -64.203132,
            -31.473602
          ],
          [
            -64.20306,
            -31.473679
          ],
          [
            -64.202995,
            -31.473751
          ],
          [
            -64.202891,
            -31.473887
          ],
          [
            -64.202814,
            -31.474002
          ],
          [
            -64.202747,
            -31.474119
          ],
          [
            -64.202682,
            -31.47425
          ],
          [
            -64.202658,
            -31.474318
          ],
          [
            -64.202635,
            -31.474386
          ],
          [
            -64.202599,
            -31.474518
          ],
          [
            -64.202579,
            -31.474603
          ],
          [
            -64.202559,
            -31.474758
          ],
          [
            -64.202547,
            -31.474902
          ],
          [
            -64.202538,
            -31.475058
          ],
          [
            -64.20254,
            -31.475175
          ],
          [
            -64.20255,
            -31.475314
          ],
          [
            -64.202599,
            -31.476101
          ],
          [
            -64.202668,
            -31.477496
          ],
          [
            -64.202709,
            -31.478274
          ],
          [
            -64.202754,
            -31.4788
          ],
          [
            -64.202809,
            -31.47986
          ],
          [
            -64.202814,
            -31.479934
          ],
          [
            -64.202822,
            -31.480003
          ],
          [
            -64.202831,
            -31.480054
          ],
          [
            -64.202853,
            -31.480169
          ],
          [
            -64.202965,
            -31.48062
          ],
          [
            -64.202993,
            -31.480721
          ],
          [
            -64.20314,
            -31.481262
          ],
          [
            -64.203259,
            -31.481677
          ],
          [
            -64.203385,
            -31.482121
          ],
          [
            -64.203553,
            -31.482587
          ],
          [
            -64.203612,
            -31.482747
          ],
          [
            -64.203973,
            -31.483677
          ],
          [
            -64.204039,
            -31.483668
          ],
          [
            -64.204827,
            -31.483653
          ],
          [
            -64.205466,
            -31.483642
          ],
          [
            -64.206102,
            -31.483633
          ],
          [
            -64.206728,
            -31.483621
          ],
          [
            -64.207351,
            -31.483605
          ],
          [
            -64.207841,
            -31.483595
          ],
          [
            -64.207989,
            -31.483592
          ],
          [
            -64.208629,
            -31.483582
          ],
          [
            -64.208652,
            -31.48461
          ],
          [
            -64.209273,
            -31.484601
          ],
          [
            -64.209269,
            -31.484346
          ],
          [
            -64.209255,
            -31.483572
          ],
          [
            -64.208629,
            -31.483582
          ],
          [
            -64.207989,
            -31.483592
          ],
          [
            -64.207841,
            -31.483595
          ],
          [
            -64.207351,
            -31.483605
          ],
          [
            -64.206728,
            -31.483621
          ],
          [
            -64.206102,
            -31.483633
          ],
          [
            -64.205466,
            -31.483642
          ],
          [
            -64.204827,
            -31.483653
          ],
          [
            -64.204039,
            -31.483668
          ],
          [
            -64.203973,
            -31.483677
          ],
          [
            -64.203903,
            -31.48369
          ],
          [
            -64.203531,
            -31.482768
          ],
          [
            -64.203354,
            -31.482306
          ],
          [
            -64.203279,
            -31.482079
          ],
          [
            -64.203172,
            -31.481692
          ],
          [
            -64.203045,
            -31.481265
          ],
          [
            -64.202898,
            -31.480723
          ],
          [
            -64.202872,
            -31.48063
          ],
          [
            -64.202766,
            -31.480208
          ],
          [
            -64.20275,
            -31.480137
          ],
          [
            -64.202737,
            -31.480045
          ],
          [
            -64.202725,
            -31.479938
          ],
          [
            -64.202716,
            -31.479822
          ],
          [
            -64.202709,
            -31.479587
          ],
          [
            -64.202676,
            -31.478958
          ],
          [
            -64.202641,
            -31.478384
          ],
          [
            -64.202629,
            -31.478312
          ],
          [
            -64.202627,
            -31.47827
          ],
          [
            -64.202603,
            -31.477619
          ],
          [
            -64.2026,
            -31.4775
          ],
          [
            -64.202585,
            -31.477041
          ],
          [
            -64.202534,
            -31.476102
          ],
          [
            -64.202479,
            -31.475176
          ],
          [
            -64.202474,
            -31.475058
          ],
          [
            -64.202472,
            -31.475005
          ],
          [
            -64.202471,
            -31.474994
          ],
          [
            -64.202473,
            -31.474859
          ],
          [
            -64.20248,
            -31.474768
          ],
          [
            -64.202488,
            -31.474686
          ],
          [
            -64.202508,
            -31.474582
          ],
          [
            -64.202527,
            -31.474494
          ],
          [
            -64.202549,
            -31.474398
          ],
          [
            -64.202581,
            -31.474309
          ],
          [
            -64.202623,
            -31.474223
          ],
          [
            -64.202655,
            -31.474154
          ],
          [
            -64.202714,
            -31.474036
          ],
          [
            -64.202787,
            -31.473913
          ],
          [
            -64.20284,
            -31.473833
          ],
          [
            -64.202906,
            -31.473744
          ],
          [
            -64.203003,
            -31.473638
          ],
          [
            -64.203079,
            -31.473561
          ],
          [
            -64.203307,
            -31.473335
          ],
          [
            -64.204047,
            -31.472623
          ],
          [
            -64.204149,
            -31.472517
          ],
          [
            -64.204211,
            -31.472444
          ],
          [
            -64.204291,
            -31.472336
          ],
          [
            -64.204353,
            -31.472213
          ],
          [
            -64.204403,
            -31.472088
          ],
          [
            -64.204435,
            -31.471988
          ],
          [
            -64.204457,
            -31.47189
          ],
          [
            -64.20447,
            -31.471798
          ],
          [
            -64.20447,
            -31.471716
          ],
          [
            -64.204464,
            -31.471627
          ],
          [
            -64.20445,
            -31.471539
          ],
          [
            -64.204425,
            -31.471438
          ],
          [
            -64.20414,
            -31.470381
          ],
          [
            -64.204021,
            -31.469905
          ],
          [
            -64.204008,
            -31.469852
          ],
          [
            -64.203976,
            -31.469757
          ],
          [
            -64.203894,
            -31.469515
          ],
          [
            -64.203833,
            -31.469298
          ],
          [
            -64.203768,
            -31.469052
          ],
          [
            -64.203693,
            -31.468784
          ],
          [
            -64.203614,
            -31.468503
          ],
          [
            -64.203066,
            -31.466515
          ],
          [
            -64.202834,
            -31.465663
          ],
          [
            -64.202688,
            -31.465096
          ],
          [
            -64.202485,
            -31.464344
          ],
          [
            -64.202399,
            -31.464041
          ],
          [
            -64.20224,
            -31.463485
          ],
          [
            -64.20219,
            -31.463403
          ],
          [
            -64.202136,
            -31.463352
          ],
          [
            -64.20209,
            -31.463325
          ],
          [
            -64.202054,
            -31.463288
          ],
          [
            -64.20203,
            -31.463244
          ],
          [
            -64.20202,
            -31.463197
          ],
          [
            -64.202025,
            -31.463149
          ],
          [
            -64.202044,
            -31.463104
          ],
          [
            -64.202076,
            -31.463064
          ],
          [
            -64.202093,
            -31.462989
          ],
          [
            -64.202071,
            -31.46284
          ],
          [
            -64.201995,
            -31.462854
          ],
          [
            -64.201677,
            -31.462897
          ],
          [
            -64.2014,
            -31.462951
          ],
          [
            -64.200724,
            -31.463087
          ],
          [
            -64.200099,
            -31.463208
          ],
          [
            -64.199461,
            -31.463334
          ],
          [
            -64.198829,
            -31.463459
          ],
          [
            -64.198119,
            -31.463599
          ],
          [
            -64.19793,
            -31.462897
          ],
          [
            -64.197903,
            -31.462803
          ],
          [
            -64.197652,
            -31.46188
          ],
          [
            -64.19751,
            -31.461362
          ],
          [
            -64.197392,
            -31.460926
          ],
          [
            -64.197173,
            -31.460121
          ],
          [
            -64.19703,
            -31.459595
          ],
          [
            -64.196836,
            -31.458882
          ],
          [
            -64.196809,
            -31.458784
          ],
          [
            -64.196711,
            -31.458425
          ],
          [
            -64.1967,
            -31.458383
          ],
          [
            -64.196555,
            -31.45785
          ],
          [
            -64.196337,
            -31.457053
          ],
          [
            -64.196254,
            -31.456748
          ],
          [
            -64.196114,
            -31.456234
          ],
          [
            -64.195925,
            -31.455522
          ],
          [
            -64.195799,
            -31.455088
          ],
          [
            -64.195523,
            -31.45406
          ],
          [
            -64.195273,
            -31.453185
          ],
          [
            -64.195068,
            -31.452468
          ],
          [
            -64.194915,
            -31.451935
          ],
          [
            -64.194784,
            -31.451428
          ],
          [
            -64.19455,
            -31.450539
          ],
          [
            -64.194464,
            -31.449754
          ],
          [
            -64.194443,
            -31.449496
          ],
          [
            -64.194396,
            -31.448977
          ],
          [
            -64.194314,
            -31.448033
          ],
          [
            -64.194306,
            -31.447952
          ],
          [
            -64.194146,
            -31.446968
          ],
          [
            -64.194138,
            -31.446915
          ],
          [
            -64.194064,
            -31.446398
          ],
          [
            -64.194055,
            -31.44634
          ],
          [
            -64.193988,
            -31.445848
          ],
          [
            -64.193981,
            -31.44578
          ],
          [
            -64.193835,
            -31.445194
          ],
          [
            -64.193453,
            -31.443683
          ],
          [
            -64.193447,
            -31.443617
          ],
          [
            -64.193473,
            -31.443467
          ],
          [
            -64.193484,
            -31.443422
          ],
          [
            -64.193522,
            -31.44331
          ],
          [
            -64.192111,
            -31.443148
          ],
          [
            -64.191982,
            -31.443132
          ],
          [
            -64.190327,
            -31.442935
          ],
          [
            -64.189985,
            -31.442894
          ],
          [
            -64.188131,
            -31.442674
          ],
          [
            -64.187811,
            -31.442636
          ],
          [
            -64.187592,
            -31.442611
          ],
          [
            -64.18725,
            -31.442552
          ],
          [
            -64.187161,
            -31.442529
          ],
          [
            -64.18709,
            -31.442517
          ],
          [
            -64.187025,
            -31.442511
          ],
          [
            -64.186965,
            -31.442509
          ],
          [
            -64.186815,
            -31.442508
          ],
          [
            -64.186773,
            -31.442523
          ],
          [
            -64.186728,
            -31.442528
          ],
          [
            -64.186682,
            -31.442525
          ],
          [
            -64.186639,
            -31.442513
          ],
          [
            -64.1866,
            -31.442493
          ],
          [
            -64.183781,
            -31.442188
          ],
          [
            -64.18331,
            -31.442142
          ],
          [
            -64.183161,
            -31.442095
          ],
          [
            -64.18305,
            -31.442049
          ],
          [
            -64.182925,
            -31.441983
          ],
          [
            -64.182823,
            -31.441922
          ],
          [
            -64.182759,
            -31.441875
          ],
          [
            -64.182744,
            -31.441863
          ],
          [
            -64.18268,
            -31.44181
          ],
          [
            -64.182616,
            -31.44174
          ],
          [
            -64.182493,
            -31.441538
          ],
          [
            -64.182419,
            -31.441361
          ],
          [
            -64.182372,
            -31.441239
          ],
          [
            -64.182307,
            -31.441066
          ],
          [
            -64.181883,
            -31.440088
          ],
          [
            -64.181799,
            -31.439882
          ],
          [
            -64.181756,
            -31.439783
          ],
          [
            -64.181702,
            -31.439672
          ],
          [
            -64.181515,
            -31.439229
          ],
          [
            -64.181388,
            -31.438911
          ],
          [
            -64.181373,
            -31.438876
          ],
          [
            -64.181346,
            -31.438808
          ],
          [
            -64.181111,
            -31.438223
          ],
          [
            -64.181086,
            -31.438079
          ],
          [
            -64.181078,
            -31.437994
          ],
          [
            -64.181075,
            -31.437909
          ],
          [
            -64.181076,
            -31.437816
          ],
          [
            -64.181084,
            -31.437645
          ],
          [
            -64.181107,
            -31.437522
          ],
          [
            -64.181125,
            -31.437454
          ],
          [
            -64.181151,
            -31.437375
          ],
          [
            -64.181183,
            -31.437304
          ],
          [
            -64.181227,
            -31.437215
          ],
          [
            -64.182275,
            -31.435222
          ],
          [
            -64.183347,
            -31.433231
          ],
          [
            -64.183391,
            -31.43313
          ],
          [
            -64.183416,
            -31.433064
          ],
          [
            -64.183433,
            -31.432979
          ],
          [
            -64.183464,
            -31.432825
          ],
          [
            -64.183492,
            -31.432724
          ],
          [
            -64.183489,
            -31.432677
          ],
          [
            -64.183495,
            -31.43262
          ],
          [
            -64.183511,
            -31.432569
          ],
          [
            -64.183535,
            -31.432501
          ],
          [
            -64.183559,
            -31.432455
          ],
          [
            -64.18359,
            -31.43241
          ],
          [
            -64.183617,
            -31.432382
          ],
          [
            -64.183652,
            -31.432354
          ],
          [
            -64.183684,
            -31.432341
          ],
          [
            -64.183921,
            -31.432102
          ],
          [
            -64.184009,
            -31.431992
          ],
          [
            -64.184068,
            -31.431892
          ],
          [
            -64.184142,
            -31.431752
          ],
          [
            -64.184189,
            -31.431637
          ],
          [
            -64.184228,
            -31.431497
          ],
          [
            -64.184246,
            -31.431357
          ],
          [
            -64.18425,
            -31.431247
          ],
          [
            -64.184247,
            -31.431158
          ],
          [
            -64.184219,
            -31.431005
          ],
          [
            -64.184176,
            -31.430833
          ],
          [
            -64.184122,
            -31.430619
          ],
          [
            -64.184064,
            -31.430391
          ],
          [
            -64.184046,
            -31.430283
          ],
          [
            -64.184039,
            -31.43016
          ],
          [
            -64.184053,
            -31.430021
          ],
          [
            -64.184084,
            -31.42987
          ],
          [
            -64.184119,
            -31.429751
          ],
          [
            -64.18416,
            -31.429639
          ],
          [
            -64.184389,
            -31.429162
          ],
          [
            -64.184486,
            -31.42895
          ],
          [
            -64.184531,
            -31.428823
          ],
          [
            -64.184574,
            -31.428688
          ],
          [
            -64.184593,
            -31.428498
          ],
          [
            -64.184597,
            -31.428466
          ],
          [
            -64.184597,
            -31.428295
          ],
          [
            -64.184584,
            -31.428142
          ],
          [
            -64.184586,
            -31.428003
          ],
          [
            -64.184583,
            -31.42789
          ],
          [
            -64.184574,
            -31.42781
          ],
          [
            -64.184497,
            -31.427531
          ],
          [
            -64.184138,
            -31.426736
          ],
          [
            -64.183868,
            -31.42612
          ],
          [
            -64.183698,
            -31.425727
          ],
          [
            -64.18366,
            -31.425634
          ],
          [
            -64.183634,
            -31.425568
          ],
          [
            -64.183584,
            -31.425459
          ],
          [
            -64.183377,
            -31.424998
          ],
          [
            -64.183133,
            -31.424414
          ],
          [
            -64.182911,
            -31.423881
          ],
          [
            -64.182874,
            -31.423795
          ],
          [
            -64.182631,
            -31.423252
          ],
          [
            -64.182244,
            -31.42231
          ],
          [
            -64.182096,
            -31.421946
          ],
          [
            -64.182055,
            -31.421848
          ],
          [
            -64.183332,
            -31.421513
          ],
          [
            -64.183646,
            -31.421431
          ],
          [
            -64.184303,
            -31.421259
          ],
          [
            -64.184705,
            -31.421154
          ],
          [
            -64.186053,
            -31.420801
          ],
          [
            -64.186264,
            -31.420749
          ],
          [
            -64.187394,
            -31.420469
          ],
          [
            -64.187439,
            -31.420456
          ],
          [
            -64.187877,
            -31.420332
          ],
          [
            -64.188038,
            -31.420286
          ],
          [
            -64.188169,
            -31.420245
          ],
          [
            -64.188208,
            -31.420233
          ],
          [
            -64.188297,
            -31.420206
          ],
          [
            -64.188431,
            -31.42015
          ],
          [
            -64.188553,
            -31.4201
          ],
          [
            -64.188617,
            -31.420073
          ],
          [
            -64.188664,
            -31.420053
          ],
          [
            -64.188709,
            -31.420032
          ],
          [
            -64.188708,
            -31.420086
          ],
          [
            -64.188709,
            -31.420103
          ]
        ]
      }
    },
    {
      "type": "Feature",
      "id": "route-cordoba-2026-08-28-v3-06",
      "properties": {
        "truckId": "vehicle-06",
        "waypointDistancesKm": [
          0,
          1.1835866008774028,
          3.044243050417921,
          3.8558707658817006,
          5.5313882897753555,
          7.242852441564983,
          11.412384695896195,
          18.15195324660139,
          18.601753858244212,
          27.70278325994999
        ]
      },
      "geometry": {
        "type": "LineString",
        "coordinates": [
          [
            -64.188709,
            -31.420109
          ],
          [
            -64.18871,
            -31.420127
          ],
          [
            -64.188717,
            -31.420178
          ],
          [
            -64.188727,
            -31.42023
          ],
          [
            -64.188737,
            -31.420284
          ],
          [
            -64.188734,
            -31.420338
          ],
          [
            -64.188686,
            -31.420476
          ],
          [
            -64.188614,
            -31.420637
          ],
          [
            -64.188602,
            -31.420666
          ],
          [
            -64.188216,
            -31.421509
          ],
          [
            -64.188139,
            -31.421536
          ],
          [
            -64.187971,
            -31.421596
          ],
          [
            -64.187883,
            -31.421621
          ],
          [
            -64.186582,
            -31.422025
          ],
          [
            -64.185253,
            -31.422438
          ],
          [
            -64.184746,
            -31.421253
          ],
          [
            -64.184705,
            -31.421154
          ],
          [
            -64.186053,
            -31.420801
          ],
          [
            -64.186264,
            -31.420749
          ],
          [
            -64.187394,
            -31.420469
          ],
          [
            -64.187439,
            -31.420456
          ],
          [
            -64.187877,
            -31.420332
          ],
          [
            -64.188038,
            -31.420286
          ],
          [
            -64.188169,
            -31.420245
          ],
          [
            -64.188208,
            -31.420233
          ],
          [
            -64.188297,
            -31.420206
          ],
          [
            -64.188431,
            -31.42015
          ],
          [
            -64.188553,
            -31.4201
          ],
          [
            -64.188617,
            -31.420073
          ],
          [
            -64.188664,
            -31.420053
          ],
          [
            -64.188709,
            -31.420032
          ],
          [
            -64.188747,
            -31.420017
          ],
          [
            -64.188791,
            -31.420004
          ],
          [
            -64.188816,
            -31.419999
          ],
          [
            -64.188834,
            -31.419994
          ],
          [
            -64.188873,
            -31.419986
          ],
          [
            -64.188902,
            -31.420031
          ],
          [
            -64.188915,
            -31.42005
          ],
          [
            -64.188942,
            -31.420119
          ],
          [
            -64.188957,
            -31.420203
          ],
          [
            -64.188948,
            -31.420282
          ],
          [
            -64.188947,
            -31.420332
          ],
          [
            -64.188949,
            -31.420382
          ],
          [
            -64.188958,
            -31.420447
          ],
          [
            -64.189023,
            -31.42062
          ],
          [
            -64.189256,
            -31.421209
          ],
          [
            -64.189285,
            -31.421277
          ],
          [
            -64.189743,
            -31.422336
          ],
          [
            -64.191026,
            -31.421953
          ],
          [
            -64.191681,
            -31.421802
          ],
          [
            -64.192042,
            -31.421714
          ],
          [
            -64.192103,
            -31.421747
          ],
          [
            -64.192116,
            -31.421753
          ],
          [
            -64.192669,
            -31.422089
          ],
          [
            -64.192782,
            -31.422189
          ],
          [
            -64.192844,
            -31.422266
          ],
          [
            -64.192874,
            -31.422319
          ],
          [
            -64.193034,
            -31.422629
          ],
          [
            -64.193039,
            -31.422638
          ],
          [
            -64.193065,
            -31.422687
          ],
          [
            -64.19309,
            -31.422744
          ],
          [
            -64.193094,
            -31.422754
          ],
          [
            -64.193529,
            -31.423727
          ],
          [
            -64.193534,
            -31.423741
          ],
          [
            -64.193557,
            -31.423803
          ],
          [
            -64.193576,
            -31.423844
          ],
          [
            -64.19358,
            -31.423853
          ],
          [
            -64.194015,
            -31.424875
          ],
          [
            -64.194019,
            -31.424886
          ],
          [
            -64.194046,
            -31.424949
          ],
          [
            -64.194074,
            -31.42502
          ],
          [
            -64.194079,
            -31.425033
          ],
          [
            -64.194292,
            -31.425566
          ],
          [
            -64.194297,
            -31.425579
          ],
          [
            -64.194324,
            -31.425646
          ],
          [
            -64.194348,
            -31.425705
          ],
          [
            -64.194353,
            -31.425718
          ],
          [
            -64.194486,
            -31.426047
          ],
          [
            -64.194489,
            -31.426054
          ],
          [
            -64.194506,
            -31.426099
          ],
          [
            -64.194523,
            -31.426142
          ],
          [
            -64.194526,
            -31.42615
          ],
          [
            -64.194601,
            -31.426349
          ],
          [
            -64.194737,
            -31.426671
          ],
          [
            -64.194821,
            -31.426884
          ],
          [
            -64.194834,
            -31.426914
          ],
          [
            -64.194872,
            -31.427
          ],
          [
            -64.194924,
            -31.427119
          ],
          [
            -64.194932,
            -31.427138
          ],
          [
            -64.195152,
            -31.4276
          ],
          [
            -64.195204,
            -31.427683
          ],
          [
            -64.195251,
            -31.42774
          ],
          [
            -64.195305,
            -31.427805
          ],
          [
            -64.19541,
            -31.427897
          ],
          [
            -64.195498,
            -31.427967
          ],
          [
            -64.19614,
            -31.428382
          ],
          [
            -64.196265,
            -31.428465
          ],
          [
            -64.196539,
            -31.428652
          ],
          [
            -64.196629,
            -31.428722
          ],
          [
            -64.196935,
            -31.429001
          ],
          [
            -64.197075,
            -31.429137
          ],
          [
            -64.197196,
            -31.429264
          ],
          [
            -64.197784,
            -31.429899
          ],
          [
            -64.197871,
            -31.429989
          ],
          [
            -64.198034,
            -31.43015
          ],
          [
            -64.198077,
            -31.430196
          ],
          [
            -64.198101,
            -31.430238
          ],
          [
            -64.198134,
            -31.430307
          ],
          [
            -64.19829,
            -31.430768
          ],
          [
            -64.199279,
            -31.430485
          ],
          [
            -64.20028,
            -31.430206
          ],
          [
            -64.200238,
            -31.430132
          ],
          [
            -64.200071,
            -31.429875
          ],
          [
            -64.200038,
            -31.429814
          ],
          [
            -64.200007,
            -31.429754
          ],
          [
            -64.199887,
            -31.429318
          ],
          [
            -64.199884,
            -31.429306
          ],
          [
            -64.199876,
            -31.429274
          ],
          [
            -64.19987,
            -31.429241
          ],
          [
            -64.198898,
            -31.429542
          ],
          [
            -64.199279,
            -31.430485
          ],
          [
            -64.199594,
            -31.431263
          ],
          [
            -64.199746,
            -31.431662
          ],
          [
            -64.199757,
            -31.431692
          ],
          [
            -64.199776,
            -31.431821
          ],
          [
            -64.199775,
            -31.431897
          ],
          [
            -64.19963,
            -31.432765
          ],
          [
            -64.199491,
            -31.43359
          ],
          [
            -64.199586,
            -31.433596
          ],
          [
            -64.199706,
            -31.433587
          ],
          [
            -64.199879,
            -31.433566
          ],
          [
            -64.200437,
            -31.433462
          ],
          [
            -64.200711,
            -31.433404
          ],
          [
            -64.200648,
            -31.433116
          ],
          [
            -64.200617,
            -31.43295
          ],
          [
            -64.200611,
            -31.432844
          ],
          [
            -64.200617,
            -31.432737
          ],
          [
            -64.200652,
            -31.432472
          ],
          [
            -64.200652,
            -31.432375
          ],
          [
            -64.200639,
            -31.432325
          ],
          [
            -64.200632,
            -31.432298
          ],
          [
            -64.200599,
            -31.432232
          ],
          [
            -64.200561,
            -31.432171
          ],
          [
            -64.200513,
            -31.432126
          ],
          [
            -64.200434,
            -31.432057
          ],
          [
            -64.200364,
            -31.432017
          ],
          [
            -64.200257,
            -31.431971
          ],
          [
            -64.200138,
            -31.431947
          ],
          [
            -64.199775,
            -31.431897
          ],
          [
            -64.19963,
            -31.432765
          ],
          [
            -64.199491,
            -31.43359
          ],
          [
            -64.199359,
            -31.434377
          ],
          [
            -64.19922,
            -31.435207
          ],
          [
            -64.199073,
            -31.435866
          ],
          [
            -64.199184,
            -31.436343
          ],
          [
            -64.199328,
            -31.436916
          ],
          [
            -64.199497,
            -31.437578
          ],
          [
            -64.199631,
            -31.438104
          ],
          [
            -64.199988,
            -31.439505
          ],
          [
            -64.200138,
            -31.440093
          ],
          [
            -64.20038,
            -31.441039
          ],
          [
            -64.201393,
            -31.440843
          ],
          [
            -64.20149,
            -31.441499
          ],
          [
            -64.20159,
            -31.442109
          ],
          [
            -64.201612,
            -31.442146
          ],
          [
            -64.201627,
            -31.442165
          ],
          [
            -64.201676,
            -31.44222
          ],
          [
            -64.201703,
            -31.442266
          ],
          [
            -64.201717,
            -31.442312
          ],
          [
            -64.201805,
            -31.44282
          ],
          [
            -64.201813,
            -31.442933
          ],
          [
            -64.201814,
            -31.443049
          ],
          [
            -64.201747,
            -31.443869
          ],
          [
            -64.201017,
            -31.44379
          ],
          [
            -64.20072,
            -31.443757
          ],
          [
            -64.200276,
            -31.443708
          ],
          [
            -64.199513,
            -31.443624
          ],
          [
            -64.199466,
            -31.443991
          ],
          [
            -64.201707,
            -31.44424
          ],
          [
            -64.203903,
            -31.444499
          ],
          [
            -64.204265,
            -31.444546
          ],
          [
            -64.205793,
            -31.444735
          ],
          [
            -64.20716,
            -31.444902
          ],
          [
            -64.209329,
            -31.445164
          ],
          [
            -64.210244,
            -31.445276
          ],
          [
            -64.210814,
            -31.445345
          ],
          [
            -64.211118,
            -31.445382
          ],
          [
            -64.211296,
            -31.445404
          ],
          [
            -64.211376,
            -31.445413
          ],
          [
            -64.211568,
            -31.445437
          ],
          [
            -64.211838,
            -31.445467
          ],
          [
            -64.211952,
            -31.445479
          ],
          [
            -64.212087,
            -31.445493
          ],
          [
            -64.212295,
            -31.445517
          ],
          [
            -64.212331,
            -31.445263
          ],
          [
            -64.212455,
            -31.444316
          ],
          [
            -64.212607,
            -31.444439
          ],
          [
            -64.212728,
            -31.444566
          ],
          [
            -64.212789,
            -31.444614
          ],
          [
            -64.21288,
            -31.444639
          ],
          [
            -64.213147,
            -31.444652
          ],
          [
            -64.21315,
            -31.444372
          ],
          [
            -64.213174,
            -31.444332
          ],
          [
            -64.213298,
            -31.443974
          ],
          [
            -64.213316,
            -31.44395
          ],
          [
            -64.213358,
            -31.443918
          ],
          [
            -64.21362,
            -31.443881
          ],
          [
            -64.214048,
            -31.44382
          ],
          [
            -64.214017,
            -31.443731
          ],
          [
            -64.213901,
            -31.443104
          ],
          [
            -64.214478,
            -31.442991
          ],
          [
            -64.214457,
            -31.442907
          ],
          [
            -64.21418,
            -31.441783
          ],
          [
            -64.214162,
            -31.44171
          ],
          [
            -64.214147,
            -31.44165
          ],
          [
            -64.214031,
            -31.441187
          ],
          [
            -64.214014,
            -31.441119
          ],
          [
            -64.214007,
            -31.44108
          ],
          [
            -64.213991,
            -31.441018
          ],
          [
            -64.213911,
            -31.4407
          ],
          [
            -64.213915,
            -31.440665
          ],
          [
            -64.21393,
            -31.440635
          ],
          [
            -64.213957,
            -31.440614
          ],
          [
            -64.214012,
            -31.440598
          ],
          [
            -64.214909,
            -31.440415
          ],
          [
            -64.215042,
            -31.440358
          ],
          [
            -64.215081,
            -31.440326
          ],
          [
            -64.215115,
            -31.44028
          ],
          [
            -64.215148,
            -31.440228
          ],
          [
            -64.215169,
            -31.440181
          ],
          [
            -64.21519,
            -31.440084
          ],
          [
            -64.215189,
            -31.43993
          ],
          [
            -64.215187,
            -31.439744
          ],
          [
            -64.215186,
            -31.439706
          ],
          [
            -64.215183,
            -31.439614
          ],
          [
            -64.215178,
            -31.43875
          ],
          [
            -64.215837,
            -31.438746
          ],
          [
            -64.216542,
            -31.438761
          ],
          [
            -64.216538,
            -31.438182
          ],
          [
            -64.216532,
            -31.436955
          ],
          [
            -64.216553,
            -31.436871
          ],
          [
            -64.216615,
            -31.43689
          ],
          [
            -64.216672,
            -31.436894
          ],
          [
            -64.217686,
            -31.436894
          ],
          [
            -64.218114,
            -31.436893
          ],
          [
            -64.218683,
            -31.436895
          ],
          [
            -64.219271,
            -31.436899
          ],
          [
            -64.219885,
            -31.436907
          ],
          [
            -64.221327,
            -31.436923
          ],
          [
            -64.221404,
            -31.436923
          ],
          [
            -64.222095,
            -31.436926
          ],
          [
            -64.222736,
            -31.436925
          ],
          [
            -64.223359,
            -31.436925
          ],
          [
            -64.22419,
            -31.436928
          ],
          [
            -64.22499,
            -31.436924
          ],
          [
            -64.225817,
            -31.436921
          ],
          [
            -64.226626,
            -31.436914
          ],
          [
            -64.227036,
            -31.436915
          ],
          [
            -64.227313,
            -31.436914
          ],
          [
            -64.228006,
            -31.436901
          ],
          [
            -64.228695,
            -31.436902
          ],
          [
            -64.229494,
            -31.436893
          ],
          [
            -64.229685,
            -31.436893
          ],
          [
            -64.230104,
            -31.436889
          ],
          [
            -64.230955,
            -31.436883
          ],
          [
            -64.231655,
            -31.436886
          ],
          [
            -64.232386,
            -31.436876
          ],
          [
            -64.233457,
            -31.43687
          ],
          [
            -64.234668,
            -31.436864
          ],
          [
            -64.235868,
            -31.436857
          ],
          [
            -64.235868,
            -31.437601
          ],
          [
            -64.235863,
            -31.438373
          ],
          [
            -64.235861,
            -31.439111
          ],
          [
            -64.235854,
            -31.439872
          ],
          [
            -64.235852,
            -31.440613
          ],
          [
            -64.23585,
            -31.441375
          ],
          [
            -64.235847,
            -31.442141
          ],
          [
            -64.235845,
            -31.44289
          ],
          [
            -64.235843,
            -31.443621
          ],
          [
            -64.235841,
            -31.444381
          ],
          [
            -64.235838,
            -31.445128
          ],
          [
            -64.235835,
            -31.445879
          ],
          [
            -64.235833,
            -31.446414
          ],
          [
            -64.235831,
            -31.446916
          ],
          [
            -64.237295,
            -31.446915
          ],
          [
            -64.237597,
            -31.446915
          ],
          [
            -64.237597,
            -31.447404
          ],
          [
            -64.239392,
            -31.447403
          ],
          [
            -64.240563,
            -31.447397
          ],
          [
            -64.242854,
            -31.447385
          ],
          [
            -64.244166,
            -31.447378
          ],
          [
            -64.24547,
            -31.447372
          ],
          [
            -64.246054,
            -31.447369
          ],
          [
            -64.246782,
            -31.447885
          ],
          [
            -64.247427,
            -31.448343
          ],
          [
            -64.247531,
            -31.448275
          ],
          [
            -64.247663,
            -31.448212
          ],
          [
            -64.247886,
            -31.448154
          ],
          [
            -64.24803,
            -31.448134
          ],
          [
            -64.248147,
            -31.448127
          ],
          [
            -64.248319,
            -31.448142
          ],
          [
            -64.248484,
            -31.448177
          ],
          [
            -64.248612,
            -31.448212
          ],
          [
            -64.248726,
            -31.448268
          ],
          [
            -64.248808,
            -31.448329
          ],
          [
            -64.248863,
            -31.448392
          ],
          [
            -64.2489,
            -31.44846
          ],
          [
            -64.248919,
            -31.448536
          ],
          [
            -64.248904,
            -31.448597
          ],
          [
            -64.24887,
            -31.448658
          ],
          [
            -64.248785,
            -31.448754
          ],
          [
            -64.248697,
            -31.448819
          ],
          [
            -64.248577,
            -31.448877
          ],
          [
            -64.248376,
            -31.448921
          ],
          [
            -64.248248,
            -31.44894
          ],
          [
            -64.248149,
            -31.448948
          ],
          [
            -64.248149,
            -31.449004
          ],
          [
            -64.248141,
            -31.449706
          ],
          [
            -64.248137,
            -31.4508
          ],
          [
            -64.248133,
            -31.4518
          ],
          [
            -64.248135,
            -31.451946
          ],
          [
            -64.248132,
            -31.452107
          ],
          [
            -64.252044,
            -31.452248
          ],
          [
            -64.252242,
            -31.452253
          ],
          [
            -64.253239,
            -31.452289
          ],
          [
            -64.253354,
            -31.452293
          ],
          [
            -64.253379,
            -31.4525
          ],
          [
            -64.253386,
            -31.452794
          ],
          [
            -64.253351,
            -31.453183
          ],
          [
            -64.253306,
            -31.453427
          ],
          [
            -64.253158,
            -31.454178
          ],
          [
            -64.253107,
            -31.454384
          ],
          [
            -64.25305,
            -31.454566
          ],
          [
            -64.252934,
            -31.454862
          ],
          [
            -64.25292,
            -31.454898
          ],
          [
            -64.252757,
            -31.455262
          ],
          [
            -64.252681,
            -31.455436
          ],
          [
            -64.252533,
            -31.455757
          ],
          [
            -64.252401,
            -31.456021
          ],
          [
            -64.252352,
            -31.456187
          ],
          [
            -64.252325,
            -31.456434
          ],
          [
            -64.252305,
            -31.456553
          ],
          [
            -64.252289,
            -31.456681
          ],
          [
            -64.252239,
            -31.456796
          ],
          [
            -64.252199,
            -31.456869
          ],
          [
            -64.252142,
            -31.456935
          ],
          [
            -64.251998,
            -31.457059
          ],
          [
            -64.251762,
            -31.457226
          ],
          [
            -64.251658,
            -31.4573
          ],
          [
            -64.251479,
            -31.457428
          ],
          [
            -64.251349,
            -31.457532
          ],
          [
            -64.251185,
            -31.457697
          ],
          [
            -64.250793,
            -31.458039
          ],
          [
            -64.250229,
            -31.458322
          ],
          [
            -64.249326,
            -31.458762
          ],
          [
            -64.249144,
            -31.45885
          ],
          [
            -64.248765,
            -31.459041
          ],
          [
            -64.248175,
            -31.459253
          ],
          [
            -64.247956,
            -31.459358
          ],
          [
            -64.247585,
            -31.459522
          ],
          [
            -64.247318,
            -31.459634
          ],
          [
            -64.247107,
            -31.459715
          ],
          [
            -64.246885,
            -31.459792
          ],
          [
            -64.24667,
            -31.459861
          ],
          [
            -64.246397,
            -31.459943
          ],
          [
            -64.246079,
            -31.460027
          ],
          [
            -64.24569,
            -31.460121
          ],
          [
            -64.245346,
            -31.460197
          ],
          [
            -64.244969,
            -31.460267
          ],
          [
            -64.244614,
            -31.460331
          ],
          [
            -64.244359,
            -31.460375
          ],
          [
            -64.244105,
            -31.460419
          ],
          [
            -64.243357,
            -31.460533
          ],
          [
            -64.242475,
            -31.460667
          ],
          [
            -64.241845,
            -31.460753
          ],
          [
            -64.241439,
            -31.460817
          ],
          [
            -64.240706,
            -31.460942
          ],
          [
            -64.240006,
            -31.461053
          ],
          [
            -64.238809,
            -31.46124
          ],
          [
            -64.237889,
            -31.461386
          ],
          [
            -64.236947,
            -31.461537
          ],
          [
            -64.236067,
            -31.461679
          ],
          [
            -64.23547,
            -31.461773
          ],
          [
            -64.234886,
            -31.461866
          ],
          [
            -64.234282,
            -31.461961
          ],
          [
            -64.233415,
            -31.462099
          ],
          [
            -64.232537,
            -31.462238
          ],
          [
            -64.231653,
            -31.46238
          ],
          [
            -64.230561,
            -31.462552
          ],
          [
            -64.226958,
            -31.463109
          ],
          [
            -64.226332,
            -31.463262
          ],
          [
            -64.224989,
            -31.463445
          ],
          [
            -64.224825,
            -31.463471
          ],
          [
            -64.224668,
            -31.4635
          ],
          [
            -64.224526,
            -31.463536
          ],
          [
            -64.224396,
            -31.463575
          ],
          [
            -64.224278,
            -31.463624
          ],
          [
            -64.224159,
            -31.463683
          ],
          [
            -64.224059,
            -31.463746
          ],
          [
            -64.223966,
            -31.463811
          ],
          [
            -64.223808,
            -31.46394
          ],
          [
            -64.223699,
            -31.464053
          ],
          [
            -64.223598,
            -31.464174
          ],
          [
            -64.223521,
            -31.464289
          ],
          [
            -64.22345,
            -31.464402
          ],
          [
            -64.223393,
            -31.464523
          ],
          [
            -64.223351,
            -31.464632
          ],
          [
            -64.223321,
            -31.464742
          ],
          [
            -64.223299,
            -31.464849
          ],
          [
            -64.223285,
            -31.46494
          ],
          [
            -64.223277,
            -31.465029
          ],
          [
            -64.223275,
            -31.465114
          ],
          [
            -64.223276,
            -31.465231
          ],
          [
            -64.223287,
            -31.465344
          ],
          [
            -64.223304,
            -31.465453
          ],
          [
            -64.223329,
            -31.46557
          ],
          [
            -64.223362,
            -31.465677
          ],
          [
            -64.223397,
            -31.465778
          ],
          [
            -64.223435,
            -31.465871
          ],
          [
            -64.223485,
            -31.465974
          ],
          [
            -64.223544,
            -31.466071
          ],
          [
            -64.223604,
            -31.466158
          ],
          [
            -64.223672,
            -31.466239
          ],
          [
            -64.223732,
            -31.466305
          ],
          [
            -64.223837,
            -31.466411
          ],
          [
            -64.224279,
            -31.466818
          ],
          [
            -64.224426,
            -31.467002
          ],
          [
            -64.224767,
            -31.467303
          ],
          [
            -64.225271,
            -31.467728
          ],
          [
            -64.22666,
            -31.468898
          ],
          [
            -64.22724,
            -31.469383
          ],
          [
            -64.227365,
            -31.469402
          ],
          [
            -64.227438,
            -31.469423
          ],
          [
            -64.227475,
            -31.469444
          ],
          [
            -64.22757,
            -31.469506
          ],
          [
            -64.22772,
            -31.469508
          ],
          [
            -64.227812,
            -31.46952
          ],
          [
            -64.228475,
            -31.469512
          ],
          [
            -64.229997,
            -31.46949
          ],
          [
            -64.230015,
            -31.470175
          ],
          [
            -64.229013,
            -31.470184
          ],
          [
            -64.228482,
            -31.470189
          ],
          [
            -64.228478,
            -31.470287
          ],
          [
            -64.228514,
            -31.470518
          ],
          [
            -64.228725,
            -31.470705
          ],
          [
            -64.22881,
            -31.470782
          ],
          [
            -64.229643,
            -31.471489
          ],
          [
            -64.229644,
            -31.471595
          ],
          [
            -64.229644,
            -31.471794
          ],
          [
            -64.229224,
            -31.471453
          ],
          [
            -64.228875,
            -31.471159
          ],
          [
            -64.22842,
            -31.471563
          ],
          [
            -64.228326,
            -31.471646
          ],
          [
            -64.228006,
            -31.47193
          ],
          [
            -64.227219,
            -31.471314
          ],
          [
            -64.227219,
            -31.471005
          ],
          [
            -64.227218,
            -31.470406
          ],
          [
            -64.227219,
            -31.470384
          ],
          [
            -64.227229,
            -31.469801
          ],
          [
            -64.227231,
            -31.469578
          ],
          [
            -64.227232,
            -31.469503
          ],
          [
            -64.225804,
            -31.468311
          ],
          [
            -64.225219,
            -31.467815
          ],
          [
            -64.224679,
            -31.467358
          ],
          [
            -64.224343,
            -31.467077
          ],
          [
            -64.224143,
            -31.466923
          ],
          [
            -64.223931,
            -31.466763
          ],
          [
            -64.22376,
            -31.466636
          ],
          [
            -64.223549,
            -31.466482
          ],
          [
            -64.223348,
            -31.466333
          ],
          [
            -64.223137,
            -31.466173
          ],
          [
            -64.222727,
            -31.465836
          ],
          [
            -64.222551,
            -31.465686
          ],
          [
            -64.222384,
            -31.465537
          ],
          [
            -64.222217,
            -31.465379
          ],
          [
            -64.222088,
            -31.465246
          ],
          [
            -64.221812,
            -31.46494
          ],
          [
            -64.221628,
            -31.464742
          ],
          [
            -64.221444,
            -31.464539
          ],
          [
            -64.221239,
            -31.46431
          ],
          [
            -64.220829,
            -31.463817
          ],
          [
            -64.220686,
            -31.463608
          ],
          [
            -64.220618,
            -31.463509
          ],
          [
            -64.220446,
            -31.463317
          ],
          [
            -64.220284,
            -31.46315
          ],
          [
            -64.220166,
            -31.463038
          ],
          [
            -64.220026,
            -31.462916
          ],
          [
            -64.219877,
            -31.462792
          ],
          [
            -64.21979,
            -31.462735
          ],
          [
            -64.219706,
            -31.462691
          ],
          [
            -64.219623,
            -31.46266
          ],
          [
            -64.219549,
            -31.462638
          ],
          [
            -64.219439,
            -31.46261
          ],
          [
            -64.219341,
            -31.462594
          ],
          [
            -64.219242,
            -31.462582
          ],
          [
            -64.219141,
            -31.462561
          ],
          [
            -64.219049,
            -31.462535
          ],
          [
            -64.21897,
            -31.462507
          ],
          [
            -64.218882,
            -31.46247
          ],
          [
            -64.21881,
            -31.462428
          ],
          [
            -64.218742,
            -31.462384
          ],
          [
            -64.218662,
            -31.462329
          ],
          [
            -64.218557,
            -31.462234
          ],
          [
            -64.218459,
            -31.46213
          ],
          [
            -64.218439,
            -31.462106
          ],
          [
            -64.218387,
            -31.462031
          ],
          [
            -64.218339,
            -31.461961
          ],
          [
            -64.218279,
            -31.461879
          ],
          [
            -64.218204,
            -31.461786
          ],
          [
            -64.218117,
            -31.461696
          ],
          [
            -64.218031,
            -31.461629
          ],
          [
            -64.217926,
            -31.461554
          ],
          [
            -64.217819,
            -31.461484
          ],
          [
            -64.217233,
            -31.461119
          ],
          [
            -64.216953,
            -31.460924
          ],
          [
            -64.216612,
            -31.460665
          ],
          [
            -64.216057,
            -31.460186
          ],
          [
            -64.215521,
            -31.459713
          ],
          [
            -64.215412,
            -31.459617
          ],
          [
            -64.215356,
            -31.459574
          ],
          [
            -64.215271,
            -31.459511
          ],
          [
            -64.215119,
            -31.459419
          ],
          [
            -64.215008,
            -31.459359
          ],
          [
            -64.214891,
            -31.459311
          ],
          [
            -64.214605,
            -31.459216
          ],
          [
            -64.213539,
            -31.458862
          ],
          [
            -64.213434,
            -31.458827
          ],
          [
            -64.213332,
            -31.458793
          ],
          [
            -64.212805,
            -31.458618
          ],
          [
            -64.21164,
            -31.458231
          ],
          [
            -64.211572,
            -31.458208
          ],
          [
            -64.211488,
            -31.45818
          ],
          [
            -64.210354,
            -31.457809
          ],
          [
            -64.210246,
            -31.457774
          ],
          [
            -64.210145,
            -31.457738
          ],
          [
            -64.209221,
            -31.45742
          ],
          [
            -64.209143,
            -31.457384
          ],
          [
            -64.209086,
            -31.457347
          ],
          [
            -64.209033,
            -31.45731
          ],
          [
            -64.208969,
            -31.457256
          ],
          [
            -64.208918,
            -31.4572
          ],
          [
            -64.20889,
            -31.457153
          ],
          [
            -64.208859,
            -31.4571
          ],
          [
            -64.208826,
            -31.457028
          ],
          [
            -64.208798,
            -31.456953
          ],
          [
            -64.208397,
            -31.455644
          ],
          [
            -64.208351,
            -31.455534
          ],
          [
            -64.208308,
            -31.455444
          ],
          [
            -64.208249,
            -31.455345
          ],
          [
            -64.208212,
            -31.455287
          ],
          [
            -64.20815,
            -31.455211
          ],
          [
            -64.208081,
            -31.455138
          ],
          [
            -64.208,
            -31.455064
          ],
          [
            -64.207916,
            -31.455001
          ],
          [
            -64.207743,
            -31.454871
          ],
          [
            -64.207428,
            -31.454637
          ],
          [
            -64.205146,
            -31.452945
          ],
          [
            -64.204278,
            -31.45232
          ],
          [
            -64.203233,
            -31.451595
          ],
          [
            -64.20307,
            -31.451483
          ],
          [
            -64.202859,
            -31.451349
          ],
          [
            -64.202754,
            -31.451289
          ],
          [
            -64.202641,
            -31.451232
          ],
          [
            -64.202529,
            -31.451189
          ],
          [
            -64.202381,
            -31.451146
          ],
          [
            -64.202191,
            -31.451102
          ],
          [
            -64.201883,
            -31.451031
          ],
          [
            -64.201253,
            -31.450862
          ],
          [
            -64.201196,
            -31.450848
          ],
          [
            -64.201139,
            -31.450834
          ],
          [
            -64.201094,
            -31.450827
          ],
          [
            -64.201064,
            -31.450822
          ],
          [
            -64.200992,
            -31.450818
          ],
          [
            -64.200935,
            -31.450822
          ],
          [
            -64.200882,
            -31.45083
          ],
          [
            -64.200816,
            -31.450844
          ],
          [
            -64.200729,
            -31.450869
          ],
          [
            -64.200605,
            -31.450914
          ],
          [
            -64.200575,
            -31.45094
          ],
          [
            -64.200529,
            -31.450969
          ],
          [
            -64.200478,
            -31.450989
          ],
          [
            -64.200422,
            -31.451
          ],
          [
            -64.200365,
            -31.451001
          ],
          [
            -64.200309,
            -31.450992
          ],
          [
            -64.200256,
            -31.450973
          ],
          [
            -64.200209,
            -31.450945
          ],
          [
            -64.20017,
            -31.45091
          ],
          [
            -64.200137,
            -31.450873
          ],
          [
            -64.20012,
            -31.450822
          ],
          [
            -64.2001,
            -31.450784
          ],
          [
            -64.200052,
            -31.450692
          ],
          [
            -64.19994,
            -31.450386
          ],
          [
            -64.199543,
            -31.449274
          ],
          [
            -64.199387,
            -31.448816
          ],
          [
            -64.199186,
            -31.448231
          ],
          [
            -64.198872,
            -31.447263
          ],
          [
            -64.198535,
            -31.446271
          ],
          [
            -64.198151,
            -31.445121
          ],
          [
            -64.198093,
            -31.445084
          ],
          [
            -64.19806,
            -31.445051
          ],
          [
            -64.198037,
            -31.444998
          ],
          [
            -64.197714,
            -31.444171
          ],
          [
            -64.197691,
            -31.444142
          ],
          [
            -64.197648,
            -31.44412
          ],
          [
            -64.194587,
            -31.443751
          ],
          [
            -64.194455,
            -31.443736
          ],
          [
            -64.193447,
            -31.443617
          ],
          [
            -64.193473,
            -31.443467
          ],
          [
            -64.193484,
            -31.443422
          ],
          [
            -64.193522,
            -31.44331
          ],
          [
            -64.192111,
            -31.443148
          ],
          [
            -64.191982,
            -31.443132
          ],
          [
            -64.190327,
            -31.442935
          ],
          [
            -64.189985,
            -31.442894
          ],
          [
            -64.188131,
            -31.442674
          ],
          [
            -64.187811,
            -31.442636
          ],
          [
            -64.187592,
            -31.442611
          ],
          [
            -64.18725,
            -31.442552
          ],
          [
            -64.187161,
            -31.442529
          ],
          [
            -64.18709,
            -31.442517
          ],
          [
            -64.187025,
            -31.442511
          ],
          [
            -64.186965,
            -31.442509
          ],
          [
            -64.186815,
            -31.442508
          ],
          [
            -64.186773,
            -31.442523
          ],
          [
            -64.186728,
            -31.442528
          ],
          [
            -64.186682,
            -31.442525
          ],
          [
            -64.186639,
            -31.442513
          ],
          [
            -64.1866,
            -31.442493
          ],
          [
            -64.183781,
            -31.442188
          ],
          [
            -64.18331,
            -31.442142
          ],
          [
            -64.183161,
            -31.442095
          ],
          [
            -64.18305,
            -31.442049
          ],
          [
            -64.182925,
            -31.441983
          ],
          [
            -64.182823,
            -31.441922
          ],
          [
            -64.182759,
            -31.441875
          ],
          [
            -64.182744,
            -31.441863
          ],
          [
            -64.18268,
            -31.44181
          ],
          [
            -64.182616,
            -31.44174
          ],
          [
            -64.182493,
            -31.441538
          ],
          [
            -64.182419,
            -31.441361
          ],
          [
            -64.182372,
            -31.441239
          ],
          [
            -64.182307,
            -31.441066
          ],
          [
            -64.181883,
            -31.440088
          ],
          [
            -64.181799,
            -31.439882
          ],
          [
            -64.181756,
            -31.439783
          ],
          [
            -64.181702,
            -31.439672
          ],
          [
            -64.181515,
            -31.439229
          ],
          [
            -64.181388,
            -31.438911
          ],
          [
            -64.181373,
            -31.438876
          ],
          [
            -64.181346,
            -31.438808
          ],
          [
            -64.181111,
            -31.438223
          ],
          [
            -64.181086,
            -31.438079
          ],
          [
            -64.181078,
            -31.437994
          ],
          [
            -64.181075,
            -31.437909
          ],
          [
            -64.181076,
            -31.437816
          ],
          [
            -64.181084,
            -31.437645
          ],
          [
            -64.181107,
            -31.437522
          ],
          [
            -64.181125,
            -31.437454
          ],
          [
            -64.181151,
            -31.437375
          ],
          [
            -64.181183,
            -31.437304
          ],
          [
            -64.181227,
            -31.437215
          ],
          [
            -64.182275,
            -31.435222
          ],
          [
            -64.183347,
            -31.433231
          ],
          [
            -64.183391,
            -31.43313
          ],
          [
            -64.183416,
            -31.433064
          ],
          [
            -64.183433,
            -31.432979
          ],
          [
            -64.183464,
            -31.432825
          ],
          [
            -64.183492,
            -31.432724
          ],
          [
            -64.183489,
            -31.432677
          ],
          [
            -64.183495,
            -31.43262
          ],
          [
            -64.183511,
            -31.432569
          ],
          [
            -64.183535,
            -31.432501
          ],
          [
            -64.183559,
            -31.432455
          ],
          [
            -64.18359,
            -31.43241
          ],
          [
            -64.183617,
            -31.432382
          ],
          [
            -64.183652,
            -31.432354
          ],
          [
            -64.183684,
            -31.432341
          ],
          [
            -64.183921,
            -31.432102
          ],
          [
            -64.184009,
            -31.431992
          ],
          [
            -64.184068,
            -31.431892
          ],
          [
            -64.184142,
            -31.431752
          ],
          [
            -64.184189,
            -31.431637
          ],
          [
            -64.184228,
            -31.431497
          ],
          [
            -64.184246,
            -31.431357
          ],
          [
            -64.18425,
            -31.431247
          ],
          [
            -64.184247,
            -31.431158
          ],
          [
            -64.184219,
            -31.431005
          ],
          [
            -64.184176,
            -31.430833
          ],
          [
            -64.184122,
            -31.430619
          ],
          [
            -64.184064,
            -31.430391
          ],
          [
            -64.184046,
            -31.430283
          ],
          [
            -64.184039,
            -31.43016
          ],
          [
            -64.184053,
            -31.430021
          ],
          [
            -64.184084,
            -31.42987
          ],
          [
            -64.184119,
            -31.429751
          ],
          [
            -64.18416,
            -31.429639
          ],
          [
            -64.184389,
            -31.429162
          ],
          [
            -64.184486,
            -31.42895
          ],
          [
            -64.184531,
            -31.428823
          ],
          [
            -64.184574,
            -31.428688
          ],
          [
            -64.184593,
            -31.428498
          ],
          [
            -64.184597,
            -31.428466
          ],
          [
            -64.184597,
            -31.428295
          ],
          [
            -64.184584,
            -31.428142
          ],
          [
            -64.184586,
            -31.428003
          ],
          [
            -64.184583,
            -31.42789
          ],
          [
            -64.184574,
            -31.42781
          ],
          [
            -64.184497,
            -31.427531
          ],
          [
            -64.184138,
            -31.426736
          ],
          [
            -64.183868,
            -31.42612
          ],
          [
            -64.183698,
            -31.425727
          ],
          [
            -64.18366,
            -31.425634
          ],
          [
            -64.183634,
            -31.425568
          ],
          [
            -64.183584,
            -31.425459
          ],
          [
            -64.183377,
            -31.424998
          ],
          [
            -64.183133,
            -31.424414
          ],
          [
            -64.182911,
            -31.423881
          ],
          [
            -64.182874,
            -31.423795
          ],
          [
            -64.182631,
            -31.423252
          ],
          [
            -64.182244,
            -31.42231
          ],
          [
            -64.182096,
            -31.421946
          ],
          [
            -64.182055,
            -31.421848
          ],
          [
            -64.183332,
            -31.421513
          ],
          [
            -64.183646,
            -31.421431
          ],
          [
            -64.184303,
            -31.421259
          ],
          [
            -64.184705,
            -31.421154
          ],
          [
            -64.186053,
            -31.420801
          ],
          [
            -64.186264,
            -31.420749
          ],
          [
            -64.187394,
            -31.420469
          ],
          [
            -64.187439,
            -31.420456
          ],
          [
            -64.187877,
            -31.420332
          ],
          [
            -64.188038,
            -31.420286
          ],
          [
            -64.188169,
            -31.420245
          ],
          [
            -64.188208,
            -31.420233
          ],
          [
            -64.188297,
            -31.420206
          ],
          [
            -64.188431,
            -31.42015
          ],
          [
            -64.188553,
            -31.4201
          ],
          [
            -64.188617,
            -31.420073
          ],
          [
            -64.188664,
            -31.420053
          ],
          [
            -64.188709,
            -31.420032
          ],
          [
            -64.188708,
            -31.420086
          ],
          [
            -64.188709,
            -31.420103
          ]
        ]
      }
    },
    {
      "type": "Feature",
      "id": "route-cordoba-2026-08-28-v3-07",
      "properties": {
        "truckId": "vehicle-07",
        "waypointDistancesKm": [
          0,
          2.933647020752104,
          3.74260432750406,
          7.1383014611004185,
          9.122980740806293,
          10.4151162660656,
          11.375918864536677,
          11.740822753451072,
          12.148299763359578,
          22.289590916147084
        ]
      },
      "geometry": {
        "type": "LineString",
        "coordinates": [
          [
            -64.188709,
            -31.420109
          ],
          [
            -64.18871,
            -31.420127
          ],
          [
            -64.188717,
            -31.420178
          ],
          [
            -64.188727,
            -31.42023
          ],
          [
            -64.188737,
            -31.420284
          ],
          [
            -64.188734,
            -31.420338
          ],
          [
            -64.188686,
            -31.420476
          ],
          [
            -64.188614,
            -31.420637
          ],
          [
            -64.188602,
            -31.420666
          ],
          [
            -64.188216,
            -31.421509
          ],
          [
            -64.188139,
            -31.421536
          ],
          [
            -64.187971,
            -31.421596
          ],
          [
            -64.187883,
            -31.421621
          ],
          [
            -64.186582,
            -31.422025
          ],
          [
            -64.185253,
            -31.422438
          ],
          [
            -64.184746,
            -31.421253
          ],
          [
            -64.184705,
            -31.421154
          ],
          [
            -64.186053,
            -31.420801
          ],
          [
            -64.186264,
            -31.420749
          ],
          [
            -64.187394,
            -31.420469
          ],
          [
            -64.187439,
            -31.420456
          ],
          [
            -64.187877,
            -31.420332
          ],
          [
            -64.188038,
            -31.420286
          ],
          [
            -64.188169,
            -31.420245
          ],
          [
            -64.188208,
            -31.420233
          ],
          [
            -64.188297,
            -31.420206
          ],
          [
            -64.188431,
            -31.42015
          ],
          [
            -64.188553,
            -31.4201
          ],
          [
            -64.188617,
            -31.420073
          ],
          [
            -64.188664,
            -31.420053
          ],
          [
            -64.188709,
            -31.420032
          ],
          [
            -64.188747,
            -31.420017
          ],
          [
            -64.188791,
            -31.420004
          ],
          [
            -64.188816,
            -31.419999
          ],
          [
            -64.188834,
            -31.419994
          ],
          [
            -64.188873,
            -31.419986
          ],
          [
            -64.188977,
            -31.419966
          ],
          [
            -64.18928,
            -31.419934
          ],
          [
            -64.189473,
            -31.419896
          ],
          [
            -64.189832,
            -31.419802
          ],
          [
            -64.189976,
            -31.419802
          ],
          [
            -64.190263,
            -31.419718
          ],
          [
            -64.191479,
            -31.419398
          ],
          [
            -64.19279,
            -31.419035
          ],
          [
            -64.194047,
            -31.418698
          ],
          [
            -64.195343,
            -31.418339
          ],
          [
            -64.195893,
            -31.418187
          ],
          [
            -64.196665,
            -31.417972
          ],
          [
            -64.197822,
            -31.417657
          ],
          [
            -64.197979,
            -31.417614
          ],
          [
            -64.198433,
            -31.417486
          ],
          [
            -64.198706,
            -31.4174
          ],
          [
            -64.199394,
            -31.417167
          ],
          [
            -64.199549,
            -31.41713
          ],
          [
            -64.200832,
            -31.416911
          ],
          [
            -64.201834,
            -31.416784
          ],
          [
            -64.202689,
            -31.416673
          ],
          [
            -64.203428,
            -31.416565
          ],
          [
            -64.203522,
            -31.416545
          ],
          [
            -64.203699,
            -31.416511
          ],
          [
            -64.204232,
            -31.416381
          ],
          [
            -64.205161,
            -31.416135
          ],
          [
            -64.205209,
            -31.416128
          ],
          [
            -64.205286,
            -31.416133
          ],
          [
            -64.205615,
            -31.41616
          ],
          [
            -64.205638,
            -31.416216
          ],
          [
            -64.205627,
            -31.416272
          ],
          [
            -64.205421,
            -31.416695
          ],
          [
            -64.205294,
            -31.416935
          ],
          [
            -64.204978,
            -31.417014
          ],
          [
            -64.204199,
            -31.417184
          ],
          [
            -64.203706,
            -31.417296
          ],
          [
            -64.203153,
            -31.417422
          ],
          [
            -64.203007,
            -31.417447
          ],
          [
            -64.202933,
            -31.417452
          ],
          [
            -64.202321,
            -31.417435
          ],
          [
            -64.202234,
            -31.417439
          ],
          [
            -64.201864,
            -31.416839
          ],
          [
            -64.201834,
            -31.416784
          ],
          [
            -64.202689,
            -31.416673
          ],
          [
            -64.203428,
            -31.416565
          ],
          [
            -64.203522,
            -31.416545
          ],
          [
            -64.203699,
            -31.416511
          ],
          [
            -64.204232,
            -31.416381
          ],
          [
            -64.205161,
            -31.416135
          ],
          [
            -64.205209,
            -31.416128
          ],
          [
            -64.205286,
            -31.416133
          ],
          [
            -64.205615,
            -31.41616
          ],
          [
            -64.205549,
            -31.416092
          ],
          [
            -64.204817,
            -31.415417
          ],
          [
            -64.205162,
            -31.415105
          ],
          [
            -64.205575,
            -31.415413
          ],
          [
            -64.205615,
            -31.415446
          ],
          [
            -64.205622,
            -31.415452
          ],
          [
            -64.205676,
            -31.415507
          ],
          [
            -64.205952,
            -31.415873
          ],
          [
            -64.206136,
            -31.416123
          ],
          [
            -64.206157,
            -31.416167
          ],
          [
            -64.206167,
            -31.416207
          ],
          [
            -64.206216,
            -31.416214
          ],
          [
            -64.206258,
            -31.416227
          ],
          [
            -64.206291,
            -31.416245
          ],
          [
            -64.206429,
            -31.416344
          ],
          [
            -64.206471,
            -31.416371
          ],
          [
            -64.207094,
            -31.416823
          ],
          [
            -64.207145,
            -31.416856
          ],
          [
            -64.207197,
            -31.416881
          ],
          [
            -64.207508,
            -31.416983
          ],
          [
            -64.207628,
            -31.417045
          ],
          [
            -64.207724,
            -31.41704
          ],
          [
            -64.208457,
            -31.416909
          ],
          [
            -64.209027,
            -31.416795
          ],
          [
            -64.210354,
            -31.416535
          ],
          [
            -64.211152,
            -31.416384
          ],
          [
            -64.211258,
            -31.416362
          ],
          [
            -64.211895,
            -31.416237
          ],
          [
            -64.212694,
            -31.416079
          ],
          [
            -64.213696,
            -31.415895
          ],
          [
            -64.214681,
            -31.415703
          ],
          [
            -64.215513,
            -31.415546
          ],
          [
            -64.21615,
            -31.41542
          ],
          [
            -64.217212,
            -31.41521
          ],
          [
            -64.217915,
            -31.415069
          ],
          [
            -64.218256,
            -31.415001
          ],
          [
            -64.218609,
            -31.414941
          ],
          [
            -64.219273,
            -31.41481
          ],
          [
            -64.219448,
            -31.414777
          ],
          [
            -64.21992,
            -31.414685
          ],
          [
            -64.220584,
            -31.414554
          ],
          [
            -64.221306,
            -31.414413
          ],
          [
            -64.222157,
            -31.414246
          ],
          [
            -64.223259,
            -31.414012
          ],
          [
            -64.224498,
            -31.413763
          ],
          [
            -64.224673,
            -31.413729
          ],
          [
            -64.225774,
            -31.413536
          ],
          [
            -64.227057,
            -31.413286
          ],
          [
            -64.228335,
            -31.413036
          ],
          [
            -64.229234,
            -31.412853
          ],
          [
            -64.229837,
            -31.41273
          ],
          [
            -64.230069,
            -31.412683
          ],
          [
            -64.230811,
            -31.412531
          ],
          [
            -64.230868,
            -31.41252
          ],
          [
            -64.231933,
            -31.412314
          ],
          [
            -64.232048,
            -31.412292
          ],
          [
            -64.232625,
            -31.41218
          ],
          [
            -64.233462,
            -31.412018
          ],
          [
            -64.234023,
            -31.41191
          ],
          [
            -64.234547,
            -31.411809
          ],
          [
            -64.235012,
            -31.411719
          ],
          [
            -64.235466,
            -31.411631
          ],
          [
            -64.235665,
            -31.411592
          ],
          [
            -64.236414,
            -31.411448
          ],
          [
            -64.236927,
            -31.411348
          ],
          [
            -64.236989,
            -31.411345
          ],
          [
            -64.237065,
            -31.41135
          ],
          [
            -64.236976,
            -31.410973
          ],
          [
            -64.236813,
            -31.410349
          ],
          [
            -64.236689,
            -31.409891
          ],
          [
            -64.23658,
            -31.409484
          ],
          [
            -64.236546,
            -31.409353
          ],
          [
            -64.236459,
            -31.409054
          ],
          [
            -64.236309,
            -31.408533
          ],
          [
            -64.236178,
            -31.408053
          ],
          [
            -64.236127,
            -31.407868
          ],
          [
            -64.236094,
            -31.407749
          ],
          [
            -64.236437,
            -31.407662
          ],
          [
            -64.23674,
            -31.407586
          ],
          [
            -64.237256,
            -31.407442
          ],
          [
            -64.237365,
            -31.407413
          ],
          [
            -64.237852,
            -31.409147
          ],
          [
            -64.238119,
            -31.410126
          ],
          [
            -64.238184,
            -31.410366
          ],
          [
            -64.238271,
            -31.410687
          ],
          [
            -64.23854,
            -31.411743
          ],
          [
            -64.238675,
            -31.411755
          ],
          [
            -64.239044,
            -31.411782
          ],
          [
            -64.23929,
            -31.411796
          ],
          [
            -64.239697,
            -31.411825
          ],
          [
            -64.239992,
            -31.411844
          ],
          [
            -64.240129,
            -31.411844
          ],
          [
            -64.241005,
            -31.4118
          ],
          [
            -64.2411,
            -31.411796
          ],
          [
            -64.241222,
            -31.411789
          ],
          [
            -64.24133,
            -31.411783
          ],
          [
            -64.241863,
            -31.411755
          ],
          [
            -64.242479,
            -31.411722
          ],
          [
            -64.242951,
            -31.41169
          ],
          [
            -64.243667,
            -31.411656
          ],
          [
            -64.244163,
            -31.411622
          ],
          [
            -64.244276,
            -31.411615
          ],
          [
            -64.244571,
            -31.411599
          ],
          [
            -64.244894,
            -31.41157
          ],
          [
            -64.24504,
            -31.411562
          ],
          [
            -64.245469,
            -31.411519
          ],
          [
            -64.245762,
            -31.411495
          ],
          [
            -64.246208,
            -31.411452
          ],
          [
            -64.246346,
            -31.41144
          ],
          [
            -64.246434,
            -31.411438
          ],
          [
            -64.246514,
            -31.411437
          ],
          [
            -64.246596,
            -31.411444
          ],
          [
            -64.246675,
            -31.411461
          ],
          [
            -64.24804,
            -31.411937
          ],
          [
            -64.24808,
            -31.411944
          ],
          [
            -64.248116,
            -31.411949
          ],
          [
            -64.248116,
            -31.411981
          ],
          [
            -64.248116,
            -31.412017
          ],
          [
            -64.248122,
            -31.413217
          ],
          [
            -64.24813,
            -31.413781
          ],
          [
            -64.248125,
            -31.414585
          ],
          [
            -64.248124,
            -31.414706
          ],
          [
            -64.248128,
            -31.415441
          ],
          [
            -64.248126,
            -31.415681
          ],
          [
            -64.249529,
            -31.415558
          ],
          [
            -64.250914,
            -31.415457
          ],
          [
            -64.252165,
            -31.415434
          ],
          [
            -64.252318,
            -31.415435
          ],
          [
            -64.25279,
            -31.415458
          ],
          [
            -64.253409,
            -31.415469
          ],
          [
            -64.253412,
            -31.414533
          ],
          [
            -64.253408,
            -31.413597
          ],
          [
            -64.253408,
            -31.413532
          ],
          [
            -64.254599,
            -31.413529
          ],
          [
            -64.255749,
            -31.413529
          ],
          [
            -64.25633,
            -31.413533
          ],
          [
            -64.256907,
            -31.413531
          ],
          [
            -64.256918,
            -31.412544
          ],
          [
            -64.256917,
            -31.41245
          ],
          [
            -64.256907,
            -31.411535
          ],
          [
            -64.25721,
            -31.411533
          ],
          [
            -64.25748,
            -31.411535
          ],
          [
            -64.257923,
            -31.411525
          ],
          [
            -64.258062,
            -31.411523
          ],
          [
            -64.258649,
            -31.411519
          ],
          [
            -64.259213,
            -31.411516
          ],
          [
            -64.259432,
            -31.411519
          ],
          [
            -64.260165,
            -31.411517
          ],
          [
            -64.260376,
            -31.41152
          ],
          [
            -64.260914,
            -31.411519
          ],
          [
            -64.260955,
            -31.41152
          ],
          [
            -64.26154,
            -31.411521
          ],
          [
            -64.261672,
            -31.411522
          ],
          [
            -64.261929,
            -31.411521
          ],
          [
            -64.262373,
            -31.411519
          ],
          [
            -64.263124,
            -31.411528
          ],
          [
            -64.263862,
            -31.411528
          ],
          [
            -64.264391,
            -31.411531
          ],
          [
            -64.264687,
            -31.411537
          ],
          [
            -64.26491,
            -31.411541
          ],
          [
            -64.265415,
            -31.411549
          ],
          [
            -64.265417,
            -31.411085
          ],
          [
            -64.265419,
            -31.41036
          ],
          [
            -64.265425,
            -31.409236
          ],
          [
            -64.265415,
            -31.408027
          ],
          [
            -64.265677,
            -31.408027
          ],
          [
            -64.266158,
            -31.408028
          ],
          [
            -64.266167,
            -31.40694
          ],
          [
            -64.265437,
            -31.406941
          ],
          [
            -64.264908,
            -31.40694
          ],
          [
            -64.264699,
            -31.406943
          ],
          [
            -64.264691,
            -31.407856
          ],
          [
            -64.264689,
            -31.408031
          ],
          [
            -64.264689,
            -31.409236
          ],
          [
            -64.264681,
            -31.410374
          ],
          [
            -64.264687,
            -31.411537
          ],
          [
            -64.264391,
            -31.411531
          ],
          [
            -64.263862,
            -31.411528
          ],
          [
            -64.263851,
            -31.412539
          ],
          [
            -64.263845,
            -31.41304
          ],
          [
            -64.263839,
            -31.413539
          ],
          [
            -64.263844,
            -31.414524
          ],
          [
            -64.263838,
            -31.415517
          ],
          [
            -64.263841,
            -31.41576
          ],
          [
            -64.263844,
            -31.416503
          ],
          [
            -64.263846,
            -31.4169
          ],
          [
            -64.263842,
            -31.417496
          ],
          [
            -64.26385,
            -31.418093
          ],
          [
            -64.263854,
            -31.41849
          ],
          [
            -64.263853,
            -31.419246
          ],
          [
            -64.263856,
            -31.419487
          ],
          [
            -64.263866,
            -31.420477
          ],
          [
            -64.261764,
            -31.420475
          ],
          [
            -64.26153,
            -31.420477
          ],
          [
            -64.260387,
            -31.420479
          ],
          [
            -64.259215,
            -31.42048
          ],
          [
            -64.258063,
            -31.420475
          ],
          [
            -64.256901,
            -31.420475
          ],
          [
            -64.256226,
            -31.420474
          ],
          [
            -64.255748,
            -31.420474
          ],
          [
            -64.253595,
            -31.420467
          ],
          [
            -64.253406,
            -31.420451
          ],
          [
            -64.25229,
            -31.420442
          ],
          [
            -64.25171,
            -31.420438
          ],
          [
            -64.251157,
            -31.420439
          ],
          [
            -64.250879,
            -31.42044
          ],
          [
            -64.25051,
            -31.420441
          ],
          [
            -64.249541,
            -31.420445
          ],
          [
            -64.249305,
            -31.420445
          ],
          [
            -64.248519,
            -31.420448
          ],
          [
            -64.248171,
            -31.420449
          ],
          [
            -64.248102,
            -31.420459
          ],
          [
            -64.247997,
            -31.420473
          ],
          [
            -64.247023,
            -31.420482
          ],
          [
            -64.246898,
            -31.420483
          ],
          [
            -64.245954,
            -31.420496
          ],
          [
            -64.244901,
            -31.420504
          ],
          [
            -64.243869,
            -31.420532
          ],
          [
            -64.243339,
            -31.42054
          ],
          [
            -64.242881,
            -31.420551
          ],
          [
            -64.242838,
            -31.420551
          ],
          [
            -64.241771,
            -31.420541
          ],
          [
            -64.240796,
            -31.42054
          ],
          [
            -64.240167,
            -31.420544
          ],
          [
            -64.240112,
            -31.420554
          ],
          [
            -64.239566,
            -31.420797
          ],
          [
            -64.239531,
            -31.420684
          ],
          [
            -64.239476,
            -31.420498
          ],
          [
            -64.23944,
            -31.420373
          ],
          [
            -64.239135,
            -31.420537
          ],
          [
            -64.23876,
            -31.420743
          ],
          [
            -64.238712,
            -31.420774
          ],
          [
            -64.23869,
            -31.420799
          ],
          [
            -64.238606,
            -31.420905
          ],
          [
            -64.238538,
            -31.421003
          ],
          [
            -64.238279,
            -31.421396
          ],
          [
            -64.237692,
            -31.422292
          ],
          [
            -64.237644,
            -31.42235
          ],
          [
            -64.237591,
            -31.4224
          ],
          [
            -64.237199,
            -31.422701
          ],
          [
            -64.237133,
            -31.422759
          ],
          [
            -64.237064,
            -31.422818
          ],
          [
            -64.236431,
            -31.423435
          ],
          [
            -64.236371,
            -31.42339
          ],
          [
            -64.235894,
            -31.422996
          ],
          [
            -64.235567,
            -31.422721
          ],
          [
            -64.2346,
            -31.422901
          ],
          [
            -64.234469,
            -31.422926
          ],
          [
            -64.233683,
            -31.423082
          ],
          [
            -64.232846,
            -31.42325
          ],
          [
            -64.23199,
            -31.423422
          ],
          [
            -64.231099,
            -31.4236
          ],
          [
            -64.230258,
            -31.42377
          ],
          [
            -64.229427,
            -31.423937
          ],
          [
            -64.228554,
            -31.424112
          ],
          [
            -64.227356,
            -31.424347
          ],
          [
            -64.226129,
            -31.424582
          ],
          [
            -64.225367,
            -31.424727
          ],
          [
            -64.224928,
            -31.424814
          ],
          [
            -64.224202,
            -31.424956
          ],
          [
            -64.223429,
            -31.425101
          ],
          [
            -64.222765,
            -31.425231
          ],
          [
            -64.221993,
            -31.425384
          ],
          [
            -64.221259,
            -31.425526
          ],
          [
            -64.220521,
            -31.425669
          ],
          [
            -64.219769,
            -31.425813
          ],
          [
            -64.219042,
            -31.425955
          ],
          [
            -64.218287,
            -31.426102
          ],
          [
            -64.217649,
            -31.426226
          ],
          [
            -64.217327,
            -31.426288
          ],
          [
            -64.217017,
            -31.426348
          ],
          [
            -64.216671,
            -31.426408
          ],
          [
            -64.216315,
            -31.426484
          ],
          [
            -64.2159,
            -31.426567
          ],
          [
            -64.215662,
            -31.426611
          ],
          [
            -64.215017,
            -31.426734
          ],
          [
            -64.213216,
            -31.427048
          ],
          [
            -64.213131,
            -31.427065
          ],
          [
            -64.212522,
            -31.427176
          ],
          [
            -64.212437,
            -31.427191
          ],
          [
            -64.212407,
            -31.427196
          ],
          [
            -64.212341,
            -31.427208
          ],
          [
            -64.211808,
            -31.427305
          ],
          [
            -64.211743,
            -31.427317
          ],
          [
            -64.211663,
            -31.427331
          ],
          [
            -64.211105,
            -31.427433
          ],
          [
            -64.211043,
            -31.427444
          ],
          [
            -64.210427,
            -31.42756
          ],
          [
            -64.210334,
            -31.427578
          ],
          [
            -64.210227,
            -31.427596
          ],
          [
            -64.208754,
            -31.427879
          ],
          [
            -64.208649,
            -31.427984
          ],
          [
            -64.208463,
            -31.427883
          ],
          [
            -64.208279,
            -31.427796
          ],
          [
            -64.208146,
            -31.427755
          ],
          [
            -64.208038,
            -31.427736
          ],
          [
            -64.207912,
            -31.427727
          ],
          [
            -64.207804,
            -31.427721
          ],
          [
            -64.207695,
            -31.427718
          ],
          [
            -64.207553,
            -31.427731
          ],
          [
            -64.207446,
            -31.427747
          ],
          [
            -64.207277,
            -31.427785
          ],
          [
            -64.206246,
            -31.428042
          ],
          [
            -64.20444,
            -31.428475
          ],
          [
            -64.204201,
            -31.428531
          ],
          [
            -64.204057,
            -31.42855
          ],
          [
            -64.203855,
            -31.428576
          ],
          [
            -64.203081,
            -31.428627
          ],
          [
            -64.202943,
            -31.428634
          ],
          [
            -64.202205,
            -31.428681
          ],
          [
            -64.201566,
            -31.428731
          ],
          [
            -64.201252,
            -31.428756
          ],
          [
            -64.200677,
            -31.428802
          ],
          [
            -64.200619,
            -31.428809
          ],
          [
            -64.200024,
            -31.428863
          ],
          [
            -64.199805,
            -31.428859
          ],
          [
            -64.199682,
            -31.428836
          ],
          [
            -64.198513,
            -31.428558
          ],
          [
            -64.197892,
            -31.428419
          ],
          [
            -64.197755,
            -31.428385
          ],
          [
            -64.19764,
            -31.428351
          ],
          [
            -64.197483,
            -31.428302
          ],
          [
            -64.197381,
            -31.42827
          ],
          [
            -64.197254,
            -31.428218
          ],
          [
            -64.196639,
            -31.42792
          ],
          [
            -64.195274,
            -31.427165
          ],
          [
            -64.194872,
            -31.427
          ],
          [
            -64.194509,
            -31.426863
          ],
          [
            -64.194478,
            -31.426787
          ],
          [
            -64.194469,
            -31.426766
          ],
          [
            -64.194257,
            -31.426227
          ],
          [
            -64.194255,
            -31.426221
          ],
          [
            -64.194239,
            -31.42618
          ],
          [
            -64.19422,
            -31.426133
          ],
          [
            -64.194217,
            -31.426124
          ],
          [
            -64.194076,
            -31.425803
          ],
          [
            -64.194072,
            -31.425793
          ],
          [
            -64.194044,
            -31.425728
          ],
          [
            -64.194016,
            -31.425659
          ],
          [
            -64.194012,
            -31.425649
          ],
          [
            -64.193799,
            -31.425129
          ],
          [
            -64.193794,
            -31.425118
          ],
          [
            -64.193764,
            -31.425045
          ],
          [
            -64.193737,
            -31.424979
          ],
          [
            -64.193732,
            -31.424969
          ],
          [
            -64.193303,
            -31.423935
          ],
          [
            -64.1933,
            -31.423927
          ],
          [
            -64.19328,
            -31.423877
          ],
          [
            -64.193257,
            -31.423821
          ],
          [
            -64.193252,
            -31.423808
          ],
          [
            -64.193046,
            -31.423323
          ],
          [
            -64.19301,
            -31.423229
          ],
          [
            -64.192822,
            -31.422835
          ],
          [
            -64.192817,
            -31.422826
          ],
          [
            -64.192787,
            -31.422763
          ],
          [
            -64.192763,
            -31.42271
          ],
          [
            -64.192758,
            -31.422699
          ],
          [
            -64.192698,
            -31.422564
          ],
          [
            -64.192573,
            -31.422383
          ],
          [
            -64.192455,
            -31.422273
          ],
          [
            -64.192403,
            -31.42223
          ],
          [
            -64.192332,
            -31.42218
          ],
          [
            -64.191757,
            -31.421847
          ],
          [
            -64.191748,
            -31.421842
          ],
          [
            -64.191681,
            -31.421802
          ],
          [
            -64.19163,
            -31.421772
          ],
          [
            -64.191615,
            -31.421762
          ],
          [
            -64.190716,
            -31.421211
          ],
          [
            -64.190627,
            -31.421142
          ],
          [
            -64.190514,
            -31.42103
          ],
          [
            -64.190452,
            -31.420938
          ],
          [
            -64.19044,
            -31.420922
          ],
          [
            -64.190435,
            -31.420913
          ],
          [
            -64.19041,
            -31.420877
          ],
          [
            -64.19039,
            -31.420832
          ],
          [
            -64.190385,
            -31.420821
          ],
          [
            -64.190038,
            -31.420001
          ],
          [
            -64.190031,
            -31.419983
          ],
          [
            -64.190007,
            -31.419899
          ],
          [
            -64.189976,
            -31.419802
          ],
          [
            -64.189956,
            -31.419714
          ],
          [
            -64.189951,
            -31.419695
          ],
          [
            -64.189855,
            -31.419325
          ],
          [
            -64.189817,
            -31.419043
          ],
          [
            -64.18966,
            -31.418461
          ],
          [
            -64.189595,
            -31.418267
          ],
          [
            -64.189097,
            -31.417094
          ],
          [
            -64.189089,
            -31.417076
          ],
          [
            -64.189049,
            -31.417087
          ],
          [
            -64.18777,
            -31.417441
          ],
          [
            -64.187673,
            -31.417469
          ],
          [
            -64.18769,
            -31.41751
          ],
          [
            -64.188184,
            -31.418665
          ],
          [
            -64.188568,
            -31.419564
          ],
          [
            -64.188701,
            -31.419841
          ],
          [
            -64.188713,
            -31.419861
          ],
          [
            -64.188728,
            -31.419891
          ],
          [
            -64.188735,
            -31.419927
          ],
          [
            -64.188737,
            -31.419959
          ],
          [
            -64.188733,
            -31.419976
          ],
          [
            -64.188728,
            -31.419991
          ],
          [
            -64.188709,
            -31.420032
          ],
          [
            -64.188708,
            -31.420086
          ],
          [
            -64.188709,
            -31.420103
          ]
        ]
      }
    },
    {
      "type": "Feature",
      "id": "route-cordoba-2026-08-28-v3-08",
      "properties": {
        "truckId": "vehicle-08",
        "waypointDistancesKm": [
          0,
          2.013948933329416,
          8.485814189550455,
          9.68193958983283,
          13.86409907064081,
          16.45002013751452,
          18.909629024558864,
          23.170018990607492,
          23.771854261229933,
          38.92623869120733
        ]
      },
      "geometry": {
        "type": "LineString",
        "coordinates": [
          [
            -64.188709,
            -31.420109
          ],
          [
            -64.18871,
            -31.420127
          ],
          [
            -64.188717,
            -31.420178
          ],
          [
            -64.188727,
            -31.42023
          ],
          [
            -64.188737,
            -31.420284
          ],
          [
            -64.188734,
            -31.420338
          ],
          [
            -64.188686,
            -31.420476
          ],
          [
            -64.188614,
            -31.420637
          ],
          [
            -64.188602,
            -31.420666
          ],
          [
            -64.188216,
            -31.421509
          ],
          [
            -64.188139,
            -31.421536
          ],
          [
            -64.187971,
            -31.421596
          ],
          [
            -64.187883,
            -31.421621
          ],
          [
            -64.186582,
            -31.422025
          ],
          [
            -64.187051,
            -31.423184
          ],
          [
            -64.187348,
            -31.423089
          ],
          [
            -64.187455,
            -31.423057
          ],
          [
            -64.18837,
            -31.422766
          ],
          [
            -64.189743,
            -31.422336
          ],
          [
            -64.191026,
            -31.421953
          ],
          [
            -64.190613,
            -31.421516
          ],
          [
            -64.190113,
            -31.421069
          ],
          [
            -64.190082,
            -31.420974
          ],
          [
            -64.19,
            -31.420834
          ],
          [
            -64.189978,
            -31.420712
          ],
          [
            -64.18997,
            -31.420554
          ],
          [
            -64.189962,
            -31.420073
          ],
          [
            -64.189978,
            -31.419996
          ],
          [
            -64.190007,
            -31.419899
          ],
          [
            -64.189976,
            -31.419802
          ],
          [
            -64.189956,
            -31.419714
          ],
          [
            -64.189951,
            -31.419695
          ],
          [
            -64.189855,
            -31.419325
          ],
          [
            -64.189817,
            -31.419043
          ],
          [
            -64.189817,
            -31.418845
          ],
          [
            -64.189827,
            -31.418696
          ],
          [
            -64.189856,
            -31.418532
          ],
          [
            -64.189885,
            -31.418373
          ],
          [
            -64.189918,
            -31.418231
          ],
          [
            -64.18992,
            -31.418223
          ],
          [
            -64.189931,
            -31.418171
          ],
          [
            -64.189955,
            -31.418097
          ],
          [
            -64.189959,
            -31.418085
          ],
          [
            -64.190416,
            -31.416687
          ],
          [
            -64.190422,
            -31.416663
          ],
          [
            -64.190453,
            -31.416566
          ],
          [
            -64.190822,
            -31.41525
          ],
          [
            -64.191161,
            -31.41514
          ],
          [
            -64.192574,
            -31.414726
          ],
          [
            -64.193175,
            -31.41455
          ],
          [
            -64.193203,
            -31.414542
          ],
          [
            -64.193903,
            -31.414337
          ],
          [
            -64.194321,
            -31.414215
          ],
          [
            -64.195204,
            -31.413956
          ],
          [
            -64.195915,
            -31.413748
          ],
          [
            -64.196537,
            -31.413578
          ],
          [
            -64.197897,
            -31.413168
          ],
          [
            -64.197498,
            -31.412026
          ],
          [
            -64.197087,
            -31.410895
          ],
          [
            -64.196702,
            -31.40975
          ],
          [
            -64.196673,
            -31.409666
          ],
          [
            -64.196651,
            -31.409598
          ],
          [
            -64.198019,
            -31.409187
          ],
          [
            -64.198642,
            -31.409006
          ],
          [
            -64.199349,
            -31.408792
          ],
          [
            -64.200757,
            -31.408391
          ],
          [
            -64.201713,
            -31.40812
          ],
          [
            -64.202087,
            -31.408018
          ],
          [
            -64.20309,
            -31.407729
          ],
          [
            -64.203382,
            -31.407645
          ],
          [
            -64.203489,
            -31.407614
          ],
          [
            -64.204344,
            -31.407362
          ],
          [
            -64.204583,
            -31.407292
          ],
          [
            -64.205806,
            -31.406932
          ],
          [
            -64.206043,
            -31.406873
          ],
          [
            -64.206607,
            -31.4067
          ],
          [
            -64.206639,
            -31.40669
          ],
          [
            -64.207134,
            -31.406547
          ],
          [
            -64.207959,
            -31.406309
          ],
          [
            -64.208176,
            -31.406253
          ],
          [
            -64.208396,
            -31.406184
          ],
          [
            -64.209213,
            -31.405931
          ],
          [
            -64.210355,
            -31.405584
          ],
          [
            -64.211494,
            -31.405233
          ],
          [
            -64.211605,
            -31.405196
          ],
          [
            -64.212,
            -31.405067
          ],
          [
            -64.212627,
            -31.404861
          ],
          [
            -64.213768,
            -31.404502
          ],
          [
            -64.214599,
            -31.40424
          ],
          [
            -64.214912,
            -31.404141
          ],
          [
            -64.216036,
            -31.403788
          ],
          [
            -64.217154,
            -31.403436
          ],
          [
            -64.218309,
            -31.403072
          ],
          [
            -64.218994,
            -31.40285
          ],
          [
            -64.219446,
            -31.402708
          ],
          [
            -64.220585,
            -31.402345
          ],
          [
            -64.221708,
            -31.401988
          ],
          [
            -64.222808,
            -31.401621
          ],
          [
            -64.223958,
            -31.401244
          ],
          [
            -64.224141,
            -31.401188
          ],
          [
            -64.224425,
            -31.401101
          ],
          [
            -64.224871,
            -31.400964
          ],
          [
            -64.225119,
            -31.400888
          ],
          [
            -64.225204,
            -31.400862
          ],
          [
            -64.225255,
            -31.400846
          ],
          [
            -64.226545,
            -31.400426
          ],
          [
            -64.2266,
            -31.400408
          ],
          [
            -64.226881,
            -31.400319
          ],
          [
            -64.22766,
            -31.400072
          ],
          [
            -64.22833,
            -31.399859
          ],
          [
            -64.229165,
            -31.399591
          ],
          [
            -64.229486,
            -31.39949
          ],
          [
            -64.229634,
            -31.399442
          ],
          [
            -64.229939,
            -31.399344
          ],
          [
            -64.230454,
            -31.399176
          ],
          [
            -64.230658,
            -31.399109
          ],
          [
            -64.231527,
            -31.398848
          ],
          [
            -64.232862,
            -31.398413
          ],
          [
            -64.233231,
            -31.398293
          ],
          [
            -64.233296,
            -31.398272
          ],
          [
            -64.233741,
            -31.398127
          ],
          [
            -64.234724,
            -31.397814
          ],
          [
            -64.235064,
            -31.397702
          ],
          [
            -64.235594,
            -31.397538
          ],
          [
            -64.237176,
            -31.397031
          ],
          [
            -64.238299,
            -31.39667
          ],
          [
            -64.239423,
            -31.396307
          ],
          [
            -64.239921,
            -31.396158
          ],
          [
            -64.240356,
            -31.396044
          ],
          [
            -64.24052,
            -31.396015
          ],
          [
            -64.240599,
            -31.396001
          ],
          [
            -64.240899,
            -31.395972
          ],
          [
            -64.241155,
            -31.395955
          ],
          [
            -64.241408,
            -31.395955
          ],
          [
            -64.241705,
            -31.395959
          ],
          [
            -64.241857,
            -31.395962
          ],
          [
            -64.241986,
            -31.395969
          ],
          [
            -64.243274,
            -31.396036
          ],
          [
            -64.244063,
            -31.396078
          ],
          [
            -64.24446,
            -31.396094
          ],
          [
            -64.244583,
            -31.396101
          ],
          [
            -64.244688,
            -31.396105
          ],
          [
            -64.244843,
            -31.396112
          ],
          [
            -64.245515,
            -31.396146
          ],
          [
            -64.246642,
            -31.396201
          ],
          [
            -64.247109,
            -31.396221
          ],
          [
            -64.247208,
            -31.396221
          ],
          [
            -64.247307,
            -31.396213
          ],
          [
            -64.247429,
            -31.396192
          ],
          [
            -64.247516,
            -31.396172
          ],
          [
            -64.247613,
            -31.396146
          ],
          [
            -64.247695,
            -31.396124
          ],
          [
            -64.247765,
            -31.396107
          ],
          [
            -64.247838,
            -31.396092
          ],
          [
            -64.247911,
            -31.396084
          ],
          [
            -64.247999,
            -31.39608
          ],
          [
            -64.248072,
            -31.39608
          ],
          [
            -64.248154,
            -31.396085
          ],
          [
            -64.248232,
            -31.396092
          ],
          [
            -64.248329,
            -31.396106
          ],
          [
            -64.248466,
            -31.396137
          ],
          [
            -64.248559,
            -31.396164
          ],
          [
            -64.248645,
            -31.396197
          ],
          [
            -64.24874,
            -31.396234
          ],
          [
            -64.248829,
            -31.396265
          ],
          [
            -64.248916,
            -31.396288
          ],
          [
            -64.249006,
            -31.396307
          ],
          [
            -64.24912,
            -31.396319
          ],
          [
            -64.249228,
            -31.396326
          ],
          [
            -64.249393,
            -31.396334
          ],
          [
            -64.24991,
            -31.396361
          ],
          [
            -64.250387,
            -31.396384
          ],
          [
            -64.250942,
            -31.396411
          ],
          [
            -64.251091,
            -31.396417
          ],
          [
            -64.251199,
            -31.396423
          ],
          [
            -64.25127,
            -31.396418
          ],
          [
            -64.251327,
            -31.396409
          ],
          [
            -64.251315,
            -31.396356
          ],
          [
            -64.251298,
            -31.396301
          ],
          [
            -64.251132,
            -31.395913
          ],
          [
            -64.250945,
            -31.395517
          ],
          [
            -64.25126,
            -31.395415
          ],
          [
            -64.251775,
            -31.395229
          ],
          [
            -64.25206,
            -31.395137
          ],
          [
            -64.252215,
            -31.395085
          ],
          [
            -64.252348,
            -31.395041
          ],
          [
            -64.252672,
            -31.394932
          ],
          [
            -64.253789,
            -31.394518
          ],
          [
            -64.254374,
            -31.394317
          ],
          [
            -64.254386,
            -31.394313
          ],
          [
            -64.254968,
            -31.394112
          ],
          [
            -64.254905,
            -31.393983
          ],
          [
            -64.254703,
            -31.393569
          ],
          [
            -64.254658,
            -31.393476
          ],
          [
            -64.254368,
            -31.392862
          ],
          [
            -64.254316,
            -31.392764
          ],
          [
            -64.254258,
            -31.392643
          ],
          [
            -64.254016,
            -31.392138
          ],
          [
            -64.253933,
            -31.391969
          ],
          [
            -64.253859,
            -31.391811
          ],
          [
            -64.253661,
            -31.391403
          ],
          [
            -64.253481,
            -31.391031
          ],
          [
            -64.253231,
            -31.390511
          ],
          [
            -64.25309,
            -31.390221
          ],
          [
            -64.252985,
            -31.390006
          ],
          [
            -64.252723,
            -31.389465
          ],
          [
            -64.252602,
            -31.389224
          ],
          [
            -64.252327,
            -31.388669
          ],
          [
            -64.252071,
            -31.388137
          ],
          [
            -64.251996,
            -31.387988
          ],
          [
            -64.251876,
            -31.387747
          ],
          [
            -64.251169,
            -31.38802
          ],
          [
            -64.251039,
            -31.387761
          ],
          [
            -64.251169,
            -31.38802
          ],
          [
            -64.251272,
            -31.38798
          ],
          [
            -64.251876,
            -31.387747
          ],
          [
            -64.251829,
            -31.387653
          ],
          [
            -64.25157,
            -31.387134
          ],
          [
            -64.251307,
            -31.386607
          ],
          [
            -64.251037,
            -31.386066
          ],
          [
            -64.250781,
            -31.385574
          ],
          [
            -64.250701,
            -31.385391
          ],
          [
            -64.250443,
            -31.385029
          ],
          [
            -64.250365,
            -31.384946
          ],
          [
            -64.250285,
            -31.384871
          ],
          [
            -64.250246,
            -31.384844
          ],
          [
            -64.250171,
            -31.384792
          ],
          [
            -64.250087,
            -31.384812
          ],
          [
            -64.25,
            -31.384807
          ],
          [
            -64.249947,
            -31.384787
          ],
          [
            -64.249804,
            -31.384793
          ],
          [
            -64.249696,
            -31.384817
          ],
          [
            -64.24954,
            -31.384867
          ],
          [
            -64.249374,
            -31.38491
          ],
          [
            -64.249225,
            -31.384932
          ],
          [
            -64.248894,
            -31.384968
          ],
          [
            -64.248819,
            -31.384981
          ],
          [
            -64.248688,
            -31.385019
          ],
          [
            -64.248646,
            -31.385062
          ],
          [
            -64.248593,
            -31.385095
          ],
          [
            -64.248543,
            -31.385111
          ],
          [
            -64.248491,
            -31.385119
          ],
          [
            -64.248437,
            -31.385117
          ],
          [
            -64.248386,
            -31.385106
          ],
          [
            -64.248339,
            -31.385085
          ],
          [
            -64.248305,
            -31.385063
          ],
          [
            -64.248276,
            -31.385035
          ],
          [
            -64.248253,
            -31.385005
          ],
          [
            -64.248237,
            -31.384971
          ],
          [
            -64.248227,
            -31.384935
          ],
          [
            -64.248225,
            -31.384899
          ],
          [
            -64.248231,
            -31.384859
          ],
          [
            -64.248194,
            -31.384762
          ],
          [
            -64.248161,
            -31.384705
          ],
          [
            -64.248153,
            -31.384694
          ],
          [
            -64.247914,
            -31.38436
          ],
          [
            -64.247836,
            -31.384243
          ],
          [
            -64.247137,
            -31.383285
          ],
          [
            -64.246762,
            -31.382804
          ],
          [
            -64.246499,
            -31.382471
          ],
          [
            -64.246297,
            -31.382208
          ],
          [
            -64.245961,
            -31.381777
          ],
          [
            -64.245277,
            -31.380915
          ],
          [
            -64.244867,
            -31.380404
          ],
          [
            -64.24446,
            -31.37986
          ],
          [
            -64.244367,
            -31.379748
          ],
          [
            -64.244215,
            -31.37955
          ],
          [
            -64.243356,
            -31.378448
          ],
          [
            -64.242383,
            -31.377209
          ],
          [
            -64.241988,
            -31.376701
          ],
          [
            -64.241396,
            -31.375954
          ],
          [
            -64.241004,
            -31.375472
          ],
          [
            -64.24085,
            -31.375285
          ],
          [
            -64.24083,
            -31.375256
          ],
          [
            -64.24081,
            -31.375207
          ],
          [
            -64.240795,
            -31.375145
          ],
          [
            -64.24062,
            -31.373948
          ],
          [
            -64.24058,
            -31.373714
          ],
          [
            -64.240565,
            -31.373665
          ],
          [
            -64.240534,
            -31.373619
          ],
          [
            -64.240477,
            -31.373579
          ],
          [
            -64.240424,
            -31.373558
          ],
          [
            -64.240359,
            -31.373546
          ],
          [
            -64.239094,
            -31.373373
          ],
          [
            -64.239013,
            -31.373357
          ],
          [
            -64.238939,
            -31.373336
          ],
          [
            -64.23886,
            -31.373293
          ],
          [
            -64.238518,
            -31.373057
          ],
          [
            -64.238445,
            -31.373007
          ],
          [
            -64.23834,
            -31.372931
          ],
          [
            -64.238308,
            -31.372898
          ],
          [
            -64.238271,
            -31.37285
          ],
          [
            -64.237471,
            -31.371675
          ],
          [
            -64.236981,
            -31.372061
          ],
          [
            -64.236143,
            -31.371331
          ],
          [
            -64.236659,
            -31.370909
          ],
          [
            -64.237154,
            -31.370503
          ],
          [
            -64.236571,
            -31.369776
          ],
          [
            -64.235633,
            -31.368732
          ],
          [
            -64.235539,
            -31.368643
          ],
          [
            -64.23418,
            -31.36738
          ],
          [
            -64.234148,
            -31.367333
          ],
          [
            -64.234112,
            -31.367211
          ],
          [
            -64.233319,
            -31.366687
          ],
          [
            -64.232385,
            -31.366079
          ],
          [
            -64.232752,
            -31.365674
          ],
          [
            -64.233098,
            -31.365293
          ],
          [
            -64.233565,
            -31.364793
          ],
          [
            -64.23423,
            -31.364081
          ],
          [
            -64.233989,
            -31.363856
          ],
          [
            -64.233297,
            -31.363228
          ],
          [
            -64.232743,
            -31.362718
          ],
          [
            -64.231915,
            -31.362018
          ],
          [
            -64.23123,
            -31.361407
          ],
          [
            -64.231275,
            -31.361389
          ],
          [
            -64.23147,
            -31.36131
          ],
          [
            -64.232154,
            -31.361019
          ],
          [
            -64.232709,
            -31.360772
          ],
          [
            -64.233498,
            -31.360432
          ],
          [
            -64.233795,
            -31.360308
          ],
          [
            -64.234109,
            -31.360182
          ],
          [
            -64.234959,
            -31.359803
          ],
          [
            -64.235134,
            -31.359727
          ],
          [
            -64.235765,
            -31.359455
          ],
          [
            -64.236398,
            -31.359179
          ],
          [
            -64.237331,
            -31.358773
          ],
          [
            -64.237777,
            -31.35858
          ],
          [
            -64.238365,
            -31.358325
          ],
          [
            -64.238437,
            -31.358293
          ],
          [
            -64.238497,
            -31.358267
          ],
          [
            -64.238636,
            -31.358206
          ],
          [
            -64.238726,
            -31.358166
          ],
          [
            -64.239129,
            -31.358003
          ],
          [
            -64.239201,
            -31.357977
          ],
          [
            -64.239291,
            -31.357938
          ],
          [
            -64.239372,
            -31.357917
          ],
          [
            -64.239553,
            -31.357884
          ],
          [
            -64.239638,
            -31.357862
          ],
          [
            -64.239644,
            -31.357851
          ],
          [
            -64.239662,
            -31.357823
          ],
          [
            -64.239682,
            -31.357798
          ],
          [
            -64.239721,
            -31.357762
          ],
          [
            -64.239765,
            -31.357732
          ],
          [
            -64.239813,
            -31.357709
          ],
          [
            -64.239861,
            -31.357689
          ],
          [
            -64.239908,
            -31.357675
          ],
          [
            -64.239964,
            -31.357668
          ],
          [
            -64.240024,
            -31.357665
          ],
          [
            -64.24008,
            -31.357669
          ],
          [
            -64.240149,
            -31.357684
          ],
          [
            -64.240196,
            -31.357705
          ],
          [
            -64.24024,
            -31.35773
          ],
          [
            -64.240298,
            -31.357745
          ],
          [
            -64.240344,
            -31.357755
          ],
          [
            -64.240391,
            -31.357755
          ],
          [
            -64.240436,
            -31.357751
          ],
          [
            -64.240479,
            -31.357742
          ],
          [
            -64.240531,
            -31.357724
          ],
          [
            -64.240575,
            -31.35769
          ],
          [
            -64.240636,
            -31.35763
          ],
          [
            -64.240701,
            -31.357562
          ],
          [
            -64.24074,
            -31.357526
          ],
          [
            -64.240936,
            -31.357344
          ],
          [
            -64.241168,
            -31.357126
          ],
          [
            -64.241282,
            -31.357022
          ],
          [
            -64.241553,
            -31.356776
          ],
          [
            -64.241793,
            -31.356556
          ],
          [
            -64.241936,
            -31.35644
          ],
          [
            -64.242053,
            -31.356366
          ],
          [
            -64.242193,
            -31.356281
          ],
          [
            -64.242498,
            -31.35598
          ],
          [
            -64.242602,
            -31.355881
          ],
          [
            -64.243028,
            -31.355483
          ],
          [
            -64.243639,
            -31.354913
          ],
          [
            -64.243695,
            -31.354861
          ],
          [
            -64.243815,
            -31.354757
          ],
          [
            -64.243957,
            -31.354618
          ],
          [
            -64.244344,
            -31.354252
          ],
          [
            -64.244773,
            -31.353851
          ],
          [
            -64.245078,
            -31.353564
          ],
          [
            -64.245382,
            -31.353279
          ],
          [
            -64.246053,
            -31.352663
          ],
          [
            -64.246399,
            -31.352336
          ],
          [
            -64.246677,
            -31.352081
          ],
          [
            -64.246823,
            -31.351945
          ],
          [
            -64.246927,
            -31.351849
          ],
          [
            -64.247033,
            -31.351737
          ],
          [
            -64.247125,
            -31.351641
          ],
          [
            -64.247283,
            -31.351471
          ],
          [
            -64.247344,
            -31.3514
          ],
          [
            -64.247425,
            -31.351304
          ],
          [
            -64.247466,
            -31.351245
          ],
          [
            -64.247522,
            -31.35116
          ],
          [
            -64.247673,
            -31.350914
          ],
          [
            -64.247767,
            -31.350756
          ],
          [
            -64.247851,
            -31.350621
          ],
          [
            -64.247936,
            -31.350478
          ],
          [
            -64.248045,
            -31.350302
          ],
          [
            -64.248256,
            -31.349955
          ],
          [
            -64.248428,
            -31.349864
          ],
          [
            -64.248149,
            -31.350312
          ],
          [
            -64.24781,
            -31.350894
          ],
          [
            -64.247533,
            -31.351323
          ],
          [
            -64.247454,
            -31.351429
          ],
          [
            -64.24742,
            -31.351471
          ],
          [
            -64.247309,
            -31.351604
          ],
          [
            -64.247057,
            -31.351881
          ],
          [
            -64.246933,
            -31.352005
          ],
          [
            -64.24674,
            -31.352181
          ],
          [
            -64.246379,
            -31.352496
          ],
          [
            -64.245791,
            -31.353048
          ],
          [
            -64.245732,
            -31.353103
          ],
          [
            -64.24519,
            -31.353608
          ],
          [
            -64.244421,
            -31.354332
          ],
          [
            -64.244327,
            -31.35442
          ],
          [
            -64.244216,
            -31.354456
          ],
          [
            -64.243918,
            -31.354738
          ],
          [
            -64.2439,
            -31.35475
          ],
          [
            -64.243875,
            -31.354759
          ],
          [
            -64.243854,
            -31.354764
          ],
          [
            -64.243832,
            -31.354762
          ],
          [
            -64.243815,
            -31.354757
          ],
          [
            -64.243957,
            -31.354618
          ],
          [
            -64.244344,
            -31.354252
          ],
          [
            -64.244773,
            -31.353851
          ],
          [
            -64.245078,
            -31.353564
          ],
          [
            -64.245382,
            -31.353279
          ],
          [
            -64.246053,
            -31.352663
          ],
          [
            -64.246399,
            -31.352336
          ],
          [
            -64.246677,
            -31.352081
          ],
          [
            -64.246823,
            -31.351945
          ],
          [
            -64.246927,
            -31.351849
          ],
          [
            -64.247033,
            -31.351737
          ],
          [
            -64.247125,
            -31.351641
          ],
          [
            -64.247283,
            -31.351471
          ],
          [
            -64.247344,
            -31.3514
          ],
          [
            -64.247425,
            -31.351304
          ],
          [
            -64.247365,
            -31.351238
          ],
          [
            -64.246983,
            -31.35082
          ],
          [
            -64.246826,
            -31.350633
          ],
          [
            -64.246629,
            -31.350405
          ],
          [
            -64.2462,
            -31.349902
          ],
          [
            -64.245509,
            -31.349106
          ],
          [
            -64.245235,
            -31.348789
          ],
          [
            -64.244353,
            -31.347762
          ],
          [
            -64.244272,
            -31.347672
          ],
          [
            -64.244226,
            -31.347617
          ],
          [
            -64.24417,
            -31.34755
          ],
          [
            -64.244106,
            -31.347477
          ],
          [
            -64.243032,
            -31.346319
          ],
          [
            -64.242521,
            -31.345794
          ],
          [
            -64.241951,
            -31.345192
          ],
          [
            -64.241913,
            -31.345122
          ],
          [
            -64.2419,
            -31.34508
          ],
          [
            -64.241887,
            -31.345015
          ],
          [
            -64.241929,
            -31.343361
          ],
          [
            -64.240969,
            -31.343359
          ],
          [
            -64.240396,
            -31.343353
          ],
          [
            -64.239737,
            -31.34335
          ],
          [
            -64.238579,
            -31.343357
          ],
          [
            -64.238577,
            -31.342615
          ],
          [
            -64.237976,
            -31.342617
          ],
          [
            -64.237425,
            -31.34262
          ],
          [
            -64.237421,
            -31.343365
          ],
          [
            -64.237726,
            -31.343363
          ],
          [
            -64.238579,
            -31.343357
          ],
          [
            -64.239737,
            -31.34335
          ],
          [
            -64.240396,
            -31.343353
          ],
          [
            -64.240969,
            -31.343359
          ],
          [
            -64.241929,
            -31.343361
          ],
          [
            -64.242514,
            -31.343358
          ],
          [
            -64.243472,
            -31.343355
          ],
          [
            -64.244313,
            -31.343353
          ],
          [
            -64.244458,
            -31.343351
          ],
          [
            -64.24601,
            -31.343345
          ],
          [
            -64.246095,
            -31.343345
          ],
          [
            -64.246373,
            -31.343344
          ],
          [
            -64.246476,
            -31.343333
          ],
          [
            -64.246608,
            -31.34332
          ],
          [
            -64.246727,
            -31.3433
          ],
          [
            -64.246852,
            -31.343265
          ],
          [
            -64.246954,
            -31.343238
          ],
          [
            -64.246983,
            -31.343228
          ],
          [
            -64.248146,
            -31.342829
          ],
          [
            -64.248204,
            -31.342806
          ],
          [
            -64.249353,
            -31.34236
          ],
          [
            -64.250068,
            -31.342084
          ],
          [
            -64.250481,
            -31.341924
          ],
          [
            -64.250816,
            -31.341798
          ],
          [
            -64.251329,
            -31.341611
          ],
          [
            -64.251828,
            -31.341411
          ],
          [
            -64.2522,
            -31.34126
          ],
          [
            -64.253017,
            -31.340945
          ],
          [
            -64.253345,
            -31.340818
          ],
          [
            -64.254097,
            -31.340527
          ],
          [
            -64.254753,
            -31.340269
          ],
          [
            -64.255112,
            -31.340126
          ],
          [
            -64.255418,
            -31.339941
          ],
          [
            -64.255487,
            -31.339854
          ],
          [
            -64.255529,
            -31.339778
          ],
          [
            -64.25555,
            -31.339679
          ],
          [
            -64.255535,
            -31.339637
          ],
          [
            -64.255532,
            -31.339593
          ],
          [
            -64.255539,
            -31.339549
          ],
          [
            -64.255558,
            -31.339508
          ],
          [
            -64.255587,
            -31.339471
          ],
          [
            -64.25561,
            -31.339452
          ],
          [
            -64.255636,
            -31.339435
          ],
          [
            -64.255664,
            -31.339421
          ],
          [
            -64.255694,
            -31.339411
          ],
          [
            -64.25573,
            -31.339404
          ],
          [
            -64.255766,
            -31.339402
          ],
          [
            -64.255803,
            -31.339405
          ],
          [
            -64.255838,
            -31.339413
          ],
          [
            -64.255872,
            -31.339425
          ],
          [
            -64.255903,
            -31.339442
          ],
          [
            -64.25606,
            -31.339451
          ],
          [
            -64.256134,
            -31.339445
          ],
          [
            -64.256263,
            -31.339424
          ],
          [
            -64.256409,
            -31.339311
          ],
          [
            -64.256463,
            -31.339269
          ],
          [
            -64.257262,
            -31.338651
          ],
          [
            -64.258163,
            -31.337986
          ],
          [
            -64.25913,
            -31.337279
          ],
          [
            -64.259214,
            -31.337219
          ],
          [
            -64.259688,
            -31.336921
          ],
          [
            -64.260177,
            -31.336664
          ],
          [
            -64.260537,
            -31.336486
          ],
          [
            -64.261268,
            -31.336167
          ],
          [
            -64.262067,
            -31.33578
          ],
          [
            -64.262127,
            -31.335666
          ],
          [
            -64.262159,
            -31.335556
          ],
          [
            -64.2622,
            -31.33537
          ],
          [
            -64.262255,
            -31.334902
          ],
          [
            -64.262271,
            -31.334711
          ],
          [
            -64.262279,
            -31.334614
          ],
          [
            -64.262299,
            -31.334254
          ],
          [
            -64.262298,
            -31.334228
          ],
          [
            -64.262295,
            -31.334107
          ],
          [
            -64.262295,
            -31.334069
          ],
          [
            -64.2623,
            -31.333297
          ],
          [
            -64.262243,
            -31.33244
          ],
          [
            -64.262292,
            -31.33236
          ],
          [
            -64.262292,
            -31.331959
          ],
          [
            -64.262299,
            -31.331789
          ],
          [
            -64.262309,
            -31.331642
          ],
          [
            -64.26232,
            -31.331539
          ],
          [
            -64.262326,
            -31.331413
          ],
          [
            -64.262328,
            -31.331214
          ],
          [
            -64.262329,
            -31.331082
          ],
          [
            -64.262333,
            -31.330817
          ],
          [
            -64.262332,
            -31.330549
          ],
          [
            -64.262272,
            -31.330425
          ],
          [
            -64.262204,
            -31.330283
          ],
          [
            -64.261561,
            -31.329088
          ],
          [
            -64.260945,
            -31.327892
          ],
          [
            -64.260496,
            -31.327027
          ],
          [
            -64.260297,
            -31.326635
          ],
          [
            -64.259806,
            -31.325716
          ],
          [
            -64.259762,
            -31.325639
          ],
          [
            -64.259719,
            -31.325588
          ],
          [
            -64.259623,
            -31.325498
          ],
          [
            -64.259574,
            -31.325458
          ],
          [
            -64.259457,
            -31.325361
          ],
          [
            -64.25928,
            -31.325238
          ],
          [
            -64.259072,
            -31.325116
          ],
          [
            -64.2588,
            -31.324962
          ],
          [
            -64.258674,
            -31.324904
          ],
          [
            -64.258518,
            -31.324846
          ],
          [
            -64.258272,
            -31.324776
          ],
          [
            -64.258014,
            -31.324717
          ],
          [
            -64.257816,
            -31.32468
          ],
          [
            -64.257588,
            -31.324659
          ],
          [
            -64.257397,
            -31.324649
          ],
          [
            -64.257336,
            -31.324637
          ],
          [
            -64.257274,
            -31.3246
          ],
          [
            -64.257262,
            -31.324527
          ],
          [
            -64.257282,
            -31.32425
          ],
          [
            -64.257293,
            -31.324175
          ],
          [
            -64.257306,
            -31.324033
          ],
          [
            -64.257303,
            -31.323963
          ],
          [
            -64.257268,
            -31.323852
          ],
          [
            -64.25695,
            -31.323166
          ],
          [
            -64.25631,
            -31.32339
          ],
          [
            -64.255527,
            -31.323663
          ],
          [
            -64.255727,
            -31.324047
          ],
          [
            -64.255746,
            -31.324103
          ],
          [
            -64.255755,
            -31.324165
          ],
          [
            -64.256367,
            -31.324167
          ],
          [
            -64.257268,
            -31.323852
          ],
          [
            -64.258672,
            -31.323359
          ],
          [
            -64.258752,
            -31.323333
          ],
          [
            -64.259957,
            -31.322909
          ],
          [
            -64.260044,
            -31.322884
          ],
          [
            -64.260296,
            -31.322795
          ],
          [
            -64.261355,
            -31.322422
          ],
          [
            -64.261442,
            -31.322467
          ],
          [
            -64.260668,
            -31.323329
          ],
          [
            -64.259716,
            -31.32439
          ],
          [
            -64.259072,
            -31.325116
          ],
          [
            -64.25928,
            -31.325238
          ],
          [
            -64.259457,
            -31.325361
          ],
          [
            -64.259574,
            -31.325458
          ],
          [
            -64.259623,
            -31.325498
          ],
          [
            -64.259719,
            -31.325588
          ],
          [
            -64.259762,
            -31.325639
          ],
          [
            -64.259806,
            -31.325716
          ],
          [
            -64.260297,
            -31.326635
          ],
          [
            -64.260496,
            -31.327027
          ],
          [
            -64.260945,
            -31.327892
          ],
          [
            -64.261561,
            -31.329088
          ],
          [
            -64.262204,
            -31.330283
          ],
          [
            -64.262272,
            -31.330425
          ],
          [
            -64.262332,
            -31.330549
          ],
          [
            -64.262333,
            -31.330817
          ],
          [
            -64.262329,
            -31.331082
          ],
          [
            -64.262328,
            -31.331214
          ],
          [
            -64.262326,
            -31.331413
          ],
          [
            -64.26232,
            -31.331539
          ],
          [
            -64.262309,
            -31.331642
          ],
          [
            -64.262299,
            -31.331789
          ],
          [
            -64.262292,
            -31.331959
          ],
          [
            -64.262292,
            -31.33236
          ],
          [
            -64.262243,
            -31.33244
          ],
          [
            -64.2623,
            -31.333297
          ],
          [
            -64.262295,
            -31.334069
          ],
          [
            -64.262295,
            -31.334107
          ],
          [
            -64.262298,
            -31.334228
          ],
          [
            -64.262299,
            -31.334254
          ],
          [
            -64.262279,
            -31.334614
          ],
          [
            -64.262271,
            -31.334711
          ],
          [
            -64.262255,
            -31.334902
          ],
          [
            -64.2622,
            -31.33537
          ],
          [
            -64.262159,
            -31.335556
          ],
          [
            -64.262127,
            -31.335666
          ],
          [
            -64.262067,
            -31.33578
          ],
          [
            -64.261268,
            -31.336167
          ],
          [
            -64.260537,
            -31.336486
          ],
          [
            -64.260177,
            -31.336664
          ],
          [
            -64.259688,
            -31.336921
          ],
          [
            -64.259214,
            -31.337219
          ],
          [
            -64.25913,
            -31.337279
          ],
          [
            -64.258163,
            -31.337986
          ],
          [
            -64.257262,
            -31.338651
          ],
          [
            -64.256463,
            -31.339269
          ],
          [
            -64.256409,
            -31.339311
          ],
          [
            -64.256263,
            -31.339424
          ],
          [
            -64.255992,
            -31.339639
          ],
          [
            -64.25598,
            -31.339674
          ],
          [
            -64.255961,
            -31.339707
          ],
          [
            -64.255935,
            -31.339736
          ],
          [
            -64.255903,
            -31.33976
          ],
          [
            -64.255866,
            -31.339779
          ],
          [
            -64.255827,
            -31.339792
          ],
          [
            -64.255784,
            -31.339799
          ],
          [
            -64.255649,
            -31.339847
          ],
          [
            -64.255558,
            -31.339878
          ],
          [
            -64.255418,
            -31.339941
          ],
          [
            -64.255112,
            -31.340126
          ],
          [
            -64.255003,
            -31.340262
          ],
          [
            -64.254928,
            -31.340371
          ],
          [
            -64.25489,
            -31.340445
          ],
          [
            -64.254866,
            -31.340497
          ],
          [
            -64.254844,
            -31.340561
          ],
          [
            -64.254778,
            -31.340834
          ],
          [
            -64.254761,
            -31.340894
          ],
          [
            -64.254749,
            -31.340986
          ],
          [
            -64.254716,
            -31.341027
          ],
          [
            -64.254681,
            -31.341054
          ],
          [
            -64.254609,
            -31.341108
          ],
          [
            -64.254135,
            -31.341388
          ],
          [
            -64.253493,
            -31.341767
          ],
          [
            -64.253437,
            -31.341802
          ],
          [
            -64.25326,
            -31.341959
          ],
          [
            -64.253225,
            -31.341997
          ],
          [
            -64.253208,
            -31.342033
          ],
          [
            -64.253202,
            -31.342068
          ],
          [
            -64.253205,
            -31.342095
          ],
          [
            -64.253212,
            -31.342133
          ],
          [
            -64.253222,
            -31.342172
          ],
          [
            -64.253233,
            -31.34222
          ],
          [
            -64.25326,
            -31.342241
          ],
          [
            -64.253279,
            -31.342263
          ],
          [
            -64.253297,
            -31.342295
          ],
          [
            -64.253306,
            -31.342333
          ],
          [
            -64.253304,
            -31.342372
          ],
          [
            -64.253295,
            -31.342403
          ],
          [
            -64.253273,
            -31.342438
          ],
          [
            -64.253251,
            -31.342462
          ],
          [
            -64.25322,
            -31.342482
          ],
          [
            -64.253197,
            -31.342493
          ],
          [
            -64.253169,
            -31.342502
          ],
          [
            -64.253137,
            -31.342507
          ],
          [
            -64.253053,
            -31.34256
          ],
          [
            -64.252961,
            -31.342612
          ],
          [
            -64.252911,
            -31.342638
          ],
          [
            -64.25287,
            -31.34266
          ],
          [
            -64.252835,
            -31.342684
          ],
          [
            -64.252804,
            -31.342712
          ],
          [
            -64.252777,
            -31.342744
          ],
          [
            -64.252745,
            -31.342783
          ],
          [
            -64.252711,
            -31.342827
          ],
          [
            -64.252644,
            -31.342943
          ],
          [
            -64.252572,
            -31.343059
          ],
          [
            -64.252446,
            -31.343282
          ],
          [
            -64.25231,
            -31.343507
          ],
          [
            -64.252153,
            -31.34377
          ],
          [
            -64.25207,
            -31.343908
          ],
          [
            -64.251862,
            -31.34425
          ],
          [
            -64.251791,
            -31.344366
          ],
          [
            -64.25154,
            -31.344778
          ],
          [
            -64.251318,
            -31.345146
          ],
          [
            -64.250992,
            -31.345679
          ],
          [
            -64.250683,
            -31.346177
          ],
          [
            -64.250626,
            -31.346271
          ],
          [
            -64.250503,
            -31.346474
          ],
          [
            -64.250235,
            -31.346907
          ],
          [
            -64.249912,
            -31.347447
          ],
          [
            -64.249635,
            -31.347898
          ],
          [
            -64.249256,
            -31.348532
          ],
          [
            -64.249088,
            -31.348801
          ],
          [
            -64.248746,
            -31.349362
          ],
          [
            -64.248428,
            -31.349864
          ],
          [
            -64.248149,
            -31.350312
          ],
          [
            -64.24781,
            -31.350894
          ],
          [
            -64.247533,
            -31.351323
          ],
          [
            -64.247454,
            -31.351429
          ],
          [
            -64.24742,
            -31.351471
          ],
          [
            -64.247309,
            -31.351604
          ],
          [
            -64.247057,
            -31.351881
          ],
          [
            -64.246933,
            -31.352005
          ],
          [
            -64.24674,
            -31.352181
          ],
          [
            -64.246379,
            -31.352496
          ],
          [
            -64.245791,
            -31.353048
          ],
          [
            -64.24519,
            -31.353608
          ],
          [
            -64.244421,
            -31.354332
          ],
          [
            -64.244327,
            -31.35442
          ],
          [
            -64.244028,
            -31.354702
          ],
          [
            -64.243902,
            -31.354823
          ],
          [
            -64.243706,
            -31.355001
          ],
          [
            -64.243399,
            -31.35529
          ],
          [
            -64.243116,
            -31.355563
          ],
          [
            -64.242677,
            -31.355961
          ],
          [
            -64.242583,
            -31.356044
          ],
          [
            -64.242244,
            -31.356342
          ],
          [
            -64.241554,
            -31.356956
          ],
          [
            -64.241395,
            -31.3571
          ],
          [
            -64.241234,
            -31.357245
          ],
          [
            -64.2411,
            -31.357365
          ],
          [
            -64.240968,
            -31.357486
          ],
          [
            -64.23993,
            -31.358431
          ],
          [
            -64.239787,
            -31.358564
          ],
          [
            -64.239648,
            -31.358696
          ],
          [
            -64.239535,
            -31.358804
          ],
          [
            -64.23943,
            -31.358918
          ],
          [
            -64.239343,
            -31.35902
          ],
          [
            -64.239294,
            -31.35908
          ],
          [
            -64.239231,
            -31.359159
          ],
          [
            -64.239171,
            -31.359244
          ],
          [
            -64.239076,
            -31.35939
          ],
          [
            -64.239005,
            -31.359511
          ],
          [
            -64.238828,
            -31.35982
          ],
          [
            -64.238621,
            -31.360211
          ],
          [
            -64.238462,
            -31.360519
          ],
          [
            -64.23811,
            -31.361173
          ],
          [
            -64.238015,
            -31.361352
          ],
          [
            -64.237931,
            -31.361498
          ],
          [
            -64.237869,
            -31.361606
          ],
          [
            -64.237506,
            -31.362308
          ],
          [
            -64.237442,
            -31.362422
          ],
          [
            -64.237373,
            -31.362538
          ],
          [
            -64.237296,
            -31.362662
          ],
          [
            -64.237176,
            -31.362849
          ],
          [
            -64.237147,
            -31.362893
          ],
          [
            -64.236907,
            -31.363265
          ],
          [
            -64.236875,
            -31.363313
          ],
          [
            -64.236361,
            -31.364087
          ],
          [
            -64.236323,
            -31.364144
          ],
          [
            -64.235727,
            -31.365019
          ],
          [
            -64.235543,
            -31.365288
          ],
          [
            -64.235126,
            -31.365897
          ],
          [
            -64.234789,
            -31.366388
          ],
          [
            -64.234753,
            -31.366445
          ],
          [
            -64.234548,
            -31.366767
          ],
          [
            -64.234293,
            -31.367137
          ],
          [
            -64.234225,
            -31.367232
          ],
          [
            -64.234148,
            -31.367333
          ],
          [
            -64.233545,
            -31.368042
          ],
          [
            -64.233385,
            -31.368227
          ],
          [
            -64.232627,
            -31.369118
          ],
          [
            -64.231987,
            -31.369873
          ],
          [
            -64.231686,
            -31.370224
          ],
          [
            -64.231386,
            -31.370579
          ],
          [
            -64.231347,
            -31.370627
          ],
          [
            -64.231241,
            -31.370747
          ],
          [
            -64.231059,
            -31.370961
          ],
          [
            -64.230703,
            -31.37138
          ],
          [
            -64.230624,
            -31.37147
          ],
          [
            -64.230499,
            -31.371621
          ],
          [
            -64.230082,
            -31.372124
          ],
          [
            -64.229762,
            -31.372479
          ],
          [
            -64.229283,
            -31.373028
          ],
          [
            -64.228928,
            -31.373436
          ],
          [
            -64.228894,
            -31.373474
          ],
          [
            -64.228486,
            -31.373939
          ],
          [
            -64.227888,
            -31.374621
          ],
          [
            -64.227175,
            -31.375412
          ],
          [
            -64.226476,
            -31.3762
          ],
          [
            -64.225963,
            -31.376788
          ],
          [
            -64.225856,
            -31.376904
          ],
          [
            -64.225678,
            -31.377112
          ],
          [
            -64.225129,
            -31.377739
          ],
          [
            -64.224494,
            -31.378468
          ],
          [
            -64.224434,
            -31.378538
          ],
          [
            -64.224312,
            -31.378675
          ],
          [
            -64.223731,
            -31.379335
          ],
          [
            -64.223579,
            -31.379503
          ],
          [
            -64.223298,
            -31.379825
          ],
          [
            -64.223251,
            -31.37989
          ],
          [
            -64.223206,
            -31.379966
          ],
          [
            -64.223168,
            -31.380058
          ],
          [
            -64.223136,
            -31.380167
          ],
          [
            -64.223118,
            -31.380304
          ],
          [
            -64.223117,
            -31.380377
          ],
          [
            -64.22312,
            -31.380454
          ],
          [
            -64.223134,
            -31.380543
          ],
          [
            -64.223158,
            -31.380648
          ],
          [
            -64.223186,
            -31.380723
          ],
          [
            -64.22322,
            -31.380793
          ],
          [
            -64.22327,
            -31.380873
          ],
          [
            -64.223322,
            -31.380939
          ],
          [
            -64.2235,
            -31.381154
          ],
          [
            -64.223579,
            -31.381254
          ],
          [
            -64.223629,
            -31.381331
          ],
          [
            -64.223661,
            -31.381395
          ],
          [
            -64.223706,
            -31.38149
          ],
          [
            -64.223738,
            -31.381586
          ],
          [
            -64.22375,
            -31.381658
          ],
          [
            -64.223756,
            -31.381755
          ],
          [
            -64.22375,
            -31.381837
          ],
          [
            -64.223742,
            -31.381923
          ],
          [
            -64.223723,
            -31.382067
          ],
          [
            -64.223704,
            -31.382144
          ],
          [
            -64.223684,
            -31.382221
          ],
          [
            -64.223652,
            -31.382315
          ],
          [
            -64.223576,
            -31.382464
          ],
          [
            -64.223506,
            -31.382571
          ],
          [
            -64.223424,
            -31.382683
          ],
          [
            -64.223372,
            -31.382722
          ],
          [
            -64.223091,
            -31.382921
          ],
          [
            -64.222569,
            -31.383272
          ],
          [
            -64.222478,
            -31.383335
          ],
          [
            -64.222008,
            -31.38366
          ],
          [
            -64.221489,
            -31.384028
          ],
          [
            -64.220494,
            -31.384811
          ],
          [
            -64.22004,
            -31.385165
          ],
          [
            -64.219573,
            -31.385557
          ],
          [
            -64.219414,
            -31.385692
          ],
          [
            -64.219259,
            -31.385768
          ],
          [
            -64.219202,
            -31.385793
          ],
          [
            -64.219149,
            -31.385808
          ],
          [
            -64.219055,
            -31.385819
          ],
          [
            -64.218604,
            -31.386001
          ],
          [
            -64.218211,
            -31.38612
          ],
          [
            -64.218049,
            -31.386145
          ],
          [
            -64.217736,
            -31.386245
          ],
          [
            -64.216462,
            -31.386653
          ],
          [
            -64.215832,
            -31.386854
          ],
          [
            -64.215168,
            -31.387067
          ],
          [
            -64.214548,
            -31.387272
          ],
          [
            -64.213892,
            -31.387491
          ],
          [
            -64.212616,
            -31.387893
          ],
          [
            -64.211338,
            -31.388313
          ],
          [
            -64.210587,
            -31.388547
          ],
          [
            -64.210047,
            -31.388712
          ],
          [
            -64.209714,
            -31.388813
          ],
          [
            -64.20877,
            -31.389108
          ],
          [
            -64.208122,
            -31.389314
          ],
          [
            -64.20746,
            -31.389525
          ],
          [
            -64.207015,
            -31.389666
          ],
          [
            -64.206794,
            -31.389736
          ],
          [
            -64.206182,
            -31.389931
          ],
          [
            -64.205798,
            -31.390053
          ],
          [
            -64.20492,
            -31.390338
          ],
          [
            -64.204655,
            -31.390417
          ],
          [
            -64.204262,
            -31.390542
          ],
          [
            -64.204032,
            -31.390694
          ],
          [
            -64.20392,
            -31.390788
          ],
          [
            -64.203823,
            -31.390905
          ],
          [
            -64.203703,
            -31.391098
          ],
          [
            -64.203397,
            -31.391672
          ],
          [
            -64.203074,
            -31.392275
          ],
          [
            -64.202969,
            -31.392469
          ],
          [
            -64.202783,
            -31.392811
          ],
          [
            -64.202737,
            -31.392895
          ],
          [
            -64.20271,
            -31.392944
          ],
          [
            -64.202577,
            -31.393181
          ],
          [
            -64.201799,
            -31.394593
          ],
          [
            -64.202403,
            -31.394832
          ],
          [
            -64.202331,
            -31.39499
          ],
          [
            -64.202281,
            -31.395122
          ],
          [
            -64.202248,
            -31.39524
          ],
          [
            -64.202099,
            -31.395859
          ],
          [
            -64.202074,
            -31.395972
          ],
          [
            -64.20201,
            -31.396537
          ],
          [
            -64.202009,
            -31.39659
          ],
          [
            -64.202008,
            -31.396668
          ],
          [
            -64.202018,
            -31.396767
          ],
          [
            -64.202088,
            -31.39747
          ],
          [
            -64.202115,
            -31.397632
          ],
          [
            -64.202169,
            -31.397822
          ],
          [
            -64.202193,
            -31.397891
          ],
          [
            -64.202227,
            -31.397968
          ],
          [
            -64.202278,
            -31.398054
          ],
          [
            -64.202321,
            -31.398119
          ],
          [
            -64.202388,
            -31.398204
          ],
          [
            -64.202576,
            -31.398404
          ],
          [
            -64.202657,
            -31.398482
          ],
          [
            -64.202754,
            -31.398548
          ],
          [
            -64.202867,
            -31.398624
          ],
          [
            -64.202938,
            -31.398678
          ],
          [
            -64.20304,
            -31.398771
          ],
          [
            -64.203254,
            -31.39902
          ],
          [
            -64.203455,
            -31.399256
          ],
          [
            -64.203561,
            -31.399402
          ],
          [
            -64.20362,
            -31.399487
          ],
          [
            -64.203656,
            -31.399572
          ],
          [
            -64.203683,
            -31.399643
          ],
          [
            -64.203772,
            -31.40015
          ],
          [
            -64.203783,
            -31.40112
          ],
          [
            -64.203769,
            -31.401226
          ],
          [
            -64.203748,
            -31.401338
          ],
          [
            -64.203635,
            -31.401789
          ],
          [
            -64.203603,
            -31.40189
          ],
          [
            -64.203565,
            -31.401993
          ],
          [
            -64.203508,
            -31.402115
          ],
          [
            -64.203388,
            -31.40232
          ],
          [
            -64.203241,
            -31.402545
          ],
          [
            -64.203008,
            -31.402831
          ],
          [
            -64.202808,
            -31.403024
          ],
          [
            -64.202543,
            -31.403247
          ],
          [
            -64.202238,
            -31.403444
          ],
          [
            -64.201903,
            -31.403647
          ],
          [
            -64.201657,
            -31.403772
          ],
          [
            -64.200544,
            -31.404137
          ],
          [
            -64.199585,
            -31.404431
          ],
          [
            -64.197753,
            -31.404977
          ],
          [
            -64.197596,
            -31.405024
          ],
          [
            -64.196823,
            -31.405211
          ],
          [
            -64.195498,
            -31.40545
          ],
          [
            -64.194805,
            -31.405555
          ],
          [
            -64.194195,
            -31.405628
          ],
          [
            -64.193599,
            -31.405724
          ],
          [
            -64.193059,
            -31.4058
          ],
          [
            -64.192812,
            -31.405821
          ],
          [
            -64.192707,
            -31.405825
          ],
          [
            -64.192555,
            -31.405818
          ],
          [
            -64.191211,
            -31.405718
          ],
          [
            -64.190902,
            -31.405716
          ],
          [
            -64.190401,
            -31.405748
          ],
          [
            -64.19028,
            -31.405759
          ],
          [
            -64.190147,
            -31.405779
          ],
          [
            -64.189804,
            -31.405855
          ],
          [
            -64.189559,
            -31.405922
          ],
          [
            -64.189465,
            -31.405961
          ],
          [
            -64.189352,
            -31.406035
          ],
          [
            -64.189317,
            -31.406076
          ],
          [
            -64.189274,
            -31.406141
          ],
          [
            -64.189237,
            -31.406218
          ],
          [
            -64.189218,
            -31.406307
          ],
          [
            -64.189225,
            -31.406398
          ],
          [
            -64.189263,
            -31.406522
          ],
          [
            -64.189301,
            -31.406579
          ],
          [
            -64.189359,
            -31.406632
          ],
          [
            -64.189657,
            -31.406902
          ],
          [
            -64.189736,
            -31.406978
          ],
          [
            -64.189813,
            -31.407055
          ],
          [
            -64.189859,
            -31.40711
          ],
          [
            -64.189904,
            -31.40718
          ],
          [
            -64.189942,
            -31.407251
          ],
          [
            -64.189979,
            -31.407335
          ],
          [
            -64.190016,
            -31.407553
          ],
          [
            -64.190031,
            -31.407679
          ],
          [
            -64.190043,
            -31.407759
          ],
          [
            -64.190467,
            -31.40897
          ],
          [
            -64.190904,
            -31.410127
          ],
          [
            -64.191328,
            -31.411203
          ],
          [
            -64.191516,
            -31.411587
          ],
          [
            -64.191631,
            -31.411801
          ],
          [
            -64.191676,
            -31.411898
          ],
          [
            -64.191721,
            -31.412009
          ],
          [
            -64.191795,
            -31.412224
          ],
          [
            -64.191861,
            -31.412443
          ],
          [
            -64.191886,
            -31.412605
          ],
          [
            -64.191905,
            -31.412812
          ],
          [
            -64.191899,
            -31.412906
          ],
          [
            -64.191783,
            -31.413258
          ],
          [
            -64.191709,
            -31.413482
          ],
          [
            -64.191618,
            -31.413773
          ],
          [
            -64.191161,
            -31.41514
          ],
          [
            -64.190694,
            -31.416604
          ],
          [
            -64.190416,
            -31.416687
          ],
          [
            -64.189089,
            -31.417076
          ],
          [
            -64.189049,
            -31.417087
          ],
          [
            -64.18777,
            -31.417441
          ],
          [
            -64.187673,
            -31.417469
          ],
          [
            -64.18769,
            -31.41751
          ],
          [
            -64.188184,
            -31.418665
          ],
          [
            -64.188568,
            -31.419564
          ],
          [
            -64.188701,
            -31.419841
          ],
          [
            -64.188713,
            -31.419861
          ],
          [
            -64.188728,
            -31.419891
          ],
          [
            -64.188735,
            -31.419927
          ],
          [
            -64.188737,
            -31.419959
          ],
          [
            -64.188733,
            -31.419976
          ],
          [
            -64.188728,
            -31.419991
          ],
          [
            -64.188709,
            -31.420032
          ],
          [
            -64.188708,
            -31.420086
          ],
          [
            -64.188709,
            -31.420103
          ]
        ]
      }
    }
  ]
}
