{
  "type": "FeatureCollection",
  "metadata": {
    "runId": "cordoba-2026-08-27-v3-what-if-early-start-v1",
    "targetDate": "2026-08-27",
    "modelVersion": "fleetflow-v0.6"
  },
  "features": [
    {
      "type": "Feature",
      "id": "route-cordoba-2026-08-27-v3-01",
      "properties": {
        "truckId": "vehicle-01",
        "waypointDistancesKm": [
          0,
          3.476002027754193,
          4.56650428427778,
          6.907313754615029,
          12.183222423857952,
          15.10247670018162,
          15.821027892475124,
          21.924491728331997,
          32.60407562426599
        ]
      },
      "geometry": {
        "type": "LineString",
        "coordinates": [
          [
            -64.188709,
            -31.420109
          ],
          [
            -64.18871,
            -31.420127
          ],
          [
            -64.188717,
            -31.420178
          ],
          [
            -64.188727,
            -31.42023
          ],
          [
            -64.188737,
            -31.420284
          ],
          [
            -64.188734,
            -31.420338
          ],
          [
            -64.188661,
            -31.420343
          ],
          [
            -64.188627,
            -31.420347
          ],
          [
            -64.188532,
            -31.420357
          ],
          [
            -64.188403,
            -31.420371
          ],
          [
            -64.188305,
            -31.420382
          ],
          [
            -64.188185,
            -31.420397
          ],
          [
            -64.187924,
            -31.420468
          ],
          [
            -64.187534,
            -31.420563
          ],
          [
            -64.187445,
            -31.420584
          ],
          [
            -64.186091,
            -31.4209
          ],
          [
            -64.184746,
            -31.421253
          ],
          [
            -64.183366,
            -31.421613
          ],
          [
            -64.182096,
            -31.421946
          ],
          [
            -64.18202,
            -31.421966
          ],
          [
            -64.181989,
            -31.421974
          ],
          [
            -64.181948,
            -31.421985
          ],
          [
            -64.181887,
            -31.422001
          ],
          [
            -64.180726,
            -31.422306
          ],
          [
            -64.179365,
            -31.422693
          ],
          [
            -64.177897,
            -31.423051
          ],
          [
            -64.176787,
            -31.423339
          ],
          [
            -64.176386,
            -31.423448
          ],
          [
            -64.17605,
            -31.423547
          ],
          [
            -64.175982,
            -31.42357
          ],
          [
            -64.175894,
            -31.423609
          ],
          [
            -64.1758,
            -31.423669
          ],
          [
            -64.175727,
            -31.423726
          ],
          [
            -64.175419,
            -31.424068
          ],
          [
            -64.175137,
            -31.424385
          ],
          [
            -64.175088,
            -31.424433
          ],
          [
            -64.174886,
            -31.424597
          ],
          [
            -64.174799,
            -31.424672
          ],
          [
            -64.174691,
            -31.424781
          ],
          [
            -64.174556,
            -31.424942
          ],
          [
            -64.174488,
            -31.425018
          ],
          [
            -64.174252,
            -31.425289
          ],
          [
            -64.174077,
            -31.425473
          ],
          [
            -64.17384,
            -31.425724
          ],
          [
            -64.17281,
            -31.426764
          ],
          [
            -64.172484,
            -31.427093
          ],
          [
            -64.17242,
            -31.427155
          ],
          [
            -64.172099,
            -31.427461
          ],
          [
            -64.171982,
            -31.42758
          ],
          [
            -64.171309,
            -31.428265
          ],
          [
            -64.170817,
            -31.428788
          ],
          [
            -64.170467,
            -31.42916
          ],
          [
            -64.170352,
            -31.429271
          ],
          [
            -64.170173,
            -31.429414
          ],
          [
            -64.169929,
            -31.429602
          ],
          [
            -64.169607,
            -31.429827
          ],
          [
            -64.169448,
            -31.42992
          ],
          [
            -64.169276,
            -31.430017
          ],
          [
            -64.168588,
            -31.430368
          ],
          [
            -64.168459,
            -31.430437
          ],
          [
            -64.168106,
            -31.430606
          ],
          [
            -64.167804,
            -31.430734
          ],
          [
            -64.167664,
            -31.430791
          ],
          [
            -64.167543,
            -31.430836
          ],
          [
            -64.167218,
            -31.430949
          ],
          [
            -64.167034,
            -31.431002
          ],
          [
            -64.166814,
            -31.431056
          ],
          [
            -64.16639,
            -31.431154
          ],
          [
            -64.165743,
            -31.431233
          ],
          [
            -64.165454,
            -31.431273
          ],
          [
            -64.165252,
            -31.43131
          ],
          [
            -64.165002,
            -31.431375
          ],
          [
            -64.164781,
            -31.431443
          ],
          [
            -64.164358,
            -31.431606
          ],
          [
            -64.163923,
            -31.431815
          ],
          [
            -64.163846,
            -31.431859
          ],
          [
            -64.163688,
            -31.431952
          ],
          [
            -64.163247,
            -31.432128
          ],
          [
            -64.163024,
            -31.432241
          ],
          [
            -64.162784,
            -31.432366
          ],
          [
            -64.162687,
            -31.432417
          ],
          [
            -64.162108,
            -31.432723
          ],
          [
            -64.162,
            -31.432771
          ],
          [
            -64.161908,
            -31.432807
          ],
          [
            -64.161604,
            -31.432912
          ],
          [
            -64.161442,
            -31.432962
          ],
          [
            -64.161375,
            -31.432981
          ],
          [
            -64.161326,
            -31.432987
          ],
          [
            -64.161284,
            -31.432986
          ],
          [
            -64.161244,
            -31.432979
          ],
          [
            -64.161203,
            -31.432965
          ],
          [
            -64.161139,
            -31.432936
          ],
          [
            -64.161091,
            -31.432912
          ],
          [
            -64.161032,
            -31.432878
          ],
          [
            -64.160993,
            -31.432844
          ],
          [
            -64.16097,
            -31.432817
          ],
          [
            -64.16081,
            -31.432557
          ],
          [
            -64.160664,
            -31.432323
          ],
          [
            -64.160544,
            -31.432159
          ],
          [
            -64.160186,
            -31.431447
          ],
          [
            -64.15961,
            -31.431726
          ],
          [
            -64.159541,
            -31.431748
          ],
          [
            -64.159431,
            -31.431759
          ],
          [
            -64.158625,
            -31.431751
          ],
          [
            -64.158623,
            -31.431995
          ],
          [
            -64.158619,
            -31.432365
          ],
          [
            -64.157138,
            -31.432378
          ],
          [
            -64.157146,
            -31.433035
          ],
          [
            -64.157143,
            -31.433153
          ],
          [
            -64.157141,
            -31.433204
          ],
          [
            -64.15715,
            -31.433697
          ],
          [
            -64.157426,
            -31.433846
          ],
          [
            -64.158468,
            -31.434407
          ],
          [
            -64.159465,
            -31.434944
          ],
          [
            -64.160448,
            -31.435474
          ],
          [
            -64.161427,
            -31.435991
          ],
          [
            -64.161782,
            -31.436164
          ],
          [
            -64.161836,
            -31.436174
          ],
          [
            -64.161967,
            -31.436171
          ],
          [
            -64.161961,
            -31.437112
          ],
          [
            -64.161966,
            -31.437945
          ],
          [
            -64.162047,
            -31.437956
          ],
          [
            -64.162272,
            -31.437955
          ],
          [
            -64.162953,
            -31.437953
          ],
          [
            -64.162951,
            -31.43712
          ],
          [
            -64.161961,
            -31.437112
          ],
          [
            -64.161966,
            -31.437945
          ],
          [
            -64.161949,
            -31.438752
          ],
          [
            -64.161936,
            -31.439327
          ],
          [
            -64.161714,
            -31.439487
          ],
          [
            -64.161401,
            -31.439732
          ],
          [
            -64.161342,
            -31.439781
          ],
          [
            -64.161255,
            -31.439872
          ],
          [
            -64.160963,
            -31.440219
          ],
          [
            -64.160928,
            -31.440278
          ],
          [
            -64.160892,
            -31.440361
          ],
          [
            -64.160866,
            -31.440396
          ],
          [
            -64.160849,
            -31.440421
          ],
          [
            -64.160811,
            -31.44045
          ],
          [
            -64.160691,
            -31.440509
          ],
          [
            -64.160654,
            -31.440541
          ],
          [
            -64.15974,
            -31.44054
          ],
          [
            -64.159176,
            -31.44054
          ],
          [
            -64.156908,
            -31.440534
          ],
          [
            -64.155494,
            -31.440534
          ],
          [
            -64.155106,
            -31.440554
          ],
          [
            -64.154545,
            -31.440593
          ],
          [
            -64.153795,
            -31.440669
          ],
          [
            -64.153103,
            -31.440756
          ],
          [
            -64.152475,
            -31.440854
          ],
          [
            -64.151765,
            -31.440994
          ],
          [
            -64.151225,
            -31.441129
          ],
          [
            -64.15073,
            -31.441264
          ],
          [
            -64.150304,
            -31.441385
          ],
          [
            -64.149608,
            -31.441605
          ],
          [
            -64.149522,
            -31.441638
          ],
          [
            -64.149245,
            -31.441739
          ],
          [
            -64.149202,
            -31.441755
          ],
          [
            -64.149153,
            -31.441773
          ],
          [
            -64.149104,
            -31.441791
          ],
          [
            -64.149038,
            -31.441816
          ],
          [
            -64.148712,
            -31.441939
          ],
          [
            -64.148569,
            -31.441993
          ],
          [
            -64.148542,
            -31.443415
          ],
          [
            -64.148537,
            -31.443519
          ],
          [
            -64.148527,
            -31.443857
          ],
          [
            -64.148525,
            -31.443967
          ],
          [
            -64.14849,
            -31.445268
          ],
          [
            -64.148494,
            -31.445387
          ],
          [
            -64.149164,
            -31.445393
          ],
          [
            -64.149662,
            -31.445395
          ],
          [
            -64.149826,
            -31.445396
          ],
          [
            -64.149858,
            -31.444302
          ],
          [
            -64.149867,
            -31.443997
          ],
          [
            -64.149874,
            -31.443742
          ],
          [
            -64.149907,
            -31.44263
          ],
          [
            -64.149726,
            -31.442401
          ],
          [
            -64.149269,
            -31.44188
          ],
          [
            -64.149153,
            -31.441773
          ],
          [
            -64.149104,
            -31.441791
          ],
          [
            -64.149038,
            -31.441816
          ],
          [
            -64.148712,
            -31.441939
          ],
          [
            -64.14865,
            -31.4418
          ],
          [
            -64.148595,
            -31.441673
          ],
          [
            -64.148513,
            -31.441485
          ],
          [
            -64.148403,
            -31.441225
          ],
          [
            -64.14836,
            -31.441158
          ],
          [
            -64.1483,
            -31.441092
          ],
          [
            -64.14822,
            -31.441016
          ],
          [
            -64.1472,
            -31.440268
          ],
          [
            -64.146669,
            -31.439901
          ],
          [
            -64.146328,
            -31.439665
          ],
          [
            -64.145503,
            -31.439089
          ],
          [
            -64.145411,
            -31.439012
          ],
          [
            -64.145327,
            -31.438937
          ],
          [
            -64.145232,
            -31.438849
          ],
          [
            -64.145123,
            -31.438735
          ],
          [
            -64.144889,
            -31.438473
          ],
          [
            -64.144591,
            -31.438096
          ],
          [
            -64.144548,
            -31.43805
          ],
          [
            -64.144468,
            -31.43798
          ],
          [
            -64.144351,
            -31.437888
          ],
          [
            -64.14429,
            -31.437836
          ],
          [
            -64.143849,
            -31.437407
          ],
          [
            -64.143456,
            -31.437076
          ],
          [
            -64.143103,
            -31.436822
          ],
          [
            -64.142969,
            -31.436729
          ],
          [
            -64.14269,
            -31.436549
          ],
          [
            -64.142415,
            -31.436394
          ],
          [
            -64.142013,
            -31.43619
          ],
          [
            -64.142009,
            -31.436187
          ],
          [
            -64.141693,
            -31.436059
          ],
          [
            -64.141529,
            -31.436009
          ],
          [
            -64.141529,
            -31.43587
          ],
          [
            -64.141529,
            -31.435852
          ],
          [
            -64.141529,
            -31.435314
          ],
          [
            -64.141532,
            -31.435012
          ],
          [
            -64.141534,
            -31.434805
          ],
          [
            -64.141522,
            -31.434694
          ],
          [
            -64.141498,
            -31.434584
          ],
          [
            -64.141458,
            -31.434487
          ],
          [
            -64.141203,
            -31.434079
          ],
          [
            -64.140951,
            -31.433672
          ],
          [
            -64.140899,
            -31.433513
          ],
          [
            -64.140826,
            -31.433216
          ],
          [
            -64.140797,
            -31.433167
          ],
          [
            -64.14073,
            -31.433106
          ],
          [
            -64.140411,
            -31.432816
          ],
          [
            -64.140335,
            -31.432688
          ],
          [
            -64.139959,
            -31.432382
          ],
          [
            -64.139875,
            -31.432332
          ],
          [
            -64.139784,
            -31.432285
          ],
          [
            -64.139296,
            -31.432072
          ],
          [
            -64.138963,
            -31.431953
          ],
          [
            -64.138634,
            -31.431854
          ],
          [
            -64.13853,
            -31.431837
          ],
          [
            -64.138293,
            -31.431814
          ],
          [
            -64.138157,
            -31.431818
          ],
          [
            -64.138051,
            -31.431836
          ],
          [
            -64.137943,
            -31.431874
          ],
          [
            -64.137633,
            -31.432023
          ],
          [
            -64.13704,
            -31.43229
          ],
          [
            -64.137009,
            -31.432301
          ],
          [
            -64.136928,
            -31.43233
          ],
          [
            -64.13642,
            -31.432468
          ],
          [
            -64.135807,
            -31.432636
          ],
          [
            -64.135205,
            -31.432804
          ],
          [
            -64.134701,
            -31.432948
          ],
          [
            -64.134592,
            -31.43298
          ],
          [
            -64.13448,
            -31.433017
          ],
          [
            -64.134407,
            -31.433048
          ],
          [
            -64.133861,
            -31.433298
          ],
          [
            -64.133265,
            -31.433591
          ],
          [
            -64.132763,
            -31.433821
          ],
          [
            -64.132601,
            -31.433908
          ],
          [
            -64.132472,
            -31.433985
          ],
          [
            -64.132368,
            -31.434052
          ],
          [
            -64.132253,
            -31.434134
          ],
          [
            -64.132161,
            -31.434202
          ],
          [
            -64.131725,
            -31.434614
          ],
          [
            -64.131582,
            -31.43475
          ],
          [
            -64.131503,
            -31.434829
          ],
          [
            -64.130854,
            -31.435477
          ],
          [
            -64.130015,
            -31.436298
          ],
          [
            -64.129608,
            -31.436682
          ],
          [
            -64.129476,
            -31.436818
          ],
          [
            -64.129328,
            -31.436996
          ],
          [
            -64.129245,
            -31.437102
          ],
          [
            -64.129183,
            -31.437195
          ],
          [
            -64.129135,
            -31.437279
          ],
          [
            -64.128941,
            -31.437648
          ],
          [
            -64.128883,
            -31.437759
          ],
          [
            -64.12885,
            -31.437846
          ],
          [
            -64.128769,
            -31.438092
          ],
          [
            -64.128716,
            -31.438254
          ],
          [
            -64.128681,
            -31.438335
          ],
          [
            -64.128642,
            -31.438406
          ],
          [
            -64.128553,
            -31.438542
          ],
          [
            -64.128493,
            -31.438622
          ],
          [
            -64.12843,
            -31.438693
          ],
          [
            -64.128264,
            -31.438877
          ],
          [
            -64.128212,
            -31.438937
          ],
          [
            -64.128157,
            -31.438996
          ],
          [
            -64.128104,
            -31.439076
          ],
          [
            -64.128043,
            -31.439193
          ],
          [
            -64.127932,
            -31.439404
          ],
          [
            -64.127712,
            -31.439818
          ],
          [
            -64.127663,
            -31.439923
          ],
          [
            -64.127616,
            -31.440029
          ],
          [
            -64.127578,
            -31.440125
          ],
          [
            -64.127541,
            -31.440225
          ],
          [
            -64.127504,
            -31.440336
          ],
          [
            -64.12747,
            -31.440465
          ],
          [
            -64.127436,
            -31.4406
          ],
          [
            -64.12738,
            -31.440838
          ],
          [
            -64.127354,
            -31.44096
          ],
          [
            -64.127333,
            -31.441044
          ],
          [
            -64.127309,
            -31.441122
          ],
          [
            -64.127281,
            -31.4412
          ],
          [
            -64.127235,
            -31.441299
          ],
          [
            -64.127175,
            -31.441395
          ],
          [
            -64.127112,
            -31.441478
          ],
          [
            -64.127019,
            -31.441589
          ],
          [
            -64.12688,
            -31.441733
          ],
          [
            -64.126494,
            -31.442109
          ],
          [
            -64.125996,
            -31.442597
          ],
          [
            -64.125619,
            -31.44295
          ],
          [
            -64.125351,
            -31.443206
          ],
          [
            -64.125078,
            -31.443459
          ],
          [
            -64.1246,
            -31.443928
          ],
          [
            -64.124473,
            -31.444051
          ],
          [
            -64.123943,
            -31.444586
          ],
          [
            -64.123487,
            -31.445033
          ],
          [
            -64.122962,
            -31.445538
          ],
          [
            -64.122325,
            -31.446151
          ],
          [
            -64.122044,
            -31.446428
          ],
          [
            -64.120917,
            -31.447534
          ],
          [
            -64.120492,
            -31.447955
          ],
          [
            -64.120112,
            -31.448349
          ],
          [
            -64.11999,
            -31.448456
          ],
          [
            -64.119842,
            -31.448578
          ],
          [
            -64.119352,
            -31.448933
          ],
          [
            -64.119288,
            -31.448866
          ],
          [
            -64.119188,
            -31.44877
          ],
          [
            -64.119908,
            -31.448261
          ],
          [
            -64.119978,
            -31.448206
          ],
          [
            -64.120041,
            -31.448151
          ],
          [
            -64.120372,
            -31.447846
          ],
          [
            -64.120806,
            -31.447431
          ],
          [
            -64.120442,
            -31.447165
          ],
          [
            -64.120422,
            -31.447154
          ],
          [
            -64.120363,
            -31.447131
          ],
          [
            -64.120352,
            -31.446574
          ],
          [
            -64.120344,
            -31.446014
          ],
          [
            -64.119571,
            -31.446014
          ],
          [
            -64.118677,
            -31.446014
          ],
          [
            -64.118692,
            -31.446588
          ],
          [
            -64.118702,
            -31.447145
          ],
          [
            -64.118708,
            -31.447692
          ],
          [
            -64.118715,
            -31.448215
          ],
          [
            -64.118724,
            -31.448264
          ],
          [
            -64.118742,
            -31.448297
          ],
          [
            -64.118758,
            -31.448314
          ],
          [
            -64.119188,
            -31.44877
          ],
          [
            -64.119288,
            -31.448866
          ],
          [
            -64.119352,
            -31.448933
          ],
          [
            -64.119162,
            -31.449077
          ],
          [
            -64.11864,
            -31.449497
          ],
          [
            -64.118499,
            -31.449614
          ],
          [
            -64.118291,
            -31.449834
          ],
          [
            -64.118128,
            -31.450043
          ],
          [
            -64.117845,
            -31.450478
          ],
          [
            -64.117709,
            -31.450677
          ],
          [
            -64.117637,
            -31.450778
          ],
          [
            -64.117511,
            -31.450924
          ],
          [
            -64.117415,
            -31.451028
          ],
          [
            -64.116727,
            -31.451704
          ],
          [
            -64.116484,
            -31.451924
          ],
          [
            -64.116333,
            -31.452069
          ],
          [
            -64.116304,
            -31.452095
          ],
          [
            -64.116269,
            -31.452126
          ],
          [
            -64.116027,
            -31.452343
          ],
          [
            -64.114214,
            -31.454126
          ],
          [
            -64.113109,
            -31.4552
          ],
          [
            -64.112332,
            -31.455979
          ],
          [
            -64.11203,
            -31.456266
          ],
          [
            -64.111902,
            -31.456393
          ],
          [
            -64.111538,
            -31.456747
          ],
          [
            -64.111358,
            -31.456915
          ],
          [
            -64.111244,
            -31.457022
          ],
          [
            -64.111101,
            -31.457155
          ],
          [
            -64.110667,
            -31.457589
          ],
          [
            -64.110219,
            -31.458012
          ],
          [
            -64.109783,
            -31.458433
          ],
          [
            -64.109371,
            -31.458839
          ],
          [
            -64.10897,
            -31.459235
          ],
          [
            -64.108561,
            -31.459654
          ],
          [
            -64.108337,
            -31.459863
          ],
          [
            -64.10812,
            -31.460052
          ],
          [
            -64.108017,
            -31.460154
          ],
          [
            -64.107883,
            -31.460287
          ],
          [
            -64.107626,
            -31.460543
          ],
          [
            -64.10738,
            -31.460784
          ],
          [
            -64.107282,
            -31.460811
          ],
          [
            -64.10657,
            -31.461523
          ],
          [
            -64.105897,
            -31.462175
          ],
          [
            -64.105222,
            -31.462829
          ],
          [
            -64.104586,
            -31.463446
          ],
          [
            -64.104386,
            -31.46364
          ],
          [
            -64.1037,
            -31.464282
          ],
          [
            -64.102941,
            -31.463727
          ],
          [
            -64.102858,
            -31.463687
          ],
          [
            -64.102757,
            -31.463673
          ],
          [
            -64.102601,
            -31.463672
          ],
          [
            -64.102482,
            -31.463691
          ],
          [
            -64.102414,
            -31.463722
          ],
          [
            -64.102259,
            -31.463812
          ],
          [
            -64.102209,
            -31.463818
          ],
          [
            -64.102155,
            -31.463814
          ],
          [
            -64.102037,
            -31.463796
          ],
          [
            -64.101964,
            -31.463798
          ],
          [
            -64.101885,
            -31.463828
          ],
          [
            -64.101852,
            -31.463868
          ],
          [
            -64.101803,
            -31.464
          ],
          [
            -64.101509,
            -31.4648
          ],
          [
            -64.101506,
            -31.464849
          ],
          [
            -64.101559,
            -31.464987
          ],
          [
            -64.100276,
            -31.464996
          ],
          [
            -64.099686,
            -31.46499
          ],
          [
            -64.09963,
            -31.464991
          ],
          [
            -64.098961,
            -31.464992
          ],
          [
            -64.098308,
            -31.464993
          ],
          [
            -64.097678,
            -31.464994
          ],
          [
            -64.096917,
            -31.464996
          ],
          [
            -64.096903,
            -31.466227
          ],
          [
            -64.097183,
            -31.466228
          ],
          [
            -64.09766,
            -31.466231
          ],
          [
            -64.098308,
            -31.466231
          ],
          [
            -64.098964,
            -31.466233
          ],
          [
            -64.099623,
            -31.466235
          ],
          [
            -64.100276,
            -31.466232
          ],
          [
            -64.100276,
            -31.464996
          ],
          [
            -64.101559,
            -31.464987
          ],
          [
            -64.102969,
            -31.464977
          ],
          [
            -64.103636,
            -31.464341
          ],
          [
            -64.1037,
            -31.464282
          ],
          [
            -64.104386,
            -31.46364
          ],
          [
            -64.104586,
            -31.463446
          ],
          [
            -64.105222,
            -31.462829
          ],
          [
            -64.105897,
            -31.462175
          ],
          [
            -64.10657,
            -31.461523
          ],
          [
            -64.107282,
            -31.460811
          ],
          [
            -64.107328,
            -31.460751
          ],
          [
            -64.10762,
            -31.460465
          ],
          [
            -64.107699,
            -31.460385
          ],
          [
            -64.1078,
            -31.460279
          ],
          [
            -64.107981,
            -31.460123
          ],
          [
            -64.108077,
            -31.460025
          ],
          [
            -64.10812,
            -31.460052
          ],
          [
            -64.10829,
            -31.460172
          ],
          [
            -64.108362,
            -31.460212
          ],
          [
            -64.108448,
            -31.460255
          ],
          [
            -64.108519,
            -31.460279
          ],
          [
            -64.108592,
            -31.460284
          ],
          [
            -64.108671,
            -31.460277
          ],
          [
            -64.108758,
            -31.46026
          ],
          [
            -64.108975,
            -31.460225
          ],
          [
            -64.109138,
            -31.46021
          ],
          [
            -64.109301,
            -31.460206
          ],
          [
            -64.109503,
            -31.460207
          ],
          [
            -64.109843,
            -31.460216
          ],
          [
            -64.110215,
            -31.460219
          ],
          [
            -64.110178,
            -31.460305
          ],
          [
            -64.110073,
            -31.460497
          ],
          [
            -64.11006,
            -31.46054
          ],
          [
            -64.110047,
            -31.460598
          ],
          [
            -64.110087,
            -31.460595
          ],
          [
            -64.110139,
            -31.460603
          ],
          [
            -64.110188,
            -31.46062
          ],
          [
            -64.110231,
            -31.460646
          ],
          [
            -64.110267,
            -31.46068
          ],
          [
            -64.110293,
            -31.460719
          ],
          [
            -64.110309,
            -31.460762
          ],
          [
            -64.110312,
            -31.460827
          ],
          [
            -64.110291,
            -31.460891
          ],
          [
            -64.110248,
            -31.460946
          ],
          [
            -64.110217,
            -31.46097
          ],
          [
            -64.110182,
            -31.460989
          ],
          [
            -64.110143,
            -31.461002
          ],
          [
            -64.110103,
            -31.46101
          ],
          [
            -64.110061,
            -31.461012
          ],
          [
            -64.110045,
            -31.461192
          ],
          [
            -64.109988,
            -31.46183
          ],
          [
            -64.109922,
            -31.462544
          ],
          [
            -64.109895,
            -31.462874
          ],
          [
            -64.109829,
            -31.463621
          ],
          [
            -64.109921,
            -31.46364
          ],
          [
            -64.110006,
            -31.463677
          ],
          [
            -64.110044,
            -31.463704
          ],
          [
            -64.110094,
            -31.463745
          ],
          [
            -64.110123,
            -31.463785
          ],
          [
            -64.110156,
            -31.463847
          ],
          [
            -64.110174,
            -31.463913
          ],
          [
            -64.110175,
            -31.463984
          ],
          [
            -64.110159,
            -31.464053
          ],
          [
            -64.110126,
            -31.464118
          ],
          [
            -64.110078,
            -31.464176
          ],
          [
            -64.110521,
            -31.464505
          ],
          [
            -64.111287,
            -31.465074
          ],
          [
            -64.112151,
            -31.465716
          ],
          [
            -64.113032,
            -31.466374
          ],
          [
            -64.113907,
            -31.467032
          ],
          [
            -64.114837,
            -31.46773
          ],
          [
            -64.114869,
            -31.467754
          ],
          [
            -64.115224,
            -31.46802
          ],
          [
            -64.115303,
            -31.468079
          ],
          [
            -64.115817,
            -31.46847
          ],
          [
            -64.11628,
            -31.468824
          ],
          [
            -64.116712,
            -31.469149
          ],
          [
            -64.11722,
            -31.469543
          ],
          [
            -64.117719,
            -31.469918
          ],
          [
            -64.117762,
            -31.469947
          ],
          [
            -64.118168,
            -31.470255
          ],
          [
            -64.11867,
            -31.470636
          ],
          [
            -64.119048,
            -31.470923
          ],
          [
            -64.119234,
            -31.471065
          ],
          [
            -64.121848,
            -31.473075
          ],
          [
            -64.122115,
            -31.473222
          ],
          [
            -64.120257,
            -31.475617
          ],
          [
            -64.127683,
            -31.475595
          ],
          [
            -64.130515,
            -31.475587
          ],
          [
            -64.130866,
            -31.475585
          ],
          [
            -64.134218,
            -31.475575
          ],
          [
            -64.135035,
            -31.475578
          ],
          [
            -64.135403,
            -31.475578
          ],
          [
            -64.135488,
            -31.475578
          ],
          [
            -64.135477,
            -31.47712
          ],
          [
            -64.135477,
            -31.477241
          ],
          [
            -64.135496,
            -31.478759
          ],
          [
            -64.135495,
            -31.478829
          ],
          [
            -64.135422,
            -31.479046
          ],
          [
            -64.135407,
            -31.479129
          ],
          [
            -64.135409,
            -31.480381
          ],
          [
            -64.1354,
            -31.480829
          ],
          [
            -64.136204,
            -31.480822
          ],
          [
            -64.136534,
            -31.48082
          ],
          [
            -64.13695,
            -31.480817
          ],
          [
            -64.137722,
            -31.480811
          ],
          [
            -64.138518,
            -31.480805
          ],
          [
            -64.139272,
            -31.4808
          ],
          [
            -64.140024,
            -31.480794
          ],
          [
            -64.140812,
            -31.480789
          ],
          [
            -64.141556,
            -31.480783
          ],
          [
            -64.14228,
            -31.480778
          ],
          [
            -64.143111,
            -31.480772
          ],
          [
            -64.143891,
            -31.480766
          ],
          [
            -64.144674,
            -31.480759
          ],
          [
            -64.145411,
            -31.480755
          ],
          [
            -64.146195,
            -31.480749
          ],
          [
            -64.146988,
            -31.480744
          ],
          [
            -64.147765,
            -31.480725
          ],
          [
            -64.147773,
            -31.480201
          ],
          [
            -64.147776,
            -31.479043
          ],
          [
            -64.14778,
            -31.478525
          ],
          [
            -64.147795,
            -31.477788
          ],
          [
            -64.14781,
            -31.477189
          ],
          [
            -64.147813,
            -31.477052
          ],
          [
            -64.147831,
            -31.475909
          ],
          [
            -64.147834,
            -31.475497
          ],
          [
            -64.147845,
            -31.474948
          ],
          [
            -64.14785,
            -31.474335
          ],
          [
            -64.147857,
            -31.473489
          ],
          [
            -64.147858,
            -31.473413
          ],
          [
            -64.147858,
            -31.473187
          ],
          [
            -64.14787,
            -31.472373
          ],
          [
            -64.147878,
            -31.471905
          ],
          [
            -64.14789,
            -31.47135
          ],
          [
            -64.147893,
            -31.470968
          ],
          [
            -64.147898,
            -31.47065
          ],
          [
            -64.147901,
            -31.470549
          ],
          [
            -64.147903,
            -31.470441
          ],
          [
            -64.147823,
            -31.470239
          ],
          [
            -64.147777,
            -31.470187
          ],
          [
            -64.147714,
            -31.470134
          ],
          [
            -64.147627,
            -31.470096
          ],
          [
            -64.147561,
            -31.470092
          ],
          [
            -64.147499,
            -31.470073
          ],
          [
            -64.147485,
            -31.470063
          ],
          [
            -64.147446,
            -31.470039
          ],
          [
            -64.147407,
            -31.469993
          ],
          [
            -64.147385,
            -31.46994
          ],
          [
            -64.147381,
            -31.469884
          ],
          [
            -64.147397,
            -31.469829
          ],
          [
            -64.147442,
            -31.469768
          ],
          [
            -64.147511,
            -31.469726
          ],
          [
            -64.147604,
            -31.469707
          ],
          [
            -64.147698,
            -31.469723
          ],
          [
            -64.147834,
            -31.469617
          ],
          [
            -64.147898,
            -31.469496
          ],
          [
            -64.147921,
            -31.469353
          ],
          [
            -64.147929,
            -31.468717
          ],
          [
            -64.147933,
            -31.468353
          ],
          [
            -64.147935,
            -31.468193
          ],
          [
            -64.147937,
            -31.467901
          ],
          [
            -64.147942,
            -31.467464
          ],
          [
            -64.147873,
            -31.46717
          ],
          [
            -64.147853,
            -31.467032
          ],
          [
            -64.147848,
            -31.466978
          ],
          [
            -64.147864,
            -31.465956
          ],
          [
            -64.14788,
            -31.464689
          ],
          [
            -64.147881,
            -31.463453
          ],
          [
            -64.147881,
            -31.463137
          ],
          [
            -64.147864,
            -31.462779
          ],
          [
            -64.147839,
            -31.462628
          ],
          [
            -64.147798,
            -31.462497
          ],
          [
            -64.147611,
            -31.461986
          ],
          [
            -64.147586,
            -31.461935
          ],
          [
            -64.147552,
            -31.461884
          ],
          [
            -64.147513,
            -31.461834
          ],
          [
            -64.147429,
            -31.461749
          ],
          [
            -64.147391,
            -31.461742
          ],
          [
            -64.147355,
            -31.46173
          ],
          [
            -64.147321,
            -31.461713
          ],
          [
            -64.147291,
            -31.461692
          ],
          [
            -64.147265,
            -31.461668
          ],
          [
            -64.147243,
            -31.46164
          ],
          [
            -64.147227,
            -31.46161
          ],
          [
            -64.147216,
            -31.461578
          ],
          [
            -64.147211,
            -31.461545
          ],
          [
            -64.147211,
            -31.461512
          ],
          [
            -64.147218,
            -31.46148
          ],
          [
            -64.14723,
            -31.461448
          ],
          [
            -64.147257,
            -31.461312
          ],
          [
            -64.147259,
            -31.461234
          ],
          [
            -64.147254,
            -31.461155
          ],
          [
            -64.147241,
            -31.461088
          ],
          [
            -64.147221,
            -31.461025
          ],
          [
            -64.147191,
            -31.46095
          ],
          [
            -64.147156,
            -31.460868
          ],
          [
            -64.147115,
            -31.460787
          ],
          [
            -64.147075,
            -31.460721
          ],
          [
            -64.147033,
            -31.460662
          ],
          [
            -64.146988,
            -31.460602
          ],
          [
            -64.146942,
            -31.460541
          ],
          [
            -64.146879,
            -31.46047
          ],
          [
            -64.146756,
            -31.460326
          ],
          [
            -64.146711,
            -31.46029
          ],
          [
            -64.146526,
            -31.460114
          ],
          [
            -64.146399,
            -31.459933
          ],
          [
            -64.146322,
            -31.459796
          ],
          [
            -64.146256,
            -31.459646
          ],
          [
            -64.146246,
            -31.459607
          ],
          [
            -64.146236,
            -31.459529
          ],
          [
            -64.146235,
            -31.45946
          ],
          [
            -64.146247,
            -31.459382
          ],
          [
            -64.146265,
            -31.459306
          ],
          [
            -64.146291,
            -31.459224
          ],
          [
            -64.146331,
            -31.459138
          ],
          [
            -64.146374,
            -31.459065
          ],
          [
            -64.146423,
            -31.458999
          ],
          [
            -64.146476,
            -31.458943
          ],
          [
            -64.146536,
            -31.458892
          ],
          [
            -64.146602,
            -31.458845
          ],
          [
            -64.146681,
            -31.4588
          ],
          [
            -64.146769,
            -31.45876
          ],
          [
            -64.146858,
            -31.458734
          ],
          [
            -64.146948,
            -31.458714
          ],
          [
            -64.147044,
            -31.458701
          ],
          [
            -64.147161,
            -31.458697
          ],
          [
            -64.147303,
            -31.458705
          ],
          [
            -64.147359,
            -31.458716
          ],
          [
            -64.147604,
            -31.458693
          ],
          [
            -64.147703,
            -31.458672
          ],
          [
            -64.147802,
            -31.458631
          ],
          [
            -64.147878,
            -31.45858
          ],
          [
            -64.147926,
            -31.458527
          ],
          [
            -64.147972,
            -31.458466
          ],
          [
            -64.148005,
            -31.458402
          ],
          [
            -64.148025,
            -31.458333
          ],
          [
            -64.148037,
            -31.458247
          ],
          [
            -64.148043,
            -31.458162
          ],
          [
            -64.148082,
            -31.457957
          ],
          [
            -64.148127,
            -31.456988
          ],
          [
            -64.148138,
            -31.456856
          ],
          [
            -64.148155,
            -31.456761
          ],
          [
            -64.148126,
            -31.456596
          ],
          [
            -64.148144,
            -31.456124
          ],
          [
            -64.148179,
            -31.454893
          ],
          [
            -64.148212,
            -31.453588
          ],
          [
            -64.148228,
            -31.453155
          ],
          [
            -64.148231,
            -31.453054
          ],
          [
            -64.148237,
            -31.452908
          ],
          [
            -64.148244,
            -31.452713
          ],
          [
            -64.148263,
            -31.452213
          ],
          [
            -64.148279,
            -31.451793
          ],
          [
            -64.148301,
            -31.450646
          ],
          [
            -64.148313,
            -31.450195
          ],
          [
            -64.148318,
            -31.449783
          ],
          [
            -64.148357,
            -31.448387
          ],
          [
            -64.148361,
            -31.448161
          ],
          [
            -64.148365,
            -31.447317
          ],
          [
            -64.148368,
            -31.44682
          ],
          [
            -64.148368,
            -31.446462
          ],
          [
            -64.148371,
            -31.44632
          ],
          [
            -64.148371,
            -31.446088
          ],
          [
            -64.14837,
            -31.445875
          ],
          [
            -64.148371,
            -31.445818
          ],
          [
            -64.148384,
            -31.445384
          ],
          [
            -64.148389,
            -31.445267
          ],
          [
            -64.148434,
            -31.443965
          ],
          [
            -64.148437,
            -31.443856
          ],
          [
            -64.148445,
            -31.443413
          ],
          [
            -64.148487,
            -31.442035
          ],
          [
            -64.148569,
            -31.441993
          ],
          [
            -64.148712,
            -31.441939
          ],
          [
            -64.149038,
            -31.441816
          ],
          [
            -64.149104,
            -31.441791
          ],
          [
            -64.149153,
            -31.441773
          ],
          [
            -64.149202,
            -31.441755
          ],
          [
            -64.149245,
            -31.441739
          ],
          [
            -64.149522,
            -31.441638
          ],
          [
            -64.149608,
            -31.441605
          ],
          [
            -64.150304,
            -31.441385
          ],
          [
            -64.15073,
            -31.441264
          ],
          [
            -64.151225,
            -31.441129
          ],
          [
            -64.151765,
            -31.440994
          ],
          [
            -64.152475,
            -31.440854
          ],
          [
            -64.153103,
            -31.440756
          ],
          [
            -64.153795,
            -31.440669
          ],
          [
            -64.154545,
            -31.440593
          ],
          [
            -64.155106,
            -31.440554
          ],
          [
            -64.155494,
            -31.440534
          ],
          [
            -64.156908,
            -31.440534
          ],
          [
            -64.159176,
            -31.44054
          ],
          [
            -64.15974,
            -31.44054
          ],
          [
            -64.160654,
            -31.440541
          ],
          [
            -64.160691,
            -31.440509
          ],
          [
            -64.160811,
            -31.44045
          ],
          [
            -64.160849,
            -31.440421
          ],
          [
            -64.160866,
            -31.440396
          ],
          [
            -64.160892,
            -31.440361
          ],
          [
            -64.160928,
            -31.440278
          ],
          [
            -64.160963,
            -31.440219
          ],
          [
            -64.161255,
            -31.439872
          ],
          [
            -64.161342,
            -31.439781
          ],
          [
            -64.161401,
            -31.439732
          ],
          [
            -64.161714,
            -31.439487
          ],
          [
            -64.161936,
            -31.439327
          ],
          [
            -64.162954,
            -31.438648
          ],
          [
            -64.163015,
            -31.438607
          ],
          [
            -64.163438,
            -31.438325
          ],
          [
            -64.163795,
            -31.438083
          ],
          [
            -64.163923,
            -31.438002
          ],
          [
            -64.163931,
            -31.437129
          ],
          [
            -64.163929,
            -31.436156
          ],
          [
            -64.163928,
            -31.435249
          ],
          [
            -64.163927,
            -31.434348
          ],
          [
            -64.163925,
            -31.433421
          ],
          [
            -64.163924,
            -31.43252
          ],
          [
            -64.163923,
            -31.431896
          ],
          [
            -64.163923,
            -31.431815
          ],
          [
            -64.163898,
            -31.431656
          ],
          [
            -64.164122,
            -31.43154
          ],
          [
            -64.164282,
            -31.43147
          ],
          [
            -64.164505,
            -31.431378
          ],
          [
            -64.164719,
            -31.431294
          ],
          [
            -64.165003,
            -31.431213
          ],
          [
            -64.165169,
            -31.431172
          ],
          [
            -64.165356,
            -31.431132
          ],
          [
            -64.165639,
            -31.431087
          ],
          [
            -64.166364,
            -31.430964
          ],
          [
            -64.166859,
            -31.430856
          ],
          [
            -64.167016,
            -31.430815
          ],
          [
            -64.167219,
            -31.430756
          ],
          [
            -64.167464,
            -31.430679
          ],
          [
            -64.167562,
            -31.430644
          ],
          [
            -64.167723,
            -31.430581
          ],
          [
            -64.167823,
            -31.430541
          ],
          [
            -64.168149,
            -31.430396
          ],
          [
            -64.169074,
            -31.429933
          ],
          [
            -64.16941,
            -31.429766
          ],
          [
            -64.169499,
            -31.429715
          ],
          [
            -64.169571,
            -31.429668
          ],
          [
            -64.169949,
            -31.429393
          ],
          [
            -64.170085,
            -31.42927
          ],
          [
            -64.170208,
            -31.429155
          ],
          [
            -64.170661,
            -31.428681
          ],
          [
            -64.171112,
            -31.428201
          ],
          [
            -64.171415,
            -31.427895
          ],
          [
            -64.171577,
            -31.427733
          ],
          [
            -64.171664,
            -31.427636
          ],
          [
            -64.171768,
            -31.427531
          ],
          [
            -64.171952,
            -31.427347
          ],
          [
            -64.172051,
            -31.427248
          ],
          [
            -64.172232,
            -31.427067
          ],
          [
            -64.172823,
            -31.426481
          ],
          [
            -64.173023,
            -31.426288
          ],
          [
            -64.17363,
            -31.42569
          ],
          [
            -64.173962,
            -31.425359
          ],
          [
            -64.174126,
            -31.425195
          ],
          [
            -64.174333,
            -31.424975
          ],
          [
            -64.17439,
            -31.424913
          ],
          [
            -64.174546,
            -31.424738
          ],
          [
            -64.174613,
            -31.424663
          ],
          [
            -64.174672,
            -31.424607
          ],
          [
            -64.174792,
            -31.424495
          ],
          [
            -64.174942,
            -31.424368
          ],
          [
            -64.174997,
            -31.424309
          ],
          [
            -64.175271,
            -31.424
          ],
          [
            -64.175521,
            -31.42373
          ],
          [
            -64.175607,
            -31.423637
          ],
          [
            -64.175695,
            -31.423568
          ],
          [
            -64.175765,
            -31.423526
          ],
          [
            -64.175856,
            -31.423478
          ],
          [
            -64.175932,
            -31.423446
          ],
          [
            -64.175996,
            -31.423425
          ],
          [
            -64.176361,
            -31.423324
          ],
          [
            -64.176741,
            -31.423226
          ],
          [
            -64.177859,
            -31.422944
          ],
          [
            -64.179313,
            -31.422566
          ],
          [
            -64.180685,
            -31.422206
          ],
          [
            -64.181908,
            -31.421886
          ],
          [
            -64.181933,
            -31.42188
          ],
          [
            -64.182055,
            -31.421848
          ],
          [
            -64.183332,
            -31.421513
          ],
          [
            -64.183646,
            -31.421431
          ],
          [
            -64.184303,
            -31.421259
          ],
          [
            -64.184705,
            -31.421154
          ],
          [
            -64.186053,
            -31.420801
          ],
          [
            -64.186264,
            -31.420749
          ],
          [
            -64.187394,
            -31.420469
          ],
          [
            -64.187439,
            -31.420456
          ],
          [
            -64.187877,
            -31.420332
          ],
          [
            -64.188038,
            -31.420286
          ],
          [
            -64.188169,
            -31.420245
          ],
          [
            -64.188208,
            -31.420233
          ],
          [
            -64.188297,
            -31.420206
          ],
          [
            -64.188431,
            -31.42015
          ],
          [
            -64.188553,
            -31.4201
          ],
          [
            -64.188617,
            -31.420073
          ],
          [
            -64.188664,
            -31.420053
          ],
          [
            -64.188709,
            -31.420032
          ],
          [
            -64.188708,
            -31.420086
          ],
          [
            -64.188709,
            -31.420103
          ]
        ]
      }
    },
    {
      "type": "Feature",
      "id": "route-cordoba-2026-08-27-v3-02",
      "properties": {
        "truckId": "vehicle-02",
        "waypointDistancesKm": [
          0,
          1.5607215677488202,
          3.750845509615033,
          5.753305254943678,
          6.83124905043824,
          7.886191653300084,
          9.825677819914464,
          16.927871822343032,
          26.726873011357746
        ]
      },
      "geometry": {
        "type": "LineString",
        "coordinates": [
          [
            -64.188709,
            -31.420109
          ],
          [
            -64.18871,
            -31.420127
          ],
          [
            -64.188717,
            -31.420178
          ],
          [
            -64.188727,
            -31.42023
          ],
          [
            -64.188737,
            -31.420284
          ],
          [
            -64.188734,
            -31.420338
          ],
          [
            -64.188686,
            -31.420476
          ],
          [
            -64.188614,
            -31.420637
          ],
          [
            -64.188602,
            -31.420666
          ],
          [
            -64.188216,
            -31.421509
          ],
          [
            -64.188008,
            -31.421909
          ],
          [
            -64.187455,
            -31.423057
          ],
          [
            -64.187282,
            -31.423421
          ],
          [
            -64.187225,
            -31.42354
          ],
          [
            -64.187285,
            -31.423692
          ],
          [
            -64.187532,
            -31.424318
          ],
          [
            -64.18803,
            -31.425456
          ],
          [
            -64.188043,
            -31.425489
          ],
          [
            -64.188058,
            -31.425523
          ],
          [
            -64.188566,
            -31.426674
          ],
          [
            -64.188835,
            -31.427327
          ],
          [
            -64.189333,
            -31.428574
          ],
          [
            -64.189351,
            -31.428612
          ],
          [
            -64.189536,
            -31.429017
          ],
          [
            -64.189748,
            -31.429515
          ],
          [
            -64.189859,
            -31.429768
          ],
          [
            -64.190335,
            -31.430949
          ],
          [
            -64.190402,
            -31.431119
          ],
          [
            -64.190413,
            -31.431145
          ],
          [
            -64.190459,
            -31.431261
          ],
          [
            -64.190704,
            -31.431885
          ],
          [
            -64.190065,
            -31.432095
          ],
          [
            -64.189389,
            -31.432303
          ],
          [
            -64.189063,
            -31.432407
          ],
          [
            -64.188732,
            -31.432512
          ],
          [
            -64.189097,
            -31.4334
          ],
          [
            -64.189177,
            -31.433376
          ],
          [
            -64.18969,
            -31.433223
          ],
          [
            -64.189769,
            -31.433197
          ],
          [
            -64.189861,
            -31.433168
          ],
          [
            -64.190425,
            -31.432992
          ],
          [
            -64.19074,
            -31.432904
          ],
          [
            -64.191082,
            -31.432801
          ],
          [
            -64.191176,
            -31.432772
          ],
          [
            -64.192199,
            -31.432453
          ],
          [
            -64.192281,
            -31.432419
          ],
          [
            -64.192338,
            -31.432382
          ],
          [
            -64.192365,
            -31.432335
          ],
          [
            -64.192366,
            -31.432291
          ],
          [
            -64.192359,
            -31.432249
          ],
          [
            -64.192343,
            -31.432211
          ],
          [
            -64.192278,
            -31.432096
          ],
          [
            -64.19223,
            -31.43199
          ],
          [
            -64.192207,
            -31.43194
          ],
          [
            -64.192899,
            -31.43228
          ],
          [
            -64.193066,
            -31.432345
          ],
          [
            -64.193218,
            -31.432405
          ],
          [
            -64.193625,
            -31.432571
          ],
          [
            -64.193639,
            -31.432575
          ],
          [
            -64.193688,
            -31.432588
          ],
          [
            -64.193774,
            -31.432598
          ],
          [
            -64.193815,
            -31.432577
          ],
          [
            -64.193903,
            -31.432536
          ],
          [
            -64.193957,
            -31.432523
          ],
          [
            -64.19402,
            -31.432507
          ],
          [
            -64.194157,
            -31.43249
          ],
          [
            -64.194317,
            -31.432506
          ],
          [
            -64.194467,
            -31.432554
          ],
          [
            -64.194567,
            -31.432611
          ],
          [
            -64.194653,
            -31.432682
          ],
          [
            -64.194736,
            -31.432787
          ],
          [
            -64.194772,
            -31.432867
          ],
          [
            -64.194789,
            -31.432906
          ],
          [
            -64.194809,
            -31.433031
          ],
          [
            -64.194802,
            -31.433092
          ],
          [
            -64.194794,
            -31.433157
          ],
          [
            -64.194746,
            -31.433277
          ],
          [
            -64.194667,
            -31.433385
          ],
          [
            -64.194562,
            -31.433474
          ],
          [
            -64.194518,
            -31.433625
          ],
          [
            -64.194504,
            -31.433723
          ],
          [
            -64.194507,
            -31.433773
          ],
          [
            -64.194523,
            -31.433838
          ],
          [
            -64.194538,
            -31.433878
          ],
          [
            -64.194583,
            -31.433965
          ],
          [
            -64.194643,
            -31.434069
          ],
          [
            -64.194717,
            -31.434186
          ],
          [
            -64.194745,
            -31.434245
          ],
          [
            -64.194954,
            -31.43481
          ],
          [
            -64.195151,
            -31.435342
          ],
          [
            -64.19525,
            -31.435608
          ],
          [
            -64.195704,
            -31.436449
          ],
          [
            -64.19619,
            -31.437565
          ],
          [
            -64.196455,
            -31.438189
          ],
          [
            -64.19692,
            -31.439288
          ],
          [
            -64.197289,
            -31.440153
          ],
          [
            -64.196849,
            -31.440283
          ],
          [
            -64.196709,
            -31.440326
          ],
          [
            -64.196607,
            -31.440357
          ],
          [
            -64.196321,
            -31.439474
          ],
          [
            -64.196168,
            -31.439002
          ],
          [
            -64.195995,
            -31.439042
          ],
          [
            -64.195909,
            -31.439062
          ],
          [
            -64.195741,
            -31.439033
          ],
          [
            -64.195603,
            -31.439033
          ],
          [
            -64.195562,
            -31.439072
          ],
          [
            -64.195512,
            -31.43919
          ],
          [
            -64.195494,
            -31.439284
          ],
          [
            -64.195506,
            -31.43932
          ],
          [
            -64.195559,
            -31.439476
          ],
          [
            -64.19561,
            -31.439626
          ],
          [
            -64.195663,
            -31.439783
          ],
          [
            -64.195699,
            -31.439893
          ],
          [
            -64.194736,
            -31.440117
          ],
          [
            -64.194441,
            -31.440188
          ],
          [
            -64.194397,
            -31.440197
          ],
          [
            -64.194253,
            -31.440225
          ],
          [
            -64.194207,
            -31.440196
          ],
          [
            -64.193831,
            -31.438995
          ],
          [
            -64.193917,
            -31.438958
          ],
          [
            -64.194009,
            -31.438948
          ],
          [
            -64.194283,
            -31.438918
          ],
          [
            -64.195217,
            -31.43885
          ],
          [
            -64.195443,
            -31.438866
          ],
          [
            -64.195477,
            -31.438903
          ],
          [
            -64.195538,
            -31.438904
          ],
          [
            -64.195589,
            -31.438933
          ],
          [
            -64.195603,
            -31.438961
          ],
          [
            -64.195741,
            -31.439033
          ],
          [
            -64.195909,
            -31.439062
          ],
          [
            -64.195995,
            -31.439042
          ],
          [
            -64.196168,
            -31.439002
          ],
          [
            -64.195954,
            -31.438343
          ],
          [
            -64.19582,
            -31.437935
          ],
          [
            -64.195438,
            -31.436768
          ],
          [
            -64.195337,
            -31.436708
          ],
          [
            -64.195236,
            -31.436671
          ],
          [
            -64.195147,
            -31.436663
          ],
          [
            -64.195042,
            -31.436672
          ],
          [
            -64.194002,
            -31.437012
          ],
          [
            -64.19354,
            -31.437162
          ],
          [
            -64.193475,
            -31.437183
          ],
          [
            -64.19334,
            -31.437228
          ],
          [
            -64.192709,
            -31.437434
          ],
          [
            -64.192685,
            -31.437442
          ],
          [
            -64.192514,
            -31.437497
          ],
          [
            -64.192494,
            -31.437504
          ],
          [
            -64.192421,
            -31.437521
          ],
          [
            -64.192445,
            -31.437609
          ],
          [
            -64.192501,
            -31.437813
          ],
          [
            -64.192511,
            -31.437874
          ],
          [
            -64.19252,
            -31.437954
          ],
          [
            -64.192529,
            -31.438119
          ],
          [
            -64.19252,
            -31.438233
          ],
          [
            -64.192515,
            -31.438269
          ],
          [
            -64.192502,
            -31.438381
          ],
          [
            -64.192466,
            -31.438532
          ],
          [
            -64.192441,
            -31.438621
          ],
          [
            -64.192431,
            -31.438687
          ],
          [
            -64.19242,
            -31.438842
          ],
          [
            -64.192428,
            -31.438869
          ],
          [
            -64.192429,
            -31.438896
          ],
          [
            -64.192422,
            -31.438923
          ],
          [
            -64.192409,
            -31.438947
          ],
          [
            -64.192406,
            -31.43902
          ],
          [
            -64.19241,
            -31.439091
          ],
          [
            -64.192434,
            -31.439176
          ],
          [
            -64.192497,
            -31.439365
          ],
          [
            -64.192711,
            -31.439949
          ],
          [
            -64.1928,
            -31.440167
          ],
          [
            -64.192863,
            -31.440326
          ],
          [
            -64.192956,
            -31.440561
          ],
          [
            -64.192994,
            -31.440649
          ],
          [
            -64.193081,
            -31.440815
          ],
          [
            -64.19312,
            -31.440887
          ],
          [
            -64.193165,
            -31.440969
          ],
          [
            -64.193258,
            -31.441133
          ],
          [
            -64.193429,
            -31.441414
          ],
          [
            -64.193842,
            -31.442122
          ],
          [
            -64.193966,
            -31.442325
          ],
          [
            -64.194024,
            -31.44242
          ],
          [
            -64.19407,
            -31.442496
          ],
          [
            -64.194264,
            -31.442813
          ],
          [
            -64.194361,
            -31.442979
          ],
          [
            -64.194409,
            -31.443057
          ],
          [
            -64.194464,
            -31.44314
          ],
          [
            -64.194511,
            -31.44321
          ],
          [
            -64.194577,
            -31.44328
          ],
          [
            -64.194588,
            -31.443288
          ],
          [
            -64.194613,
            -31.443312
          ],
          [
            -64.194627,
            -31.443342
          ],
          [
            -64.194629,
            -31.443374
          ],
          [
            -64.194618,
            -31.443406
          ],
          [
            -64.194596,
            -31.443432
          ],
          [
            -64.194566,
            -31.443451
          ],
          [
            -64.194529,
            -31.44346
          ],
          [
            -64.194459,
            -31.443449
          ],
          [
            -64.193696,
            -31.443329
          ],
          [
            -64.193522,
            -31.44331
          ],
          [
            -64.192111,
            -31.443148
          ],
          [
            -64.191982,
            -31.443132
          ],
          [
            -64.192008,
            -31.443024
          ],
          [
            -64.19203,
            -31.442936
          ],
          [
            -64.192055,
            -31.442839
          ],
          [
            -64.192064,
            -31.442801
          ],
          [
            -64.192069,
            -31.442781
          ],
          [
            -64.192073,
            -31.442762
          ],
          [
            -64.192194,
            -31.442775
          ],
          [
            -64.192389,
            -31.442797
          ],
          [
            -64.192435,
            -31.442519
          ],
          [
            -64.192389,
            -31.442797
          ],
          [
            -64.192194,
            -31.442775
          ],
          [
            -64.192163,
            -31.44293
          ],
          [
            -64.192138,
            -31.443034
          ],
          [
            -64.192111,
            -31.443148
          ],
          [
            -64.193522,
            -31.44331
          ],
          [
            -64.193696,
            -31.443329
          ],
          [
            -64.193979,
            -31.443344
          ],
          [
            -64.194051,
            -31.443343
          ],
          [
            -64.194177,
            -31.443326
          ],
          [
            -64.194253,
            -31.443313
          ],
          [
            -64.194324,
            -31.443282
          ],
          [
            -64.194427,
            -31.443299
          ],
          [
            -64.194438,
            -31.443289
          ],
          [
            -64.19446,
            -31.443277
          ],
          [
            -64.19449,
            -31.443267
          ],
          [
            -64.19452,
            -31.443265
          ],
          [
            -64.19455,
            -31.443269
          ],
          [
            -64.194577,
            -31.44328
          ],
          [
            -64.194588,
            -31.443288
          ],
          [
            -64.194613,
            -31.443312
          ],
          [
            -64.194627,
            -31.443342
          ],
          [
            -64.194629,
            -31.443374
          ],
          [
            -64.194618,
            -31.443406
          ],
          [
            -64.194596,
            -31.443432
          ],
          [
            -64.194566,
            -31.443451
          ],
          [
            -64.194529,
            -31.44346
          ],
          [
            -64.194459,
            -31.443449
          ],
          [
            -64.193696,
            -31.443329
          ],
          [
            -64.193522,
            -31.44331
          ],
          [
            -64.193484,
            -31.443422
          ],
          [
            -64.193473,
            -31.443467
          ],
          [
            -64.193447,
            -31.443617
          ],
          [
            -64.190001,
            -31.443194
          ],
          [
            -64.189989,
            -31.444004
          ],
          [
            -64.189979,
            -31.444631
          ],
          [
            -64.190267,
            -31.444646
          ],
          [
            -64.190994,
            -31.444648
          ],
          [
            -64.191017,
            -31.444665
          ],
          [
            -64.191017,
            -31.445141
          ],
          [
            -64.191028,
            -31.445215
          ],
          [
            -64.192081,
            -31.445024
          ],
          [
            -64.192146,
            -31.445017
          ],
          [
            -64.192211,
            -31.445024
          ],
          [
            -64.192392,
            -31.445063
          ],
          [
            -64.192421,
            -31.445077
          ],
          [
            -64.192439,
            -31.445099
          ],
          [
            -64.192444,
            -31.445127
          ],
          [
            -64.192403,
            -31.44534
          ],
          [
            -64.192588,
            -31.445415
          ],
          [
            -64.192649,
            -31.445431
          ],
          [
            -64.19271,
            -31.445432
          ],
          [
            -64.19347,
            -31.445263
          ],
          [
            -64.193835,
            -31.445194
          ],
          [
            -64.193453,
            -31.443683
          ],
          [
            -64.193447,
            -31.443617
          ],
          [
            -64.193473,
            -31.443467
          ],
          [
            -64.193484,
            -31.443422
          ],
          [
            -64.193522,
            -31.44331
          ],
          [
            -64.193696,
            -31.443329
          ],
          [
            -64.193979,
            -31.443344
          ],
          [
            -64.194051,
            -31.443343
          ],
          [
            -64.194177,
            -31.443326
          ],
          [
            -64.194253,
            -31.443313
          ],
          [
            -64.194324,
            -31.443282
          ],
          [
            -64.194427,
            -31.443299
          ],
          [
            -64.194438,
            -31.443289
          ],
          [
            -64.19446,
            -31.443277
          ],
          [
            -64.19449,
            -31.443267
          ],
          [
            -64.19452,
            -31.443265
          ],
          [
            -64.19455,
            -31.443269
          ],
          [
            -64.194577,
            -31.44328
          ],
          [
            -64.194588,
            -31.443288
          ],
          [
            -64.195415,
            -31.443576
          ],
          [
            -64.19608,
            -31.443649
          ],
          [
            -64.197869,
            -31.443859
          ],
          [
            -64.19795,
            -31.443847
          ],
          [
            -64.198025,
            -31.44384
          ],
          [
            -64.198194,
            -31.443843
          ],
          [
            -64.198379,
            -31.443866
          ],
          [
            -64.198754,
            -31.443912
          ],
          [
            -64.198752,
            -31.443971
          ],
          [
            -64.197869,
            -31.443859
          ],
          [
            -64.19608,
            -31.443649
          ],
          [
            -64.195415,
            -31.443576
          ],
          [
            -64.194529,
            -31.44346
          ],
          [
            -64.194459,
            -31.443449
          ],
          [
            -64.193696,
            -31.443329
          ],
          [
            -64.193522,
            -31.44331
          ],
          [
            -64.192111,
            -31.443148
          ],
          [
            -64.191982,
            -31.443132
          ],
          [
            -64.190327,
            -31.442935
          ],
          [
            -64.189985,
            -31.442894
          ],
          [
            -64.188131,
            -31.442674
          ],
          [
            -64.187811,
            -31.442636
          ],
          [
            -64.187592,
            -31.442611
          ],
          [
            -64.18725,
            -31.442552
          ],
          [
            -64.187161,
            -31.442529
          ],
          [
            -64.18709,
            -31.442517
          ],
          [
            -64.187025,
            -31.442511
          ],
          [
            -64.186965,
            -31.442509
          ],
          [
            -64.186815,
            -31.442508
          ],
          [
            -64.186773,
            -31.442523
          ],
          [
            -64.186728,
            -31.442528
          ],
          [
            -64.186682,
            -31.442525
          ],
          [
            -64.186639,
            -31.442513
          ],
          [
            -64.1866,
            -31.442493
          ],
          [
            -64.183781,
            -31.442188
          ],
          [
            -64.18331,
            -31.442142
          ],
          [
            -64.183161,
            -31.442095
          ],
          [
            -64.18305,
            -31.442049
          ],
          [
            -64.182925,
            -31.441983
          ],
          [
            -64.182823,
            -31.441922
          ],
          [
            -64.182759,
            -31.441875
          ],
          [
            -64.182744,
            -31.441863
          ],
          [
            -64.18268,
            -31.44181
          ],
          [
            -64.182616,
            -31.44174
          ],
          [
            -64.182493,
            -31.441538
          ],
          [
            -64.182419,
            -31.441361
          ],
          [
            -64.182437,
            -31.441294
          ],
          [
            -64.182459,
            -31.441261
          ],
          [
            -64.18252,
            -31.441221
          ],
          [
            -64.18253,
            -31.441219
          ],
          [
            -64.182597,
            -31.441205
          ],
          [
            -64.18268,
            -31.441207
          ],
          [
            -64.182896,
            -31.441395
          ],
          [
            -64.183144,
            -31.441571
          ],
          [
            -64.183404,
            -31.441721
          ],
          [
            -64.183702,
            -31.441877
          ],
          [
            -64.183869,
            -31.441947
          ],
          [
            -64.18407,
            -31.442018
          ],
          [
            -64.184362,
            -31.442102
          ],
          [
            -64.184571,
            -31.442145
          ],
          [
            -64.184753,
            -31.442175
          ],
          [
            -64.184758,
            -31.442006
          ],
          [
            -64.184729,
            -31.441942
          ],
          [
            -64.184584,
            -31.441711
          ],
          [
            -64.18456,
            -31.441639
          ],
          [
            -64.184495,
            -31.441298
          ],
          [
            -64.184583,
            -31.441284
          ],
          [
            -64.184652,
            -31.441286
          ],
          [
            -64.184893,
            -31.441291
          ],
          [
            -64.185125,
            -31.441295
          ],
          [
            -64.185213,
            -31.441292
          ],
          [
            -64.185437,
            -31.441256
          ],
          [
            -64.185741,
            -31.441187
          ],
          [
            -64.185867,
            -31.441138
          ],
          [
            -64.185952,
            -31.44109
          ],
          [
            -64.186217,
            -31.440885
          ],
          [
            -64.186343,
            -31.440797
          ],
          [
            -64.186415,
            -31.440748
          ],
          [
            -64.18646,
            -31.440985
          ],
          [
            -64.186494,
            -31.441164
          ],
          [
            -64.186539,
            -31.441377
          ],
          [
            -64.186669,
            -31.442065
          ],
          [
            -64.18668,
            -31.442146
          ],
          [
            -64.186687,
            -31.442195
          ],
          [
            -64.18673,
            -31.442192
          ],
          [
            -64.186772,
            -31.442197
          ],
          [
            -64.186812,
            -31.44221
          ],
          [
            -64.186848,
            -31.442231
          ],
          [
            -64.186877,
            -31.442257
          ],
          [
            -64.186941,
            -31.442303
          ],
          [
            -64.187033,
            -31.442355
          ],
          [
            -64.187108,
            -31.442398
          ],
          [
            -64.187301,
            -31.44248
          ],
          [
            -64.187504,
            -31.442552
          ],
          [
            -64.187811,
            -31.442636
          ],
          [
            -64.188131,
            -31.442674
          ],
          [
            -64.189985,
            -31.442894
          ],
          [
            -64.190327,
            -31.442935
          ],
          [
            -64.191982,
            -31.443132
          ],
          [
            -64.192111,
            -31.443148
          ],
          [
            -64.193522,
            -31.44331
          ],
          [
            -64.193696,
            -31.443329
          ],
          [
            -64.193979,
            -31.443344
          ],
          [
            -64.194051,
            -31.443343
          ],
          [
            -64.194177,
            -31.443326
          ],
          [
            -64.194253,
            -31.443313
          ],
          [
            -64.194324,
            -31.443282
          ],
          [
            -64.194427,
            -31.443299
          ],
          [
            -64.194438,
            -31.443289
          ],
          [
            -64.19446,
            -31.443277
          ],
          [
            -64.19449,
            -31.443267
          ],
          [
            -64.19452,
            -31.443265
          ],
          [
            -64.19455,
            -31.443269
          ],
          [
            -64.194577,
            -31.44328
          ],
          [
            -64.194588,
            -31.443288
          ],
          [
            -64.194613,
            -31.443312
          ],
          [
            -64.194627,
            -31.443342
          ],
          [
            -64.194629,
            -31.443374
          ],
          [
            -64.194618,
            -31.443406
          ],
          [
            -64.194596,
            -31.443432
          ],
          [
            -64.194566,
            -31.443451
          ],
          [
            -64.194529,
            -31.44346
          ],
          [
            -64.194459,
            -31.443449
          ],
          [
            -64.193696,
            -31.443329
          ],
          [
            -64.193522,
            -31.44331
          ],
          [
            -64.193484,
            -31.443422
          ],
          [
            -64.193473,
            -31.443467
          ],
          [
            -64.193447,
            -31.443617
          ],
          [
            -64.193453,
            -31.443683
          ],
          [
            -64.193835,
            -31.445194
          ],
          [
            -64.193981,
            -31.44578
          ],
          [
            -64.193988,
            -31.445848
          ],
          [
            -64.194055,
            -31.44634
          ],
          [
            -64.194064,
            -31.446398
          ],
          [
            -64.194138,
            -31.446915
          ],
          [
            -64.194146,
            -31.446968
          ],
          [
            -64.194306,
            -31.447952
          ],
          [
            -64.194314,
            -31.448033
          ],
          [
            -64.194396,
            -31.448977
          ],
          [
            -64.194443,
            -31.449496
          ],
          [
            -64.194464,
            -31.449754
          ],
          [
            -64.19455,
            -31.450539
          ],
          [
            -64.194784,
            -31.451428
          ],
          [
            -64.194915,
            -31.451935
          ],
          [
            -64.195068,
            -31.452468
          ],
          [
            -64.195273,
            -31.453185
          ],
          [
            -64.195523,
            -31.45406
          ],
          [
            -64.195799,
            -31.455088
          ],
          [
            -64.195925,
            -31.455522
          ],
          [
            -64.196114,
            -31.456234
          ],
          [
            -64.196254,
            -31.456748
          ],
          [
            -64.196337,
            -31.457053
          ],
          [
            -64.196555,
            -31.45785
          ],
          [
            -64.1967,
            -31.458383
          ],
          [
            -64.196711,
            -31.458425
          ],
          [
            -64.196809,
            -31.458784
          ],
          [
            -64.196836,
            -31.458882
          ],
          [
            -64.19703,
            -31.459595
          ],
          [
            -64.197173,
            -31.460121
          ],
          [
            -64.197392,
            -31.460926
          ],
          [
            -64.19751,
            -31.461362
          ],
          [
            -64.197652,
            -31.46188
          ],
          [
            -64.197903,
            -31.462803
          ],
          [
            -64.19793,
            -31.462897
          ],
          [
            -64.198119,
            -31.463599
          ],
          [
            -64.198829,
            -31.463459
          ],
          [
            -64.199461,
            -31.463334
          ],
          [
            -64.200099,
            -31.463208
          ],
          [
            -64.200724,
            -31.463087
          ],
          [
            -64.2014,
            -31.462951
          ],
          [
            -64.201677,
            -31.462897
          ],
          [
            -64.201995,
            -31.462854
          ],
          [
            -64.202071,
            -31.46284
          ],
          [
            -64.202189,
            -31.462828
          ],
          [
            -64.202282,
            -31.463008
          ],
          [
            -64.202335,
            -31.463024
          ],
          [
            -64.202382,
            -31.463052
          ],
          [
            -64.202419,
            -31.463088
          ],
          [
            -64.202443,
            -31.463132
          ],
          [
            -64.202452,
            -31.463167
          ],
          [
            -64.202452,
            -31.463203
          ],
          [
            -64.202448,
            -31.463228
          ],
          [
            -64.202429,
            -31.463274
          ],
          [
            -64.202396,
            -31.463313
          ],
          [
            -64.202383,
            -31.463425
          ],
          [
            -64.202383,
            -31.463445
          ],
          [
            -64.202384,
            -31.463536
          ],
          [
            -64.202463,
            -31.463864
          ],
          [
            -64.202585,
            -31.464314
          ],
          [
            -64.202795,
            -31.465074
          ],
          [
            -64.202944,
            -31.465642
          ],
          [
            -64.203175,
            -31.466503
          ],
          [
            -64.203795,
            -31.468761
          ],
          [
            -64.203868,
            -31.469029
          ],
          [
            -64.203939,
            -31.46927
          ],
          [
            -64.204036,
            -31.46967
          ],
          [
            -64.204111,
            -31.469983
          ],
          [
            -64.204128,
            -31.470049
          ],
          [
            -64.204307,
            -31.470734
          ],
          [
            -64.204493,
            -31.471424
          ],
          [
            -64.20452,
            -31.471552
          ],
          [
            -64.204537,
            -31.471648
          ],
          [
            -64.204543,
            -31.471724
          ],
          [
            -64.20454,
            -31.471819
          ],
          [
            -64.204528,
            -31.471908
          ],
          [
            -64.204509,
            -31.472004
          ],
          [
            -64.204485,
            -31.472109
          ],
          [
            -64.204447,
            -31.472205
          ],
          [
            -64.204404,
            -31.472299
          ],
          [
            -64.204355,
            -31.472378
          ],
          [
            -64.204314,
            -31.472433
          ],
          [
            -64.204292,
            -31.472461
          ],
          [
            -64.204271,
            -31.472487
          ],
          [
            -64.20422,
            -31.472545
          ],
          [
            -64.204092,
            -31.472679
          ],
          [
            -64.204077,
            -31.472695
          ],
          [
            -64.203611,
            -31.473144
          ],
          [
            -64.203132,
            -31.473602
          ],
          [
            -64.20306,
            -31.473679
          ],
          [
            -64.202995,
            -31.473751
          ],
          [
            -64.202891,
            -31.473887
          ],
          [
            -64.202814,
            -31.474002
          ],
          [
            -64.202747,
            -31.474119
          ],
          [
            -64.202682,
            -31.47425
          ],
          [
            -64.202658,
            -31.474318
          ],
          [
            -64.202635,
            -31.474386
          ],
          [
            -64.202599,
            -31.474518
          ],
          [
            -64.202579,
            -31.474603
          ],
          [
            -64.202559,
            -31.474758
          ],
          [
            -64.202547,
            -31.474902
          ],
          [
            -64.202538,
            -31.475058
          ],
          [
            -64.20254,
            -31.475175
          ],
          [
            -64.20255,
            -31.475314
          ],
          [
            -64.202599,
            -31.476101
          ],
          [
            -64.202668,
            -31.477496
          ],
          [
            -64.202709,
            -31.478274
          ],
          [
            -64.202754,
            -31.4788
          ],
          [
            -64.202809,
            -31.47986
          ],
          [
            -64.202814,
            -31.479934
          ],
          [
            -64.202822,
            -31.480003
          ],
          [
            -64.202831,
            -31.480054
          ],
          [
            -64.202853,
            -31.480169
          ],
          [
            -64.202965,
            -31.48062
          ],
          [
            -64.202993,
            -31.480721
          ],
          [
            -64.20314,
            -31.481262
          ],
          [
            -64.203259,
            -31.481677
          ],
          [
            -64.203385,
            -31.482121
          ],
          [
            -64.203553,
            -31.482587
          ],
          [
            -64.203612,
            -31.482747
          ],
          [
            -64.203973,
            -31.483677
          ],
          [
            -64.204039,
            -31.483668
          ],
          [
            -64.204827,
            -31.483653
          ],
          [
            -64.205466,
            -31.483642
          ],
          [
            -64.206102,
            -31.483633
          ],
          [
            -64.206728,
            -31.483621
          ],
          [
            -64.207351,
            -31.483605
          ],
          [
            -64.207841,
            -31.483595
          ],
          [
            -64.207989,
            -31.483592
          ],
          [
            -64.208629,
            -31.483582
          ],
          [
            -64.208652,
            -31.48461
          ],
          [
            -64.209273,
            -31.484601
          ],
          [
            -64.209269,
            -31.484346
          ],
          [
            -64.209255,
            -31.483572
          ],
          [
            -64.208629,
            -31.483582
          ],
          [
            -64.207989,
            -31.483592
          ],
          [
            -64.207841,
            -31.483595
          ],
          [
            -64.207351,
            -31.483605
          ],
          [
            -64.206728,
            -31.483621
          ],
          [
            -64.206102,
            -31.483633
          ],
          [
            -64.205466,
            -31.483642
          ],
          [
            -64.204827,
            -31.483653
          ],
          [
            -64.204039,
            -31.483668
          ],
          [
            -64.203973,
            -31.483677
          ],
          [
            -64.203903,
            -31.48369
          ],
          [
            -64.203531,
            -31.482768
          ],
          [
            -64.203354,
            -31.482306
          ],
          [
            -64.203279,
            -31.482079
          ],
          [
            -64.203172,
            -31.481692
          ],
          [
            -64.203045,
            -31.481265
          ],
          [
            -64.202898,
            -31.480723
          ],
          [
            -64.202872,
            -31.48063
          ],
          [
            -64.202766,
            -31.480208
          ],
          [
            -64.20275,
            -31.480137
          ],
          [
            -64.202737,
            -31.480045
          ],
          [
            -64.202725,
            -31.479938
          ],
          [
            -64.202716,
            -31.479822
          ],
          [
            -64.202709,
            -31.479587
          ],
          [
            -64.202676,
            -31.478958
          ],
          [
            -64.202641,
            -31.478384
          ],
          [
            -64.202629,
            -31.478312
          ],
          [
            -64.202627,
            -31.47827
          ],
          [
            -64.202603,
            -31.477619
          ],
          [
            -64.2026,
            -31.4775
          ],
          [
            -64.202585,
            -31.477041
          ],
          [
            -64.202534,
            -31.476102
          ],
          [
            -64.202479,
            -31.475176
          ],
          [
            -64.202474,
            -31.475058
          ],
          [
            -64.202472,
            -31.475005
          ],
          [
            -64.202471,
            -31.474994
          ],
          [
            -64.202473,
            -31.474859
          ],
          [
            -64.20248,
            -31.474768
          ],
          [
            -64.202488,
            -31.474686
          ],
          [
            -64.202508,
            -31.474582
          ],
          [
            -64.202527,
            -31.474494
          ],
          [
            -64.202549,
            -31.474398
          ],
          [
            -64.202581,
            -31.474309
          ],
          [
            -64.202623,
            -31.474223
          ],
          [
            -64.202655,
            -31.474154
          ],
          [
            -64.202714,
            -31.474036
          ],
          [
            -64.202787,
            -31.473913
          ],
          [
            -64.20284,
            -31.473833
          ],
          [
            -64.202906,
            -31.473744
          ],
          [
            -64.203003,
            -31.473638
          ],
          [
            -64.203079,
            -31.473561
          ],
          [
            -64.203307,
            -31.473335
          ],
          [
            -64.204047,
            -31.472623
          ],
          [
            -64.204149,
            -31.472517
          ],
          [
            -64.204211,
            -31.472444
          ],
          [
            -64.204291,
            -31.472336
          ],
          [
            -64.204353,
            -31.472213
          ],
          [
            -64.204403,
            -31.472088
          ],
          [
            -64.204435,
            -31.471988
          ],
          [
            -64.204457,
            -31.47189
          ],
          [
            -64.20447,
            -31.471798
          ],
          [
            -64.20447,
            -31.471716
          ],
          [
            -64.204464,
            -31.471627
          ],
          [
            -64.20445,
            -31.471539
          ],
          [
            -64.204425,
            -31.471438
          ],
          [
            -64.20414,
            -31.470381
          ],
          [
            -64.204021,
            -31.469905
          ],
          [
            -64.204008,
            -31.469852
          ],
          [
            -64.203976,
            -31.469757
          ],
          [
            -64.203894,
            -31.469515
          ],
          [
            -64.203833,
            -31.469298
          ],
          [
            -64.203768,
            -31.469052
          ],
          [
            -64.203693,
            -31.468784
          ],
          [
            -64.203614,
            -31.468503
          ],
          [
            -64.203066,
            -31.466515
          ],
          [
            -64.202834,
            -31.465663
          ],
          [
            -64.202688,
            -31.465096
          ],
          [
            -64.202485,
            -31.464344
          ],
          [
            -64.202399,
            -31.464041
          ],
          [
            -64.20224,
            -31.463485
          ],
          [
            -64.20219,
            -31.463403
          ],
          [
            -64.202136,
            -31.463352
          ],
          [
            -64.20209,
            -31.463325
          ],
          [
            -64.202054,
            -31.463288
          ],
          [
            -64.20203,
            -31.463244
          ],
          [
            -64.20202,
            -31.463197
          ],
          [
            -64.202025,
            -31.463149
          ],
          [
            -64.202044,
            -31.463104
          ],
          [
            -64.202076,
            -31.463064
          ],
          [
            -64.202093,
            -31.462989
          ],
          [
            -64.202071,
            -31.46284
          ],
          [
            -64.201995,
            -31.462854
          ],
          [
            -64.201677,
            -31.462897
          ],
          [
            -64.2014,
            -31.462951
          ],
          [
            -64.200724,
            -31.463087
          ],
          [
            -64.200099,
            -31.463208
          ],
          [
            -64.199461,
            -31.463334
          ],
          [
            -64.198829,
            -31.463459
          ],
          [
            -64.198119,
            -31.463599
          ],
          [
            -64.19793,
            -31.462897
          ],
          [
            -64.197903,
            -31.462803
          ],
          [
            -64.197652,
            -31.46188
          ],
          [
            -64.19751,
            -31.461362
          ],
          [
            -64.197392,
            -31.460926
          ],
          [
            -64.197173,
            -31.460121
          ],
          [
            -64.19703,
            -31.459595
          ],
          [
            -64.196836,
            -31.458882
          ],
          [
            -64.196809,
            -31.458784
          ],
          [
            -64.196711,
            -31.458425
          ],
          [
            -64.1967,
            -31.458383
          ],
          [
            -64.196555,
            -31.45785
          ],
          [
            -64.196337,
            -31.457053
          ],
          [
            -64.196254,
            -31.456748
          ],
          [
            -64.196114,
            -31.456234
          ],
          [
            -64.195925,
            -31.455522
          ],
          [
            -64.195799,
            -31.455088
          ],
          [
            -64.195523,
            -31.45406
          ],
          [
            -64.195273,
            -31.453185
          ],
          [
            -64.195068,
            -31.452468
          ],
          [
            -64.194915,
            -31.451935
          ],
          [
            -64.194784,
            -31.451428
          ],
          [
            -64.19455,
            -31.450539
          ],
          [
            -64.194464,
            -31.449754
          ],
          [
            -64.194443,
            -31.449496
          ],
          [
            -64.194396,
            -31.448977
          ],
          [
            -64.194314,
            -31.448033
          ],
          [
            -64.194306,
            -31.447952
          ],
          [
            -64.194146,
            -31.446968
          ],
          [
            -64.194138,
            -31.446915
          ],
          [
            -64.194064,
            -31.446398
          ],
          [
            -64.194055,
            -31.44634
          ],
          [
            -64.193988,
            -31.445848
          ],
          [
            -64.193981,
            -31.44578
          ],
          [
            -64.193835,
            -31.445194
          ],
          [
            -64.193453,
            -31.443683
          ],
          [
            -64.193447,
            -31.443617
          ],
          [
            -64.193473,
            -31.443467
          ],
          [
            -64.193484,
            -31.443422
          ],
          [
            -64.193522,
            -31.44331
          ],
          [
            -64.192111,
            -31.443148
          ],
          [
            -64.191982,
            -31.443132
          ],
          [
            -64.190327,
            -31.442935
          ],
          [
            -64.189985,
            -31.442894
          ],
          [
            -64.188131,
            -31.442674
          ],
          [
            -64.187811,
            -31.442636
          ],
          [
            -64.187592,
            -31.442611
          ],
          [
            -64.18725,
            -31.442552
          ],
          [
            -64.187161,
            -31.442529
          ],
          [
            -64.18709,
            -31.442517
          ],
          [
            -64.187025,
            -31.442511
          ],
          [
            -64.186965,
            -31.442509
          ],
          [
            -64.186815,
            -31.442508
          ],
          [
            -64.186773,
            -31.442523
          ],
          [
            -64.186728,
            -31.442528
          ],
          [
            -64.186682,
            -31.442525
          ],
          [
            -64.186639,
            -31.442513
          ],
          [
            -64.1866,
            -31.442493
          ],
          [
            -64.183781,
            -31.442188
          ],
          [
            -64.18331,
            -31.442142
          ],
          [
            -64.183161,
            -31.442095
          ],
          [
            -64.18305,
            -31.442049
          ],
          [
            -64.182925,
            -31.441983
          ],
          [
            -64.182823,
            -31.441922
          ],
          [
            -64.182759,
            -31.441875
          ],
          [
            -64.182744,
            -31.441863
          ],
          [
            -64.18268,
            -31.44181
          ],
          [
            -64.182616,
            -31.44174
          ],
          [
            -64.182493,
            -31.441538
          ],
          [
            -64.182419,
            -31.441361
          ],
          [
            -64.182372,
            -31.441239
          ],
          [
            -64.182307,
            -31.441066
          ],
          [
            -64.181883,
            -31.440088
          ],
          [
            -64.181799,
            -31.439882
          ],
          [
            -64.181756,
            -31.439783
          ],
          [
            -64.181702,
            -31.439672
          ],
          [
            -64.181515,
            -31.439229
          ],
          [
            -64.181388,
            -31.438911
          ],
          [
            -64.181373,
            -31.438876
          ],
          [
            -64.181346,
            -31.438808
          ],
          [
            -64.181111,
            -31.438223
          ],
          [
            -64.181086,
            -31.438079
          ],
          [
            -64.181078,
            -31.437994
          ],
          [
            -64.181075,
            -31.437909
          ],
          [
            -64.181076,
            -31.437816
          ],
          [
            -64.181084,
            -31.437645
          ],
          [
            -64.181107,
            -31.437522
          ],
          [
            -64.181125,
            -31.437454
          ],
          [
            -64.181151,
            -31.437375
          ],
          [
            -64.181183,
            -31.437304
          ],
          [
            -64.181227,
            -31.437215
          ],
          [
            -64.182275,
            -31.435222
          ],
          [
            -64.183347,
            -31.433231
          ],
          [
            -64.183391,
            -31.43313
          ],
          [
            -64.183416,
            -31.433064
          ],
          [
            -64.183433,
            -31.432979
          ],
          [
            -64.183464,
            -31.432825
          ],
          [
            -64.183492,
            -31.432724
          ],
          [
            -64.183489,
            -31.432677
          ],
          [
            -64.183495,
            -31.43262
          ],
          [
            -64.183511,
            -31.432569
          ],
          [
            -64.183535,
            -31.432501
          ],
          [
            -64.183559,
            -31.432455
          ],
          [
            -64.18359,
            -31.43241
          ],
          [
            -64.183617,
            -31.432382
          ],
          [
            -64.183652,
            -31.432354
          ],
          [
            -64.183684,
            -31.432341
          ],
          [
            -64.183921,
            -31.432102
          ],
          [
            -64.184009,
            -31.431992
          ],
          [
            -64.184068,
            -31.431892
          ],
          [
            -64.184142,
            -31.431752
          ],
          [
            -64.184189,
            -31.431637
          ],
          [
            -64.184228,
            -31.431497
          ],
          [
            -64.184246,
            -31.431357
          ],
          [
            -64.18425,
            -31.431247
          ],
          [
            -64.184247,
            -31.431158
          ],
          [
            -64.184219,
            -31.431005
          ],
          [
            -64.184176,
            -31.430833
          ],
          [
            -64.184122,
            -31.430619
          ],
          [
            -64.184064,
            -31.430391
          ],
          [
            -64.184046,
            -31.430283
          ],
          [
            -64.184039,
            -31.43016
          ],
          [
            -64.184053,
            -31.430021
          ],
          [
            -64.184084,
            -31.42987
          ],
          [
            -64.184119,
            -31.429751
          ],
          [
            -64.18416,
            -31.429639
          ],
          [
            -64.184389,
            -31.429162
          ],
          [
            -64.184486,
            -31.42895
          ],
          [
            -64.184531,
            -31.428823
          ],
          [
            -64.184574,
            -31.428688
          ],
          [
            -64.184593,
            -31.428498
          ],
          [
            -64.184597,
            -31.428466
          ],
          [
            -64.184597,
            -31.428295
          ],
          [
            -64.184584,
            -31.428142
          ],
          [
            -64.184586,
            -31.428003
          ],
          [
            -64.184583,
            -31.42789
          ],
          [
            -64.184574,
            -31.42781
          ],
          [
            -64.184497,
            -31.427531
          ],
          [
            -64.184138,
            -31.426736
          ],
          [
            -64.183868,
            -31.42612
          ],
          [
            -64.183698,
            -31.425727
          ],
          [
            -64.18366,
            -31.425634
          ],
          [
            -64.183634,
            -31.425568
          ],
          [
            -64.183584,
            -31.425459
          ],
          [
            -64.183377,
            -31.424998
          ],
          [
            -64.183133,
            -31.424414
          ],
          [
            -64.182911,
            -31.423881
          ],
          [
            -64.182874,
            -31.423795
          ],
          [
            -64.182631,
            -31.423252
          ],
          [
            -64.182244,
            -31.42231
          ],
          [
            -64.182096,
            -31.421946
          ],
          [
            -64.182055,
            -31.421848
          ],
          [
            -64.183332,
            -31.421513
          ],
          [
            -64.183646,
            -31.421431
          ],
          [
            -64.184303,
            -31.421259
          ],
          [
            -64.184705,
            -31.421154
          ],
          [
            -64.186053,
            -31.420801
          ],
          [
            -64.186264,
            -31.420749
          ],
          [
            -64.187394,
            -31.420469
          ],
          [
            -64.187439,
            -31.420456
          ],
          [
            -64.187877,
            -31.420332
          ],
          [
            -64.188038,
            -31.420286
          ],
          [
            -64.188169,
            -31.420245
          ],
          [
            -64.188208,
            -31.420233
          ],
          [
            -64.188297,
            -31.420206
          ],
          [
            -64.188431,
            -31.42015
          ],
          [
            -64.188553,
            -31.4201
          ],
          [
            -64.188617,
            -31.420073
          ],
          [
            -64.188664,
            -31.420053
          ],
          [
            -64.188709,
            -31.420032
          ],
          [
            -64.188708,
            -31.420086
          ],
          [
            -64.188709,
            -31.420103
          ]
        ]
      }
    },
    {
      "type": "Feature",
      "id": "route-cordoba-2026-08-27-v3-03",
      "properties": {
        "truckId": "vehicle-03",
        "waypointDistancesKm": [
          0,
          1.1835866008774028,
          2.0790734856117217,
          5.057914297336002,
          6.066612205809717,
          7.65010817838601,
          13.947291019095603,
          14.502880031346335,
          22.68766801873427
        ]
      },
      "geometry": {
        "type": "LineString",
        "coordinates": [
          [
            -64.188709,
            -31.420109
          ],
          [
            -64.18871,
            -31.420127
          ],
          [
            -64.188717,
            -31.420178
          ],
          [
            -64.188727,
            -31.42023
          ],
          [
            -64.188737,
            -31.420284
          ],
          [
            -64.188734,
            -31.420338
          ],
          [
            -64.188686,
            -31.420476
          ],
          [
            -64.188614,
            -31.420637
          ],
          [
            -64.188602,
            -31.420666
          ],
          [
            -64.188216,
            -31.421509
          ],
          [
            -64.188139,
            -31.421536
          ],
          [
            -64.187971,
            -31.421596
          ],
          [
            -64.187883,
            -31.421621
          ],
          [
            -64.186582,
            -31.422025
          ],
          [
            -64.185253,
            -31.422438
          ],
          [
            -64.184746,
            -31.421253
          ],
          [
            -64.184705,
            -31.421154
          ],
          [
            -64.186053,
            -31.420801
          ],
          [
            -64.186264,
            -31.420749
          ],
          [
            -64.187394,
            -31.420469
          ],
          [
            -64.187439,
            -31.420456
          ],
          [
            -64.187877,
            -31.420332
          ],
          [
            -64.188038,
            -31.420286
          ],
          [
            -64.188169,
            -31.420245
          ],
          [
            -64.188208,
            -31.420233
          ],
          [
            -64.188297,
            -31.420206
          ],
          [
            -64.188431,
            -31.42015
          ],
          [
            -64.188553,
            -31.4201
          ],
          [
            -64.188617,
            -31.420073
          ],
          [
            -64.188664,
            -31.420053
          ],
          [
            -64.188709,
            -31.420032
          ],
          [
            -64.188747,
            -31.420017
          ],
          [
            -64.188791,
            -31.420004
          ],
          [
            -64.188816,
            -31.419999
          ],
          [
            -64.188834,
            -31.419994
          ],
          [
            -64.188873,
            -31.419986
          ],
          [
            -64.188902,
            -31.420031
          ],
          [
            -64.188915,
            -31.42005
          ],
          [
            -64.188942,
            -31.420119
          ],
          [
            -64.188957,
            -31.420203
          ],
          [
            -64.188948,
            -31.420282
          ],
          [
            -64.188947,
            -31.420332
          ],
          [
            -64.188949,
            -31.420382
          ],
          [
            -64.188958,
            -31.420447
          ],
          [
            -64.189023,
            -31.42062
          ],
          [
            -64.189256,
            -31.421209
          ],
          [
            -64.189285,
            -31.421277
          ],
          [
            -64.189743,
            -31.422336
          ],
          [
            -64.191026,
            -31.421953
          ],
          [
            -64.191681,
            -31.421802
          ],
          [
            -64.192042,
            -31.421714
          ],
          [
            -64.192103,
            -31.421747
          ],
          [
            -64.192116,
            -31.421753
          ],
          [
            -64.192669,
            -31.422089
          ],
          [
            -64.192782,
            -31.422189
          ],
          [
            -64.192844,
            -31.422266
          ],
          [
            -64.192874,
            -31.422319
          ],
          [
            -64.193034,
            -31.422629
          ],
          [
            -64.193039,
            -31.422638
          ],
          [
            -64.193065,
            -31.422687
          ],
          [
            -64.19309,
            -31.422744
          ],
          [
            -64.193094,
            -31.422754
          ],
          [
            -64.193529,
            -31.423727
          ],
          [
            -64.193534,
            -31.423741
          ],
          [
            -64.193557,
            -31.423803
          ],
          [
            -64.193576,
            -31.423844
          ],
          [
            -64.19358,
            -31.423853
          ],
          [
            -64.194015,
            -31.424875
          ],
          [
            -64.194019,
            -31.424886
          ],
          [
            -64.194046,
            -31.424949
          ],
          [
            -64.193997,
            -31.424966
          ],
          [
            -64.193798,
            -31.425034
          ],
          [
            -64.193764,
            -31.425045
          ],
          [
            -64.192833,
            -31.425338
          ],
          [
            -64.192652,
            -31.425395
          ],
          [
            -64.192179,
            -31.424202
          ],
          [
            -64.192729,
            -31.42404
          ],
          [
            -64.193178,
            -31.423907
          ],
          [
            -64.19328,
            -31.423877
          ],
          [
            -64.19334,
            -31.423861
          ],
          [
            -64.193509,
            -31.423817
          ],
          [
            -64.193557,
            -31.423803
          ],
          [
            -64.193576,
            -31.423844
          ],
          [
            -64.19358,
            -31.423853
          ],
          [
            -64.194015,
            -31.424875
          ],
          [
            -64.194019,
            -31.424886
          ],
          [
            -64.194046,
            -31.424949
          ],
          [
            -64.194074,
            -31.42502
          ],
          [
            -64.194079,
            -31.425033
          ],
          [
            -64.194292,
            -31.425566
          ],
          [
            -64.194297,
            -31.425579
          ],
          [
            -64.194324,
            -31.425646
          ],
          [
            -64.194348,
            -31.425705
          ],
          [
            -64.194353,
            -31.425718
          ],
          [
            -64.194486,
            -31.426047
          ],
          [
            -64.194489,
            -31.426054
          ],
          [
            -64.194506,
            -31.426099
          ],
          [
            -64.194523,
            -31.426142
          ],
          [
            -64.194526,
            -31.42615
          ],
          [
            -64.194601,
            -31.426349
          ],
          [
            -64.194737,
            -31.426671
          ],
          [
            -64.194821,
            -31.426884
          ],
          [
            -64.194834,
            -31.426914
          ],
          [
            -64.194872,
            -31.427
          ],
          [
            -64.194924,
            -31.427119
          ],
          [
            -64.194932,
            -31.427138
          ],
          [
            -64.195152,
            -31.4276
          ],
          [
            -64.195204,
            -31.427683
          ],
          [
            -64.195251,
            -31.42774
          ],
          [
            -64.195305,
            -31.427805
          ],
          [
            -64.19541,
            -31.427897
          ],
          [
            -64.195498,
            -31.427967
          ],
          [
            -64.19614,
            -31.428382
          ],
          [
            -64.196265,
            -31.428465
          ],
          [
            -64.196539,
            -31.428652
          ],
          [
            -64.196629,
            -31.428722
          ],
          [
            -64.196935,
            -31.429001
          ],
          [
            -64.197075,
            -31.429137
          ],
          [
            -64.197196,
            -31.429264
          ],
          [
            -64.197784,
            -31.429899
          ],
          [
            -64.197871,
            -31.429989
          ],
          [
            -64.198034,
            -31.43015
          ],
          [
            -64.198077,
            -31.430196
          ],
          [
            -64.198101,
            -31.430238
          ],
          [
            -64.198134,
            -31.430307
          ],
          [
            -64.19829,
            -31.430768
          ],
          [
            -64.198349,
            -31.430935
          ],
          [
            -64.198402,
            -31.431058
          ],
          [
            -64.198483,
            -31.431203
          ],
          [
            -64.198534,
            -31.431278
          ],
          [
            -64.198583,
            -31.431335
          ],
          [
            -64.198659,
            -31.431396
          ],
          [
            -64.198761,
            -31.431446
          ],
          [
            -64.198866,
            -31.431488
          ],
          [
            -64.198997,
            -31.431528
          ],
          [
            -64.199125,
            -31.431558
          ],
          [
            -64.199746,
            -31.431662
          ],
          [
            -64.199876,
            -31.431681
          ],
          [
            -64.200222,
            -31.431729
          ],
          [
            -64.200505,
            -31.431788
          ],
          [
            -64.200603,
            -31.431832
          ],
          [
            -64.200684,
            -31.431881
          ],
          [
            -64.200756,
            -31.431967
          ],
          [
            -64.200808,
            -31.432042
          ],
          [
            -64.200834,
            -31.432094
          ],
          [
            -64.200895,
            -31.432257
          ],
          [
            -64.200908,
            -31.43233
          ],
          [
            -64.200907,
            -31.432378
          ],
          [
            -64.200873,
            -31.432773
          ],
          [
            -64.200871,
            -31.432855
          ],
          [
            -64.200881,
            -31.432937
          ],
          [
            -64.200986,
            -31.433355
          ],
          [
            -64.201066,
            -31.433645
          ],
          [
            -64.201099,
            -31.433745
          ],
          [
            -64.201132,
            -31.433807
          ],
          [
            -64.201459,
            -31.434198
          ],
          [
            -64.201474,
            -31.434216
          ],
          [
            -64.201556,
            -31.434287
          ],
          [
            -64.20162,
            -31.434331
          ],
          [
            -64.202098,
            -31.434612
          ],
          [
            -64.202624,
            -31.434871
          ],
          [
            -64.20276,
            -31.434918
          ],
          [
            -64.202836,
            -31.434929
          ],
          [
            -64.202912,
            -31.434931
          ],
          [
            -64.203247,
            -31.434883
          ],
          [
            -64.203387,
            -31.434848
          ],
          [
            -64.203455,
            -31.434824
          ],
          [
            -64.203491,
            -31.434807
          ],
          [
            -64.203792,
            -31.434573
          ],
          [
            -64.203874,
            -31.434524
          ],
          [
            -64.203998,
            -31.434456
          ],
          [
            -64.204144,
            -31.434398
          ],
          [
            -64.204699,
            -31.43422
          ],
          [
            -64.204823,
            -31.434195
          ],
          [
            -64.204943,
            -31.43418
          ],
          [
            -64.205058,
            -31.434184
          ],
          [
            -64.205172,
            -31.434207
          ],
          [
            -64.205295,
            -31.434248
          ],
          [
            -64.205414,
            -31.434297
          ],
          [
            -64.205474,
            -31.434335
          ],
          [
            -64.205537,
            -31.434378
          ],
          [
            -64.206329,
            -31.435179
          ],
          [
            -64.206476,
            -31.43532
          ],
          [
            -64.206542,
            -31.435366
          ],
          [
            -64.207378,
            -31.435839
          ],
          [
            -64.207443,
            -31.435861
          ],
          [
            -64.207508,
            -31.43586
          ],
          [
            -64.207751,
            -31.436746
          ],
          [
            -64.207887,
            -31.437223
          ],
          [
            -64.207921,
            -31.43731
          ],
          [
            -64.207964,
            -31.43738
          ],
          [
            -64.208047,
            -31.437459
          ],
          [
            -64.208264,
            -31.437604
          ],
          [
            -64.208332,
            -31.437573
          ],
          [
            -64.208714,
            -31.437494
          ],
          [
            -64.208905,
            -31.437458
          ],
          [
            -64.208966,
            -31.437538
          ],
          [
            -64.2095,
            -31.437927
          ],
          [
            -64.209554,
            -31.437965
          ],
          [
            -64.209701,
            -31.438067
          ],
          [
            -64.209874,
            -31.438192
          ],
          [
            -64.210003,
            -31.43828
          ],
          [
            -64.209566,
            -31.438594
          ],
          [
            -64.209469,
            -31.438655
          ],
          [
            -64.209411,
            -31.438688
          ],
          [
            -64.209641,
            -31.43885
          ],
          [
            -64.209981,
            -31.439089
          ],
          [
            -64.210209,
            -31.439249
          ],
          [
            -64.210823,
            -31.43968
          ],
          [
            -64.210938,
            -31.439763
          ],
          [
            -64.211546,
            -31.440191
          ],
          [
            -64.211589,
            -31.440223
          ],
          [
            -64.212262,
            -31.440697
          ],
          [
            -64.212311,
            -31.440731
          ],
          [
            -64.212987,
            -31.441195
          ],
          [
            -64.213055,
            -31.441267
          ],
          [
            -64.214007,
            -31.44108
          ],
          [
            -64.214014,
            -31.441119
          ],
          [
            -64.2141,
            -31.441103
          ],
          [
            -64.214685,
            -31.440994
          ],
          [
            -64.214879,
            -31.441769
          ],
          [
            -64.215017,
            -31.44232
          ],
          [
            -64.215151,
            -31.44286
          ],
          [
            -64.21529,
            -31.443411
          ],
          [
            -64.21543,
            -31.443971
          ],
          [
            -64.215563,
            -31.444506
          ],
          [
            -64.215296,
            -31.444562
          ],
          [
            -64.214995,
            -31.444624
          ],
          [
            -64.214906,
            -31.444642
          ],
          [
            -64.214917,
            -31.44469
          ],
          [
            -64.214975,
            -31.444938
          ],
          [
            -64.215029,
            -31.445087
          ],
          [
            -64.215035,
            -31.445123
          ],
          [
            -64.215039,
            -31.445179
          ],
          [
            -64.21504,
            -31.445229
          ],
          [
            -64.215041,
            -31.44529
          ],
          [
            -64.215045,
            -31.445335
          ],
          [
            -64.215045,
            -31.445346
          ],
          [
            -64.215048,
            -31.445385
          ],
          [
            -64.215115,
            -31.445538
          ],
          [
            -64.215142,
            -31.445589
          ],
          [
            -64.215153,
            -31.445644
          ],
          [
            -64.21525,
            -31.445878
          ],
          [
            -64.21526,
            -31.445901
          ],
          [
            -64.215265,
            -31.445912
          ],
          [
            -64.215273,
            -31.445927
          ],
          [
            -64.215325,
            -31.446065
          ],
          [
            -64.215343,
            -31.446092
          ],
          [
            -64.215374,
            -31.446143
          ],
          [
            -64.215384,
            -31.446164
          ],
          [
            -64.215412,
            -31.446188
          ],
          [
            -64.215442,
            -31.446216
          ],
          [
            -64.215461,
            -31.446228
          ],
          [
            -64.215486,
            -31.446244
          ],
          [
            -64.215503,
            -31.446258
          ],
          [
            -64.215518,
            -31.446274
          ],
          [
            -64.215528,
            -31.446294
          ],
          [
            -64.215537,
            -31.44633
          ],
          [
            -64.215547,
            -31.446412
          ],
          [
            -64.215548,
            -31.446417
          ],
          [
            -64.215594,
            -31.446674
          ],
          [
            -64.215645,
            -31.446864
          ],
          [
            -64.215786,
            -31.447404
          ],
          [
            -64.215912,
            -31.447862
          ],
          [
            -64.215942,
            -31.447969
          ],
          [
            -64.216084,
            -31.448502
          ],
          [
            -64.216232,
            -31.449039
          ],
          [
            -64.216376,
            -31.449582
          ],
          [
            -64.216522,
            -31.450126
          ],
          [
            -64.216676,
            -31.45067
          ],
          [
            -64.217251,
            -31.452677
          ],
          [
            -64.217428,
            -31.453302
          ],
          [
            -64.217452,
            -31.453382
          ],
          [
            -64.217605,
            -31.453976
          ],
          [
            -64.217981,
            -31.455366
          ],
          [
            -64.218336,
            -31.456552
          ],
          [
            -64.218645,
            -31.456198
          ],
          [
            -64.218793,
            -31.456069
          ],
          [
            -64.219074,
            -31.455782
          ],
          [
            -64.219498,
            -31.455307
          ],
          [
            -64.219834,
            -31.454929
          ],
          [
            -64.220329,
            -31.454345
          ],
          [
            -64.220427,
            -31.454099
          ],
          [
            -64.220416,
            -31.454067
          ],
          [
            -64.220316,
            -31.454004
          ],
          [
            -64.220234,
            -31.453951
          ],
          [
            -64.219938,
            -31.453814
          ],
          [
            -64.219854,
            -31.453767
          ],
          [
            -64.219759,
            -31.453745
          ],
          [
            -64.219697,
            -31.453745
          ],
          [
            -64.219645,
            -31.45373
          ],
          [
            -64.219548,
            -31.453652
          ],
          [
            -64.219507,
            -31.453634
          ],
          [
            -64.219467,
            -31.453628
          ],
          [
            -64.219426,
            -31.453637
          ],
          [
            -64.219337,
            -31.453677
          ],
          [
            -64.219275,
            -31.453599
          ],
          [
            -64.219222,
            -31.453478
          ],
          [
            -64.217679,
            -31.45396
          ],
          [
            -64.217605,
            -31.453976
          ],
          [
            -64.217452,
            -31.453382
          ],
          [
            -64.217428,
            -31.453302
          ],
          [
            -64.217251,
            -31.452677
          ],
          [
            -64.216676,
            -31.45067
          ],
          [
            -64.216522,
            -31.450126
          ],
          [
            -64.216376,
            -31.449582
          ],
          [
            -64.216232,
            -31.449039
          ],
          [
            -64.216084,
            -31.448502
          ],
          [
            -64.215942,
            -31.447969
          ],
          [
            -64.215912,
            -31.447862
          ],
          [
            -64.215786,
            -31.447404
          ],
          [
            -64.215645,
            -31.446864
          ],
          [
            -64.215594,
            -31.446674
          ],
          [
            -64.215502,
            -31.446422
          ],
          [
            -64.2155,
            -31.446418
          ],
          [
            -64.215488,
            -31.446394
          ],
          [
            -64.215472,
            -31.446369
          ],
          [
            -64.215447,
            -31.446338
          ],
          [
            -64.215442,
            -31.446335
          ],
          [
            -64.215432,
            -31.446327
          ],
          [
            -64.215416,
            -31.446294
          ],
          [
            -64.21541,
            -31.446275
          ],
          [
            -64.215402,
            -31.446241
          ],
          [
            -64.215384,
            -31.446164
          ],
          [
            -64.215412,
            -31.446188
          ],
          [
            -64.215442,
            -31.446216
          ],
          [
            -64.215461,
            -31.446228
          ],
          [
            -64.215486,
            -31.446244
          ],
          [
            -64.215503,
            -31.446258
          ],
          [
            -64.215581,
            -31.446274
          ],
          [
            -64.216532,
            -31.446398
          ],
          [
            -64.216741,
            -31.446422
          ],
          [
            -64.217024,
            -31.446451
          ],
          [
            -64.21755,
            -31.446521
          ],
          [
            -64.218357,
            -31.446612
          ],
          [
            -64.21872,
            -31.44665
          ],
          [
            -64.21946,
            -31.446733
          ],
          [
            -64.221597,
            -31.446992
          ],
          [
            -64.222905,
            -31.447155
          ],
          [
            -64.2231,
            -31.447189
          ],
          [
            -64.223288,
            -31.44723
          ],
          [
            -64.223488,
            -31.447281
          ],
          [
            -64.223694,
            -31.447346
          ],
          [
            -64.223937,
            -31.44743
          ],
          [
            -64.22439,
            -31.447597
          ],
          [
            -64.224695,
            -31.447713
          ],
          [
            -64.2251,
            -31.447869
          ],
          [
            -64.227069,
            -31.44861
          ],
          [
            -64.229147,
            -31.449405
          ],
          [
            -64.229654,
            -31.44961
          ],
          [
            -64.230001,
            -31.449739
          ],
          [
            -64.230613,
            -31.449967
          ],
          [
            -64.23064,
            -31.449978
          ],
          [
            -64.230758,
            -31.450022
          ],
          [
            -64.231735,
            -31.450374
          ],
          [
            -64.231787,
            -31.450399
          ],
          [
            -64.231816,
            -31.450423
          ],
          [
            -64.231835,
            -31.450446
          ],
          [
            -64.23187,
            -31.450524
          ],
          [
            -64.231906,
            -31.450587
          ],
          [
            -64.231947,
            -31.450662
          ],
          [
            -64.231991,
            -31.450728
          ],
          [
            -64.232031,
            -31.450768
          ],
          [
            -64.232095,
            -31.450815
          ],
          [
            -64.232163,
            -31.450848
          ],
          [
            -64.232235,
            -31.45087
          ],
          [
            -64.232327,
            -31.450881
          ],
          [
            -64.232399,
            -31.450878
          ],
          [
            -64.232507,
            -31.450854
          ],
          [
            -64.232626,
            -31.450817
          ],
          [
            -64.232682,
            -31.450807
          ],
          [
            -64.232753,
            -31.450804
          ],
          [
            -64.23284,
            -31.450823
          ],
          [
            -64.233027,
            -31.45089
          ],
          [
            -64.233473,
            -31.451066
          ],
          [
            -64.234171,
            -31.451328
          ],
          [
            -64.234395,
            -31.451399
          ],
          [
            -64.234607,
            -31.45146
          ],
          [
            -64.234859,
            -31.451521
          ],
          [
            -64.235091,
            -31.451562
          ],
          [
            -64.235262,
            -31.451583
          ],
          [
            -64.235383,
            -31.4516
          ],
          [
            -64.235576,
            -31.451628
          ],
          [
            -64.235853,
            -31.451658
          ],
          [
            -64.236035,
            -31.451669
          ],
          [
            -64.236402,
            -31.451683
          ],
          [
            -64.236719,
            -31.451698
          ],
          [
            -64.236826,
            -31.451705
          ],
          [
            -64.236909,
            -31.451718
          ],
          [
            -64.237053,
            -31.451749
          ],
          [
            -64.237269,
            -31.451769
          ],
          [
            -64.237351,
            -31.451764
          ],
          [
            -64.237444,
            -31.451746
          ],
          [
            -64.237506,
            -31.451712
          ],
          [
            -64.237575,
            -31.451701
          ],
          [
            -64.237651,
            -31.4517
          ],
          [
            -64.237707,
            -31.451702
          ],
          [
            -64.237764,
            -31.451712
          ],
          [
            -64.237885,
            -31.451717
          ],
          [
            -64.238237,
            -31.451739
          ],
          [
            -64.238433,
            -31.451755
          ],
          [
            -64.23895,
            -31.451775
          ],
          [
            -64.239819,
            -31.451808
          ],
          [
            -64.240174,
            -31.451822
          ],
          [
            -64.240548,
            -31.451836
          ],
          [
            -64.241447,
            -31.451869
          ],
          [
            -64.242769,
            -31.451917
          ],
          [
            -64.245107,
            -31.452
          ],
          [
            -64.246557,
            -31.452051
          ],
          [
            -64.247972,
            -31.452103
          ],
          [
            -64.248132,
            -31.452107
          ],
          [
            -64.248135,
            -31.451946
          ],
          [
            -64.248133,
            -31.4518
          ],
          [
            -64.248137,
            -31.4508
          ],
          [
            -64.248141,
            -31.449706
          ],
          [
            -64.248149,
            -31.449004
          ],
          [
            -64.248149,
            -31.448948
          ],
          [
            -64.24799,
            -31.448939
          ],
          [
            -64.247845,
            -31.448914
          ],
          [
            -64.247737,
            -31.448885
          ],
          [
            -64.247646,
            -31.448849
          ],
          [
            -64.247534,
            -31.448788
          ],
          [
            -64.247433,
            -31.448723
          ],
          [
            -64.247384,
            -31.448674
          ],
          [
            -64.24735,
            -31.448615
          ],
          [
            -64.247325,
            -31.448534
          ],
          [
            -64.247336,
            -31.448475
          ],
          [
            -64.247363,
            -31.448418
          ],
          [
            -64.247427,
            -31.448343
          ],
          [
            -64.246782,
            -31.447885
          ],
          [
            -64.246054,
            -31.447369
          ],
          [
            -64.245472,
            -31.446955
          ],
          [
            -64.244494,
            -31.446262
          ],
          [
            -64.244167,
            -31.446261
          ],
          [
            -64.242849,
            -31.446261
          ],
          [
            -64.242819,
            -31.445903
          ],
          [
            -64.240581,
            -31.445895
          ],
          [
            -64.239393,
            -31.445891
          ],
          [
            -64.238255,
            -31.445887
          ],
          [
            -64.237596,
            -31.445885
          ],
          [
            -64.236996,
            -31.445883
          ],
          [
            -64.236999,
            -31.445132
          ],
          [
            -64.237,
            -31.44493
          ],
          [
            -64.237004,
            -31.444384
          ],
          [
            -64.2376,
            -31.444386
          ],
          [
            -64.239394,
            -31.444396
          ],
          [
            -64.240583,
            -31.444407
          ],
          [
            -64.24059,
            -31.443842
          ],
          [
            -64.240694,
            -31.443841
          ],
          [
            -64.240767,
            -31.443842
          ],
          [
            -64.240762,
            -31.44378
          ],
          [
            -64.240731,
            -31.443739
          ],
          [
            -64.240703,
            -31.443686
          ],
          [
            -64.240688,
            -31.443318
          ],
          [
            -64.240699,
            -31.443299
          ],
          [
            -64.24072,
            -31.443292
          ],
          [
            -64.240841,
            -31.443292
          ],
          [
            -64.242164,
            -31.44329
          ],
          [
            -64.242181,
            -31.443296
          ],
          [
            -64.242191,
            -31.443311
          ],
          [
            -64.242188,
            -31.443762
          ],
          [
            -64.240936,
            -31.443758
          ],
          [
            -64.240762,
            -31.44378
          ],
          [
            -64.240767,
            -31.443842
          ],
          [
            -64.240694,
            -31.443841
          ],
          [
            -64.24059,
            -31.443842
          ],
          [
            -64.240589,
            -31.443272
          ],
          [
            -64.240589,
            -31.4432
          ],
          [
            -64.240589,
            -31.442925
          ],
          [
            -64.240592,
            -31.442152
          ],
          [
            -64.240594,
            -31.441688
          ],
          [
            -64.240595,
            -31.441377
          ],
          [
            -64.240597,
            -31.440633
          ],
          [
            -64.240599,
            -31.439892
          ],
          [
            -64.240601,
            -31.439134
          ],
          [
            -64.240604,
            -31.438383
          ],
          [
            -64.240604,
            -31.437628
          ],
          [
            -64.240608,
            -31.436878
          ],
          [
            -64.240163,
            -31.436876
          ],
          [
            -64.239845,
            -31.436875
          ],
          [
            -64.239407,
            -31.436873
          ],
          [
            -64.238214,
            -31.436868
          ],
          [
            -64.237638,
            -31.436865
          ],
          [
            -64.237044,
            -31.436862
          ],
          [
            -64.235868,
            -31.436857
          ],
          [
            -64.234668,
            -31.436864
          ],
          [
            -64.233457,
            -31.43687
          ],
          [
            -64.232386,
            -31.436876
          ],
          [
            -64.231655,
            -31.436886
          ],
          [
            -64.230955,
            -31.436883
          ],
          [
            -64.230104,
            -31.436889
          ],
          [
            -64.229685,
            -31.436893
          ],
          [
            -64.229494,
            -31.436893
          ],
          [
            -64.228695,
            -31.436902
          ],
          [
            -64.228006,
            -31.436901
          ],
          [
            -64.227313,
            -31.436914
          ],
          [
            -64.227036,
            -31.436915
          ],
          [
            -64.226626,
            -31.436914
          ],
          [
            -64.225817,
            -31.436921
          ],
          [
            -64.22499,
            -31.436924
          ],
          [
            -64.22419,
            -31.436928
          ],
          [
            -64.223359,
            -31.436925
          ],
          [
            -64.222736,
            -31.436925
          ],
          [
            -64.222095,
            -31.436926
          ],
          [
            -64.221404,
            -31.436923
          ],
          [
            -64.221327,
            -31.436923
          ],
          [
            -64.219885,
            -31.436907
          ],
          [
            -64.219271,
            -31.436899
          ],
          [
            -64.218683,
            -31.436895
          ],
          [
            -64.218114,
            -31.436893
          ],
          [
            -64.217686,
            -31.436894
          ],
          [
            -64.216672,
            -31.436894
          ],
          [
            -64.216615,
            -31.43689
          ],
          [
            -64.216553,
            -31.436871
          ],
          [
            -64.21637,
            -31.436704
          ],
          [
            -64.215819,
            -31.43613
          ],
          [
            -64.215113,
            -31.435412
          ],
          [
            -64.215248,
            -31.433894
          ],
          [
            -64.215284,
            -31.433811
          ],
          [
            -64.215339,
            -31.433729
          ],
          [
            -64.215413,
            -31.433664
          ],
          [
            -64.21551,
            -31.433608
          ],
          [
            -64.215596,
            -31.433577
          ],
          [
            -64.215732,
            -31.433549
          ],
          [
            -64.215851,
            -31.433533
          ],
          [
            -64.215993,
            -31.433504
          ],
          [
            -64.216061,
            -31.43347
          ],
          [
            -64.216151,
            -31.433399
          ],
          [
            -64.2162,
            -31.433346
          ],
          [
            -64.216241,
            -31.433264
          ],
          [
            -64.216289,
            -31.432756
          ],
          [
            -64.216357,
            -31.432031
          ],
          [
            -64.216424,
            -31.431322
          ],
          [
            -64.216473,
            -31.430706
          ],
          [
            -64.216459,
            -31.43062
          ],
          [
            -64.214757,
            -31.43051
          ],
          [
            -64.214631,
            -31.430501
          ],
          [
            -64.21452,
            -31.430494
          ],
          [
            -64.214105,
            -31.430468
          ],
          [
            -64.214009,
            -31.430462
          ],
          [
            -64.213914,
            -31.430455
          ],
          [
            -64.213868,
            -31.430452
          ],
          [
            -64.213518,
            -31.430426
          ],
          [
            -64.213418,
            -31.430419
          ],
          [
            -64.213357,
            -31.430403
          ],
          [
            -64.21333,
            -31.430396
          ],
          [
            -64.213301,
            -31.430388
          ],
          [
            -64.213203,
            -31.430362
          ],
          [
            -64.213143,
            -31.430332
          ],
          [
            -64.213058,
            -31.430289
          ],
          [
            -64.212964,
            -31.430229
          ],
          [
            -64.212852,
            -31.430144
          ],
          [
            -64.212747,
            -31.430049
          ],
          [
            -64.212683,
            -31.429986
          ],
          [
            -64.212527,
            -31.429831
          ],
          [
            -64.21245,
            -31.429757
          ],
          [
            -64.212356,
            -31.429678
          ],
          [
            -64.212218,
            -31.429594
          ],
          [
            -64.212084,
            -31.42953
          ],
          [
            -64.211923,
            -31.429472
          ],
          [
            -64.211814,
            -31.429438
          ],
          [
            -64.211735,
            -31.429426
          ],
          [
            -64.211622,
            -31.429419
          ],
          [
            -64.211548,
            -31.429426
          ],
          [
            -64.211515,
            -31.429429
          ],
          [
            -64.211443,
            -31.429441
          ],
          [
            -64.211337,
            -31.429473
          ],
          [
            -64.211299,
            -31.429551
          ],
          [
            -64.211243,
            -31.429621
          ],
          [
            -64.211169,
            -31.429678
          ],
          [
            -64.211083,
            -31.429721
          ],
          [
            -64.210988,
            -31.429746
          ],
          [
            -64.210889,
            -31.429753
          ],
          [
            -64.210791,
            -31.429742
          ],
          [
            -64.210697,
            -31.429712
          ],
          [
            -64.210614,
            -31.429666
          ],
          [
            -64.210544,
            -31.429605
          ],
          [
            -64.210447,
            -31.429411
          ],
          [
            -64.210436,
            -31.429379
          ],
          [
            -64.210376,
            -31.429283
          ],
          [
            -64.210331,
            -31.429222
          ],
          [
            -64.210302,
            -31.429188
          ],
          [
            -64.21024,
            -31.429122
          ],
          [
            -64.209938,
            -31.428838
          ],
          [
            -64.209621,
            -31.428605
          ],
          [
            -64.20959,
            -31.428582
          ],
          [
            -64.209399,
            -31.428463
          ],
          [
            -64.208649,
            -31.427984
          ],
          [
            -64.208463,
            -31.427883
          ],
          [
            -64.208279,
            -31.427796
          ],
          [
            -64.208146,
            -31.427755
          ],
          [
            -64.208038,
            -31.427736
          ],
          [
            -64.207912,
            -31.427727
          ],
          [
            -64.207804,
            -31.427721
          ],
          [
            -64.207695,
            -31.427718
          ],
          [
            -64.207553,
            -31.427731
          ],
          [
            -64.207446,
            -31.427747
          ],
          [
            -64.207277,
            -31.427785
          ],
          [
            -64.206246,
            -31.428042
          ],
          [
            -64.20444,
            -31.428475
          ],
          [
            -64.204201,
            -31.428531
          ],
          [
            -64.204057,
            -31.42855
          ],
          [
            -64.203855,
            -31.428576
          ],
          [
            -64.203081,
            -31.428627
          ],
          [
            -64.202943,
            -31.428634
          ],
          [
            -64.202205,
            -31.428681
          ],
          [
            -64.201566,
            -31.428731
          ],
          [
            -64.201252,
            -31.428756
          ],
          [
            -64.200677,
            -31.428802
          ],
          [
            -64.200619,
            -31.428809
          ],
          [
            -64.200024,
            -31.428863
          ],
          [
            -64.199805,
            -31.428859
          ],
          [
            -64.199682,
            -31.428836
          ],
          [
            -64.198513,
            -31.428558
          ],
          [
            -64.197892,
            -31.428419
          ],
          [
            -64.197755,
            -31.428385
          ],
          [
            -64.19764,
            -31.428351
          ],
          [
            -64.197483,
            -31.428302
          ],
          [
            -64.197381,
            -31.42827
          ],
          [
            -64.197254,
            -31.428218
          ],
          [
            -64.196639,
            -31.42792
          ],
          [
            -64.195274,
            -31.427165
          ],
          [
            -64.194872,
            -31.427
          ],
          [
            -64.194509,
            -31.426863
          ],
          [
            -64.194478,
            -31.426787
          ],
          [
            -64.194469,
            -31.426766
          ],
          [
            -64.194257,
            -31.426227
          ],
          [
            -64.194255,
            -31.426221
          ],
          [
            -64.194239,
            -31.42618
          ],
          [
            -64.19422,
            -31.426133
          ],
          [
            -64.194217,
            -31.426124
          ],
          [
            -64.194076,
            -31.425803
          ],
          [
            -64.194072,
            -31.425793
          ],
          [
            -64.194044,
            -31.425728
          ],
          [
            -64.194016,
            -31.425659
          ],
          [
            -64.194012,
            -31.425649
          ],
          [
            -64.193799,
            -31.425129
          ],
          [
            -64.193794,
            -31.425118
          ],
          [
            -64.193764,
            -31.425045
          ],
          [
            -64.193737,
            -31.424979
          ],
          [
            -64.193732,
            -31.424969
          ],
          [
            -64.193303,
            -31.423935
          ],
          [
            -64.1933,
            -31.423927
          ],
          [
            -64.19328,
            -31.423877
          ],
          [
            -64.193257,
            -31.423821
          ],
          [
            -64.193252,
            -31.423808
          ],
          [
            -64.193046,
            -31.423323
          ],
          [
            -64.19301,
            -31.423229
          ],
          [
            -64.192822,
            -31.422835
          ],
          [
            -64.192817,
            -31.422826
          ],
          [
            -64.192787,
            -31.422763
          ],
          [
            -64.192763,
            -31.42271
          ],
          [
            -64.192758,
            -31.422699
          ],
          [
            -64.192698,
            -31.422564
          ],
          [
            -64.192573,
            -31.422383
          ],
          [
            -64.192455,
            -31.422273
          ],
          [
            -64.192403,
            -31.42223
          ],
          [
            -64.192332,
            -31.42218
          ],
          [
            -64.191757,
            -31.421847
          ],
          [
            -64.191748,
            -31.421842
          ],
          [
            -64.191681,
            -31.421802
          ],
          [
            -64.19163,
            -31.421772
          ],
          [
            -64.191615,
            -31.421762
          ],
          [
            -64.190716,
            -31.421211
          ],
          [
            -64.190627,
            -31.421142
          ],
          [
            -64.190514,
            -31.42103
          ],
          [
            -64.190452,
            -31.420938
          ],
          [
            -64.19044,
            -31.420922
          ],
          [
            -64.190435,
            -31.420913
          ],
          [
            -64.19041,
            -31.420877
          ],
          [
            -64.19039,
            -31.420832
          ],
          [
            -64.190385,
            -31.420821
          ],
          [
            -64.190038,
            -31.420001
          ],
          [
            -64.190031,
            -31.419983
          ],
          [
            -64.190007,
            -31.419899
          ],
          [
            -64.189976,
            -31.419802
          ],
          [
            -64.189956,
            -31.419714
          ],
          [
            -64.189951,
            -31.419695
          ],
          [
            -64.189855,
            -31.419325
          ],
          [
            -64.189817,
            -31.419043
          ],
          [
            -64.18966,
            -31.418461
          ],
          [
            -64.189595,
            -31.418267
          ],
          [
            -64.189097,
            -31.417094
          ],
          [
            -64.189089,
            -31.417076
          ],
          [
            -64.189049,
            -31.417087
          ],
          [
            -64.18777,
            -31.417441
          ],
          [
            -64.187673,
            -31.417469
          ],
          [
            -64.18769,
            -31.41751
          ],
          [
            -64.188184,
            -31.418665
          ],
          [
            -64.188568,
            -31.419564
          ],
          [
            -64.188701,
            -31.419841
          ],
          [
            -64.188713,
            -31.419861
          ],
          [
            -64.188728,
            -31.419891
          ],
          [
            -64.188735,
            -31.419927
          ],
          [
            -64.188737,
            -31.419959
          ],
          [
            -64.188733,
            -31.419976
          ],
          [
            -64.188728,
            -31.419991
          ],
          [
            -64.188709,
            -31.420032
          ],
          [
            -64.188708,
            -31.420086
          ],
          [
            -64.188709,
            -31.420103
          ]
        ]
      }
    },
    {
      "type": "Feature",
      "id": "route-cordoba-2026-08-27-v3-04",
      "properties": {
        "truckId": "vehicle-04",
        "waypointDistancesKm": [
          0,
          4.3702509280540145,
          6.605523770822224,
          9.64007685534439,
          10.979859594483045,
          12.941439027231121,
          13.63181037356625,
          14.264191458803742,
          14.878662013659401,
          25.478101477104047
        ]
      },
      "geometry": {
        "type": "LineString",
        "coordinates": [
          [
            -64.188709,
            -31.420109
          ],
          [
            -64.18871,
            -31.420127
          ],
          [
            -64.188717,
            -31.420178
          ],
          [
            -64.188727,
            -31.42023
          ],
          [
            -64.188737,
            -31.420284
          ],
          [
            -64.188734,
            -31.420338
          ],
          [
            -64.188686,
            -31.420476
          ],
          [
            -64.188614,
            -31.420637
          ],
          [
            -64.188602,
            -31.420666
          ],
          [
            -64.188216,
            -31.421509
          ],
          [
            -64.188139,
            -31.421536
          ],
          [
            -64.187971,
            -31.421596
          ],
          [
            -64.187883,
            -31.421621
          ],
          [
            -64.186582,
            -31.422025
          ],
          [
            -64.187051,
            -31.423184
          ],
          [
            -64.187348,
            -31.423089
          ],
          [
            -64.187455,
            -31.423057
          ],
          [
            -64.18837,
            -31.422766
          ],
          [
            -64.189743,
            -31.422336
          ],
          [
            -64.191026,
            -31.421953
          ],
          [
            -64.191681,
            -31.421802
          ],
          [
            -64.192042,
            -31.421714
          ],
          [
            -64.192103,
            -31.421747
          ],
          [
            -64.192116,
            -31.421753
          ],
          [
            -64.192669,
            -31.422089
          ],
          [
            -64.192782,
            -31.422189
          ],
          [
            -64.192844,
            -31.422266
          ],
          [
            -64.192874,
            -31.422319
          ],
          [
            -64.193034,
            -31.422629
          ],
          [
            -64.193039,
            -31.422638
          ],
          [
            -64.193065,
            -31.422687
          ],
          [
            -64.19309,
            -31.422744
          ],
          [
            -64.193094,
            -31.422754
          ],
          [
            -64.193529,
            -31.423727
          ],
          [
            -64.193534,
            -31.423741
          ],
          [
            -64.193557,
            -31.423803
          ],
          [
            -64.193576,
            -31.423844
          ],
          [
            -64.19358,
            -31.423853
          ],
          [
            -64.194015,
            -31.424875
          ],
          [
            -64.194019,
            -31.424886
          ],
          [
            -64.194046,
            -31.424949
          ],
          [
            -64.194074,
            -31.42502
          ],
          [
            -64.194079,
            -31.425033
          ],
          [
            -64.194292,
            -31.425566
          ],
          [
            -64.194297,
            -31.425579
          ],
          [
            -64.194324,
            -31.425646
          ],
          [
            -64.194348,
            -31.425705
          ],
          [
            -64.194353,
            -31.425718
          ],
          [
            -64.194486,
            -31.426047
          ],
          [
            -64.194489,
            -31.426054
          ],
          [
            -64.194506,
            -31.426099
          ],
          [
            -64.194523,
            -31.426142
          ],
          [
            -64.194526,
            -31.42615
          ],
          [
            -64.194601,
            -31.426349
          ],
          [
            -64.194737,
            -31.426671
          ],
          [
            -64.194821,
            -31.426884
          ],
          [
            -64.194834,
            -31.426914
          ],
          [
            -64.194872,
            -31.427
          ],
          [
            -64.195274,
            -31.427165
          ],
          [
            -64.196639,
            -31.42792
          ],
          [
            -64.197254,
            -31.428218
          ],
          [
            -64.197381,
            -31.42827
          ],
          [
            -64.197483,
            -31.428302
          ],
          [
            -64.19764,
            -31.428351
          ],
          [
            -64.197755,
            -31.428385
          ],
          [
            -64.197892,
            -31.428419
          ],
          [
            -64.198513,
            -31.428558
          ],
          [
            -64.199682,
            -31.428836
          ],
          [
            -64.199805,
            -31.428859
          ],
          [
            -64.200024,
            -31.428863
          ],
          [
            -64.200619,
            -31.428809
          ],
          [
            -64.200677,
            -31.428802
          ],
          [
            -64.201252,
            -31.428756
          ],
          [
            -64.201566,
            -31.428731
          ],
          [
            -64.202205,
            -31.428681
          ],
          [
            -64.202943,
            -31.428634
          ],
          [
            -64.203081,
            -31.428627
          ],
          [
            -64.203855,
            -31.428576
          ],
          [
            -64.204057,
            -31.42855
          ],
          [
            -64.204201,
            -31.428531
          ],
          [
            -64.20444,
            -31.428475
          ],
          [
            -64.206246,
            -31.428042
          ],
          [
            -64.207277,
            -31.427785
          ],
          [
            -64.207446,
            -31.427747
          ],
          [
            -64.207553,
            -31.427731
          ],
          [
            -64.207695,
            -31.427718
          ],
          [
            -64.207804,
            -31.427721
          ],
          [
            -64.207912,
            -31.427727
          ],
          [
            -64.208038,
            -31.427736
          ],
          [
            -64.208146,
            -31.427755
          ],
          [
            -64.208279,
            -31.427796
          ],
          [
            -64.208463,
            -31.427883
          ],
          [
            -64.208649,
            -31.427984
          ],
          [
            -64.209399,
            -31.428463
          ],
          [
            -64.20959,
            -31.428582
          ],
          [
            -64.209621,
            -31.428605
          ],
          [
            -64.209938,
            -31.428838
          ],
          [
            -64.210108,
            -31.428956
          ],
          [
            -64.210247,
            -31.429055
          ],
          [
            -64.210354,
            -31.429114
          ],
          [
            -64.210393,
            -31.429125
          ],
          [
            -64.210432,
            -31.429125
          ],
          [
            -64.210468,
            -31.429122
          ],
          [
            -64.210505,
            -31.429114
          ],
          [
            -64.210534,
            -31.4291
          ],
          [
            -64.210638,
            -31.429051
          ],
          [
            -64.21071,
            -31.429016
          ],
          [
            -64.210788,
            -31.428992
          ],
          [
            -64.210899,
            -31.42898
          ],
          [
            -64.21101,
            -31.428991
          ],
          [
            -64.211114,
            -31.429025
          ],
          [
            -64.211206,
            -31.42908
          ],
          [
            -64.211278,
            -31.429152
          ],
          [
            -64.211328,
            -31.429238
          ],
          [
            -64.211431,
            -31.429282
          ],
          [
            -64.211484,
            -31.429301
          ],
          [
            -64.211547,
            -31.429317
          ],
          [
            -64.211603,
            -31.429322
          ],
          [
            -64.211669,
            -31.429324
          ],
          [
            -64.211729,
            -31.429325
          ],
          [
            -64.211785,
            -31.429328
          ],
          [
            -64.211871,
            -31.429345
          ],
          [
            -64.211969,
            -31.429369
          ],
          [
            -64.212046,
            -31.429393
          ],
          [
            -64.212118,
            -31.42942
          ],
          [
            -64.212187,
            -31.42945
          ],
          [
            -64.212261,
            -31.429483
          ],
          [
            -64.212335,
            -31.429525
          ],
          [
            -64.212404,
            -31.429569
          ],
          [
            -64.212463,
            -31.429611
          ],
          [
            -64.212511,
            -31.429646
          ],
          [
            -64.212598,
            -31.429727
          ],
          [
            -64.212671,
            -31.429801
          ],
          [
            -64.212891,
            -31.430032
          ],
          [
            -64.212974,
            -31.430101
          ],
          [
            -64.21305,
            -31.430154
          ],
          [
            -64.213112,
            -31.430192
          ],
          [
            -64.213217,
            -31.430241
          ],
          [
            -64.213308,
            -31.430279
          ],
          [
            -64.21333,
            -31.430285
          ],
          [
            -64.21342,
            -31.430312
          ],
          [
            -64.213527,
            -31.430335
          ],
          [
            -64.21356,
            -31.430339
          ],
          [
            -64.213671,
            -31.430351
          ],
          [
            -64.213876,
            -31.430359
          ],
          [
            -64.213999,
            -31.430364
          ],
          [
            -64.214114,
            -31.43037
          ],
          [
            -64.214637,
            -31.430396
          ],
          [
            -64.214774,
            -31.430406
          ],
          [
            -64.214906,
            -31.430415
          ],
          [
            -64.215567,
            -31.430461
          ],
          [
            -64.216397,
            -31.430517
          ],
          [
            -64.216364,
            -31.430445
          ],
          [
            -64.215978,
            -31.42899
          ],
          [
            -64.215735,
            -31.428007
          ],
          [
            -64.216017,
            -31.427953
          ],
          [
            -64.2164,
            -31.427879
          ],
          [
            -64.21705,
            -31.427757
          ],
          [
            -64.217359,
            -31.4277
          ],
          [
            -64.217274,
            -31.427359
          ],
          [
            -64.217168,
            -31.426943
          ],
          [
            -64.217017,
            -31.426348
          ],
          [
            -64.217327,
            -31.426288
          ],
          [
            -64.217649,
            -31.426226
          ],
          [
            -64.218287,
            -31.426102
          ],
          [
            -64.219042,
            -31.425955
          ],
          [
            -64.219769,
            -31.425813
          ],
          [
            -64.220521,
            -31.425669
          ],
          [
            -64.221259,
            -31.425526
          ],
          [
            -64.221993,
            -31.425384
          ],
          [
            -64.222765,
            -31.425231
          ],
          [
            -64.223429,
            -31.425101
          ],
          [
            -64.224202,
            -31.424956
          ],
          [
            -64.224928,
            -31.424814
          ],
          [
            -64.225367,
            -31.424727
          ],
          [
            -64.226129,
            -31.424582
          ],
          [
            -64.227356,
            -31.424347
          ],
          [
            -64.228554,
            -31.424112
          ],
          [
            -64.228881,
            -31.425346
          ],
          [
            -64.228952,
            -31.425617
          ],
          [
            -64.229022,
            -31.42588
          ],
          [
            -64.229156,
            -31.426389
          ],
          [
            -64.229298,
            -31.426923
          ],
          [
            -64.229308,
            -31.426964
          ],
          [
            -64.229326,
            -31.427032
          ],
          [
            -64.229476,
            -31.427597
          ],
          [
            -64.229721,
            -31.4285
          ],
          [
            -64.229976,
            -31.429496
          ],
          [
            -64.229984,
            -31.429526
          ],
          [
            -64.230102,
            -31.429971
          ],
          [
            -64.230234,
            -31.430467
          ],
          [
            -64.230522,
            -31.431518
          ],
          [
            -64.231141,
            -31.431563
          ],
          [
            -64.23169,
            -31.431603
          ],
          [
            -64.231731,
            -31.431606
          ],
          [
            -64.231929,
            -31.431625
          ],
          [
            -64.231949,
            -31.431554
          ],
          [
            -64.232142,
            -31.431055
          ],
          [
            -64.232308,
            -31.430628
          ],
          [
            -64.23236,
            -31.430636
          ],
          [
            -64.233515,
            -31.430394
          ],
          [
            -64.234644,
            -31.430173
          ],
          [
            -64.235457,
            -31.430005
          ],
          [
            -64.235434,
            -31.42993
          ],
          [
            -64.235263,
            -31.429284
          ],
          [
            -64.235179,
            -31.428936
          ],
          [
            -64.235072,
            -31.428538
          ],
          [
            -64.234925,
            -31.427974
          ],
          [
            -64.234875,
            -31.427801
          ],
          [
            -64.234796,
            -31.42748
          ],
          [
            -64.234733,
            -31.427206
          ],
          [
            -64.234483,
            -31.426068
          ],
          [
            -64.234419,
            -31.425775
          ],
          [
            -64.234366,
            -31.425535
          ],
          [
            -64.234281,
            -31.425356
          ],
          [
            -64.234249,
            -31.425254
          ],
          [
            -64.234098,
            -31.424624
          ],
          [
            -64.234245,
            -31.424596
          ],
          [
            -64.234664,
            -31.424508
          ],
          [
            -64.234961,
            -31.424742
          ],
          [
            -64.236371,
            -31.42339
          ],
          [
            -64.237055,
            -31.422722
          ],
          [
            -64.237129,
            -31.422665
          ],
          [
            -64.237167,
            -31.422635
          ],
          [
            -64.237318,
            -31.422522
          ],
          [
            -64.237568,
            -31.422315
          ],
          [
            -64.237617,
            -31.422259
          ],
          [
            -64.238199,
            -31.421387
          ],
          [
            -64.238569,
            -31.420821
          ],
          [
            -64.238617,
            -31.420759
          ],
          [
            -64.238663,
            -31.42072
          ],
          [
            -64.238747,
            -31.420665
          ],
          [
            -64.239421,
            -31.420303
          ],
          [
            -64.24036,
            -31.419762
          ],
          [
            -64.241186,
            -31.419297
          ],
          [
            -64.241267,
            -31.419241
          ],
          [
            -64.241333,
            -31.419184
          ],
          [
            -64.241367,
            -31.419137
          ],
          [
            -64.2414,
            -31.419072
          ],
          [
            -64.241415,
            -31.419023
          ],
          [
            -64.241424,
            -31.418962
          ],
          [
            -64.241438,
            -31.417651
          ],
          [
            -64.241449,
            -31.416617
          ],
          [
            -64.24146,
            -31.415465
          ],
          [
            -64.241449,
            -31.41431
          ],
          [
            -64.241441,
            -31.414216
          ],
          [
            -64.241419,
            -31.414115
          ],
          [
            -64.241399,
            -31.414064
          ],
          [
            -64.241366,
            -31.41401
          ],
          [
            -64.241178,
            -31.413721
          ],
          [
            -64.241132,
            -31.413623
          ],
          [
            -64.241111,
            -31.41354
          ],
          [
            -64.241097,
            -31.413417
          ],
          [
            -64.241084,
            -31.413212
          ],
          [
            -64.240237,
            -31.413264
          ],
          [
            -64.239232,
            -31.413326
          ],
          [
            -64.237629,
            -31.413425
          ],
          [
            -64.237253,
            -31.413507
          ],
          [
            -64.237195,
            -31.413508
          ],
          [
            -64.237075,
            -31.413077
          ],
          [
            -64.237049,
            -31.412983
          ],
          [
            -64.237195,
            -31.413508
          ],
          [
            -64.237253,
            -31.413507
          ],
          [
            -64.237629,
            -31.413425
          ],
          [
            -64.239085,
            -31.412573
          ],
          [
            -64.238982,
            -31.412423
          ],
          [
            -64.238609,
            -31.411917
          ],
          [
            -64.238578,
            -31.411857
          ],
          [
            -64.23854,
            -31.411743
          ],
          [
            -64.238675,
            -31.411755
          ],
          [
            -64.239044,
            -31.411782
          ],
          [
            -64.23929,
            -31.411796
          ],
          [
            -64.239697,
            -31.411825
          ],
          [
            -64.239992,
            -31.411844
          ],
          [
            -64.240129,
            -31.411844
          ],
          [
            -64.241005,
            -31.4118
          ],
          [
            -64.2411,
            -31.411796
          ],
          [
            -64.241222,
            -31.411789
          ],
          [
            -64.24133,
            -31.411783
          ],
          [
            -64.241863,
            -31.411755
          ],
          [
            -64.242479,
            -31.411722
          ],
          [
            -64.242951,
            -31.41169
          ],
          [
            -64.243667,
            -31.411656
          ],
          [
            -64.243576,
            -31.411302
          ],
          [
            -64.243555,
            -31.411241
          ],
          [
            -64.243419,
            -31.410897
          ],
          [
            -64.243398,
            -31.410839
          ],
          [
            -64.242998,
            -31.409343
          ],
          [
            -64.242359,
            -31.40946
          ],
          [
            -64.242407,
            -31.409649
          ],
          [
            -64.241538,
            -31.409812
          ],
          [
            -64.241869,
            -31.40975
          ],
          [
            -64.242407,
            -31.409649
          ],
          [
            -64.24255,
            -31.410137
          ],
          [
            -64.242679,
            -31.410633
          ],
          [
            -64.242805,
            -31.411118
          ],
          [
            -64.242951,
            -31.41169
          ],
          [
            -64.243667,
            -31.411656
          ],
          [
            -64.244163,
            -31.411622
          ],
          [
            -64.244276,
            -31.411615
          ],
          [
            -64.244571,
            -31.411599
          ],
          [
            -64.244894,
            -31.41157
          ],
          [
            -64.24504,
            -31.411562
          ],
          [
            -64.245469,
            -31.411519
          ],
          [
            -64.245762,
            -31.411495
          ],
          [
            -64.246208,
            -31.411452
          ],
          [
            -64.246346,
            -31.41144
          ],
          [
            -64.246434,
            -31.411438
          ],
          [
            -64.246514,
            -31.411437
          ],
          [
            -64.246596,
            -31.411444
          ],
          [
            -64.246675,
            -31.411461
          ],
          [
            -64.246686,
            -31.411369
          ],
          [
            -64.246855,
            -31.410874
          ],
          [
            -64.246882,
            -31.410843
          ],
          [
            -64.246905,
            -31.410835
          ],
          [
            -64.246936,
            -31.410831
          ],
          [
            -64.247547,
            -31.41082
          ],
          [
            -64.248047,
            -31.410824
          ],
          [
            -64.248138,
            -31.410821
          ],
          [
            -64.248144,
            -31.410258
          ],
          [
            -64.248146,
            -31.409718
          ],
          [
            -64.248152,
            -31.409493
          ],
          [
            -64.248147,
            -31.409465
          ],
          [
            -64.248634,
            -31.409121
          ],
          [
            -64.248707,
            -31.409108
          ],
          [
            -64.249478,
            -31.409059
          ],
          [
            -64.2508,
            -31.408948
          ],
          [
            -64.251471,
            -31.408902
          ],
          [
            -64.252113,
            -31.408855
          ],
          [
            -64.253412,
            -31.408762
          ],
          [
            -64.253411,
            -31.408632
          ],
          [
            -64.253461,
            -31.408576
          ],
          [
            -64.25349,
            -31.408541
          ],
          [
            -64.253857,
            -31.408025
          ],
          [
            -64.2539,
            -31.407966
          ],
          [
            -64.253933,
            -31.40792
          ],
          [
            -64.254026,
            -31.407944
          ],
          [
            -64.25406,
            -31.407949
          ],
          [
            -64.254163,
            -31.40795
          ],
          [
            -64.254347,
            -31.407915
          ],
          [
            -64.254586,
            -31.407893
          ],
          [
            -64.254862,
            -31.407881
          ],
          [
            -64.254915,
            -31.407887
          ],
          [
            -64.254929,
            -31.407903
          ],
          [
            -64.254932,
            -31.40793
          ],
          [
            -64.254959,
            -31.407956
          ],
          [
            -64.254982,
            -31.407965
          ],
          [
            -64.255023,
            -31.407973
          ],
          [
            -64.255389,
            -31.40797
          ],
          [
            -64.255519,
            -31.407972
          ],
          [
            -64.255538,
            -31.407973
          ],
          [
            -64.255729,
            -31.407976
          ],
          [
            -64.256102,
            -31.407971
          ],
          [
            -64.256334,
            -31.407979
          ],
          [
            -64.25718,
            -31.407988
          ],
          [
            -64.25762,
            -31.407986
          ],
          [
            -64.257908,
            -31.407985
          ],
          [
            -64.258652,
            -31.407991
          ],
          [
            -64.259438,
            -31.407999
          ],
          [
            -64.260167,
            -31.408
          ],
          [
            -64.260913,
            -31.408015
          ],
          [
            -64.261651,
            -31.40802
          ],
          [
            -64.262389,
            -31.408029
          ],
          [
            -64.263117,
            -31.408023
          ],
          [
            -64.263896,
            -31.40803
          ],
          [
            -64.264689,
            -31.408031
          ],
          [
            -64.264691,
            -31.407856
          ],
          [
            -64.264699,
            -31.406943
          ],
          [
            -64.264908,
            -31.40694
          ],
          [
            -64.265437,
            -31.406941
          ],
          [
            -64.265415,
            -31.408027
          ],
          [
            -64.265425,
            -31.409236
          ],
          [
            -64.265419,
            -31.41036
          ],
          [
            -64.265417,
            -31.411085
          ],
          [
            -64.265415,
            -31.411549
          ],
          [
            -64.265959,
            -31.411549
          ],
          [
            -64.266144,
            -31.411551
          ],
          [
            -64.266482,
            -31.411555
          ],
          [
            -64.266887,
            -31.411558
          ],
          [
            -64.266884,
            -31.411617
          ],
          [
            -64.266881,
            -31.411715
          ],
          [
            -64.266936,
            -31.411715
          ],
          [
            -64.266935,
            -31.411854
          ],
          [
            -64.266935,
            -31.411985
          ],
          [
            -64.266934,
            -31.412124
          ],
          [
            -64.266934,
            -31.412257
          ],
          [
            -64.266933,
            -31.412389
          ],
          [
            -64.266933,
            -31.412517
          ],
          [
            -64.266932,
            -31.412644
          ],
          [
            -64.266932,
            -31.412778
          ],
          [
            -64.266932,
            -31.412912
          ],
          [
            -64.266932,
            -31.41305
          ],
          [
            -64.266932,
            -31.413191
          ],
          [
            -64.266839,
            -31.413191
          ],
          [
            -64.266839,
            -31.413653
          ],
          [
            -64.266884,
            -31.413653
          ],
          [
            -64.266987,
            -31.413654
          ],
          [
            -64.266993,
            -31.412196
          ],
          [
            -64.266994,
            -31.411823
          ],
          [
            -64.267001,
            -31.411794
          ],
          [
            -64.267025,
            -31.411773
          ],
          [
            -64.267059,
            -31.411766
          ],
          [
            -64.267092,
            -31.411776
          ],
          [
            -64.267113,
            -31.411799
          ],
          [
            -64.267116,
            -31.411828
          ],
          [
            -64.2671,
            -31.411855
          ],
          [
            -64.26707,
            -31.41188
          ],
          [
            -64.267048,
            -31.411905
          ],
          [
            -64.267039,
            -31.411931
          ],
          [
            -64.267028,
            -31.414023
          ],
          [
            -64.267032,
            -31.41405
          ],
          [
            -64.267047,
            -31.414081
          ],
          [
            -64.267074,
            -31.414104
          ],
          [
            -64.267095,
            -31.41412
          ],
          [
            -64.267107,
            -31.414148
          ],
          [
            -64.267099,
            -31.414177
          ],
          [
            -64.267074,
            -31.414197
          ],
          [
            -64.26704,
            -31.414203
          ],
          [
            -64.267008,
            -31.414193
          ],
          [
            -64.266998,
            -31.414181
          ],
          [
            -64.266988,
            -31.414169
          ],
          [
            -64.266986,
            -31.414139
          ],
          [
            -64.266987,
            -31.413654
          ],
          [
            -64.266884,
            -31.413653
          ],
          [
            -64.266839,
            -31.413653
          ],
          [
            -64.266839,
            -31.413191
          ],
          [
            -64.266932,
            -31.413191
          ],
          [
            -64.266932,
            -31.41305
          ],
          [
            -64.266932,
            -31.412912
          ],
          [
            -64.266932,
            -31.412778
          ],
          [
            -64.266932,
            -31.412644
          ],
          [
            -64.266933,
            -31.412517
          ],
          [
            -64.266933,
            -31.412389
          ],
          [
            -64.266934,
            -31.412257
          ],
          [
            -64.266934,
            -31.412124
          ],
          [
            -64.266935,
            -31.411985
          ],
          [
            -64.266935,
            -31.411854
          ],
          [
            -64.266936,
            -31.411715
          ],
          [
            -64.266881,
            -31.411715
          ],
          [
            -64.266884,
            -31.411617
          ],
          [
            -64.266887,
            -31.411558
          ],
          [
            -64.266482,
            -31.411555
          ],
          [
            -64.266144,
            -31.411551
          ],
          [
            -64.265959,
            -31.411549
          ],
          [
            -64.265415,
            -31.411549
          ],
          [
            -64.26491,
            -31.411541
          ],
          [
            -64.264687,
            -31.411537
          ],
          [
            -64.264391,
            -31.411531
          ],
          [
            -64.263862,
            -31.411528
          ],
          [
            -64.263851,
            -31.412539
          ],
          [
            -64.263845,
            -31.41304
          ],
          [
            -64.263839,
            -31.413539
          ],
          [
            -64.263844,
            -31.414524
          ],
          [
            -64.263838,
            -31.415517
          ],
          [
            -64.263841,
            -31.41576
          ],
          [
            -64.263844,
            -31.416503
          ],
          [
            -64.263846,
            -31.4169
          ],
          [
            -64.263842,
            -31.417496
          ],
          [
            -64.26385,
            -31.418093
          ],
          [
            -64.263854,
            -31.41849
          ],
          [
            -64.263853,
            -31.419246
          ],
          [
            -64.263856,
            -31.419487
          ],
          [
            -64.263866,
            -31.420477
          ],
          [
            -64.261764,
            -31.420475
          ],
          [
            -64.26153,
            -31.420477
          ],
          [
            -64.260387,
            -31.420479
          ],
          [
            -64.259215,
            -31.42048
          ],
          [
            -64.258063,
            -31.420475
          ],
          [
            -64.256901,
            -31.420475
          ],
          [
            -64.256226,
            -31.420474
          ],
          [
            -64.255748,
            -31.420474
          ],
          [
            -64.253595,
            -31.420467
          ],
          [
            -64.253406,
            -31.420451
          ],
          [
            -64.25229,
            -31.420442
          ],
          [
            -64.25171,
            -31.420438
          ],
          [
            -64.251157,
            -31.420439
          ],
          [
            -64.250879,
            -31.42044
          ],
          [
            -64.25051,
            -31.420441
          ],
          [
            -64.249541,
            -31.420445
          ],
          [
            -64.249305,
            -31.420445
          ],
          [
            -64.248519,
            -31.420448
          ],
          [
            -64.248171,
            -31.420449
          ],
          [
            -64.248102,
            -31.420459
          ],
          [
            -64.247997,
            -31.420473
          ],
          [
            -64.247023,
            -31.420482
          ],
          [
            -64.246898,
            -31.420483
          ],
          [
            -64.245954,
            -31.420496
          ],
          [
            -64.244901,
            -31.420504
          ],
          [
            -64.243869,
            -31.420532
          ],
          [
            -64.243339,
            -31.42054
          ],
          [
            -64.242881,
            -31.420551
          ],
          [
            -64.242838,
            -31.420551
          ],
          [
            -64.241771,
            -31.420541
          ],
          [
            -64.240796,
            -31.42054
          ],
          [
            -64.240167,
            -31.420544
          ],
          [
            -64.240112,
            -31.420554
          ],
          [
            -64.239566,
            -31.420797
          ],
          [
            -64.239531,
            -31.420684
          ],
          [
            -64.239476,
            -31.420498
          ],
          [
            -64.23944,
            -31.420373
          ],
          [
            -64.239135,
            -31.420537
          ],
          [
            -64.23876,
            -31.420743
          ],
          [
            -64.238712,
            -31.420774
          ],
          [
            -64.23869,
            -31.420799
          ],
          [
            -64.238606,
            -31.420905
          ],
          [
            -64.238538,
            -31.421003
          ],
          [
            -64.238279,
            -31.421396
          ],
          [
            -64.237692,
            -31.422292
          ],
          [
            -64.237644,
            -31.42235
          ],
          [
            -64.237591,
            -31.4224
          ],
          [
            -64.237199,
            -31.422701
          ],
          [
            -64.237133,
            -31.422759
          ],
          [
            -64.237064,
            -31.422818
          ],
          [
            -64.236431,
            -31.423435
          ],
          [
            -64.236371,
            -31.42339
          ],
          [
            -64.235894,
            -31.422996
          ],
          [
            -64.235567,
            -31.422721
          ],
          [
            -64.2346,
            -31.422901
          ],
          [
            -64.234469,
            -31.422926
          ],
          [
            -64.233683,
            -31.423082
          ],
          [
            -64.232846,
            -31.42325
          ],
          [
            -64.23199,
            -31.423422
          ],
          [
            -64.231099,
            -31.4236
          ],
          [
            -64.230258,
            -31.42377
          ],
          [
            -64.229427,
            -31.423937
          ],
          [
            -64.228554,
            -31.424112
          ],
          [
            -64.227356,
            -31.424347
          ],
          [
            -64.226129,
            -31.424582
          ],
          [
            -64.225367,
            -31.424727
          ],
          [
            -64.224928,
            -31.424814
          ],
          [
            -64.224202,
            -31.424956
          ],
          [
            -64.223429,
            -31.425101
          ],
          [
            -64.222765,
            -31.425231
          ],
          [
            -64.221993,
            -31.425384
          ],
          [
            -64.221259,
            -31.425526
          ],
          [
            -64.220521,
            -31.425669
          ],
          [
            -64.219769,
            -31.425813
          ],
          [
            -64.219042,
            -31.425955
          ],
          [
            -64.218287,
            -31.426102
          ],
          [
            -64.217649,
            -31.426226
          ],
          [
            -64.217327,
            -31.426288
          ],
          [
            -64.217017,
            -31.426348
          ],
          [
            -64.216671,
            -31.426408
          ],
          [
            -64.216315,
            -31.426484
          ],
          [
            -64.2159,
            -31.426567
          ],
          [
            -64.215662,
            -31.426611
          ],
          [
            -64.215017,
            -31.426734
          ],
          [
            -64.213216,
            -31.427048
          ],
          [
            -64.213131,
            -31.427065
          ],
          [
            -64.212522,
            -31.427176
          ],
          [
            -64.212437,
            -31.427191
          ],
          [
            -64.212407,
            -31.427196
          ],
          [
            -64.212341,
            -31.427208
          ],
          [
            -64.211808,
            -31.427305
          ],
          [
            -64.211743,
            -31.427317
          ],
          [
            -64.211663,
            -31.427331
          ],
          [
            -64.211105,
            -31.427433
          ],
          [
            -64.211043,
            -31.427444
          ],
          [
            -64.210427,
            -31.42756
          ],
          [
            -64.210334,
            -31.427578
          ],
          [
            -64.210227,
            -31.427596
          ],
          [
            -64.208754,
            -31.427879
          ],
          [
            -64.208649,
            -31.427984
          ],
          [
            -64.208463,
            -31.427883
          ],
          [
            -64.208279,
            -31.427796
          ],
          [
            -64.208146,
            -31.427755
          ],
          [
            -64.208038,
            -31.427736
          ],
          [
            -64.207912,
            -31.427727
          ],
          [
            -64.207804,
            -31.427721
          ],
          [
            -64.207695,
            -31.427718
          ],
          [
            -64.207553,
            -31.427731
          ],
          [
            -64.207446,
            -31.427747
          ],
          [
            -64.207277,
            -31.427785
          ],
          [
            -64.206246,
            -31.428042
          ],
          [
            -64.20444,
            -31.428475
          ],
          [
            -64.204201,
            -31.428531
          ],
          [
            -64.204057,
            -31.42855
          ],
          [
            -64.203855,
            -31.428576
          ],
          [
            -64.203081,
            -31.428627
          ],
          [
            -64.202943,
            -31.428634
          ],
          [
            -64.202205,
            -31.428681
          ],
          [
            -64.201566,
            -31.428731
          ],
          [
            -64.201252,
            -31.428756
          ],
          [
            -64.200677,
            -31.428802
          ],
          [
            -64.200619,
            -31.428809
          ],
          [
            -64.200024,
            -31.428863
          ],
          [
            -64.199805,
            -31.428859
          ],
          [
            -64.199682,
            -31.428836
          ],
          [
            -64.198513,
            -31.428558
          ],
          [
            -64.197892,
            -31.428419
          ],
          [
            -64.197755,
            -31.428385
          ],
          [
            -64.19764,
            -31.428351
          ],
          [
            -64.197483,
            -31.428302
          ],
          [
            -64.197381,
            -31.42827
          ],
          [
            -64.197254,
            -31.428218
          ],
          [
            -64.196639,
            -31.42792
          ],
          [
            -64.195274,
            -31.427165
          ],
          [
            -64.194872,
            -31.427
          ],
          [
            -64.194509,
            -31.426863
          ],
          [
            -64.194478,
            -31.426787
          ],
          [
            -64.194469,
            -31.426766
          ],
          [
            -64.194257,
            -31.426227
          ],
          [
            -64.194255,
            -31.426221
          ],
          [
            -64.194239,
            -31.42618
          ],
          [
            -64.19422,
            -31.426133
          ],
          [
            -64.194217,
            -31.426124
          ],
          [
            -64.194076,
            -31.425803
          ],
          [
            -64.194072,
            -31.425793
          ],
          [
            -64.194044,
            -31.425728
          ],
          [
            -64.194016,
            -31.425659
          ],
          [
            -64.194012,
            -31.425649
          ],
          [
            -64.193799,
            -31.425129
          ],
          [
            -64.193794,
            -31.425118
          ],
          [
            -64.193764,
            -31.425045
          ],
          [
            -64.193737,
            -31.424979
          ],
          [
            -64.193732,
            -31.424969
          ],
          [
            -64.193303,
            -31.423935
          ],
          [
            -64.1933,
            -31.423927
          ],
          [
            -64.19328,
            -31.423877
          ],
          [
            -64.193257,
            -31.423821
          ],
          [
            -64.193252,
            -31.423808
          ],
          [
            -64.193046,
            -31.423323
          ],
          [
            -64.19301,
            -31.423229
          ],
          [
            -64.192822,
            -31.422835
          ],
          [
            -64.192817,
            -31.422826
          ],
          [
            -64.192787,
            -31.422763
          ],
          [
            -64.192763,
            -31.42271
          ],
          [
            -64.192758,
            -31.422699
          ],
          [
            -64.192698,
            -31.422564
          ],
          [
            -64.192573,
            -31.422383
          ],
          [
            -64.192455,
            -31.422273
          ],
          [
            -64.192403,
            -31.42223
          ],
          [
            -64.192332,
            -31.42218
          ],
          [
            -64.191757,
            -31.421847
          ],
          [
            -64.191748,
            -31.421842
          ],
          [
            -64.191681,
            -31.421802
          ],
          [
            -64.19163,
            -31.421772
          ],
          [
            -64.191615,
            -31.421762
          ],
          [
            -64.190716,
            -31.421211
          ],
          [
            -64.190627,
            -31.421142
          ],
          [
            -64.190514,
            -31.42103
          ],
          [
            -64.190452,
            -31.420938
          ],
          [
            -64.19044,
            -31.420922
          ],
          [
            -64.190435,
            -31.420913
          ],
          [
            -64.19041,
            -31.420877
          ],
          [
            -64.19039,
            -31.420832
          ],
          [
            -64.190385,
            -31.420821
          ],
          [
            -64.190038,
            -31.420001
          ],
          [
            -64.190031,
            -31.419983
          ],
          [
            -64.190007,
            -31.419899
          ],
          [
            -64.189976,
            -31.419802
          ],
          [
            -64.189956,
            -31.419714
          ],
          [
            -64.189951,
            -31.419695
          ],
          [
            -64.189855,
            -31.419325
          ],
          [
            -64.189817,
            -31.419043
          ],
          [
            -64.18966,
            -31.418461
          ],
          [
            -64.189595,
            -31.418267
          ],
          [
            -64.189097,
            -31.417094
          ],
          [
            -64.189089,
            -31.417076
          ],
          [
            -64.189049,
            -31.417087
          ],
          [
            -64.18777,
            -31.417441
          ],
          [
            -64.187673,
            -31.417469
          ],
          [
            -64.18769,
            -31.41751
          ],
          [
            -64.188184,
            -31.418665
          ],
          [
            -64.188568,
            -31.419564
          ],
          [
            -64.188701,
            -31.419841
          ],
          [
            -64.188713,
            -31.419861
          ],
          [
            -64.188728,
            -31.419891
          ],
          [
            -64.188735,
            -31.419927
          ],
          [
            -64.188737,
            -31.419959
          ],
          [
            -64.188733,
            -31.419976
          ],
          [
            -64.188728,
            -31.419991
          ],
          [
            -64.188709,
            -31.420032
          ],
          [
            -64.188708,
            -31.420086
          ],
          [
            -64.188709,
            -31.420103
          ]
        ]
      }
    },
    {
      "type": "Feature",
      "id": "route-cordoba-2026-08-27-v3-05",
      "properties": {
        "truckId": "vehicle-05",
        "waypointDistancesKm": [
          0,
          3.448048107255545,
          4.112100869263555,
          6.087879153360584,
          10.599143068728647,
          14.043750015442948,
          15.030536935602955,
          21.756266734477922,
          22.610976652578305,
          35.26289101640978
        ]
      },
      "geometry": {
        "type": "LineString",
        "coordinates": [
          [
            -64.188709,
            -31.420109
          ],
          [
            -64.18871,
            -31.420127
          ],
          [
            -64.188717,
            -31.420178
          ],
          [
            -64.188727,
            -31.42023
          ],
          [
            -64.188737,
            -31.420284
          ],
          [
            -64.188734,
            -31.420338
          ],
          [
            -64.188686,
            -31.420476
          ],
          [
            -64.188614,
            -31.420637
          ],
          [
            -64.188602,
            -31.420666
          ],
          [
            -64.188216,
            -31.421509
          ],
          [
            -64.188139,
            -31.421536
          ],
          [
            -64.187971,
            -31.421596
          ],
          [
            -64.187883,
            -31.421621
          ],
          [
            -64.186582,
            -31.422025
          ],
          [
            -64.185253,
            -31.422438
          ],
          [
            -64.184746,
            -31.421253
          ],
          [
            -64.184705,
            -31.421154
          ],
          [
            -64.186053,
            -31.420801
          ],
          [
            -64.186264,
            -31.420749
          ],
          [
            -64.187394,
            -31.420469
          ],
          [
            -64.187439,
            -31.420456
          ],
          [
            -64.187877,
            -31.420332
          ],
          [
            -64.188038,
            -31.420286
          ],
          [
            -64.188169,
            -31.420245
          ],
          [
            -64.188208,
            -31.420233
          ],
          [
            -64.188297,
            -31.420206
          ],
          [
            -64.188431,
            -31.42015
          ],
          [
            -64.188553,
            -31.4201
          ],
          [
            -64.188617,
            -31.420073
          ],
          [
            -64.188664,
            -31.420053
          ],
          [
            -64.188709,
            -31.420032
          ],
          [
            -64.188747,
            -31.420017
          ],
          [
            -64.188791,
            -31.420004
          ],
          [
            -64.188816,
            -31.419999
          ],
          [
            -64.188834,
            -31.419994
          ],
          [
            -64.188873,
            -31.419986
          ],
          [
            -64.188977,
            -31.419966
          ],
          [
            -64.18928,
            -31.419934
          ],
          [
            -64.189473,
            -31.419896
          ],
          [
            -64.189832,
            -31.419802
          ],
          [
            -64.189976,
            -31.419802
          ],
          [
            -64.190263,
            -31.419718
          ],
          [
            -64.191479,
            -31.419398
          ],
          [
            -64.19279,
            -31.419035
          ],
          [
            -64.194047,
            -31.418698
          ],
          [
            -64.195343,
            -31.418339
          ],
          [
            -64.195893,
            -31.418187
          ],
          [
            -64.196665,
            -31.417972
          ],
          [
            -64.197822,
            -31.417657
          ],
          [
            -64.197979,
            -31.417614
          ],
          [
            -64.198433,
            -31.417486
          ],
          [
            -64.198706,
            -31.4174
          ],
          [
            -64.199394,
            -31.417167
          ],
          [
            -64.199011,
            -31.416135
          ],
          [
            -64.198747,
            -31.415458
          ],
          [
            -64.198615,
            -31.41512
          ],
          [
            -64.198305,
            -31.414312
          ],
          [
            -64.197897,
            -31.413168
          ],
          [
            -64.197498,
            -31.412026
          ],
          [
            -64.197087,
            -31.410895
          ],
          [
            -64.198498,
            -31.410478
          ],
          [
            -64.199837,
            -31.410081
          ],
          [
            -64.199376,
            -31.40886
          ],
          [
            -64.198046,
            -31.409258
          ],
          [
            -64.197272,
            -31.409487
          ],
          [
            -64.197217,
            -31.409503
          ],
          [
            -64.196673,
            -31.409666
          ],
          [
            -64.195439,
            -31.41001
          ],
          [
            -64.195287,
            -31.410021
          ],
          [
            -64.195328,
            -31.410135
          ],
          [
            -64.195422,
            -31.410403
          ],
          [
            -64.195702,
            -31.41115
          ],
          [
            -64.195725,
            -31.41121
          ],
          [
            -64.195741,
            -31.411282
          ],
          [
            -64.197087,
            -31.410895
          ],
          [
            -64.198498,
            -31.410478
          ],
          [
            -64.19898,
            -31.410335
          ],
          [
            -64.199837,
            -31.410081
          ],
          [
            -64.20122,
            -31.409672
          ],
          [
            -64.202591,
            -31.409266
          ],
          [
            -64.203904,
            -31.408877
          ],
          [
            -64.204531,
            -31.408692
          ],
          [
            -64.205077,
            -31.40853
          ],
          [
            -64.20514,
            -31.408512
          ],
          [
            -64.205719,
            -31.408343
          ],
          [
            -64.206288,
            -31.408177
          ],
          [
            -64.206855,
            -31.408012
          ],
          [
            -64.207029,
            -31.407952
          ],
          [
            -64.207113,
            -31.407911
          ],
          [
            -64.207166,
            -31.407865
          ],
          [
            -64.207258,
            -31.40773
          ],
          [
            -64.207292,
            -31.407709
          ],
          [
            -64.208539,
            -31.407343
          ],
          [
            -64.209667,
            -31.406998
          ],
          [
            -64.210802,
            -31.406643
          ],
          [
            -64.211932,
            -31.40629
          ],
          [
            -64.212442,
            -31.40613
          ],
          [
            -64.213071,
            -31.405933
          ],
          [
            -64.214201,
            -31.405572
          ],
          [
            -64.21462,
            -31.406512
          ],
          [
            -64.215051,
            -31.407516
          ],
          [
            -64.215455,
            -31.408457
          ],
          [
            -64.214567,
            -31.408739
          ],
          [
            -64.214318,
            -31.408818
          ],
          [
            -64.213916,
            -31.407879
          ],
          [
            -64.213484,
            -31.406875
          ],
          [
            -64.213071,
            -31.405933
          ],
          [
            -64.21266,
            -31.404938
          ],
          [
            -64.212627,
            -31.404861
          ],
          [
            -64.212146,
            -31.403766
          ],
          [
            -64.211741,
            -31.402819
          ],
          [
            -64.211621,
            -31.402549
          ],
          [
            -64.211475,
            -31.4022
          ],
          [
            -64.211378,
            -31.401969
          ],
          [
            -64.21132,
            -31.401832
          ],
          [
            -64.210907,
            -31.400867
          ],
          [
            -64.210745,
            -31.400483
          ],
          [
            -64.210734,
            -31.400461
          ],
          [
            -64.210485,
            -31.399877
          ],
          [
            -64.21006,
            -31.398886
          ],
          [
            -64.209652,
            -31.397937
          ],
          [
            -64.209192,
            -31.396975
          ],
          [
            -64.209117,
            -31.396794
          ],
          [
            -64.209107,
            -31.396719
          ],
          [
            -64.209115,
            -31.396631
          ],
          [
            -64.209143,
            -31.396554
          ],
          [
            -64.209172,
            -31.396497
          ],
          [
            -64.209376,
            -31.396204
          ],
          [
            -64.209741,
            -31.395707
          ],
          [
            -64.209889,
            -31.395511
          ],
          [
            -64.209963,
            -31.395413
          ],
          [
            -64.21019,
            -31.395113
          ],
          [
            -64.210592,
            -31.39455
          ],
          [
            -64.210697,
            -31.394401
          ],
          [
            -64.210874,
            -31.394157
          ],
          [
            -64.210979,
            -31.394014
          ],
          [
            -64.211484,
            -31.393285
          ],
          [
            -64.211771,
            -31.392803
          ],
          [
            -64.211782,
            -31.392709
          ],
          [
            -64.211821,
            -31.392612
          ],
          [
            -64.211838,
            -31.392573
          ],
          [
            -64.211908,
            -31.39249
          ],
          [
            -64.212006,
            -31.392371
          ],
          [
            -64.212049,
            -31.392325
          ],
          [
            -64.212175,
            -31.392226
          ],
          [
            -64.212203,
            -31.392204
          ],
          [
            -64.212908,
            -31.391536
          ],
          [
            -64.212912,
            -31.391532
          ],
          [
            -64.212956,
            -31.391487
          ],
          [
            -64.213016,
            -31.391431
          ],
          [
            -64.213771,
            -31.390726
          ],
          [
            -64.214088,
            -31.390424
          ],
          [
            -64.214845,
            -31.389703
          ],
          [
            -64.215044,
            -31.38951
          ],
          [
            -64.215896,
            -31.388714
          ],
          [
            -64.216454,
            -31.388181
          ],
          [
            -64.216835,
            -31.387823
          ],
          [
            -64.216942,
            -31.387722
          ],
          [
            -64.217704,
            -31.38702
          ],
          [
            -64.21796,
            -31.386792
          ],
          [
            -64.218707,
            -31.386127
          ],
          [
            -64.219055,
            -31.385819
          ],
          [
            -64.219268,
            -31.385642
          ],
          [
            -64.219465,
            -31.3855
          ],
          [
            -64.21995,
            -31.385093
          ],
          [
            -64.220121,
            -31.384959
          ],
          [
            -64.221205,
            -31.384115
          ],
          [
            -64.221414,
            -31.383953
          ],
          [
            -64.22146,
            -31.383918
          ],
          [
            -64.221651,
            -31.383771
          ],
          [
            -64.221951,
            -31.383551
          ],
          [
            -64.222326,
            -31.383295
          ],
          [
            -64.222418,
            -31.383233
          ],
          [
            -64.22253,
            -31.383155
          ],
          [
            -64.223075,
            -31.38281
          ],
          [
            -64.223306,
            -31.382627
          ],
          [
            -64.223375,
            -31.382552
          ],
          [
            -64.223434,
            -31.382476
          ],
          [
            -64.223475,
            -31.382414
          ],
          [
            -64.223528,
            -31.382309
          ],
          [
            -64.223552,
            -31.38225
          ],
          [
            -64.223574,
            -31.382182
          ],
          [
            -64.223594,
            -31.382105
          ],
          [
            -64.223621,
            -31.381974
          ],
          [
            -64.223644,
            -31.381773
          ],
          [
            -64.223642,
            -31.381678
          ],
          [
            -64.223629,
            -31.381595
          ],
          [
            -64.223604,
            -31.381521
          ],
          [
            -64.223564,
            -31.381438
          ],
          [
            -64.223521,
            -31.381362
          ],
          [
            -64.223469,
            -31.381274
          ],
          [
            -64.223385,
            -31.381166
          ],
          [
            -64.223159,
            -31.380895
          ],
          [
            -64.223107,
            -31.380821
          ],
          [
            -64.22307,
            -31.380755
          ],
          [
            -64.223044,
            -31.380698
          ],
          [
            -64.223032,
            -31.380655
          ],
          [
            -64.22302,
            -31.380599
          ],
          [
            -64.223004,
            -31.380488
          ],
          [
            -64.222997,
            -31.380344
          ],
          [
            -64.223002,
            -31.380257
          ],
          [
            -64.223018,
            -31.380141
          ],
          [
            -64.223044,
            -31.380049
          ],
          [
            -64.223077,
            -31.379971
          ],
          [
            -64.223111,
            -31.379907
          ],
          [
            -64.223164,
            -31.379822
          ],
          [
            -64.223237,
            -31.379725
          ],
          [
            -64.223546,
            -31.379347
          ],
          [
            -64.223579,
            -31.379503
          ],
          [
            -64.223298,
            -31.379825
          ],
          [
            -64.223251,
            -31.37989
          ],
          [
            -64.223206,
            -31.379966
          ],
          [
            -64.223168,
            -31.380058
          ],
          [
            -64.223136,
            -31.380167
          ],
          [
            -64.223118,
            -31.380304
          ],
          [
            -64.223117,
            -31.380377
          ],
          [
            -64.22312,
            -31.380454
          ],
          [
            -64.223134,
            -31.380543
          ],
          [
            -64.223158,
            -31.380648
          ],
          [
            -64.223186,
            -31.380723
          ],
          [
            -64.22322,
            -31.380793
          ],
          [
            -64.22327,
            -31.380873
          ],
          [
            -64.223322,
            -31.380939
          ],
          [
            -64.2235,
            -31.381154
          ],
          [
            -64.223579,
            -31.381254
          ],
          [
            -64.223629,
            -31.381331
          ],
          [
            -64.223661,
            -31.381395
          ],
          [
            -64.223706,
            -31.38149
          ],
          [
            -64.223738,
            -31.381586
          ],
          [
            -64.22375,
            -31.381658
          ],
          [
            -64.223756,
            -31.381755
          ],
          [
            -64.22375,
            -31.381837
          ],
          [
            -64.223742,
            -31.381923
          ],
          [
            -64.223723,
            -31.382067
          ],
          [
            -64.223704,
            -31.382144
          ],
          [
            -64.223684,
            -31.382221
          ],
          [
            -64.223652,
            -31.382315
          ],
          [
            -64.223632,
            -31.382555
          ],
          [
            -64.223645,
            -31.38265
          ],
          [
            -64.223624,
            -31.38272
          ],
          [
            -64.223607,
            -31.382799
          ],
          [
            -64.223614,
            -31.382863
          ],
          [
            -64.223626,
            -31.38294
          ],
          [
            -64.223654,
            -31.383002
          ],
          [
            -64.223706,
            -31.383078
          ],
          [
            -64.223733,
            -31.383126
          ],
          [
            -64.224087,
            -31.383544
          ],
          [
            -64.224407,
            -31.38392
          ],
          [
            -64.224429,
            -31.383947
          ],
          [
            -64.224464,
            -31.383989
          ],
          [
            -64.224696,
            -31.384262
          ],
          [
            -64.224904,
            -31.384508
          ],
          [
            -64.22491,
            -31.384515
          ],
          [
            -64.225204,
            -31.384846
          ],
          [
            -64.225266,
            -31.384914
          ],
          [
            -64.225424,
            -31.385087
          ],
          [
            -64.225473,
            -31.385145
          ],
          [
            -64.22602,
            -31.385747
          ],
          [
            -64.226468,
            -31.386247
          ],
          [
            -64.226528,
            -31.386298
          ],
          [
            -64.226632,
            -31.386362
          ],
          [
            -64.227534,
            -31.386801
          ],
          [
            -64.227699,
            -31.386894
          ],
          [
            -64.227792,
            -31.386953
          ],
          [
            -64.22785,
            -31.387009
          ],
          [
            -64.228023,
            -31.387237
          ],
          [
            -64.22822,
            -31.387503
          ],
          [
            -64.22828,
            -31.387573
          ],
          [
            -64.228327,
            -31.387618
          ],
          [
            -64.2284,
            -31.387676
          ],
          [
            -64.228464,
            -31.387716
          ],
          [
            -64.228553,
            -31.387762
          ],
          [
            -64.229098,
            -31.388029
          ],
          [
            -64.229291,
            -31.388116
          ],
          [
            -64.230509,
            -31.3887
          ],
          [
            -64.231514,
            -31.389171
          ],
          [
            -64.231888,
            -31.389351
          ],
          [
            -64.231995,
            -31.389405
          ],
          [
            -64.232089,
            -31.389462
          ],
          [
            -64.232181,
            -31.389531
          ],
          [
            -64.232292,
            -31.389633
          ],
          [
            -64.23237,
            -31.389733
          ],
          [
            -64.232438,
            -31.389822
          ],
          [
            -64.232534,
            -31.389975
          ],
          [
            -64.232573,
            -31.390049
          ],
          [
            -64.232603,
            -31.39012
          ],
          [
            -64.232606,
            -31.390128
          ],
          [
            -64.232645,
            -31.390248
          ],
          [
            -64.232728,
            -31.390601
          ],
          [
            -64.232739,
            -31.390643
          ],
          [
            -64.232942,
            -31.391619
          ],
          [
            -64.232956,
            -31.391684
          ],
          [
            -64.232969,
            -31.39175
          ],
          [
            -64.233026,
            -31.392032
          ],
          [
            -64.233048,
            -31.392142
          ],
          [
            -64.233058,
            -31.392194
          ],
          [
            -64.233076,
            -31.392251
          ],
          [
            -64.233108,
            -31.392327
          ],
          [
            -64.233129,
            -31.392371
          ],
          [
            -64.233268,
            -31.392663
          ],
          [
            -64.233513,
            -31.393165
          ],
          [
            -64.233559,
            -31.39318
          ],
          [
            -64.233794,
            -31.393672
          ],
          [
            -64.234225,
            -31.394573
          ],
          [
            -64.235749,
            -31.39404
          ],
          [
            -64.236219,
            -31.395023
          ],
          [
            -64.237343,
            -31.394656
          ],
          [
            -64.238466,
            -31.394257
          ],
          [
            -64.239559,
            -31.393855
          ],
          [
            -64.24069,
            -31.393456
          ],
          [
            -64.242137,
            -31.392939
          ],
          [
            -64.243999,
            -31.392252
          ],
          [
            -64.245508,
            -31.391714
          ],
          [
            -64.246392,
            -31.391393
          ],
          [
            -64.246685,
            -31.391287
          ],
          [
            -64.246895,
            -31.391212
          ],
          [
            -64.248557,
            -31.390604
          ],
          [
            -64.24886,
            -31.391207
          ],
          [
            -64.24989,
            -31.390845
          ],
          [
            -64.250582,
            -31.390593
          ],
          [
            -64.250545,
            -31.389994
          ],
          [
            -64.250582,
            -31.390593
          ],
          [
            -64.250707,
            -31.390853
          ],
          [
            -64.250893,
            -31.391233
          ],
          [
            -64.251189,
            -31.39183
          ],
          [
            -64.251665,
            -31.391658
          ],
          [
            -64.251684,
            -31.391651
          ],
          [
            -64.251758,
            -31.391625
          ],
          [
            -64.25187,
            -31.391584
          ],
          [
            -64.251819,
            -31.391373
          ],
          [
            -64.251816,
            -31.391269
          ],
          [
            -64.251831,
            -31.391191
          ],
          [
            -64.251992,
            -31.390775
          ],
          [
            -64.252007,
            -31.390697
          ],
          [
            -64.251996,
            -31.390503
          ],
          [
            -64.251999,
            -31.390392
          ],
          [
            -64.252028,
            -31.39035
          ],
          [
            -64.252139,
            -31.390271
          ],
          [
            -64.252201,
            -31.390223
          ],
          [
            -64.252241,
            -31.390209
          ],
          [
            -64.2523,
            -31.390208
          ],
          [
            -64.2524,
            -31.390229
          ],
          [
            -64.252502,
            -31.390268
          ],
          [
            -64.252596,
            -31.390307
          ],
          [
            -64.25265,
            -31.390362
          ],
          [
            -64.25309,
            -31.390221
          ],
          [
            -64.252985,
            -31.390006
          ],
          [
            -64.252723,
            -31.389465
          ],
          [
            -64.252602,
            -31.389224
          ],
          [
            -64.252327,
            -31.388669
          ],
          [
            -64.252071,
            -31.388137
          ],
          [
            -64.251996,
            -31.387988
          ],
          [
            -64.251876,
            -31.387747
          ],
          [
            -64.251169,
            -31.38802
          ],
          [
            -64.251039,
            -31.387761
          ],
          [
            -64.251169,
            -31.38802
          ],
          [
            -64.251272,
            -31.38798
          ],
          [
            -64.251876,
            -31.387747
          ],
          [
            -64.251829,
            -31.387653
          ],
          [
            -64.25157,
            -31.387134
          ],
          [
            -64.251307,
            -31.386607
          ],
          [
            -64.251037,
            -31.386066
          ],
          [
            -64.250781,
            -31.385574
          ],
          [
            -64.250701,
            -31.385391
          ],
          [
            -64.250443,
            -31.385029
          ],
          [
            -64.250365,
            -31.384946
          ],
          [
            -64.250285,
            -31.384871
          ],
          [
            -64.250246,
            -31.384844
          ],
          [
            -64.250171,
            -31.384792
          ],
          [
            -64.250087,
            -31.384812
          ],
          [
            -64.25,
            -31.384807
          ],
          [
            -64.249947,
            -31.384787
          ],
          [
            -64.249804,
            -31.384793
          ],
          [
            -64.249696,
            -31.384817
          ],
          [
            -64.24954,
            -31.384867
          ],
          [
            -64.249374,
            -31.38491
          ],
          [
            -64.249225,
            -31.384932
          ],
          [
            -64.248894,
            -31.384968
          ],
          [
            -64.248819,
            -31.384981
          ],
          [
            -64.248688,
            -31.385019
          ],
          [
            -64.248646,
            -31.385062
          ],
          [
            -64.248593,
            -31.385095
          ],
          [
            -64.248543,
            -31.385111
          ],
          [
            -64.248491,
            -31.385119
          ],
          [
            -64.248437,
            -31.385117
          ],
          [
            -64.248386,
            -31.385106
          ],
          [
            -64.248339,
            -31.385085
          ],
          [
            -64.248305,
            -31.385063
          ],
          [
            -64.248276,
            -31.385035
          ],
          [
            -64.248253,
            -31.385005
          ],
          [
            -64.248237,
            -31.384971
          ],
          [
            -64.248227,
            -31.384935
          ],
          [
            -64.248225,
            -31.384899
          ],
          [
            -64.248231,
            -31.384859
          ],
          [
            -64.248194,
            -31.384762
          ],
          [
            -64.248161,
            -31.384705
          ],
          [
            -64.248153,
            -31.384694
          ],
          [
            -64.247914,
            -31.38436
          ],
          [
            -64.247836,
            -31.384243
          ],
          [
            -64.247137,
            -31.383285
          ],
          [
            -64.246762,
            -31.382804
          ],
          [
            -64.246499,
            -31.382471
          ],
          [
            -64.246297,
            -31.382208
          ],
          [
            -64.245961,
            -31.381777
          ],
          [
            -64.245277,
            -31.380915
          ],
          [
            -64.244867,
            -31.380404
          ],
          [
            -64.24446,
            -31.37986
          ],
          [
            -64.244367,
            -31.379748
          ],
          [
            -64.244215,
            -31.37955
          ],
          [
            -64.244812,
            -31.379219
          ],
          [
            -64.245352,
            -31.378907
          ],
          [
            -64.245898,
            -31.378598
          ],
          [
            -64.246445,
            -31.378283
          ],
          [
            -64.246966,
            -31.377976
          ],
          [
            -64.24724,
            -31.377819
          ],
          [
            -64.24736,
            -31.377746
          ],
          [
            -64.24767,
            -31.377571
          ],
          [
            -64.24775,
            -31.377525
          ],
          [
            -64.24817,
            -31.377286
          ],
          [
            -64.248965,
            -31.376836
          ],
          [
            -64.248991,
            -31.376785
          ],
          [
            -64.249006,
            -31.376723
          ],
          [
            -64.249004,
            -31.37665
          ],
          [
            -64.248982,
            -31.376223
          ],
          [
            -64.24897,
            -31.376124
          ],
          [
            -64.248952,
            -31.376001
          ],
          [
            -64.248904,
            -31.375846
          ],
          [
            -64.248822,
            -31.375629
          ],
          [
            -64.248797,
            -31.375599
          ],
          [
            -64.248766,
            -31.37557
          ],
          [
            -64.248772,
            -31.375487
          ],
          [
            -64.248777,
            -31.375448
          ],
          [
            -64.248829,
            -31.374711
          ],
          [
            -64.248836,
            -31.374514
          ],
          [
            -64.248836,
            -31.374384
          ],
          [
            -64.248848,
            -31.374287
          ],
          [
            -64.248861,
            -31.374221
          ],
          [
            -64.248884,
            -31.37416
          ],
          [
            -64.248898,
            -31.374129
          ],
          [
            -64.2489,
            -31.374002
          ],
          [
            -64.248895,
            -31.373923
          ],
          [
            -64.248877,
            -31.373852
          ],
          [
            -64.248859,
            -31.373831
          ],
          [
            -64.248846,
            -31.373807
          ],
          [
            -64.248839,
            -31.373789
          ],
          [
            -64.248835,
            -31.37377
          ],
          [
            -64.248833,
            -31.37375
          ],
          [
            -64.248835,
            -31.373731
          ],
          [
            -64.248844,
            -31.373695
          ],
          [
            -64.248853,
            -31.373677
          ],
          [
            -64.248865,
            -31.373659
          ],
          [
            -64.248884,
            -31.373639
          ],
          [
            -64.248906,
            -31.373622
          ],
          [
            -64.248931,
            -31.373607
          ],
          [
            -64.248964,
            -31.373595
          ],
          [
            -64.248998,
            -31.373589
          ],
          [
            -64.249034,
            -31.373588
          ],
          [
            -64.249207,
            -31.373532
          ],
          [
            -64.249313,
            -31.373495
          ],
          [
            -64.249459,
            -31.373434
          ],
          [
            -64.249599,
            -31.373329
          ],
          [
            -64.249737,
            -31.373202
          ],
          [
            -64.249965,
            -31.372976
          ],
          [
            -64.250134,
            -31.3728
          ],
          [
            -64.250193,
            -31.37272
          ],
          [
            -64.250221,
            -31.372676
          ],
          [
            -64.25024,
            -31.372628
          ],
          [
            -64.250264,
            -31.37251
          ],
          [
            -64.250249,
            -31.372478
          ],
          [
            -64.250241,
            -31.372444
          ],
          [
            -64.25024,
            -31.372405
          ],
          [
            -64.250248,
            -31.372366
          ],
          [
            -64.250264,
            -31.37233
          ],
          [
            -64.250289,
            -31.372296
          ],
          [
            -64.25032,
            -31.372268
          ],
          [
            -64.25036,
            -31.372243
          ],
          [
            -64.250404,
            -31.372226
          ],
          [
            -64.250452,
            -31.372217
          ],
          [
            -64.250527,
            -31.372177
          ],
          [
            -64.250584,
            -31.372133
          ],
          [
            -64.250622,
            -31.372085
          ],
          [
            -64.250639,
            -31.372052
          ],
          [
            -64.250657,
            -31.372014
          ],
          [
            -64.250667,
            -31.371978
          ],
          [
            -64.250671,
            -31.371932
          ],
          [
            -64.250672,
            -31.37189
          ],
          [
            -64.250669,
            -31.371835
          ],
          [
            -64.250666,
            -31.371764
          ],
          [
            -64.250652,
            -31.371692
          ],
          [
            -64.250605,
            -31.371623
          ],
          [
            -64.250559,
            -31.371542
          ],
          [
            -64.250529,
            -31.371481
          ],
          [
            -64.250481,
            -31.371375
          ],
          [
            -64.250412,
            -31.371203
          ],
          [
            -64.250349,
            -31.371029
          ],
          [
            -64.250308,
            -31.37089
          ],
          [
            -64.250279,
            -31.370764
          ],
          [
            -64.250255,
            -31.370661
          ],
          [
            -64.250239,
            -31.370575
          ],
          [
            -64.250221,
            -31.370442
          ],
          [
            -64.250209,
            -31.370328
          ],
          [
            -64.250201,
            -31.370229
          ],
          [
            -64.250195,
            -31.370082
          ],
          [
            -64.250198,
            -31.369992
          ],
          [
            -64.25021,
            -31.369904
          ],
          [
            -64.250234,
            -31.369817
          ],
          [
            -64.250269,
            -31.369736
          ],
          [
            -64.250325,
            -31.369639
          ],
          [
            -64.25038,
            -31.369575
          ],
          [
            -64.250409,
            -31.369463
          ],
          [
            -64.250419,
            -31.369396
          ],
          [
            -64.250423,
            -31.369346
          ],
          [
            -64.25042,
            -31.369297
          ],
          [
            -64.250409,
            -31.369244
          ],
          [
            -64.250394,
            -31.369198
          ],
          [
            -64.25037,
            -31.369153
          ],
          [
            -64.250344,
            -31.369115
          ],
          [
            -64.250187,
            -31.368911
          ],
          [
            -64.250112,
            -31.368816
          ],
          [
            -64.250074,
            -31.368761
          ],
          [
            -64.250047,
            -31.368715
          ],
          [
            -64.250026,
            -31.36867
          ],
          [
            -64.250011,
            -31.368623
          ],
          [
            -64.249999,
            -31.368573
          ],
          [
            -64.249994,
            -31.368523
          ],
          [
            -64.249993,
            -31.368461
          ],
          [
            -64.249998,
            -31.368398
          ],
          [
            -64.250003,
            -31.368293
          ],
          [
            -64.250011,
            -31.368201
          ],
          [
            -64.250024,
            -31.368108
          ],
          [
            -64.250034,
            -31.368042
          ],
          [
            -64.250038,
            -31.36798
          ],
          [
            -64.250038,
            -31.367924
          ],
          [
            -64.250033,
            -31.367872
          ],
          [
            -64.250022,
            -31.367797
          ],
          [
            -64.250007,
            -31.367738
          ],
          [
            -64.249993,
            -31.367689
          ],
          [
            -64.249955,
            -31.367588
          ],
          [
            -64.249928,
            -31.367531
          ],
          [
            -64.249888,
            -31.367452
          ],
          [
            -64.249796,
            -31.36729
          ],
          [
            -64.249706,
            -31.367135
          ],
          [
            -64.249571,
            -31.3669
          ],
          [
            -64.249424,
            -31.366644
          ],
          [
            -64.249355,
            -31.366529
          ],
          [
            -64.249292,
            -31.366421
          ],
          [
            -64.249239,
            -31.366328
          ],
          [
            -64.249192,
            -31.366249
          ],
          [
            -64.249149,
            -31.36618
          ],
          [
            -64.249118,
            -31.366134
          ],
          [
            -64.249058,
            -31.366052
          ],
          [
            -64.248958,
            -31.36593
          ],
          [
            -64.248755,
            -31.365615
          ],
          [
            -64.248575,
            -31.365443
          ],
          [
            -64.248389,
            -31.365274
          ],
          [
            -64.248248,
            -31.365154
          ],
          [
            -64.248074,
            -31.365017
          ],
          [
            -64.247868,
            -31.364863
          ],
          [
            -64.247663,
            -31.364721
          ],
          [
            -64.247435,
            -31.364569
          ],
          [
            -64.247254,
            -31.364462
          ],
          [
            -64.247044,
            -31.364344
          ],
          [
            -64.246828,
            -31.364229
          ],
          [
            -64.246553,
            -31.364093
          ],
          [
            -64.246314,
            -31.363982
          ],
          [
            -64.246072,
            -31.363876
          ],
          [
            -64.245805,
            -31.363766
          ],
          [
            -64.245559,
            -31.363665
          ],
          [
            -64.245321,
            -31.36357
          ],
          [
            -64.244865,
            -31.363386
          ],
          [
            -64.24458,
            -31.363268
          ],
          [
            -64.244343,
            -31.363155
          ],
          [
            -64.244155,
            -31.363058
          ],
          [
            -64.243915,
            -31.36293
          ],
          [
            -64.243707,
            -31.362814
          ],
          [
            -64.243528,
            -31.362708
          ],
          [
            -64.243369,
            -31.362603
          ],
          [
            -64.243224,
            -31.362509
          ],
          [
            -64.243023,
            -31.362368
          ],
          [
            -64.242534,
            -31.362082
          ],
          [
            -64.242406,
            -31.361976
          ],
          [
            -64.242262,
            -31.361849
          ],
          [
            -64.242137,
            -31.361733
          ],
          [
            -64.241989,
            -31.361587
          ],
          [
            -64.241885,
            -31.361481
          ],
          [
            -64.241774,
            -31.361363
          ],
          [
            -64.241578,
            -31.361178
          ],
          [
            -64.241468,
            -31.361069
          ],
          [
            -64.24135,
            -31.360946
          ],
          [
            -64.241253,
            -31.360849
          ],
          [
            -64.241188,
            -31.360776
          ],
          [
            -64.241135,
            -31.360711
          ],
          [
            -64.241087,
            -31.360651
          ],
          [
            -64.241031,
            -31.360575
          ],
          [
            -64.240972,
            -31.360486
          ],
          [
            -64.240915,
            -31.360396
          ],
          [
            -64.24087,
            -31.360318
          ],
          [
            -64.240827,
            -31.36023
          ],
          [
            -64.240614,
            -31.359798
          ],
          [
            -64.240393,
            -31.359368
          ],
          [
            -64.240244,
            -31.359076
          ],
          [
            -64.240222,
            -31.359026
          ],
          [
            -64.24021,
            -31.358988
          ],
          [
            -64.240203,
            -31.358945
          ],
          [
            -64.240202,
            -31.358905
          ],
          [
            -64.240205,
            -31.358866
          ],
          [
            -64.240217,
            -31.358814
          ],
          [
            -64.24024,
            -31.358735
          ],
          [
            -64.240271,
            -31.358654
          ],
          [
            -64.240285,
            -31.358597
          ],
          [
            -64.240291,
            -31.35856
          ],
          [
            -64.240289,
            -31.358529
          ],
          [
            -64.240277,
            -31.358502
          ],
          [
            -64.240258,
            -31.358475
          ],
          [
            -64.240238,
            -31.358454
          ],
          [
            -64.240204,
            -31.35843
          ],
          [
            -64.240156,
            -31.358406
          ],
          [
            -64.240101,
            -31.358383
          ],
          [
            -64.239978,
            -31.358334
          ],
          [
            -64.239925,
            -31.358329
          ],
          [
            -64.23987,
            -31.358319
          ],
          [
            -64.239816,
            -31.3583
          ],
          [
            -64.239769,
            -31.358275
          ],
          [
            -64.239729,
            -31.358244
          ],
          [
            -64.23969,
            -31.358206
          ],
          [
            -64.239655,
            -31.358161
          ],
          [
            -64.239637,
            -31.35813
          ],
          [
            -64.239614,
            -31.358067
          ],
          [
            -64.23961,
            -31.358034
          ],
          [
            -64.239608,
            -31.357987
          ],
          [
            -64.239612,
            -31.357942
          ],
          [
            -64.239623,
            -31.357897
          ],
          [
            -64.239638,
            -31.357862
          ],
          [
            -64.239644,
            -31.357851
          ],
          [
            -64.239662,
            -31.357823
          ],
          [
            -64.239682,
            -31.357798
          ],
          [
            -64.239721,
            -31.357762
          ],
          [
            -64.239765,
            -31.357732
          ],
          [
            -64.239813,
            -31.357709
          ],
          [
            -64.239861,
            -31.357689
          ],
          [
            -64.239908,
            -31.357675
          ],
          [
            -64.239964,
            -31.357668
          ],
          [
            -64.240024,
            -31.357665
          ],
          [
            -64.24008,
            -31.357669
          ],
          [
            -64.240149,
            -31.357684
          ],
          [
            -64.240196,
            -31.357705
          ],
          [
            -64.24024,
            -31.35773
          ],
          [
            -64.240298,
            -31.357745
          ],
          [
            -64.240344,
            -31.357755
          ],
          [
            -64.240391,
            -31.357755
          ],
          [
            -64.240436,
            -31.357751
          ],
          [
            -64.240479,
            -31.357742
          ],
          [
            -64.240531,
            -31.357724
          ],
          [
            -64.240575,
            -31.35769
          ],
          [
            -64.240636,
            -31.35763
          ],
          [
            -64.240701,
            -31.357562
          ],
          [
            -64.24074,
            -31.357526
          ],
          [
            -64.240936,
            -31.357344
          ],
          [
            -64.241168,
            -31.357126
          ],
          [
            -64.241282,
            -31.357022
          ],
          [
            -64.241553,
            -31.356776
          ],
          [
            -64.241793,
            -31.356556
          ],
          [
            -64.241936,
            -31.35644
          ],
          [
            -64.242053,
            -31.356366
          ],
          [
            -64.242193,
            -31.356281
          ],
          [
            -64.242498,
            -31.35598
          ],
          [
            -64.242602,
            -31.355881
          ],
          [
            -64.243028,
            -31.355483
          ],
          [
            -64.243639,
            -31.354913
          ],
          [
            -64.243695,
            -31.354861
          ],
          [
            -64.243815,
            -31.354757
          ],
          [
            -64.243957,
            -31.354618
          ],
          [
            -64.244344,
            -31.354252
          ],
          [
            -64.244773,
            -31.353851
          ],
          [
            -64.245078,
            -31.353564
          ],
          [
            -64.245382,
            -31.353279
          ],
          [
            -64.246053,
            -31.352663
          ],
          [
            -64.246399,
            -31.352336
          ],
          [
            -64.246677,
            -31.352081
          ],
          [
            -64.246823,
            -31.351945
          ],
          [
            -64.246927,
            -31.351849
          ],
          [
            -64.247033,
            -31.351737
          ],
          [
            -64.247125,
            -31.351641
          ],
          [
            -64.247283,
            -31.351471
          ],
          [
            -64.247344,
            -31.3514
          ],
          [
            -64.247425,
            -31.351304
          ],
          [
            -64.247365,
            -31.351238
          ],
          [
            -64.246983,
            -31.35082
          ],
          [
            -64.246826,
            -31.350633
          ],
          [
            -64.246629,
            -31.350405
          ],
          [
            -64.2462,
            -31.349902
          ],
          [
            -64.245509,
            -31.349106
          ],
          [
            -64.245235,
            -31.348789
          ],
          [
            -64.244353,
            -31.347762
          ],
          [
            -64.244272,
            -31.347672
          ],
          [
            -64.244226,
            -31.347617
          ],
          [
            -64.24417,
            -31.34755
          ],
          [
            -64.244106,
            -31.347477
          ],
          [
            -64.243032,
            -31.346319
          ],
          [
            -64.242521,
            -31.345794
          ],
          [
            -64.241951,
            -31.345192
          ],
          [
            -64.241217,
            -31.345743
          ],
          [
            -64.241069,
            -31.345854
          ],
          [
            -64.241074,
            -31.345445
          ],
          [
            -64.241068,
            -31.344982
          ],
          [
            -64.24107,
            -31.344746
          ],
          [
            -64.241075,
            -31.343898
          ],
          [
            -64.240394,
            -31.343898
          ],
          [
            -64.240396,
            -31.343353
          ],
          [
            -64.240969,
            -31.343359
          ],
          [
            -64.241929,
            -31.343361
          ],
          [
            -64.242514,
            -31.343358
          ],
          [
            -64.243472,
            -31.343355
          ],
          [
            -64.244313,
            -31.343353
          ],
          [
            -64.244409,
            -31.34329
          ],
          [
            -64.245478,
            -31.342582
          ],
          [
            -64.245194,
            -31.342257
          ],
          [
            -64.245074,
            -31.34212
          ],
          [
            -64.244701,
            -31.341695
          ],
          [
            -64.244699,
            -31.341693
          ],
          [
            -64.243658,
            -31.342382
          ],
          [
            -64.244022,
            -31.342816
          ],
          [
            -64.244409,
            -31.34329
          ],
          [
            -64.244458,
            -31.343351
          ],
          [
            -64.244313,
            -31.343353
          ],
          [
            -64.243472,
            -31.343355
          ],
          [
            -64.242514,
            -31.343358
          ],
          [
            -64.241929,
            -31.343361
          ],
          [
            -64.241887,
            -31.345015
          ],
          [
            -64.2419,
            -31.34508
          ],
          [
            -64.241913,
            -31.345122
          ],
          [
            -64.241951,
            -31.345192
          ],
          [
            -64.242521,
            -31.345794
          ],
          [
            -64.243032,
            -31.346319
          ],
          [
            -64.244106,
            -31.347477
          ],
          [
            -64.24417,
            -31.34755
          ],
          [
            -64.244226,
            -31.347617
          ],
          [
            -64.244272,
            -31.347672
          ],
          [
            -64.244353,
            -31.347762
          ],
          [
            -64.245235,
            -31.348789
          ],
          [
            -64.245509,
            -31.349106
          ],
          [
            -64.2462,
            -31.349902
          ],
          [
            -64.246629,
            -31.350405
          ],
          [
            -64.246826,
            -31.350633
          ],
          [
            -64.246983,
            -31.35082
          ],
          [
            -64.247365,
            -31.351238
          ],
          [
            -64.247425,
            -31.351304
          ],
          [
            -64.247439,
            -31.35133
          ],
          [
            -64.24745,
            -31.351359
          ],
          [
            -64.247456,
            -31.35139
          ],
          [
            -64.247454,
            -31.351429
          ],
          [
            -64.24742,
            -31.351471
          ],
          [
            -64.247309,
            -31.351604
          ],
          [
            -64.247057,
            -31.351881
          ],
          [
            -64.246933,
            -31.352005
          ],
          [
            -64.24674,
            -31.352181
          ],
          [
            -64.246379,
            -31.352496
          ],
          [
            -64.245791,
            -31.353048
          ],
          [
            -64.24519,
            -31.353608
          ],
          [
            -64.244421,
            -31.354332
          ],
          [
            -64.244327,
            -31.35442
          ],
          [
            -64.244028,
            -31.354702
          ],
          [
            -64.243902,
            -31.354823
          ],
          [
            -64.243706,
            -31.355001
          ],
          [
            -64.243399,
            -31.35529
          ],
          [
            -64.243116,
            -31.355563
          ],
          [
            -64.242677,
            -31.355961
          ],
          [
            -64.242583,
            -31.356044
          ],
          [
            -64.242244,
            -31.356342
          ],
          [
            -64.241554,
            -31.356956
          ],
          [
            -64.241395,
            -31.3571
          ],
          [
            -64.241234,
            -31.357245
          ],
          [
            -64.2411,
            -31.357365
          ],
          [
            -64.240968,
            -31.357486
          ],
          [
            -64.23993,
            -31.358431
          ],
          [
            -64.239787,
            -31.358564
          ],
          [
            -64.239648,
            -31.358696
          ],
          [
            -64.239535,
            -31.358804
          ],
          [
            -64.23943,
            -31.358918
          ],
          [
            -64.239343,
            -31.35902
          ],
          [
            -64.239294,
            -31.35908
          ],
          [
            -64.239231,
            -31.359159
          ],
          [
            -64.239171,
            -31.359244
          ],
          [
            -64.239076,
            -31.35939
          ],
          [
            -64.239005,
            -31.359511
          ],
          [
            -64.238828,
            -31.35982
          ],
          [
            -64.238621,
            -31.360211
          ],
          [
            -64.238462,
            -31.360519
          ],
          [
            -64.23811,
            -31.361173
          ],
          [
            -64.238015,
            -31.361352
          ],
          [
            -64.237931,
            -31.361498
          ],
          [
            -64.237869,
            -31.361606
          ],
          [
            -64.237506,
            -31.362308
          ],
          [
            -64.237442,
            -31.362422
          ],
          [
            -64.237373,
            -31.362538
          ],
          [
            -64.237296,
            -31.362662
          ],
          [
            -64.237176,
            -31.362849
          ],
          [
            -64.237147,
            -31.362893
          ],
          [
            -64.236907,
            -31.363265
          ],
          [
            -64.236875,
            -31.363313
          ],
          [
            -64.236361,
            -31.364087
          ],
          [
            -64.236323,
            -31.364144
          ],
          [
            -64.235727,
            -31.365019
          ],
          [
            -64.235543,
            -31.365288
          ],
          [
            -64.235126,
            -31.365897
          ],
          [
            -64.234789,
            -31.366388
          ],
          [
            -64.234753,
            -31.366445
          ],
          [
            -64.234548,
            -31.366767
          ],
          [
            -64.234293,
            -31.367137
          ],
          [
            -64.234225,
            -31.367232
          ],
          [
            -64.234148,
            -31.367333
          ],
          [
            -64.233545,
            -31.368042
          ],
          [
            -64.233385,
            -31.368227
          ],
          [
            -64.232627,
            -31.369118
          ],
          [
            -64.231987,
            -31.369873
          ],
          [
            -64.231686,
            -31.370224
          ],
          [
            -64.231386,
            -31.370579
          ],
          [
            -64.231347,
            -31.370627
          ],
          [
            -64.231241,
            -31.370747
          ],
          [
            -64.231059,
            -31.370961
          ],
          [
            -64.230703,
            -31.37138
          ],
          [
            -64.230624,
            -31.37147
          ],
          [
            -64.230499,
            -31.371621
          ],
          [
            -64.230082,
            -31.372124
          ],
          [
            -64.229762,
            -31.372479
          ],
          [
            -64.229283,
            -31.373028
          ],
          [
            -64.228928,
            -31.373436
          ],
          [
            -64.228894,
            -31.373474
          ],
          [
            -64.228486,
            -31.373939
          ],
          [
            -64.227888,
            -31.374621
          ],
          [
            -64.227175,
            -31.375412
          ],
          [
            -64.226476,
            -31.3762
          ],
          [
            -64.225963,
            -31.376788
          ],
          [
            -64.225856,
            -31.376904
          ],
          [
            -64.225678,
            -31.377112
          ],
          [
            -64.225129,
            -31.377739
          ],
          [
            -64.224494,
            -31.378468
          ],
          [
            -64.224434,
            -31.378538
          ],
          [
            -64.224312,
            -31.378675
          ],
          [
            -64.223731,
            -31.379335
          ],
          [
            -64.223579,
            -31.379503
          ],
          [
            -64.223298,
            -31.379825
          ],
          [
            -64.223251,
            -31.37989
          ],
          [
            -64.223206,
            -31.379966
          ],
          [
            -64.223168,
            -31.380058
          ],
          [
            -64.223136,
            -31.380167
          ],
          [
            -64.223118,
            -31.380304
          ],
          [
            -64.223117,
            -31.380377
          ],
          [
            -64.22312,
            -31.380454
          ],
          [
            -64.223134,
            -31.380543
          ],
          [
            -64.223158,
            -31.380648
          ],
          [
            -64.223186,
            -31.380723
          ],
          [
            -64.22322,
            -31.380793
          ],
          [
            -64.22327,
            -31.380873
          ],
          [
            -64.223322,
            -31.380939
          ],
          [
            -64.2235,
            -31.381154
          ],
          [
            -64.223579,
            -31.381254
          ],
          [
            -64.223629,
            -31.381331
          ],
          [
            -64.223661,
            -31.381395
          ],
          [
            -64.223706,
            -31.38149
          ],
          [
            -64.223738,
            -31.381586
          ],
          [
            -64.22375,
            -31.381658
          ],
          [
            -64.223756,
            -31.381755
          ],
          [
            -64.22375,
            -31.381837
          ],
          [
            -64.223742,
            -31.381923
          ],
          [
            -64.223723,
            -31.382067
          ],
          [
            -64.223704,
            -31.382144
          ],
          [
            -64.223684,
            -31.382221
          ],
          [
            -64.223652,
            -31.382315
          ],
          [
            -64.223576,
            -31.382464
          ],
          [
            -64.223506,
            -31.382571
          ],
          [
            -64.223424,
            -31.382683
          ],
          [
            -64.223372,
            -31.382722
          ],
          [
            -64.223091,
            -31.382921
          ],
          [
            -64.222569,
            -31.383272
          ],
          [
            -64.222478,
            -31.383335
          ],
          [
            -64.222008,
            -31.38366
          ],
          [
            -64.221489,
            -31.384028
          ],
          [
            -64.220494,
            -31.384811
          ],
          [
            -64.22004,
            -31.385165
          ],
          [
            -64.219573,
            -31.385557
          ],
          [
            -64.219414,
            -31.385692
          ],
          [
            -64.219259,
            -31.385768
          ],
          [
            -64.219202,
            -31.385793
          ],
          [
            -64.219149,
            -31.385808
          ],
          [
            -64.219055,
            -31.385819
          ],
          [
            -64.218604,
            -31.386001
          ],
          [
            -64.218211,
            -31.38612
          ],
          [
            -64.218049,
            -31.386145
          ],
          [
            -64.217736,
            -31.386245
          ],
          [
            -64.216462,
            -31.386653
          ],
          [
            -64.215832,
            -31.386854
          ],
          [
            -64.215168,
            -31.387067
          ],
          [
            -64.214548,
            -31.387272
          ],
          [
            -64.213892,
            -31.387491
          ],
          [
            -64.212616,
            -31.387893
          ],
          [
            -64.211338,
            -31.388313
          ],
          [
            -64.210587,
            -31.388547
          ],
          [
            -64.210047,
            -31.388712
          ],
          [
            -64.209714,
            -31.388813
          ],
          [
            -64.20877,
            -31.389108
          ],
          [
            -64.208122,
            -31.389314
          ],
          [
            -64.20746,
            -31.389525
          ],
          [
            -64.207015,
            -31.389666
          ],
          [
            -64.206794,
            -31.389736
          ],
          [
            -64.206182,
            -31.389931
          ],
          [
            -64.205798,
            -31.390053
          ],
          [
            -64.20492,
            -31.390338
          ],
          [
            -64.204655,
            -31.390417
          ],
          [
            -64.204262,
            -31.390542
          ],
          [
            -64.204032,
            -31.390694
          ],
          [
            -64.20392,
            -31.390788
          ],
          [
            -64.203823,
            -31.390905
          ],
          [
            -64.203703,
            -31.391098
          ],
          [
            -64.203397,
            -31.391672
          ],
          [
            -64.203074,
            -31.392275
          ],
          [
            -64.202969,
            -31.392469
          ],
          [
            -64.202783,
            -31.392811
          ],
          [
            -64.202737,
            -31.392895
          ],
          [
            -64.20271,
            -31.392944
          ],
          [
            -64.202577,
            -31.393181
          ],
          [
            -64.201799,
            -31.394593
          ],
          [
            -64.202403,
            -31.394832
          ],
          [
            -64.202331,
            -31.39499
          ],
          [
            -64.202281,
            -31.395122
          ],
          [
            -64.202248,
            -31.39524
          ],
          [
            -64.202099,
            -31.395859
          ],
          [
            -64.202074,
            -31.395972
          ],
          [
            -64.20201,
            -31.396537
          ],
          [
            -64.202009,
            -31.39659
          ],
          [
            -64.202008,
            -31.396668
          ],
          [
            -64.202018,
            -31.396767
          ],
          [
            -64.202088,
            -31.39747
          ],
          [
            -64.202115,
            -31.397632
          ],
          [
            -64.202169,
            -31.397822
          ],
          [
            -64.202193,
            -31.397891
          ],
          [
            -64.202227,
            -31.397968
          ],
          [
            -64.202278,
            -31.398054
          ],
          [
            -64.202321,
            -31.398119
          ],
          [
            -64.202388,
            -31.398204
          ],
          [
            -64.202576,
            -31.398404
          ],
          [
            -64.202657,
            -31.398482
          ],
          [
            -64.202754,
            -31.398548
          ],
          [
            -64.202867,
            -31.398624
          ],
          [
            -64.202938,
            -31.398678
          ],
          [
            -64.20304,
            -31.398771
          ],
          [
            -64.203254,
            -31.39902
          ],
          [
            -64.203455,
            -31.399256
          ],
          [
            -64.203561,
            -31.399402
          ],
          [
            -64.20362,
            -31.399487
          ],
          [
            -64.203656,
            -31.399572
          ],
          [
            -64.203683,
            -31.399643
          ],
          [
            -64.203772,
            -31.40015
          ],
          [
            -64.203783,
            -31.40112
          ],
          [
            -64.203769,
            -31.401226
          ],
          [
            -64.203748,
            -31.401338
          ],
          [
            -64.203635,
            -31.401789
          ],
          [
            -64.203603,
            -31.40189
          ],
          [
            -64.203565,
            -31.401993
          ],
          [
            -64.203508,
            -31.402115
          ],
          [
            -64.203388,
            -31.40232
          ],
          [
            -64.203241,
            -31.402545
          ],
          [
            -64.203008,
            -31.402831
          ],
          [
            -64.202808,
            -31.403024
          ],
          [
            -64.202543,
            -31.403247
          ],
          [
            -64.202238,
            -31.403444
          ],
          [
            -64.201903,
            -31.403647
          ],
          [
            -64.201657,
            -31.403772
          ],
          [
            -64.200544,
            -31.404137
          ],
          [
            -64.199585,
            -31.404431
          ],
          [
            -64.197753,
            -31.404977
          ],
          [
            -64.197596,
            -31.405024
          ],
          [
            -64.196823,
            -31.405211
          ],
          [
            -64.195498,
            -31.40545
          ],
          [
            -64.194805,
            -31.405555
          ],
          [
            -64.194195,
            -31.405628
          ],
          [
            -64.193599,
            -31.405724
          ],
          [
            -64.193059,
            -31.4058
          ],
          [
            -64.192812,
            -31.405821
          ],
          [
            -64.192707,
            -31.405825
          ],
          [
            -64.192555,
            -31.405818
          ],
          [
            -64.191211,
            -31.405718
          ],
          [
            -64.190902,
            -31.405716
          ],
          [
            -64.190401,
            -31.405748
          ],
          [
            -64.19028,
            -31.405759
          ],
          [
            -64.190147,
            -31.405779
          ],
          [
            -64.189804,
            -31.405855
          ],
          [
            -64.189559,
            -31.405922
          ],
          [
            -64.189465,
            -31.405961
          ],
          [
            -64.189352,
            -31.406035
          ],
          [
            -64.189317,
            -31.406076
          ],
          [
            -64.189274,
            -31.406141
          ],
          [
            -64.189237,
            -31.406218
          ],
          [
            -64.189218,
            -31.406307
          ],
          [
            -64.189225,
            -31.406398
          ],
          [
            -64.189263,
            -31.406522
          ],
          [
            -64.189301,
            -31.406579
          ],
          [
            -64.189359,
            -31.406632
          ],
          [
            -64.189657,
            -31.406902
          ],
          [
            -64.189736,
            -31.406978
          ],
          [
            -64.189813,
            -31.407055
          ],
          [
            -64.189859,
            -31.40711
          ],
          [
            -64.189904,
            -31.40718
          ],
          [
            -64.189942,
            -31.407251
          ],
          [
            -64.189979,
            -31.407335
          ],
          [
            -64.190016,
            -31.407553
          ],
          [
            -64.190031,
            -31.407679
          ],
          [
            -64.190043,
            -31.407759
          ],
          [
            -64.190467,
            -31.40897
          ],
          [
            -64.190904,
            -31.410127
          ],
          [
            -64.191328,
            -31.411203
          ],
          [
            -64.191516,
            -31.411587
          ],
          [
            -64.191631,
            -31.411801
          ],
          [
            -64.191676,
            -31.411898
          ],
          [
            -64.191721,
            -31.412009
          ],
          [
            -64.191795,
            -31.412224
          ],
          [
            -64.191861,
            -31.412443
          ],
          [
            -64.191886,
            -31.412605
          ],
          [
            -64.191905,
            -31.412812
          ],
          [
            -64.191899,
            -31.412906
          ],
          [
            -64.191783,
            -31.413258
          ],
          [
            -64.191709,
            -31.413482
          ],
          [
            -64.191618,
            -31.413773
          ],
          [
            -64.191161,
            -31.41514
          ],
          [
            -64.190694,
            -31.416604
          ],
          [
            -64.190416,
            -31.416687
          ],
          [
            -64.189089,
            -31.417076
          ],
          [
            -64.189049,
            -31.417087
          ],
          [
            -64.18777,
            -31.417441
          ],
          [
            -64.187673,
            -31.417469
          ],
          [
            -64.18769,
            -31.41751
          ],
          [
            -64.188184,
            -31.418665
          ],
          [
            -64.188568,
            -31.419564
          ],
          [
            -64.188701,
            -31.419841
          ],
          [
            -64.188713,
            -31.419861
          ],
          [
            -64.188728,
            -31.419891
          ],
          [
            -64.188735,
            -31.419927
          ],
          [
            -64.188737,
            -31.419959
          ],
          [
            -64.188733,
            -31.419976
          ],
          [
            -64.188728,
            -31.419991
          ],
          [
            -64.188709,
            -31.420032
          ],
          [
            -64.188708,
            -31.420086
          ],
          [
            -64.188709,
            -31.420103
          ]
        ]
      }
    },
    {
      "type": "Feature",
      "id": "route-cordoba-2026-08-27-v3-06",
      "properties": {
        "truckId": "vehicle-06",
        "waypointDistancesKm": [
          0,
          1.3478945594403124,
          2.964481666026616,
          3.8447143233850856,
          3.9924191451832347,
          5.090323517016914,
          6.978120514882545,
          8.35487970527555,
          9.16260291455381,
          13.102217770427876
        ]
      },
      "geometry": {
        "type": "LineString",
        "coordinates": [
          [
            -64.188709,
            -31.420109
          ],
          [
            -64.18871,
            -31.420127
          ],
          [
            -64.188717,
            -31.420178
          ],
          [
            -64.188727,
            -31.42023
          ],
          [
            -64.188737,
            -31.420284
          ],
          [
            -64.188734,
            -31.420338
          ],
          [
            -64.188686,
            -31.420476
          ],
          [
            -64.188614,
            -31.420637
          ],
          [
            -64.188602,
            -31.420666
          ],
          [
            -64.188216,
            -31.421509
          ],
          [
            -64.188139,
            -31.421536
          ],
          [
            -64.187971,
            -31.421596
          ],
          [
            -64.187883,
            -31.421621
          ],
          [
            -64.186582,
            -31.422025
          ],
          [
            -64.185253,
            -31.422438
          ],
          [
            -64.184746,
            -31.421253
          ],
          [
            -64.184705,
            -31.421154
          ],
          [
            -64.184491,
            -31.420636
          ],
          [
            -64.184265,
            -31.420104
          ],
          [
            -64.184136,
            -31.419798
          ],
          [
            -64.184126,
            -31.419775
          ],
          [
            -64.183666,
            -31.418688
          ],
          [
            -64.183648,
            -31.418647
          ],
          [
            -64.183639,
            -31.418623
          ],
          [
            -64.183179,
            -31.4175
          ],
          [
            -64.183168,
            -31.417471
          ],
          [
            -64.183201,
            -31.417461
          ],
          [
            -64.18323,
            -31.417452
          ],
          [
            -64.183806,
            -31.417276
          ],
          [
            -64.184023,
            -31.417213
          ],
          [
            -64.184439,
            -31.417092
          ],
          [
            -64.185796,
            -31.416696
          ],
          [
            -64.186124,
            -31.4166
          ],
          [
            -64.186555,
            -31.416474
          ],
          [
            -64.187132,
            -31.416306
          ],
          [
            -64.187153,
            -31.416299
          ],
          [
            -64.187176,
            -31.416293
          ],
          [
            -64.187285,
            -31.416261
          ],
          [
            -64.188553,
            -31.415894
          ],
          [
            -64.188583,
            -31.415886
          ],
          [
            -64.188564,
            -31.415842
          ],
          [
            -64.188289,
            -31.415195
          ],
          [
            -64.188273,
            -31.415156
          ],
          [
            -64.188133,
            -31.414827
          ],
          [
            -64.188116,
            -31.414787
          ],
          [
            -64.188104,
            -31.414758
          ],
          [
            -64.188,
            -31.414515
          ],
          [
            -64.187955,
            -31.414408
          ],
          [
            -64.187647,
            -31.413684
          ],
          [
            -64.187396,
            -31.413093
          ],
          [
            -64.187151,
            -31.412517
          ],
          [
            -64.187127,
            -31.412461
          ],
          [
            -64.185737,
            -31.412882
          ],
          [
            -64.185687,
            -31.412897
          ],
          [
            -64.185375,
            -31.412988
          ],
          [
            -64.18518,
            -31.413046
          ],
          [
            -64.185128,
            -31.413061
          ],
          [
            -64.185038,
            -31.413087
          ],
          [
            -64.184988,
            -31.413102
          ],
          [
            -64.184883,
            -31.413133
          ],
          [
            -64.184383,
            -31.413279
          ],
          [
            -64.184349,
            -31.413289
          ],
          [
            -64.183851,
            -31.413435
          ],
          [
            -64.183045,
            -31.413671
          ],
          [
            -64.182846,
            -31.41373
          ],
          [
            -64.18243,
            -31.413853
          ],
          [
            -64.181724,
            -31.414065
          ],
          [
            -64.181713,
            -31.414039
          ],
          [
            -64.18128,
            -31.41302
          ],
          [
            -64.181263,
            -31.412979
          ],
          [
            -64.181959,
            -31.412778
          ],
          [
            -64.18258,
            -31.412599
          ],
          [
            -64.182618,
            -31.412588
          ],
          [
            -64.183143,
            -31.412436
          ],
          [
            -64.183865,
            -31.412228
          ],
          [
            -64.183897,
            -31.412219
          ],
          [
            -64.183883,
            -31.412187
          ],
          [
            -64.183787,
            -31.411968
          ],
          [
            -64.183413,
            -31.411113
          ],
          [
            -64.183402,
            -31.411089
          ],
          [
            -64.182851,
            -31.409775
          ],
          [
            -64.184257,
            -31.409361
          ],
          [
            -64.185659,
            -31.408968
          ],
          [
            -64.187035,
            -31.408567
          ],
          [
            -64.187571,
            -31.40985
          ],
          [
            -64.187745,
            -31.410275
          ],
          [
            -64.188035,
            -31.410984
          ],
          [
            -64.188255,
            -31.41153
          ],
          [
            -64.188429,
            -31.411961
          ],
          [
            -64.188461,
            -31.412038
          ],
          [
            -64.188483,
            -31.412092
          ],
          [
            -64.188971,
            -31.413308
          ],
          [
            -64.189398,
            -31.414373
          ],
          [
            -64.189411,
            -31.414404
          ],
          [
            -64.189431,
            -31.414456
          ],
          [
            -64.189668,
            -31.415046
          ],
          [
            -64.189857,
            -31.415517
          ],
          [
            -64.189937,
            -31.415495
          ],
          [
            -64.190229,
            -31.415414
          ],
          [
            -64.190822,
            -31.41525
          ],
          [
            -64.191018,
            -31.414692
          ],
          [
            -64.191275,
            -31.413871
          ],
          [
            -64.191422,
            -31.413415
          ],
          [
            -64.191519,
            -31.413096
          ],
          [
            -64.191568,
            -31.412897
          ],
          [
            -64.191573,
            -31.412792
          ],
          [
            -64.191572,
            -31.412682
          ],
          [
            -64.191561,
            -31.412558
          ],
          [
            -64.191559,
            -31.412534
          ],
          [
            -64.191861,
            -31.412443
          ],
          [
            -64.19309,
            -31.412079
          ],
          [
            -64.192881,
            -31.411498
          ],
          [
            -64.19263,
            -31.410801
          ],
          [
            -64.191328,
            -31.411203
          ],
          [
            -64.191069,
            -31.411286
          ],
          [
            -64.190641,
            -31.411408
          ],
          [
            -64.19029,
            -31.411512
          ],
          [
            -64.189801,
            -31.411651
          ],
          [
            -64.189773,
            -31.411576
          ],
          [
            -64.189392,
            -31.410554
          ],
          [
            -64.189004,
            -31.409416
          ],
          [
            -64.188509,
            -31.408133
          ],
          [
            -64.188397,
            -31.407846
          ],
          [
            -64.188295,
            -31.40759
          ],
          [
            -64.188209,
            -31.407376
          ],
          [
            -64.188164,
            -31.407265
          ],
          [
            -64.188152,
            -31.407231
          ],
          [
            -64.188132,
            -31.40717
          ],
          [
            -64.188096,
            -31.407062
          ],
          [
            -64.18802,
            -31.406838
          ],
          [
            -64.188,
            -31.406773
          ],
          [
            -64.187791,
            -31.406
          ],
          [
            -64.187758,
            -31.405879
          ],
          [
            -64.187743,
            -31.40565
          ],
          [
            -64.187738,
            -31.405576
          ],
          [
            -64.18773,
            -31.40551
          ],
          [
            -64.187711,
            -31.405367
          ],
          [
            -64.187608,
            -31.404405
          ],
          [
            -64.187525,
            -31.403846
          ],
          [
            -64.187187,
            -31.402764
          ],
          [
            -64.186827,
            -31.401612
          ],
          [
            -64.186169,
            -31.401818
          ],
          [
            -64.185541,
            -31.402013
          ],
          [
            -64.185106,
            -31.400968
          ],
          [
            -64.185447,
            -31.400874
          ],
          [
            -64.185523,
            -31.40084
          ],
          [
            -64.185659,
            -31.400754
          ],
          [
            -64.185713,
            -31.400728
          ],
          [
            -64.185889,
            -31.401148
          ],
          [
            -64.186169,
            -31.401818
          ],
          [
            -64.186827,
            -31.401612
          ],
          [
            -64.186593,
            -31.401046
          ],
          [
            -64.186521,
            -31.400892
          ],
          [
            -64.186351,
            -31.400526
          ],
          [
            -64.185886,
            -31.399437
          ],
          [
            -64.185425,
            -31.398321
          ],
          [
            -64.186488,
            -31.397991
          ],
          [
            -64.18671,
            -31.397922
          ],
          [
            -64.186994,
            -31.397834
          ],
          [
            -64.187986,
            -31.397526
          ],
          [
            -64.189285,
            -31.397122
          ],
          [
            -64.190589,
            -31.396718
          ],
          [
            -64.190121,
            -31.395636
          ],
          [
            -64.189646,
            -31.394542
          ],
          [
            -64.18949,
            -31.394117
          ],
          [
            -64.189476,
            -31.394081
          ],
          [
            -64.189444,
            -31.39401
          ],
          [
            -64.189418,
            -31.393953
          ],
          [
            -64.189156,
            -31.393332
          ],
          [
            -64.188908,
            -31.392742
          ],
          [
            -64.18873,
            -31.392321
          ],
          [
            -64.188272,
            -31.39121
          ],
          [
            -64.18781,
            -31.390088
          ],
          [
            -64.187395,
            -31.389054
          ],
          [
            -64.186546,
            -31.389518
          ],
          [
            -64.186193,
            -31.389711
          ],
          [
            -64.185769,
            -31.389942
          ],
          [
            -64.185413,
            -31.390136
          ],
          [
            -64.18518,
            -31.390264
          ],
          [
            -64.185017,
            -31.390355
          ],
          [
            -64.18384,
            -31.390933
          ],
          [
            -64.183866,
            -31.391012
          ],
          [
            -64.183968,
            -31.391274
          ],
          [
            -64.184431,
            -31.39239
          ],
          [
            -64.184798,
            -31.393284
          ],
          [
            -64.184892,
            -31.393501
          ],
          [
            -64.185318,
            -31.394528
          ],
          [
            -64.185802,
            -31.395694
          ],
          [
            -64.186036,
            -31.396262
          ],
          [
            -64.186043,
            -31.396284
          ],
          [
            -64.18605,
            -31.396301
          ],
          [
            -64.18626,
            -31.396825
          ],
          [
            -64.18662,
            -31.397697
          ],
          [
            -64.18671,
            -31.397922
          ],
          [
            -64.18716,
            -31.399044
          ],
          [
            -64.18763,
            -31.400137
          ],
          [
            -64.188069,
            -31.401229
          ],
          [
            -64.187472,
            -31.401414
          ],
          [
            -64.186827,
            -31.401612
          ],
          [
            -64.186169,
            -31.401818
          ],
          [
            -64.185541,
            -31.402013
          ],
          [
            -64.184883,
            -31.402218
          ],
          [
            -64.184254,
            -31.402413
          ],
          [
            -64.18394,
            -31.40251
          ],
          [
            -64.183263,
            -31.40272
          ],
          [
            -64.182762,
            -31.402876
          ],
          [
            -64.182701,
            -31.402982
          ],
          [
            -64.182651,
            -31.403105
          ],
          [
            -64.182618,
            -31.403213
          ],
          [
            -64.182586,
            -31.403394
          ],
          [
            -64.18255,
            -31.403744
          ],
          [
            -64.182593,
            -31.40395
          ],
          [
            -64.182602,
            -31.404002
          ],
          [
            -64.182614,
            -31.404246
          ],
          [
            -64.182626,
            -31.404381
          ],
          [
            -64.182656,
            -31.404595
          ],
          [
            -64.182701,
            -31.404839
          ],
          [
            -64.182719,
            -31.40491
          ],
          [
            -64.182879,
            -31.405545
          ],
          [
            -64.182932,
            -31.405738
          ],
          [
            -64.18294,
            -31.405766
          ],
          [
            -64.183201,
            -31.40677
          ],
          [
            -64.183212,
            -31.406813
          ],
          [
            -64.183262,
            -31.406951
          ],
          [
            -64.183339,
            -31.40717
          ],
          [
            -64.183389,
            -31.407298
          ],
          [
            -64.183645,
            -31.407908
          ],
          [
            -64.183726,
            -31.408102
          ],
          [
            -64.183788,
            -31.408253
          ],
          [
            -64.183949,
            -31.408629
          ],
          [
            -64.184257,
            -31.409361
          ],
          [
            -64.184637,
            -31.410262
          ],
          [
            -64.184804,
            -31.410657
          ],
          [
            -64.185292,
            -31.411809
          ],
          [
            -64.185718,
            -31.412838
          ],
          [
            -64.185737,
            -31.412882
          ],
          [
            -64.185762,
            -31.412943
          ],
          [
            -64.185948,
            -31.413383
          ],
          [
            -64.186125,
            -31.413802
          ],
          [
            -64.186243,
            -31.414082
          ],
          [
            -64.186591,
            -31.414907
          ],
          [
            -64.186704,
            -31.415175
          ],
          [
            -64.186715,
            -31.415201
          ],
          [
            -64.186739,
            -31.415256
          ],
          [
            -64.186794,
            -31.415387
          ],
          [
            -64.186829,
            -31.41547
          ],
          [
            -64.187167,
            -31.416272
          ],
          [
            -64.187176,
            -31.416293
          ],
          [
            -64.187381,
            -31.41678
          ],
          [
            -64.187392,
            -31.416806
          ],
          [
            -64.187665,
            -31.417451
          ],
          [
            -64.187673,
            -31.417469
          ],
          [
            -64.18769,
            -31.41751
          ],
          [
            -64.188184,
            -31.418665
          ],
          [
            -64.188568,
            -31.419564
          ],
          [
            -64.188701,
            -31.419841
          ],
          [
            -64.188713,
            -31.419861
          ],
          [
            -64.188728,
            -31.419891
          ],
          [
            -64.188735,
            -31.419927
          ],
          [
            -64.188737,
            -31.419959
          ],
          [
            -64.188733,
            -31.419976
          ],
          [
            -64.188728,
            -31.419991
          ],
          [
            -64.188709,
            -31.420032
          ],
          [
            -64.188708,
            -31.420086
          ],
          [
            -64.188709,
            -31.420103
          ]
        ]
      }
    },
    {
      "type": "Feature",
      "id": "route-cordoba-2026-08-27-v3-07",
      "properties": {
        "truckId": "vehicle-07",
        "waypointDistancesKm": [
          0,
          2.5641230705357523,
          3.7825118476406407,
          6.788438297315194,
          10.2108599020975,
          12.712663092174267,
          16.92616837973296,
          22.18856231800115,
          24.175987417830456,
          32.58125605686546
        ]
      },
      "geometry": {
        "type": "LineString",
        "coordinates": [
          [
            -64.188709,
            -31.420109
          ],
          [
            -64.18871,
            -31.420127
          ],
          [
            -64.188717,
            -31.420178
          ],
          [
            -64.188727,
            -31.42023
          ],
          [
            -64.188737,
            -31.420284
          ],
          [
            -64.188734,
            -31.420338
          ],
          [
            -64.188686,
            -31.420476
          ],
          [
            -64.188614,
            -31.420637
          ],
          [
            -64.188602,
            -31.420666
          ],
          [
            -64.188216,
            -31.421509
          ],
          [
            -64.188139,
            -31.421536
          ],
          [
            -64.187971,
            -31.421596
          ],
          [
            -64.187883,
            -31.421621
          ],
          [
            -64.186582,
            -31.422025
          ],
          [
            -64.185253,
            -31.422438
          ],
          [
            -64.185197,
            -31.422455
          ],
          [
            -64.183898,
            -31.422858
          ],
          [
            -64.182631,
            -31.423252
          ],
          [
            -64.182244,
            -31.42231
          ],
          [
            -64.182096,
            -31.421946
          ],
          [
            -64.182055,
            -31.421848
          ],
          [
            -64.181996,
            -31.421707
          ],
          [
            -64.181525,
            -31.420577
          ],
          [
            -64.181044,
            -31.419435
          ],
          [
            -64.180579,
            -31.418327
          ],
          [
            -64.180572,
            -31.418311
          ],
          [
            -64.180565,
            -31.418294
          ],
          [
            -64.18008,
            -31.417168
          ],
          [
            -64.179602,
            -31.416049
          ],
          [
            -64.17914,
            -31.41493
          ],
          [
            -64.179101,
            -31.414847
          ],
          [
            -64.179079,
            -31.414799
          ],
          [
            -64.178639,
            -31.413739
          ],
          [
            -64.179932,
            -31.413364
          ],
          [
            -64.180884,
            -31.413089
          ],
          [
            -64.181263,
            -31.412979
          ],
          [
            -64.181959,
            -31.412778
          ],
          [
            -64.18258,
            -31.412599
          ],
          [
            -64.182618,
            -31.412588
          ],
          [
            -64.183143,
            -31.412436
          ],
          [
            -64.183865,
            -31.412228
          ],
          [
            -64.183897,
            -31.412219
          ],
          [
            -64.183883,
            -31.412187
          ],
          [
            -64.183413,
            -31.411113
          ],
          [
            -64.183402,
            -31.411089
          ],
          [
            -64.18338,
            -31.411096
          ],
          [
            -64.182903,
            -31.411243
          ],
          [
            -64.182158,
            -31.411473
          ],
          [
            -64.182113,
            -31.411487
          ],
          [
            -64.182123,
            -31.411511
          ],
          [
            -64.182569,
            -31.412575
          ],
          [
            -64.18258,
            -31.412599
          ],
          [
            -64.182598,
            -31.41264
          ],
          [
            -64.182731,
            -31.412947
          ],
          [
            -64.183026,
            -31.413627
          ],
          [
            -64.183045,
            -31.413671
          ],
          [
            -64.182846,
            -31.41373
          ],
          [
            -64.18243,
            -31.413853
          ],
          [
            -64.181724,
            -31.414065
          ],
          [
            -64.181685,
            -31.414077
          ],
          [
            -64.181359,
            -31.414174
          ],
          [
            -64.181022,
            -31.414275
          ],
          [
            -64.180387,
            -31.414464
          ],
          [
            -64.180033,
            -31.41457
          ],
          [
            -64.179101,
            -31.414847
          ],
          [
            -64.179061,
            -31.414859
          ],
          [
            -64.17902,
            -31.41487
          ],
          [
            -64.179001,
            -31.414876
          ],
          [
            -64.178233,
            -31.415127
          ],
          [
            -64.178093,
            -31.415172
          ],
          [
            -64.177774,
            -31.415275
          ],
          [
            -64.176467,
            -31.415664
          ],
          [
            -64.176184,
            -31.415764
          ],
          [
            -64.176043,
            -31.415814
          ],
          [
            -64.175744,
            -31.41592
          ],
          [
            -64.175585,
            -31.415975
          ],
          [
            -64.175537,
            -31.415873
          ],
          [
            -64.175499,
            -31.415814
          ],
          [
            -64.17564,
            -31.415768
          ],
          [
            -64.175454,
            -31.415205
          ],
          [
            -64.175299,
            -31.415246
          ],
          [
            -64.175336,
            -31.415356
          ],
          [
            -64.175484,
            -31.415791
          ],
          [
            -64.175499,
            -31.415814
          ],
          [
            -64.175537,
            -31.415873
          ],
          [
            -64.175585,
            -31.415975
          ],
          [
            -64.17545,
            -31.416022
          ],
          [
            -64.175207,
            -31.416089
          ],
          [
            -64.174904,
            -31.416136
          ],
          [
            -64.174646,
            -31.416086
          ],
          [
            -64.173295,
            -31.415758
          ],
          [
            -64.173201,
            -31.415733
          ],
          [
            -64.17202,
            -31.415391
          ],
          [
            -64.171988,
            -31.415381
          ],
          [
            -64.170834,
            -31.415047
          ],
          [
            -64.170782,
            -31.415032
          ],
          [
            -64.169897,
            -31.414791
          ],
          [
            -64.16971,
            -31.41474
          ],
          [
            -64.169592,
            -31.414707
          ],
          [
            -64.16839,
            -31.414379
          ],
          [
            -64.168072,
            -31.414292
          ],
          [
            -64.167717,
            -31.414195
          ],
          [
            -64.167173,
            -31.414046
          ],
          [
            -64.165965,
            -31.413715
          ],
          [
            -64.165599,
            -31.413615
          ],
          [
            -64.1648,
            -31.413396
          ],
          [
            -64.163552,
            -31.413071
          ],
          [
            -64.162344,
            -31.412747
          ],
          [
            -64.161161,
            -31.412422
          ],
          [
            -64.159966,
            -31.412075
          ],
          [
            -64.158738,
            -31.411737
          ],
          [
            -64.157947,
            -31.411534
          ],
          [
            -64.157262,
            -31.411358
          ],
          [
            -64.157125,
            -31.411331
          ],
          [
            -64.157061,
            -31.411316
          ],
          [
            -64.157085,
            -31.41126
          ],
          [
            -64.157435,
            -31.410335
          ],
          [
            -64.15747,
            -31.410238
          ],
          [
            -64.157831,
            -31.409198
          ],
          [
            -64.1582,
            -31.408177
          ],
          [
            -64.15822,
            -31.408127
          ],
          [
            -64.158581,
            -31.407128
          ],
          [
            -64.158603,
            -31.40707
          ],
          [
            -64.158788,
            -31.406574
          ],
          [
            -64.158806,
            -31.406528
          ],
          [
            -64.158826,
            -31.406475
          ],
          [
            -64.158971,
            -31.406087
          ],
          [
            -64.159009,
            -31.40597
          ],
          [
            -64.159035,
            -31.405899
          ],
          [
            -64.159345,
            -31.405078
          ],
          [
            -64.159216,
            -31.405048
          ],
          [
            -64.158692,
            -31.404916
          ],
          [
            -64.157867,
            -31.404697
          ],
          [
            -64.157562,
            -31.40547
          ],
          [
            -64.157531,
            -31.405566
          ],
          [
            -64.157317,
            -31.406202
          ],
          [
            -64.157254,
            -31.40637
          ],
          [
            -64.157186,
            -31.40655
          ],
          [
            -64.157057,
            -31.406895
          ],
          [
            -64.156818,
            -31.407542
          ],
          [
            -64.156688,
            -31.407895
          ],
          [
            -64.156797,
            -31.407926
          ],
          [
            -64.156873,
            -31.407943
          ],
          [
            -64.157618,
            -31.408073
          ],
          [
            -64.1582,
            -31.408177
          ],
          [
            -64.15822,
            -31.408127
          ],
          [
            -64.158581,
            -31.407128
          ],
          [
            -64.158603,
            -31.40707
          ],
          [
            -64.158788,
            -31.406574
          ],
          [
            -64.158806,
            -31.406528
          ],
          [
            -64.158826,
            -31.406475
          ],
          [
            -64.158971,
            -31.406087
          ],
          [
            -64.159009,
            -31.40597
          ],
          [
            -64.159035,
            -31.405899
          ],
          [
            -64.159345,
            -31.405078
          ],
          [
            -64.159724,
            -31.404027
          ],
          [
            -64.16021,
            -31.402709
          ],
          [
            -64.160633,
            -31.40157
          ],
          [
            -64.160989,
            -31.400577
          ],
          [
            -64.161317,
            -31.399671
          ],
          [
            -64.161583,
            -31.398972
          ],
          [
            -64.161593,
            -31.398877
          ],
          [
            -64.161575,
            -31.398782
          ],
          [
            -64.161555,
            -31.398722
          ],
          [
            -64.161441,
            -31.398287
          ],
          [
            -64.161436,
            -31.398267
          ],
          [
            -64.161428,
            -31.398201
          ],
          [
            -64.161435,
            -31.398129
          ],
          [
            -64.161462,
            -31.398028
          ],
          [
            -64.161598,
            -31.397738
          ],
          [
            -64.161958,
            -31.396967
          ],
          [
            -64.16205,
            -31.396853
          ],
          [
            -64.16,
            -31.396208
          ],
          [
            -64.159203,
            -31.395967
          ],
          [
            -64.159245,
            -31.395821
          ],
          [
            -64.159249,
            -31.395798
          ],
          [
            -64.159275,
            -31.395657
          ],
          [
            -64.159277,
            -31.395613
          ],
          [
            -64.159264,
            -31.395588
          ],
          [
            -64.159248,
            -31.395571
          ],
          [
            -64.159211,
            -31.395546
          ],
          [
            -64.158501,
            -31.395309
          ],
          [
            -64.158346,
            -31.395262
          ],
          [
            -64.158157,
            -31.395202
          ],
          [
            -64.157831,
            -31.395095
          ],
          [
            -64.156215,
            -31.394577
          ],
          [
            -64.156183,
            -31.394498
          ],
          [
            -64.156104,
            -31.394418
          ],
          [
            -64.15522,
            -31.393398
          ],
          [
            -64.154389,
            -31.392463
          ],
          [
            -64.153626,
            -31.391601
          ],
          [
            -64.152872,
            -31.390732
          ],
          [
            -64.15248,
            -31.390281
          ],
          [
            -64.151632,
            -31.390184
          ],
          [
            -64.151746,
            -31.389457
          ],
          [
            -64.151351,
            -31.389016
          ],
          [
            -64.150594,
            -31.388165
          ],
          [
            -64.151342,
            -31.387666
          ],
          [
            -64.151995,
            -31.387243
          ],
          [
            -64.152051,
            -31.387231
          ],
          [
            -64.15232,
            -31.387538
          ],
          [
            -64.152813,
            -31.388099
          ],
          [
            -64.152899,
            -31.388073
          ],
          [
            -64.153447,
            -31.387715
          ],
          [
            -64.154243,
            -31.3872
          ],
          [
            -64.155031,
            -31.386694
          ],
          [
            -64.15581,
            -31.38618
          ],
          [
            -64.156603,
            -31.385663
          ],
          [
            -64.156923,
            -31.38545
          ],
          [
            -64.156986,
            -31.385391
          ],
          [
            -64.157068,
            -31.385418
          ],
          [
            -64.157917,
            -31.385686
          ],
          [
            -64.158172,
            -31.38576
          ],
          [
            -64.15983,
            -31.386274
          ],
          [
            -64.160145,
            -31.386341
          ],
          [
            -64.160828,
            -31.386487
          ],
          [
            -64.161037,
            -31.386537
          ],
          [
            -64.161657,
            -31.386681
          ],
          [
            -64.161846,
            -31.386725
          ],
          [
            -64.162421,
            -31.386853
          ],
          [
            -64.163555,
            -31.387099
          ],
          [
            -64.163888,
            -31.387178
          ],
          [
            -64.164766,
            -31.387365
          ],
          [
            -64.16501,
            -31.38742
          ],
          [
            -64.165464,
            -31.38752
          ],
          [
            -64.165969,
            -31.387631
          ],
          [
            -64.166151,
            -31.387673
          ],
          [
            -64.167343,
            -31.387949
          ],
          [
            -64.167959,
            -31.388092
          ],
          [
            -64.16867,
            -31.388244
          ],
          [
            -64.170116,
            -31.388555
          ],
          [
            -64.169693,
            -31.387567
          ],
          [
            -64.169287,
            -31.38661
          ],
          [
            -64.168882,
            -31.385645
          ],
          [
            -64.16845,
            -31.384636
          ],
          [
            -64.169008,
            -31.38447
          ],
          [
            -64.169593,
            -31.384289
          ],
          [
            -64.169778,
            -31.384718
          ],
          [
            -64.170021,
            -31.385283
          ],
          [
            -64.170424,
            -31.386261
          ],
          [
            -64.170826,
            -31.387217
          ],
          [
            -64.169693,
            -31.387567
          ],
          [
            -64.168537,
            -31.387925
          ],
          [
            -64.167959,
            -31.388092
          ],
          [
            -64.167343,
            -31.387949
          ],
          [
            -64.166151,
            -31.387673
          ],
          [
            -64.165969,
            -31.387631
          ],
          [
            -64.165464,
            -31.38752
          ],
          [
            -64.16501,
            -31.38742
          ],
          [
            -64.164766,
            -31.387365
          ],
          [
            -64.163888,
            -31.387178
          ],
          [
            -64.163555,
            -31.387099
          ],
          [
            -64.162421,
            -31.386853
          ],
          [
            -64.161846,
            -31.386725
          ],
          [
            -64.161657,
            -31.386681
          ],
          [
            -64.161037,
            -31.386537
          ],
          [
            -64.160828,
            -31.386487
          ],
          [
            -64.160145,
            -31.386341
          ],
          [
            -64.15983,
            -31.386274
          ],
          [
            -64.159768,
            -31.386205
          ],
          [
            -64.158918,
            -31.385219
          ],
          [
            -64.158637,
            -31.384917
          ],
          [
            -64.158559,
            -31.384841
          ],
          [
            -64.158387,
            -31.384646
          ],
          [
            -64.157369,
            -31.383491
          ],
          [
            -64.156571,
            -31.382598
          ],
          [
            -64.15615,
            -31.382125
          ],
          [
            -64.156137,
            -31.382109
          ],
          [
            -64.155765,
            -31.381691
          ],
          [
            -64.155151,
            -31.38099
          ],
          [
            -64.154892,
            -31.380705
          ],
          [
            -64.154722,
            -31.380513
          ],
          [
            -64.154327,
            -31.380064
          ],
          [
            -64.154258,
            -31.379985
          ],
          [
            -64.15358,
            -31.379216
          ],
          [
            -64.153301,
            -31.3789
          ],
          [
            -64.15282,
            -31.378361
          ],
          [
            -64.152794,
            -31.378304
          ],
          [
            -64.15246,
            -31.377391
          ],
          [
            -64.152141,
            -31.376538
          ],
          [
            -64.151883,
            -31.375887
          ],
          [
            -64.151628,
            -31.375237
          ],
          [
            -64.151386,
            -31.374592
          ],
          [
            -64.151165,
            -31.373969
          ],
          [
            -64.150938,
            -31.373325
          ],
          [
            -64.150687,
            -31.372657
          ],
          [
            -64.150608,
            -31.372447
          ],
          [
            -64.15042,
            -31.371948
          ],
          [
            -64.15016,
            -31.371241
          ],
          [
            -64.149832,
            -31.370351
          ],
          [
            -64.149814,
            -31.370304
          ],
          [
            -64.149648,
            -31.370008
          ],
          [
            -64.149519,
            -31.369651
          ],
          [
            -64.147895,
            -31.370065
          ],
          [
            -64.147765,
            -31.370074
          ],
          [
            -64.146991,
            -31.370086
          ],
          [
            -64.146342,
            -31.37009
          ],
          [
            -64.145494,
            -31.370094
          ],
          [
            -64.144638,
            -31.370098
          ],
          [
            -64.143823,
            -31.370101
          ],
          [
            -64.143812,
            -31.36898
          ],
          [
            -64.14421,
            -31.368969
          ],
          [
            -64.144624,
            -31.368957
          ],
          [
            -64.145492,
            -31.36895
          ],
          [
            -64.146341,
            -31.368955
          ],
          [
            -64.146985,
            -31.368943
          ],
          [
            -64.147759,
            -31.368934
          ],
          [
            -64.147753,
            -31.368529
          ],
          [
            -64.147742,
            -31.36771
          ],
          [
            -64.147733,
            -31.367303
          ],
          [
            -64.147738,
            -31.366931
          ],
          [
            -64.147731,
            -31.366458
          ],
          [
            -64.147728,
            -31.366195
          ],
          [
            -64.147732,
            -31.366117
          ],
          [
            -64.147743,
            -31.366047
          ],
          [
            -64.147761,
            -31.365979
          ],
          [
            -64.14776,
            -31.365895
          ],
          [
            -64.147786,
            -31.365826
          ],
          [
            -64.147798,
            -31.365787
          ],
          [
            -64.147801,
            -31.365758
          ],
          [
            -64.147802,
            -31.365736
          ],
          [
            -64.147799,
            -31.3657
          ],
          [
            -64.147791,
            -31.365642
          ],
          [
            -64.14778,
            -31.365567
          ],
          [
            -64.147763,
            -31.365519
          ],
          [
            -64.147761,
            -31.365475
          ],
          [
            -64.147772,
            -31.365432
          ],
          [
            -64.147783,
            -31.365291
          ],
          [
            -64.147784,
            -31.365243
          ],
          [
            -64.147782,
            -31.365204
          ],
          [
            -64.147773,
            -31.365159
          ],
          [
            -64.147761,
            -31.365115
          ],
          [
            -64.147735,
            -31.365042
          ],
          [
            -64.147694,
            -31.364952
          ],
          [
            -64.147679,
            -31.364909
          ],
          [
            -64.14767,
            -31.364863
          ],
          [
            -64.147662,
            -31.364798
          ],
          [
            -64.147657,
            -31.364679
          ],
          [
            -64.147658,
            -31.364517
          ],
          [
            -64.147656,
            -31.364368
          ],
          [
            -64.147626,
            -31.364244
          ],
          [
            -64.147595,
            -31.364156
          ],
          [
            -64.147555,
            -31.364081
          ],
          [
            -64.147507,
            -31.364007
          ],
          [
            -64.147455,
            -31.363945
          ],
          [
            -64.147394,
            -31.363887
          ],
          [
            -64.147336,
            -31.36384
          ],
          [
            -64.147275,
            -31.363799
          ],
          [
            -64.147198,
            -31.363756
          ],
          [
            -64.146823,
            -31.363568
          ],
          [
            -64.146342,
            -31.36332
          ],
          [
            -64.146229,
            -31.363264
          ],
          [
            -64.146138,
            -31.363228
          ],
          [
            -64.146049,
            -31.363202
          ],
          [
            -64.145955,
            -31.363182
          ],
          [
            -64.145802,
            -31.363155
          ],
          [
            -64.145589,
            -31.363117
          ],
          [
            -64.145486,
            -31.363104
          ],
          [
            -64.145361,
            -31.363092
          ],
          [
            -64.145228,
            -31.363079
          ],
          [
            -64.145091,
            -31.363071
          ],
          [
            -64.144966,
            -31.363067
          ],
          [
            -64.144859,
            -31.363067
          ],
          [
            -64.144731,
            -31.363071
          ],
          [
            -64.144554,
            -31.363078
          ],
          [
            -64.144374,
            -31.363088
          ],
          [
            -64.144197,
            -31.363099
          ],
          [
            -64.14406,
            -31.363109
          ],
          [
            -64.143898,
            -31.363126
          ],
          [
            -64.143633,
            -31.363155
          ],
          [
            -64.143328,
            -31.363187
          ],
          [
            -64.142579,
            -31.363214
          ],
          [
            -64.142046,
            -31.363274
          ],
          [
            -64.140913,
            -31.363406
          ],
          [
            -64.140029,
            -31.363509
          ],
          [
            -64.139162,
            -31.36361
          ],
          [
            -64.13854,
            -31.363683
          ],
          [
            -64.138164,
            -31.363726
          ],
          [
            -64.137906,
            -31.363758
          ],
          [
            -64.137656,
            -31.363792
          ],
          [
            -64.13741,
            -31.363829
          ],
          [
            -64.137165,
            -31.363875
          ],
          [
            -64.136914,
            -31.363924
          ],
          [
            -64.136661,
            -31.363979
          ],
          [
            -64.136427,
            -31.364033
          ],
          [
            -64.13618,
            -31.364095
          ],
          [
            -64.135948,
            -31.364159
          ],
          [
            -64.13571,
            -31.364231
          ],
          [
            -64.135481,
            -31.364302
          ],
          [
            -64.135243,
            -31.36438
          ],
          [
            -64.135005,
            -31.364465
          ],
          [
            -64.134775,
            -31.36455
          ],
          [
            -64.134544,
            -31.364642
          ],
          [
            -64.134319,
            -31.364736
          ],
          [
            -64.1341,
            -31.364835
          ],
          [
            -64.133872,
            -31.36494
          ],
          [
            -64.133656,
            -31.365045
          ],
          [
            -64.133439,
            -31.365157
          ],
          [
            -64.133228,
            -31.365272
          ],
          [
            -64.13302,
            -31.365391
          ],
          [
            -64.132813,
            -31.365512
          ],
          [
            -64.132598,
            -31.365645
          ],
          [
            -64.132403,
            -31.365768
          ],
          [
            -64.132202,
            -31.365905
          ],
          [
            -64.13201,
            -31.366041
          ],
          [
            -64.131818,
            -31.366184
          ],
          [
            -64.131625,
            -31.366329
          ],
          [
            -64.131443,
            -31.366476
          ],
          [
            -64.131261,
            -31.366625
          ],
          [
            -64.131076,
            -31.366786
          ],
          [
            -64.130914,
            -31.366936
          ],
          [
            -64.130745,
            -31.367096
          ],
          [
            -64.130574,
            -31.367266
          ],
          [
            -64.130411,
            -31.367432
          ],
          [
            -64.130254,
            -31.367599
          ],
          [
            -64.130098,
            -31.367776
          ],
          [
            -64.129948,
            -31.367948
          ],
          [
            -64.1298,
            -31.368128
          ],
          [
            -64.129659,
            -31.368315
          ],
          [
            -64.129465,
            -31.368578
          ],
          [
            -64.129281,
            -31.368855
          ],
          [
            -64.129099,
            -31.36914
          ],
          [
            -64.128932,
            -31.369431
          ],
          [
            -64.12877,
            -31.369731
          ],
          [
            -64.128627,
            -31.370022
          ],
          [
            -64.128489,
            -31.370325
          ],
          [
            -64.12836,
            -31.370635
          ],
          [
            -64.128247,
            -31.370944
          ],
          [
            -64.128145,
            -31.371254
          ],
          [
            -64.128052,
            -31.371571
          ],
          [
            -64.127973,
            -31.371882
          ],
          [
            -64.127904,
            -31.372208
          ],
          [
            -64.127848,
            -31.37253
          ],
          [
            -64.127815,
            -31.372746
          ],
          [
            -64.12778,
            -31.373064
          ],
          [
            -64.127753,
            -31.373394
          ],
          [
            -64.127725,
            -31.373719
          ],
          [
            -64.127694,
            -31.374041
          ],
          [
            -64.127667,
            -31.374372
          ],
          [
            -64.127622,
            -31.374908
          ],
          [
            -64.127583,
            -31.375347
          ],
          [
            -64.127547,
            -31.375773
          ],
          [
            -64.127505,
            -31.376273
          ],
          [
            -64.127468,
            -31.376696
          ],
          [
            -64.127433,
            -31.377076
          ],
          [
            -64.127395,
            -31.377507
          ],
          [
            -64.127358,
            -31.377935
          ],
          [
            -64.127317,
            -31.378362
          ],
          [
            -64.127286,
            -31.378691
          ],
          [
            -64.127255,
            -31.379013
          ],
          [
            -64.127226,
            -31.379344
          ],
          [
            -64.127188,
            -31.379762
          ],
          [
            -64.127159,
            -31.380098
          ],
          [
            -64.127121,
            -31.380524
          ],
          [
            -64.127103,
            -31.380749
          ],
          [
            -64.127066,
            -31.381167
          ],
          [
            -64.127038,
            -31.381503
          ],
          [
            -64.126984,
            -31.382145
          ],
          [
            -64.126945,
            -31.382573
          ],
          [
            -64.126919,
            -31.382908
          ],
          [
            -64.126892,
            -31.383208
          ],
          [
            -64.126849,
            -31.383757
          ],
          [
            -64.126895,
            -31.384074
          ],
          [
            -64.126881,
            -31.384278
          ],
          [
            -64.126878,
            -31.384402
          ],
          [
            -64.126879,
            -31.384575
          ],
          [
            -64.126892,
            -31.384793
          ],
          [
            -64.12691,
            -31.385004
          ],
          [
            -64.126925,
            -31.385218
          ],
          [
            -64.126938,
            -31.385415
          ],
          [
            -64.126947,
            -31.385566
          ],
          [
            -64.126956,
            -31.385761
          ],
          [
            -64.126963,
            -31.385898
          ],
          [
            -64.126967,
            -31.385998
          ],
          [
            -64.126973,
            -31.386196
          ],
          [
            -64.126983,
            -31.386386
          ],
          [
            -64.127008,
            -31.386665
          ],
          [
            -64.127011,
            -31.387048
          ],
          [
            -64.126991,
            -31.38713
          ],
          [
            -64.126979,
            -31.387177
          ],
          [
            -64.126959,
            -31.38721
          ],
          [
            -64.12693,
            -31.387226
          ],
          [
            -64.1269,
            -31.387231
          ],
          [
            -64.126048,
            -31.387038
          ],
          [
            -64.12593,
            -31.387012
          ],
          [
            -64.125638,
            -31.386939
          ],
          [
            -64.12475,
            -31.386731
          ],
          [
            -64.124441,
            -31.386665
          ],
          [
            -64.124411,
            -31.386798
          ],
          [
            -64.124396,
            -31.386862
          ],
          [
            -64.124354,
            -31.387088
          ],
          [
            -64.124389,
            -31.387345
          ],
          [
            -64.124411,
            -31.38751
          ],
          [
            -64.12492,
            -31.387441
          ],
          [
            -64.124888,
            -31.387215
          ],
          [
            -64.124354,
            -31.387088
          ],
          [
            -64.124396,
            -31.386862
          ],
          [
            -64.124411,
            -31.386798
          ],
          [
            -64.124441,
            -31.386665
          ],
          [
            -64.12475,
            -31.386731
          ],
          [
            -64.125638,
            -31.386939
          ],
          [
            -64.12593,
            -31.387012
          ],
          [
            -64.126048,
            -31.387038
          ],
          [
            -64.1269,
            -31.387231
          ],
          [
            -64.127006,
            -31.387254
          ],
          [
            -64.127173,
            -31.38729
          ],
          [
            -64.128065,
            -31.387482
          ],
          [
            -64.128167,
            -31.387506
          ],
          [
            -64.128632,
            -31.387614
          ],
          [
            -64.129288,
            -31.387767
          ],
          [
            -64.130422,
            -31.388051
          ],
          [
            -64.131097,
            -31.38821
          ],
          [
            -64.131859,
            -31.388389
          ],
          [
            -64.13234,
            -31.388495
          ],
          [
            -64.132623,
            -31.388568
          ],
          [
            -64.133377,
            -31.388754
          ],
          [
            -64.134099,
            -31.388914
          ],
          [
            -64.134138,
            -31.388923
          ],
          [
            -64.13414,
            -31.389076
          ],
          [
            -64.134146,
            -31.38914
          ],
          [
            -64.13415,
            -31.389397
          ],
          [
            -64.133955,
            -31.389344
          ],
          [
            -64.133418,
            -31.389221
          ],
          [
            -64.132669,
            -31.389037
          ],
          [
            -64.131933,
            -31.388862
          ],
          [
            -64.131309,
            -31.388716
          ],
          [
            -64.131293,
            -31.38879
          ],
          [
            -64.131288,
            -31.389795
          ],
          [
            -64.131301,
            -31.39134
          ],
          [
            -64.131294,
            -31.392896
          ],
          [
            -64.131296,
            -31.393277
          ],
          [
            -64.131301,
            -31.394441
          ],
          [
            -64.131829,
            -31.394445
          ],
          [
            -64.131852,
            -31.392908
          ],
          [
            -64.13188,
            -31.39135
          ],
          [
            -64.131909,
            -31.389812
          ],
          [
            -64.131921,
            -31.388926
          ],
          [
            -64.131933,
            -31.388862
          ],
          [
            -64.132669,
            -31.389037
          ],
          [
            -64.133418,
            -31.389221
          ],
          [
            -64.133955,
            -31.389344
          ],
          [
            -64.134034,
            -31.389116
          ],
          [
            -64.134053,
            -31.389055
          ],
          [
            -64.134101,
            -31.388959
          ],
          [
            -64.134138,
            -31.388923
          ],
          [
            -64.13493,
            -31.389112
          ],
          [
            -64.135699,
            -31.389293
          ],
          [
            -64.136444,
            -31.389463
          ],
          [
            -64.137229,
            -31.389651
          ],
          [
            -64.138631,
            -31.389987
          ],
          [
            -64.140015,
            -31.390311
          ],
          [
            -64.140954,
            -31.39052
          ],
          [
            -64.14189,
            -31.390747
          ],
          [
            -64.142433,
            -31.390873
          ],
          [
            -64.142802,
            -31.390957
          ],
          [
            -64.144072,
            -31.391242
          ],
          [
            -64.145352,
            -31.391542
          ],
          [
            -64.146622,
            -31.391842
          ],
          [
            -64.147917,
            -31.392144
          ],
          [
            -64.148511,
            -31.392283
          ],
          [
            -64.148981,
            -31.3924
          ],
          [
            -64.149479,
            -31.392516
          ],
          [
            -64.149754,
            -31.392583
          ],
          [
            -64.150003,
            -31.392654
          ],
          [
            -64.151317,
            -31.39304
          ],
          [
            -64.151394,
            -31.393062
          ],
          [
            -64.15145,
            -31.393081
          ],
          [
            -64.15204,
            -31.393283
          ],
          [
            -64.152703,
            -31.39349
          ],
          [
            -64.152796,
            -31.39352
          ],
          [
            -64.153113,
            -31.393619
          ],
          [
            -64.154317,
            -31.394006
          ],
          [
            -64.154601,
            -31.394095
          ],
          [
            -64.155458,
            -31.394351
          ],
          [
            -64.155717,
            -31.394428
          ],
          [
            -64.156019,
            -31.394516
          ],
          [
            -64.156215,
            -31.394577
          ],
          [
            -64.157831,
            -31.395095
          ],
          [
            -64.158157,
            -31.395202
          ],
          [
            -64.158346,
            -31.395262
          ],
          [
            -64.158501,
            -31.395309
          ],
          [
            -64.159211,
            -31.395546
          ],
          [
            -64.159248,
            -31.395571
          ],
          [
            -64.159264,
            -31.395588
          ],
          [
            -64.159277,
            -31.395613
          ],
          [
            -64.159275,
            -31.395657
          ],
          [
            -64.159249,
            -31.395798
          ],
          [
            -64.159245,
            -31.395821
          ],
          [
            -64.159203,
            -31.395967
          ],
          [
            -64.16,
            -31.396208
          ],
          [
            -64.16205,
            -31.396853
          ],
          [
            -64.162986,
            -31.397137
          ],
          [
            -64.16397,
            -31.39744
          ],
          [
            -64.165965,
            -31.398056
          ],
          [
            -64.167215,
            -31.398453
          ],
          [
            -64.167863,
            -31.398662
          ],
          [
            -64.168815,
            -31.398958
          ],
          [
            -64.169179,
            -31.39907
          ],
          [
            -64.169939,
            -31.399306
          ],
          [
            -64.170757,
            -31.399541
          ],
          [
            -64.171128,
            -31.399608
          ],
          [
            -64.171643,
            -31.399695
          ],
          [
            -64.171667,
            -31.399698
          ],
          [
            -64.172425,
            -31.3998
          ],
          [
            -64.17291,
            -31.399818
          ],
          [
            -64.173636,
            -31.399839
          ],
          [
            -64.173673,
            -31.399891
          ],
          [
            -64.173679,
            -31.399925
          ],
          [
            -64.173343,
            -31.400861
          ],
          [
            -64.174535,
            -31.401185
          ],
          [
            -64.175843,
            -31.4015
          ],
          [
            -64.175851,
            -31.401781
          ],
          [
            -64.175858,
            -31.402535
          ],
          [
            -64.175858,
            -31.402643
          ],
          [
            -64.175855,
            -31.403778
          ],
          [
            -64.175852,
            -31.404964
          ],
          [
            -64.175855,
            -31.405408
          ],
          [
            -64.175877,
            -31.405521
          ],
          [
            -64.175895,
            -31.405559
          ],
          [
            -64.175928,
            -31.405615
          ],
          [
            -64.175984,
            -31.405695
          ],
          [
            -64.176041,
            -31.405745
          ],
          [
            -64.176092,
            -31.405785
          ],
          [
            -64.177134,
            -31.405165
          ],
          [
            -64.177349,
            -31.405045
          ],
          [
            -64.177457,
            -31.405007
          ],
          [
            -64.178265,
            -31.404711
          ],
          [
            -64.178601,
            -31.404609
          ],
          [
            -64.178817,
            -31.404551
          ],
          [
            -64.179068,
            -31.404494
          ],
          [
            -64.179472,
            -31.40443
          ],
          [
            -64.179721,
            -31.404403
          ],
          [
            -64.179991,
            -31.404375
          ],
          [
            -64.180409,
            -31.404348
          ],
          [
            -64.181686,
            -31.404274
          ],
          [
            -64.182614,
            -31.404246
          ],
          [
            -64.182626,
            -31.404381
          ],
          [
            -64.182656,
            -31.404595
          ],
          [
            -64.182701,
            -31.404839
          ],
          [
            -64.182719,
            -31.40491
          ],
          [
            -64.182879,
            -31.405545
          ],
          [
            -64.182932,
            -31.405738
          ],
          [
            -64.18294,
            -31.405766
          ],
          [
            -64.183201,
            -31.40677
          ],
          [
            -64.183212,
            -31.406813
          ],
          [
            -64.183262,
            -31.406951
          ],
          [
            -64.183339,
            -31.40717
          ],
          [
            -64.183389,
            -31.407298
          ],
          [
            -64.183645,
            -31.407908
          ],
          [
            -64.183726,
            -31.408102
          ],
          [
            -64.183788,
            -31.408253
          ],
          [
            -64.183949,
            -31.408629
          ],
          [
            -64.184257,
            -31.409361
          ],
          [
            -64.184637,
            -31.410262
          ],
          [
            -64.184804,
            -31.410657
          ],
          [
            -64.185292,
            -31.411809
          ],
          [
            -64.185718,
            -31.412838
          ],
          [
            -64.185737,
            -31.412882
          ],
          [
            -64.185762,
            -31.412943
          ],
          [
            -64.185948,
            -31.413383
          ],
          [
            -64.186125,
            -31.413802
          ],
          [
            -64.186243,
            -31.414082
          ],
          [
            -64.186591,
            -31.414907
          ],
          [
            -64.186704,
            -31.415175
          ],
          [
            -64.186715,
            -31.415201
          ],
          [
            -64.186739,
            -31.415256
          ],
          [
            -64.186794,
            -31.415387
          ],
          [
            -64.186829,
            -31.41547
          ],
          [
            -64.187167,
            -31.416272
          ],
          [
            -64.187176,
            -31.416293
          ],
          [
            -64.187381,
            -31.41678
          ],
          [
            -64.187392,
            -31.416806
          ],
          [
            -64.187665,
            -31.417451
          ],
          [
            -64.187673,
            -31.417469
          ],
          [
            -64.18769,
            -31.41751
          ],
          [
            -64.188184,
            -31.418665
          ],
          [
            -64.188568,
            -31.419564
          ],
          [
            -64.188701,
            -31.419841
          ],
          [
            -64.188713,
            -31.419861
          ],
          [
            -64.188728,
            -31.419891
          ],
          [
            -64.188735,
            -31.419927
          ],
          [
            -64.188737,
            -31.419959
          ],
          [
            -64.188733,
            -31.419976
          ],
          [
            -64.188728,
            -31.419991
          ],
          [
            -64.188709,
            -31.420032
          ],
          [
            -64.188708,
            -31.420086
          ],
          [
            -64.188709,
            -31.420103
          ]
        ]
      }
    },
    {
      "type": "Feature",
      "id": "route-cordoba-2026-08-27-v3-08",
      "properties": {
        "truckId": "vehicle-08",
        "waypointDistancesKm": [
          0,
          1.5148393380021457,
          4.203976572028294,
          7.054260120429309,
          7.396183088367481,
          9.150849815897267,
          11.486927878071807,
          12.750549768025937,
          19.001393798087143
        ]
      },
      "geometry": {
        "type": "LineString",
        "coordinates": [
          [
            -64.188709,
            -31.420109
          ],
          [
            -64.18871,
            -31.420127
          ],
          [
            -64.188717,
            -31.420178
          ],
          [
            -64.188727,
            -31.42023
          ],
          [
            -64.188737,
            -31.420284
          ],
          [
            -64.188734,
            -31.420338
          ],
          [
            -64.188686,
            -31.420476
          ],
          [
            -64.188614,
            -31.420637
          ],
          [
            -64.188602,
            -31.420666
          ],
          [
            -64.188216,
            -31.421509
          ],
          [
            -64.188139,
            -31.421536
          ],
          [
            -64.187971,
            -31.421596
          ],
          [
            -64.187883,
            -31.421621
          ],
          [
            -64.186582,
            -31.422025
          ],
          [
            -64.185253,
            -31.422438
          ],
          [
            -64.185197,
            -31.422455
          ],
          [
            -64.183898,
            -31.422858
          ],
          [
            -64.182631,
            -31.423252
          ],
          [
            -64.182565,
            -31.423271
          ],
          [
            -64.18253,
            -31.423283
          ],
          [
            -64.182506,
            -31.42329
          ],
          [
            -64.182219,
            -31.422615
          ],
          [
            -64.181948,
            -31.421985
          ],
          [
            -64.181908,
            -31.421886
          ],
          [
            -64.181858,
            -31.42176
          ],
          [
            -64.181401,
            -31.420612
          ],
          [
            -64.180946,
            -31.419465
          ],
          [
            -64.179696,
            -31.419842
          ],
          [
            -64.180036,
            -31.42065
          ],
          [
            -64.180178,
            -31.420989
          ],
          [
            -64.180395,
            -31.421509
          ],
          [
            -64.180685,
            -31.422206
          ],
          [
            -64.181908,
            -31.421886
          ],
          [
            -64.181858,
            -31.42176
          ],
          [
            -64.181401,
            -31.420612
          ],
          [
            -64.180946,
            -31.419465
          ],
          [
            -64.180482,
            -31.418341
          ],
          [
            -64.180474,
            -31.418322
          ],
          [
            -64.179989,
            -31.417196
          ],
          [
            -64.179509,
            -31.41608
          ],
          [
            -64.179029,
            -31.414893
          ],
          [
            -64.17902,
            -31.41487
          ],
          [
            -64.179001,
            -31.414876
          ],
          [
            -64.178233,
            -31.415127
          ],
          [
            -64.178093,
            -31.415172
          ],
          [
            -64.177774,
            -31.415275
          ],
          [
            -64.176467,
            -31.415664
          ],
          [
            -64.176184,
            -31.415764
          ],
          [
            -64.176043,
            -31.415814
          ],
          [
            -64.175744,
            -31.41592
          ],
          [
            -64.175585,
            -31.415975
          ],
          [
            -64.17545,
            -31.416022
          ],
          [
            -64.175207,
            -31.416089
          ],
          [
            -64.174904,
            -31.416136
          ],
          [
            -64.174646,
            -31.416086
          ],
          [
            -64.173295,
            -31.415758
          ],
          [
            -64.173201,
            -31.415733
          ],
          [
            -64.17202,
            -31.415391
          ],
          [
            -64.171988,
            -31.415381
          ],
          [
            -64.170834,
            -31.415047
          ],
          [
            -64.170782,
            -31.415032
          ],
          [
            -64.169897,
            -31.414791
          ],
          [
            -64.16971,
            -31.41474
          ],
          [
            -64.169592,
            -31.414707
          ],
          [
            -64.16839,
            -31.414379
          ],
          [
            -64.168072,
            -31.414292
          ],
          [
            -64.167717,
            -31.414195
          ],
          [
            -64.167173,
            -31.414046
          ],
          [
            -64.165965,
            -31.413715
          ],
          [
            -64.165599,
            -31.413615
          ],
          [
            -64.1648,
            -31.413396
          ],
          [
            -64.164391,
            -31.414448
          ],
          [
            -64.165528,
            -31.41476
          ],
          [
            -64.16557,
            -31.414771
          ],
          [
            -64.165965,
            -31.413715
          ],
          [
            -64.165599,
            -31.413615
          ],
          [
            -64.1648,
            -31.413396
          ],
          [
            -64.164391,
            -31.414448
          ],
          [
            -64.163987,
            -31.4155
          ],
          [
            -64.163886,
            -31.415547
          ],
          [
            -64.16292,
            -31.415736
          ],
          [
            -64.162505,
            -31.415811
          ],
          [
            -64.162207,
            -31.415864
          ],
          [
            -64.161455,
            -31.415991
          ],
          [
            -64.160612,
            -31.416157
          ],
          [
            -64.159681,
            -31.41634
          ],
          [
            -64.158985,
            -31.416467
          ],
          [
            -64.158173,
            -31.416613
          ],
          [
            -64.157623,
            -31.416712
          ],
          [
            -64.157569,
            -31.416631
          ],
          [
            -64.157516,
            -31.41656
          ],
          [
            -64.157465,
            -31.416503
          ],
          [
            -64.157401,
            -31.41644
          ],
          [
            -64.157196,
            -31.416246
          ],
          [
            -64.157038,
            -31.416135
          ],
          [
            -64.156919,
            -31.41607
          ],
          [
            -64.156744,
            -31.415996
          ],
          [
            -64.156545,
            -31.415937
          ],
          [
            -64.156356,
            -31.415898
          ],
          [
            -64.156136,
            -31.415865
          ],
          [
            -64.155925,
            -31.415858
          ],
          [
            -64.155691,
            -31.41587
          ],
          [
            -64.155382,
            -31.415921
          ],
          [
            -64.15515,
            -31.416005
          ],
          [
            -64.154964,
            -31.416089
          ],
          [
            -64.154539,
            -31.416333
          ],
          [
            -64.154002,
            -31.416647
          ],
          [
            -64.153835,
            -31.416746
          ],
          [
            -64.153754,
            -31.416788
          ],
          [
            -64.153671,
            -31.416827
          ],
          [
            -64.153372,
            -31.416949
          ],
          [
            -64.153182,
            -31.417025
          ],
          [
            -64.15287,
            -31.417192
          ],
          [
            -64.152787,
            -31.417227
          ],
          [
            -64.151804,
            -31.417587
          ],
          [
            -64.151425,
            -31.417707
          ],
          [
            -64.151418,
            -31.417746
          ],
          [
            -64.15131,
            -31.418367
          ],
          [
            -64.151301,
            -31.418419
          ],
          [
            -64.151291,
            -31.418476
          ],
          [
            -64.151271,
            -31.418629
          ],
          [
            -64.151266,
            -31.418707
          ],
          [
            -64.151266,
            -31.41882
          ],
          [
            -64.151287,
            -31.419
          ],
          [
            -64.15139,
            -31.419828
          ],
          [
            -64.151448,
            -31.420319
          ],
          [
            -64.151519,
            -31.420851
          ],
          [
            -64.15166,
            -31.421921
          ],
          [
            -64.151792,
            -31.422998
          ],
          [
            -64.1518,
            -31.423063
          ],
          [
            -64.151928,
            -31.424139
          ],
          [
            -64.152079,
            -31.425193
          ],
          [
            -64.152224,
            -31.426281
          ],
          [
            -64.152707,
            -31.426231
          ],
          [
            -64.152781,
            -31.426766
          ],
          [
            -64.152851,
            -31.427279
          ],
          [
            -64.153594,
            -31.42721
          ],
          [
            -64.153668,
            -31.427799
          ],
          [
            -64.152976,
            -31.427856
          ],
          [
            -64.152452,
            -31.427918
          ],
          [
            -64.152415,
            -31.427636
          ],
          [
            -64.152374,
            -31.427324
          ],
          [
            -64.15177,
            -31.42738
          ],
          [
            -64.151129,
            -31.427442
          ],
          [
            -64.151372,
            -31.429191
          ],
          [
            -64.151375,
            -31.429246
          ],
          [
            -64.151382,
            -31.429294
          ],
          [
            -64.151402,
            -31.429425
          ],
          [
            -64.151527,
            -31.430391
          ],
          [
            -64.151646,
            -31.431311
          ],
          [
            -64.151742,
            -31.432262
          ],
          [
            -64.151832,
            -31.43304
          ],
          [
            -64.151853,
            -31.433177
          ],
          [
            -64.151875,
            -31.433373
          ],
          [
            -64.151901,
            -31.433607
          ],
          [
            -64.151934,
            -31.43418
          ],
          [
            -64.151946,
            -31.435426
          ],
          [
            -64.151846,
            -31.435403
          ],
          [
            -64.151181,
            -31.435389
          ],
          [
            -64.150001,
            -31.435363
          ],
          [
            -64.149866,
            -31.43536
          ],
          [
            -64.149144,
            -31.435344
          ],
          [
            -64.148522,
            -31.43534
          ],
          [
            -64.14794,
            -31.435336
          ],
          [
            -64.147342,
            -31.435332
          ],
          [
            -64.147153,
            -31.435334
          ],
          [
            -64.145732,
            -31.43533
          ],
          [
            -64.145731,
            -31.434379
          ],
          [
            -64.145731,
            -31.434259
          ],
          [
            -64.145729,
            -31.433505
          ],
          [
            -64.14573,
            -31.433467
          ],
          [
            -64.145727,
            -31.433346
          ],
          [
            -64.14523,
            -31.433256
          ],
          [
            -64.144982,
            -31.4332
          ],
          [
            -64.144897,
            -31.43318
          ],
          [
            -64.144591,
            -31.433105
          ],
          [
            -64.14451,
            -31.433088
          ],
          [
            -64.144231,
            -31.433041
          ],
          [
            -64.144074,
            -31.433021
          ],
          [
            -64.143631,
            -31.433002
          ],
          [
            -64.14346,
            -31.433006
          ],
          [
            -64.142901,
            -31.433079
          ],
          [
            -64.142796,
            -31.433096
          ],
          [
            -64.142496,
            -31.433135
          ],
          [
            -64.142218,
            -31.433165
          ],
          [
            -64.141962,
            -31.433176
          ],
          [
            -64.141831,
            -31.433177
          ],
          [
            -64.141595,
            -31.433161
          ],
          [
            -64.141239,
            -31.433101
          ],
          [
            -64.140915,
            -31.433006
          ],
          [
            -64.140632,
            -31.432874
          ],
          [
            -64.140335,
            -31.432688
          ],
          [
            -64.139959,
            -31.432382
          ],
          [
            -64.139875,
            -31.432332
          ],
          [
            -64.139784,
            -31.432285
          ],
          [
            -64.139296,
            -31.432072
          ],
          [
            -64.138963,
            -31.431953
          ],
          [
            -64.138926,
            -31.431889
          ],
          [
            -64.13891,
            -31.431832
          ],
          [
            -64.138916,
            -31.431783
          ],
          [
            -64.138933,
            -31.431742
          ],
          [
            -64.13896,
            -31.431706
          ],
          [
            -64.13901,
            -31.431669
          ],
          [
            -64.139072,
            -31.431636
          ],
          [
            -64.139169,
            -31.431592
          ],
          [
            -64.139314,
            -31.431527
          ],
          [
            -64.139163,
            -31.430429
          ],
          [
            -64.13909,
            -31.429913
          ],
          [
            -64.139033,
            -31.429445
          ],
          [
            -64.138939,
            -31.428917
          ],
          [
            -64.138864,
            -31.428448
          ],
          [
            -64.138786,
            -31.427945
          ],
          [
            -64.138718,
            -31.427488
          ],
          [
            -64.138632,
            -31.426961
          ],
          [
            -64.138553,
            -31.426453
          ],
          [
            -64.138482,
            -31.426001
          ],
          [
            -64.138475,
            -31.425948
          ],
          [
            -64.138479,
            -31.425896
          ],
          [
            -64.138496,
            -31.425834
          ],
          [
            -64.138626,
            -31.425367
          ],
          [
            -64.1388,
            -31.424794
          ],
          [
            -64.138829,
            -31.424725
          ],
          [
            -64.138879,
            -31.424664
          ],
          [
            -64.139272,
            -31.424266
          ],
          [
            -64.139298,
            -31.424244
          ],
          [
            -64.139343,
            -31.424219
          ],
          [
            -64.139406,
            -31.424208
          ],
          [
            -64.139908,
            -31.424164
          ],
          [
            -64.140552,
            -31.424096
          ],
          [
            -64.141797,
            -31.423974
          ],
          [
            -64.141629,
            -31.422868
          ],
          [
            -64.141462,
            -31.421761
          ],
          [
            -64.142712,
            -31.421647
          ],
          [
            -64.142766,
            -31.421985
          ],
          [
            -64.142887,
            -31.42274
          ],
          [
            -64.141629,
            -31.422868
          ],
          [
            -64.140379,
            -31.422986
          ],
          [
            -64.139753,
            -31.423046
          ],
          [
            -64.139169,
            -31.423101
          ],
          [
            -64.137871,
            -31.423224
          ],
          [
            -64.137084,
            -31.423298
          ],
          [
            -64.136265,
            -31.423381
          ],
          [
            -64.135481,
            -31.423449
          ],
          [
            -64.134666,
            -31.423515
          ],
          [
            -64.133531,
            -31.423532
          ],
          [
            -64.132438,
            -31.423542
          ],
          [
            -64.131308,
            -31.423554
          ],
          [
            -64.131301,
            -31.422923
          ],
          [
            -64.1313,
            -31.422876
          ],
          [
            -64.131296,
            -31.422464
          ],
          [
            -64.13242,
            -31.422468
          ],
          [
            -64.133516,
            -31.422472
          ],
          [
            -64.133627,
            -31.42247
          ],
          [
            -64.134544,
            -31.422411
          ],
          [
            -64.135332,
            -31.422343
          ],
          [
            -64.136117,
            -31.422282
          ],
          [
            -64.136929,
            -31.422202
          ],
          [
            -64.137707,
            -31.422109
          ],
          [
            -64.137794,
            -31.422702
          ],
          [
            -64.137871,
            -31.423224
          ],
          [
            -64.137943,
            -31.423694
          ],
          [
            -64.137961,
            -31.423743
          ],
          [
            -64.137989,
            -31.423797
          ],
          [
            -64.138373,
            -31.424232
          ],
          [
            -64.138829,
            -31.424725
          ],
          [
            -64.138879,
            -31.424664
          ],
          [
            -64.139272,
            -31.424266
          ],
          [
            -64.139298,
            -31.424244
          ],
          [
            -64.139343,
            -31.424219
          ],
          [
            -64.139406,
            -31.424208
          ],
          [
            -64.139908,
            -31.424164
          ],
          [
            -64.140552,
            -31.424096
          ],
          [
            -64.141797,
            -31.423974
          ],
          [
            -64.143046,
            -31.423857
          ],
          [
            -64.144308,
            -31.423743
          ],
          [
            -64.145545,
            -31.423635
          ],
          [
            -64.146812,
            -31.423511
          ],
          [
            -64.147531,
            -31.423444
          ],
          [
            -64.147525,
            -31.423399
          ],
          [
            -64.14749,
            -31.423176
          ],
          [
            -64.14749,
            -31.423136
          ],
          [
            -64.147508,
            -31.423107
          ],
          [
            -64.147541,
            -31.423076
          ],
          [
            -64.147609,
            -31.423015
          ],
          [
            -64.147649,
            -31.422993
          ],
          [
            -64.14771,
            -31.422972
          ],
          [
            -64.148014,
            -31.422949
          ],
          [
            -64.148463,
            -31.4229
          ],
          [
            -64.148508,
            -31.422905
          ],
          [
            -64.148525,
            -31.422926
          ],
          [
            -64.148529,
            -31.422958
          ],
          [
            -64.14858,
            -31.423346
          ],
          [
            -64.148613,
            -31.423343
          ],
          [
            -64.149306,
            -31.42328
          ],
          [
            -64.150563,
            -31.423173
          ],
          [
            -64.1518,
            -31.423063
          ],
          [
            -64.152557,
            -31.422988
          ],
          [
            -64.152568,
            -31.422856
          ],
          [
            -64.152626,
            -31.422734
          ],
          [
            -64.152725,
            -31.422634
          ],
          [
            -64.152856,
            -31.422564
          ],
          [
            -64.153005,
            -31.422532
          ],
          [
            -64.153157,
            -31.422541
          ],
          [
            -64.153299,
            -31.42259
          ],
          [
            -64.153416,
            -31.422672
          ],
          [
            -64.153498,
            -31.422782
          ],
          [
            -64.153537,
            -31.422907
          ],
          [
            -64.154314,
            -31.42284
          ],
          [
            -64.155562,
            -31.42272
          ],
          [
            -64.156799,
            -31.4226
          ],
          [
            -64.158066,
            -31.422477
          ],
          [
            -64.158666,
            -31.422417
          ],
          [
            -64.159311,
            -31.422357
          ],
          [
            -64.159969,
            -31.422286
          ],
          [
            -64.160047,
            -31.422284
          ],
          [
            -64.160136,
            -31.422291
          ],
          [
            -64.160581,
            -31.422363
          ],
          [
            -64.160912,
            -31.422433
          ],
          [
            -64.161051,
            -31.422464
          ],
          [
            -64.161297,
            -31.422505
          ],
          [
            -64.161429,
            -31.422517
          ],
          [
            -64.161615,
            -31.422529
          ],
          [
            -64.161879,
            -31.422536
          ],
          [
            -64.163091,
            -31.422563
          ],
          [
            -64.163299,
            -31.422566
          ],
          [
            -64.163718,
            -31.42258
          ],
          [
            -64.164124,
            -31.422593
          ],
          [
            -64.164408,
            -31.422618
          ],
          [
            -64.164488,
            -31.422662
          ],
          [
            -64.164532,
            -31.422705
          ],
          [
            -64.164574,
            -31.422767
          ],
          [
            -64.1646,
            -31.42283
          ],
          [
            -64.164623,
            -31.422988
          ],
          [
            -64.164674,
            -31.423447
          ],
          [
            -64.164726,
            -31.423936
          ],
          [
            -64.164735,
            -31.424011
          ],
          [
            -64.164871,
            -31.424002
          ],
          [
            -64.165336,
            -31.423957
          ],
          [
            -64.1654,
            -31.423954
          ],
          [
            -64.165822,
            -31.423933
          ],
          [
            -64.165867,
            -31.423931
          ],
          [
            -64.166244,
            -31.423926
          ],
          [
            -64.16631,
            -31.423927
          ],
          [
            -64.166957,
            -31.423938
          ],
          [
            -64.167358,
            -31.423946
          ],
          [
            -64.167428,
            -31.423957
          ],
          [
            -64.167497,
            -31.42398
          ],
          [
            -64.167552,
            -31.424005
          ],
          [
            -64.168851,
            -31.424755
          ],
          [
            -64.1689,
            -31.424796
          ],
          [
            -64.168942,
            -31.424825
          ],
          [
            -64.168979,
            -31.42487
          ],
          [
            -64.169008,
            -31.424923
          ],
          [
            -64.169022,
            -31.424964
          ],
          [
            -64.169048,
            -31.425045
          ],
          [
            -64.16907,
            -31.425072
          ],
          [
            -64.169099,
            -31.425099
          ],
          [
            -64.169124,
            -31.425133
          ],
          [
            -64.169142,
            -31.425164
          ],
          [
            -64.169161,
            -31.425189
          ],
          [
            -64.169183,
            -31.425211
          ],
          [
            -64.169207,
            -31.425226
          ],
          [
            -64.169235,
            -31.425235
          ],
          [
            -64.169268,
            -31.425244
          ],
          [
            -64.1693,
            -31.425244
          ],
          [
            -64.169326,
            -31.425242
          ],
          [
            -64.169381,
            -31.425236
          ],
          [
            -64.169404,
            -31.425234
          ],
          [
            -64.170656,
            -31.425013
          ],
          [
            -64.171127,
            -31.4249
          ],
          [
            -64.171374,
            -31.424824
          ],
          [
            -64.171611,
            -31.424741
          ],
          [
            -64.171996,
            -31.424593
          ],
          [
            -64.172312,
            -31.424449
          ],
          [
            -64.172769,
            -31.424206
          ],
          [
            -64.173035,
            -31.424057
          ],
          [
            -64.173234,
            -31.423937
          ],
          [
            -64.17346,
            -31.423782
          ],
          [
            -64.173711,
            -31.423588
          ],
          [
            -64.17388,
            -31.423447
          ],
          [
            -64.174027,
            -31.423307
          ],
          [
            -64.174115,
            -31.423319
          ],
          [
            -64.174169,
            -31.423343
          ],
          [
            -64.174289,
            -31.4234
          ],
          [
            -64.174319,
            -31.423444
          ],
          [
            -64.174324,
            -31.423452
          ],
          [
            -64.174405,
            -31.423543
          ],
          [
            -64.174516,
            -31.423642
          ],
          [
            -64.174679,
            -31.423753
          ],
          [
            -64.17483,
            -31.423817
          ],
          [
            -64.174913,
            -31.423852
          ],
          [
            -64.175,
            -31.423871
          ],
          [
            -64.175044,
            -31.423879
          ],
          [
            -64.175097,
            -31.423881
          ],
          [
            -64.175136,
            -31.42388
          ],
          [
            -64.175179,
            -31.423878
          ],
          [
            -64.175252,
            -31.423859
          ],
          [
            -64.175305,
            -31.423832
          ],
          [
            -64.175349,
            -31.423796
          ],
          [
            -64.175385,
            -31.423753
          ],
          [
            -64.175452,
            -31.423658
          ],
          [
            -64.175523,
            -31.423557
          ],
          [
            -64.175624,
            -31.423485
          ],
          [
            -64.175668,
            -31.423462
          ],
          [
            -64.175739,
            -31.423432
          ],
          [
            -64.175788,
            -31.423418
          ],
          [
            -64.175825,
            -31.423407
          ],
          [
            -64.176026,
            -31.423351
          ],
          [
            -64.176285,
            -31.423288
          ],
          [
            -64.176398,
            -31.423265
          ],
          [
            -64.176516,
            -31.423243
          ],
          [
            -64.176741,
            -31.423226
          ],
          [
            -64.177859,
            -31.422944
          ],
          [
            -64.179313,
            -31.422566
          ],
          [
            -64.180685,
            -31.422206
          ],
          [
            -64.181908,
            -31.421886
          ],
          [
            -64.181933,
            -31.42188
          ],
          [
            -64.182055,
            -31.421848
          ],
          [
            -64.183332,
            -31.421513
          ],
          [
            -64.183646,
            -31.421431
          ],
          [
            -64.184303,
            -31.421259
          ],
          [
            -64.184705,
            -31.421154
          ],
          [
            -64.186053,
            -31.420801
          ],
          [
            -64.186264,
            -31.420749
          ],
          [
            -64.187394,
            -31.420469
          ],
          [
            -64.187439,
            -31.420456
          ],
          [
            -64.187877,
            -31.420332
          ],
          [
            -64.188038,
            -31.420286
          ],
          [
            -64.188169,
            -31.420245
          ],
          [
            -64.188208,
            -31.420233
          ],
          [
            -64.188297,
            -31.420206
          ],
          [
            -64.188431,
            -31.42015
          ],
          [
            -64.188553,
            -31.4201
          ],
          [
            -64.188617,
            -31.420073
          ],
          [
            -64.188664,
            -31.420053
          ],
          [
            -64.188709,
            -31.420032
          ],
          [
            -64.188708,
            -31.420086
          ],
          [
            -64.188709,
            -31.420103
          ]
        ]
      }
    }
  ]
}
