{
  "type": "FeatureCollection",
  "metadata": {
    "runId": "cordoba-2026-09-02-v3",
    "targetDate": "2026-09-02",
    "modelVersion": "fleetflow-v0.6"
  },
  "features": [
    {
      "type": "Feature",
      "id": "route-cordoba-2026-09-02-v3-01",
      "properties": {
        "truckId": "vehicle-01",
        "waypointDistancesKm": [
          0,
          4.322971990732333,
          6.763092141716053,
          9.894703292863293,
          19.591978422727298,
          24.361334034024896,
          28.58772236539398,
          29.18955763601642,
          44.343942065993815
        ]
      },
      "geometry": {
        "type": "LineString",
        "coordinates": [
          [
            -64.188709,
            -31.420109
          ],
          [
            -64.18871,
            -31.420127
          ],
          [
            -64.188717,
            -31.420178
          ],
          [
            -64.188727,
            -31.42023
          ],
          [
            -64.188737,
            -31.420284
          ],
          [
            -64.188734,
            -31.420338
          ],
          [
            -64.188686,
            -31.420476
          ],
          [
            -64.188614,
            -31.420637
          ],
          [
            -64.188602,
            -31.420666
          ],
          [
            -64.188216,
            -31.421509
          ],
          [
            -64.188139,
            -31.421536
          ],
          [
            -64.187971,
            -31.421596
          ],
          [
            -64.187883,
            -31.421621
          ],
          [
            -64.186582,
            -31.422025
          ],
          [
            -64.187051,
            -31.423184
          ],
          [
            -64.187348,
            -31.423089
          ],
          [
            -64.187455,
            -31.423057
          ],
          [
            -64.18837,
            -31.422766
          ],
          [
            -64.189743,
            -31.422336
          ],
          [
            -64.191026,
            -31.421953
          ],
          [
            -64.190613,
            -31.421516
          ],
          [
            -64.190113,
            -31.421069
          ],
          [
            -64.190082,
            -31.420974
          ],
          [
            -64.19,
            -31.420834
          ],
          [
            -64.189978,
            -31.420712
          ],
          [
            -64.18997,
            -31.420554
          ],
          [
            -64.189962,
            -31.420073
          ],
          [
            -64.189978,
            -31.419996
          ],
          [
            -64.190007,
            -31.419899
          ],
          [
            -64.189976,
            -31.419802
          ],
          [
            -64.189956,
            -31.419714
          ],
          [
            -64.189951,
            -31.419695
          ],
          [
            -64.189855,
            -31.419325
          ],
          [
            -64.189817,
            -31.419043
          ],
          [
            -64.189817,
            -31.418845
          ],
          [
            -64.189827,
            -31.418696
          ],
          [
            -64.189856,
            -31.418532
          ],
          [
            -64.189885,
            -31.418373
          ],
          [
            -64.189918,
            -31.418231
          ],
          [
            -64.18992,
            -31.418223
          ],
          [
            -64.189931,
            -31.418171
          ],
          [
            -64.189955,
            -31.418097
          ],
          [
            -64.189959,
            -31.418085
          ],
          [
            -64.190416,
            -31.416687
          ],
          [
            -64.190422,
            -31.416663
          ],
          [
            -64.190453,
            -31.416566
          ],
          [
            -64.190822,
            -31.41525
          ],
          [
            -64.191018,
            -31.414692
          ],
          [
            -64.190728,
            -31.414015
          ],
          [
            -64.190641,
            -31.413793
          ],
          [
            -64.190513,
            -31.413467
          ],
          [
            -64.190506,
            -31.413448
          ],
          [
            -64.190302,
            -31.412929
          ],
          [
            -64.190294,
            -31.412909
          ],
          [
            -64.190081,
            -31.412365
          ],
          [
            -64.190027,
            -31.412229
          ],
          [
            -64.189801,
            -31.411651
          ],
          [
            -64.189773,
            -31.411576
          ],
          [
            -64.189392,
            -31.410554
          ],
          [
            -64.189004,
            -31.409416
          ],
          [
            -64.188509,
            -31.408133
          ],
          [
            -64.188397,
            -31.407846
          ],
          [
            -64.188295,
            -31.40759
          ],
          [
            -64.188209,
            -31.407376
          ],
          [
            -64.188164,
            -31.407265
          ],
          [
            -64.188152,
            -31.407231
          ],
          [
            -64.188132,
            -31.40717
          ],
          [
            -64.188096,
            -31.407062
          ],
          [
            -64.188305,
            -31.406942
          ],
          [
            -64.188538,
            -31.40681
          ],
          [
            -64.189035,
            -31.406557
          ],
          [
            -64.189132,
            -31.406516
          ],
          [
            -64.189254,
            -31.406476
          ],
          [
            -64.189361,
            -31.406445
          ],
          [
            -64.189415,
            -31.406429
          ],
          [
            -64.189555,
            -31.406402
          ],
          [
            -64.190926,
            -31.40621
          ],
          [
            -64.19102,
            -31.406204
          ],
          [
            -64.19235,
            -31.406273
          ],
          [
            -64.19297,
            -31.406306
          ],
          [
            -64.193061,
            -31.406309
          ],
          [
            -64.193141,
            -31.406307
          ],
          [
            -64.193618,
            -31.40627
          ],
          [
            -64.193724,
            -31.406259
          ],
          [
            -64.194138,
            -31.406165
          ],
          [
            -64.194487,
            -31.406107
          ],
          [
            -64.195155,
            -31.406066
          ],
          [
            -64.195369,
            -31.406032
          ],
          [
            -64.195686,
            -31.40597
          ],
          [
            -64.195912,
            -31.405926
          ],
          [
            -64.196765,
            -31.405759
          ],
          [
            -64.196908,
            -31.405729
          ],
          [
            -64.198018,
            -31.405495
          ],
          [
            -64.198809,
            -31.405312
          ],
          [
            -64.199081,
            -31.405241
          ],
          [
            -64.199312,
            -31.405173
          ],
          [
            -64.200125,
            -31.404927
          ],
          [
            -64.2002,
            -31.404912
          ],
          [
            -64.200277,
            -31.404906
          ],
          [
            -64.200357,
            -31.404908
          ],
          [
            -64.200637,
            -31.404913
          ],
          [
            -64.201009,
            -31.40481
          ],
          [
            -64.202072,
            -31.404501
          ],
          [
            -64.202219,
            -31.404854
          ],
          [
            -64.202432,
            -31.40537
          ],
          [
            -64.201194,
            -31.405757
          ],
          [
            -64.201422,
            -31.40634
          ],
          [
            -64.201528,
            -31.406611
          ],
          [
            -64.201678,
            -31.406993
          ],
          [
            -64.202087,
            -31.408018
          ],
          [
            -64.20309,
            -31.407729
          ],
          [
            -64.203382,
            -31.407645
          ],
          [
            -64.203489,
            -31.407614
          ],
          [
            -64.204344,
            -31.407362
          ],
          [
            -64.204583,
            -31.407292
          ],
          [
            -64.205806,
            -31.406932
          ],
          [
            -64.206043,
            -31.406873
          ],
          [
            -64.206607,
            -31.4067
          ],
          [
            -64.206639,
            -31.40669
          ],
          [
            -64.207134,
            -31.406547
          ],
          [
            -64.207959,
            -31.406309
          ],
          [
            -64.208176,
            -31.406253
          ],
          [
            -64.208396,
            -31.406184
          ],
          [
            -64.209213,
            -31.405931
          ],
          [
            -64.210355,
            -31.405584
          ],
          [
            -64.211494,
            -31.405233
          ],
          [
            -64.211605,
            -31.405196
          ],
          [
            -64.212,
            -31.405067
          ],
          [
            -64.212627,
            -31.404861
          ],
          [
            -64.213768,
            -31.404502
          ],
          [
            -64.214599,
            -31.40424
          ],
          [
            -64.214912,
            -31.404141
          ],
          [
            -64.216036,
            -31.403788
          ],
          [
            -64.217154,
            -31.403436
          ],
          [
            -64.218309,
            -31.403072
          ],
          [
            -64.218994,
            -31.40285
          ],
          [
            -64.219446,
            -31.402708
          ],
          [
            -64.220585,
            -31.402345
          ],
          [
            -64.221708,
            -31.401988
          ],
          [
            -64.222808,
            -31.401621
          ],
          [
            -64.223958,
            -31.401244
          ],
          [
            -64.223894,
            -31.401095
          ],
          [
            -64.223715,
            -31.400683
          ],
          [
            -64.223487,
            -31.400157
          ],
          [
            -64.223811,
            -31.400055
          ],
          [
            -64.224639,
            -31.399796
          ],
          [
            -64.22474,
            -31.399807
          ],
          [
            -64.224802,
            -31.399814
          ],
          [
            -64.225075,
            -31.400436
          ],
          [
            -64.225096,
            -31.400484
          ],
          [
            -64.225255,
            -31.400846
          ],
          [
            -64.226545,
            -31.400426
          ],
          [
            -64.2266,
            -31.400408
          ],
          [
            -64.226881,
            -31.400319
          ],
          [
            -64.22766,
            -31.400072
          ],
          [
            -64.22833,
            -31.399859
          ],
          [
            -64.229165,
            -31.399591
          ],
          [
            -64.229486,
            -31.39949
          ],
          [
            -64.229634,
            -31.399442
          ],
          [
            -64.229939,
            -31.399344
          ],
          [
            -64.230454,
            -31.399176
          ],
          [
            -64.230658,
            -31.399109
          ],
          [
            -64.231527,
            -31.398848
          ],
          [
            -64.232862,
            -31.398413
          ],
          [
            -64.233231,
            -31.398293
          ],
          [
            -64.233296,
            -31.398272
          ],
          [
            -64.233741,
            -31.398127
          ],
          [
            -64.234724,
            -31.397814
          ],
          [
            -64.235064,
            -31.397702
          ],
          [
            -64.235594,
            -31.397538
          ],
          [
            -64.237176,
            -31.397031
          ],
          [
            -64.238299,
            -31.39667
          ],
          [
            -64.239423,
            -31.396307
          ],
          [
            -64.239921,
            -31.396158
          ],
          [
            -64.240356,
            -31.396044
          ],
          [
            -64.24052,
            -31.396015
          ],
          [
            -64.240599,
            -31.396001
          ],
          [
            -64.240899,
            -31.395972
          ],
          [
            -64.241155,
            -31.395955
          ],
          [
            -64.241408,
            -31.395955
          ],
          [
            -64.241705,
            -31.395959
          ],
          [
            -64.241857,
            -31.395962
          ],
          [
            -64.241986,
            -31.395969
          ],
          [
            -64.243274,
            -31.396036
          ],
          [
            -64.244063,
            -31.396078
          ],
          [
            -64.24446,
            -31.396094
          ],
          [
            -64.244583,
            -31.396101
          ],
          [
            -64.244688,
            -31.396105
          ],
          [
            -64.244843,
            -31.396112
          ],
          [
            -64.245515,
            -31.396146
          ],
          [
            -64.246642,
            -31.396201
          ],
          [
            -64.247109,
            -31.396221
          ],
          [
            -64.247208,
            -31.396221
          ],
          [
            -64.247307,
            -31.396213
          ],
          [
            -64.247429,
            -31.396192
          ],
          [
            -64.247516,
            -31.396172
          ],
          [
            -64.247613,
            -31.396146
          ],
          [
            -64.247695,
            -31.396124
          ],
          [
            -64.247765,
            -31.396107
          ],
          [
            -64.247838,
            -31.396092
          ],
          [
            -64.247911,
            -31.396084
          ],
          [
            -64.247999,
            -31.39608
          ],
          [
            -64.248072,
            -31.39608
          ],
          [
            -64.248154,
            -31.396085
          ],
          [
            -64.248232,
            -31.396092
          ],
          [
            -64.248329,
            -31.396106
          ],
          [
            -64.248466,
            -31.396137
          ],
          [
            -64.248559,
            -31.396164
          ],
          [
            -64.248645,
            -31.396197
          ],
          [
            -64.24874,
            -31.396234
          ],
          [
            -64.248829,
            -31.396265
          ],
          [
            -64.248916,
            -31.396288
          ],
          [
            -64.249006,
            -31.396307
          ],
          [
            -64.24912,
            -31.396319
          ],
          [
            -64.249228,
            -31.396326
          ],
          [
            -64.249393,
            -31.396334
          ],
          [
            -64.24991,
            -31.396361
          ],
          [
            -64.250387,
            -31.396384
          ],
          [
            -64.250942,
            -31.396411
          ],
          [
            -64.251091,
            -31.396417
          ],
          [
            -64.251199,
            -31.396423
          ],
          [
            -64.25127,
            -31.396418
          ],
          [
            -64.251327,
            -31.396409
          ],
          [
            -64.251315,
            -31.396356
          ],
          [
            -64.251298,
            -31.396301
          ],
          [
            -64.251132,
            -31.395913
          ],
          [
            -64.250945,
            -31.395517
          ],
          [
            -64.25126,
            -31.395415
          ],
          [
            -64.251775,
            -31.395229
          ],
          [
            -64.25206,
            -31.395137
          ],
          [
            -64.252215,
            -31.395085
          ],
          [
            -64.252348,
            -31.395041
          ],
          [
            -64.252672,
            -31.394932
          ],
          [
            -64.252965,
            -31.395536
          ],
          [
            -64.253094,
            -31.395801
          ],
          [
            -64.253203,
            -31.396025
          ],
          [
            -64.253252,
            -31.396127
          ],
          [
            -64.253497,
            -31.396041
          ],
          [
            -64.253828,
            -31.395922
          ],
          [
            -64.254117,
            -31.395821
          ],
          [
            -64.254367,
            -31.395729
          ],
          [
            -64.254588,
            -31.395645
          ],
          [
            -64.254828,
            -31.395557
          ],
          [
            -64.25505,
            -31.395475
          ],
          [
            -64.255236,
            -31.395408
          ],
          [
            -64.255415,
            -31.395342
          ],
          [
            -64.255523,
            -31.395301
          ],
          [
            -64.25563,
            -31.395263
          ],
          [
            -64.255901,
            -31.395167
          ],
          [
            -64.256188,
            -31.395065
          ],
          [
            -64.256472,
            -31.394965
          ],
          [
            -64.256689,
            -31.394888
          ],
          [
            -64.256876,
            -31.39482
          ],
          [
            -64.257083,
            -31.394742
          ],
          [
            -64.257258,
            -31.394679
          ],
          [
            -64.257547,
            -31.394574
          ],
          [
            -64.257748,
            -31.394506
          ],
          [
            -64.257816,
            -31.394482
          ],
          [
            -64.257923,
            -31.394443
          ],
          [
            -64.258068,
            -31.394392
          ],
          [
            -64.258203,
            -31.394349
          ],
          [
            -64.258343,
            -31.394311
          ],
          [
            -64.258494,
            -31.394275
          ],
          [
            -64.25865,
            -31.394246
          ],
          [
            -64.258811,
            -31.394221
          ],
          [
            -64.258974,
            -31.394202
          ],
          [
            -64.25912,
            -31.394191
          ],
          [
            -64.259266,
            -31.394185
          ],
          [
            -64.259397,
            -31.394182
          ],
          [
            -64.259536,
            -31.394187
          ],
          [
            -64.259646,
            -31.394194
          ],
          [
            -64.259743,
            -31.394203
          ],
          [
            -64.259863,
            -31.394215
          ],
          [
            -64.259977,
            -31.39423
          ],
          [
            -64.260127,
            -31.394257
          ],
          [
            -64.260317,
            -31.394291
          ],
          [
            -64.260489,
            -31.39432
          ],
          [
            -64.260659,
            -31.394349
          ],
          [
            -64.260742,
            -31.394363
          ],
          [
            -64.261502,
            -31.394495
          ],
          [
            -64.261889,
            -31.394552
          ],
          [
            -64.262312,
            -31.394571
          ],
          [
            -64.262663,
            -31.394554
          ],
          [
            -64.26291,
            -31.394538
          ],
          [
            -64.263087,
            -31.394516
          ],
          [
            -64.263325,
            -31.394474
          ],
          [
            -64.263595,
            -31.394395
          ],
          [
            -64.263742,
            -31.39434
          ],
          [
            -64.263857,
            -31.394291
          ],
          [
            -64.263997,
            -31.394228
          ],
          [
            -64.264112,
            -31.394173
          ],
          [
            -64.264205,
            -31.394128
          ],
          [
            -64.264307,
            -31.394074
          ],
          [
            -64.26439,
            -31.394024
          ],
          [
            -64.264459,
            -31.393975
          ],
          [
            -64.26454,
            -31.393913
          ],
          [
            -64.264593,
            -31.393868
          ],
          [
            -64.264639,
            -31.393829
          ],
          [
            -64.26469,
            -31.393782
          ],
          [
            -64.264742,
            -31.393725
          ],
          [
            -64.2648,
            -31.393656
          ],
          [
            -64.264857,
            -31.393585
          ],
          [
            -64.264906,
            -31.393521
          ],
          [
            -64.264944,
            -31.393461
          ],
          [
            -64.264983,
            -31.393397
          ],
          [
            -64.265017,
            -31.393329
          ],
          [
            -64.265055,
            -31.393249
          ],
          [
            -64.265085,
            -31.393174
          ],
          [
            -64.265108,
            -31.393102
          ],
          [
            -64.265124,
            -31.393033
          ],
          [
            -64.265137,
            -31.392961
          ],
          [
            -64.265149,
            -31.392879
          ],
          [
            -64.265153,
            -31.392811
          ],
          [
            -64.265153,
            -31.392735
          ],
          [
            -64.265145,
            -31.392654
          ],
          [
            -64.265133,
            -31.392583
          ],
          [
            -64.265118,
            -31.392487
          ],
          [
            -64.265091,
            -31.392348
          ],
          [
            -64.265065,
            -31.392218
          ],
          [
            -64.265041,
            -31.3921
          ],
          [
            -64.265016,
            -31.391998
          ],
          [
            -64.264983,
            -31.391902
          ],
          [
            -64.264936,
            -31.391787
          ],
          [
            -64.264857,
            -31.391614
          ],
          [
            -64.264751,
            -31.391396
          ],
          [
            -64.264643,
            -31.391175
          ],
          [
            -64.264532,
            -31.390952
          ],
          [
            -64.264391,
            -31.390479
          ],
          [
            -64.264185,
            -31.390108
          ],
          [
            -64.263886,
            -31.389602
          ],
          [
            -64.26369,
            -31.389279
          ],
          [
            -64.263478,
            -31.388937
          ],
          [
            -64.263256,
            -31.388575
          ],
          [
            -64.262979,
            -31.388129
          ],
          [
            -64.262704,
            -31.387683
          ],
          [
            -64.262439,
            -31.387256
          ],
          [
            -64.262176,
            -31.386832
          ],
          [
            -64.261712,
            -31.386077
          ],
          [
            -64.261175,
            -31.385208
          ],
          [
            -64.260878,
            -31.384728
          ],
          [
            -64.259956,
            -31.383244
          ],
          [
            -64.259593,
            -31.382677
          ],
          [
            -64.259206,
            -31.382105
          ],
          [
            -64.258972,
            -31.381775
          ],
          [
            -64.258736,
            -31.381452
          ],
          [
            -64.258433,
            -31.381048
          ],
          [
            -64.258145,
            -31.380678
          ],
          [
            -64.257918,
            -31.380395
          ],
          [
            -64.257677,
            -31.380107
          ],
          [
            -64.257443,
            -31.379832
          ],
          [
            -64.257192,
            -31.37954
          ],
          [
            -64.25683,
            -31.379136
          ],
          [
            -64.256259,
            -31.378514
          ],
          [
            -64.255859,
            -31.378082
          ],
          [
            -64.255387,
            -31.377548
          ],
          [
            -64.255043,
            -31.377146
          ],
          [
            -64.254744,
            -31.376785
          ],
          [
            -64.254487,
            -31.376469
          ],
          [
            -64.254252,
            -31.376167
          ],
          [
            -64.254041,
            -31.375884
          ],
          [
            -64.253831,
            -31.375594
          ],
          [
            -64.253569,
            -31.375226
          ],
          [
            -64.253329,
            -31.374859
          ],
          [
            -64.252964,
            -31.374276
          ],
          [
            -64.25268,
            -31.373787
          ],
          [
            -64.252401,
            -31.373274
          ],
          [
            -64.252208,
            -31.372907
          ],
          [
            -64.252006,
            -31.372506
          ],
          [
            -64.251903,
            -31.372288
          ],
          [
            -64.251807,
            -31.372075
          ],
          [
            -64.251691,
            -31.371818
          ],
          [
            -64.251618,
            -31.371654
          ],
          [
            -64.251508,
            -31.371392
          ],
          [
            -64.25138,
            -31.371072
          ],
          [
            -64.251253,
            -31.370749
          ],
          [
            -64.251134,
            -31.370421
          ],
          [
            -64.25102,
            -31.370104
          ],
          [
            -64.25092,
            -31.369809
          ],
          [
            -64.250799,
            -31.369458
          ],
          [
            -64.25071,
            -31.369199
          ],
          [
            -64.250564,
            -31.368767
          ],
          [
            -64.250336,
            -31.368124
          ],
          [
            -64.25024,
            -31.367872
          ],
          [
            -64.250152,
            -31.367659
          ],
          [
            -64.250043,
            -31.367425
          ],
          [
            -64.24995,
            -31.367236
          ],
          [
            -64.249853,
            -31.367053
          ],
          [
            -64.249737,
            -31.366856
          ],
          [
            -64.24959,
            -31.366629
          ],
          [
            -64.249444,
            -31.366424
          ],
          [
            -64.24931,
            -31.366246
          ],
          [
            -64.249161,
            -31.366061
          ],
          [
            -64.249053,
            -31.365935
          ],
          [
            -64.248933,
            -31.365802
          ],
          [
            -64.248755,
            -31.365615
          ],
          [
            -64.248575,
            -31.365443
          ],
          [
            -64.248389,
            -31.365274
          ],
          [
            -64.248248,
            -31.365154
          ],
          [
            -64.248074,
            -31.365017
          ],
          [
            -64.247868,
            -31.364863
          ],
          [
            -64.247663,
            -31.364721
          ],
          [
            -64.247435,
            -31.364569
          ],
          [
            -64.247254,
            -31.364462
          ],
          [
            -64.247044,
            -31.364344
          ],
          [
            -64.246828,
            -31.364229
          ],
          [
            -64.246553,
            -31.364093
          ],
          [
            -64.246314,
            -31.363982
          ],
          [
            -64.246072,
            -31.363876
          ],
          [
            -64.245805,
            -31.363766
          ],
          [
            -64.245559,
            -31.363665
          ],
          [
            -64.245321,
            -31.36357
          ],
          [
            -64.244865,
            -31.363386
          ],
          [
            -64.24458,
            -31.363268
          ],
          [
            -64.244343,
            -31.363155
          ],
          [
            -64.244155,
            -31.363058
          ],
          [
            -64.243915,
            -31.36293
          ],
          [
            -64.243707,
            -31.362814
          ],
          [
            -64.243528,
            -31.362708
          ],
          [
            -64.243369,
            -31.362603
          ],
          [
            -64.243224,
            -31.362509
          ],
          [
            -64.243023,
            -31.362368
          ],
          [
            -64.242822,
            -31.362218
          ],
          [
            -64.242635,
            -31.362072
          ],
          [
            -64.242472,
            -31.361936
          ],
          [
            -64.242327,
            -31.36181
          ],
          [
            -64.242193,
            -31.361685
          ],
          [
            -64.242056,
            -31.361552
          ],
          [
            -64.241948,
            -31.361439
          ],
          [
            -64.241837,
            -31.361318
          ],
          [
            -64.241677,
            -31.36113
          ],
          [
            -64.241529,
            -31.360946
          ],
          [
            -64.241387,
            -31.360761
          ],
          [
            -64.241279,
            -31.360613
          ],
          [
            -64.241183,
            -31.360467
          ],
          [
            -64.24106,
            -31.360276
          ],
          [
            -64.240939,
            -31.360074
          ],
          [
            -64.240824,
            -31.359872
          ],
          [
            -64.240714,
            -31.359665
          ],
          [
            -64.240619,
            -31.359482
          ],
          [
            -64.240551,
            -31.35935
          ],
          [
            -64.240372,
            -31.358997
          ],
          [
            -64.240041,
            -31.358304
          ],
          [
            -64.239964,
            -31.358145
          ],
          [
            -64.239858,
            -31.357959
          ],
          [
            -64.239771,
            -31.357808
          ],
          [
            -64.239678,
            -31.357671
          ],
          [
            -64.239585,
            -31.357547
          ],
          [
            -64.239457,
            -31.357382
          ],
          [
            -64.239327,
            -31.357205
          ],
          [
            -64.239188,
            -31.357031
          ],
          [
            -64.239036,
            -31.356853
          ],
          [
            -64.238878,
            -31.356682
          ],
          [
            -64.23868,
            -31.356483
          ],
          [
            -64.23851,
            -31.356319
          ],
          [
            -64.238329,
            -31.356162
          ],
          [
            -64.23816,
            -31.356024
          ],
          [
            -64.23797,
            -31.355878
          ],
          [
            -64.237769,
            -31.35573
          ],
          [
            -64.23747,
            -31.355535
          ],
          [
            -64.237182,
            -31.355366
          ],
          [
            -64.236965,
            -31.355242
          ],
          [
            -64.236639,
            -31.355071
          ],
          [
            -64.236215,
            -31.354853
          ],
          [
            -64.235694,
            -31.3546
          ],
          [
            -64.235352,
            -31.354429
          ],
          [
            -64.235126,
            -31.354317
          ],
          [
            -64.234828,
            -31.35418
          ],
          [
            -64.234646,
            -31.354109
          ],
          [
            -64.234344,
            -31.353988
          ],
          [
            -64.234102,
            -31.353902
          ],
          [
            -64.233806,
            -31.353806
          ],
          [
            -64.233504,
            -31.353712
          ],
          [
            -64.233225,
            -31.353634
          ],
          [
            -64.232924,
            -31.353554
          ],
          [
            -64.232565,
            -31.353469
          ],
          [
            -64.232324,
            -31.353422
          ],
          [
            -64.232077,
            -31.353374
          ],
          [
            -64.231706,
            -31.353315
          ],
          [
            -64.231241,
            -31.353246
          ],
          [
            -64.230694,
            -31.35324
          ],
          [
            -64.230451,
            -31.35322
          ],
          [
            -64.230197,
            -31.353199
          ],
          [
            -64.229963,
            -31.353182
          ],
          [
            -64.229728,
            -31.353172
          ],
          [
            -64.229601,
            -31.353169
          ],
          [
            -64.229517,
            -31.35317
          ],
          [
            -64.229439,
            -31.353179
          ],
          [
            -64.229335,
            -31.353193
          ],
          [
            -64.229149,
            -31.353226
          ],
          [
            -64.2287,
            -31.353307
          ],
          [
            -64.228276,
            -31.353383
          ],
          [
            -64.227973,
            -31.353438
          ],
          [
            -64.227696,
            -31.353484
          ],
          [
            -64.22735,
            -31.353543
          ],
          [
            -64.227042,
            -31.353588
          ],
          [
            -64.226732,
            -31.353625
          ],
          [
            -64.226522,
            -31.35365
          ],
          [
            -64.226388,
            -31.353669
          ],
          [
            -64.226291,
            -31.353684
          ],
          [
            -64.226175,
            -31.353706
          ],
          [
            -64.226101,
            -31.35374
          ],
          [
            -64.226038,
            -31.353788
          ],
          [
            -64.225989,
            -31.353843
          ],
          [
            -64.225953,
            -31.353902
          ],
          [
            -64.225934,
            -31.353967
          ],
          [
            -64.225927,
            -31.354033
          ],
          [
            -64.225932,
            -31.354605
          ],
          [
            -64.225937,
            -31.354866
          ],
          [
            -64.22594,
            -31.355089
          ],
          [
            -64.225943,
            -31.3553
          ],
          [
            -64.225944,
            -31.35538
          ],
          [
            -64.225945,
            -31.355435
          ],
          [
            -64.22595,
            -31.355674
          ],
          [
            -64.225972,
            -31.356239
          ],
          [
            -64.226004,
            -31.356817
          ],
          [
            -64.226023,
            -31.357001
          ],
          [
            -64.226069,
            -31.357344
          ],
          [
            -64.226096,
            -31.357895
          ],
          [
            -64.226129,
            -31.358749
          ],
          [
            -64.226171,
            -31.359786
          ],
          [
            -64.226176,
            -31.359823
          ],
          [
            -64.226182,
            -31.359842
          ],
          [
            -64.226194,
            -31.359857
          ],
          [
            -64.226207,
            -31.359868
          ],
          [
            -64.226223,
            -31.35988
          ],
          [
            -64.226238,
            -31.35988
          ],
          [
            -64.226252,
            -31.359881
          ],
          [
            -64.22628,
            -31.359885
          ],
          [
            -64.226307,
            -31.359891
          ],
          [
            -64.226333,
            -31.3599
          ],
          [
            -64.226359,
            -31.35991
          ],
          [
            -64.226383,
            -31.359923
          ],
          [
            -64.226409,
            -31.359939
          ],
          [
            -64.226432,
            -31.359958
          ],
          [
            -64.226453,
            -31.359979
          ],
          [
            -64.226471,
            -31.360002
          ],
          [
            -64.226486,
            -31.360026
          ],
          [
            -64.226498,
            -31.360052
          ],
          [
            -64.226506,
            -31.360078
          ],
          [
            -64.226514,
            -31.360117
          ],
          [
            -64.226513,
            -31.360135
          ],
          [
            -64.22651,
            -31.360164
          ],
          [
            -64.226504,
            -31.360193
          ],
          [
            -64.226493,
            -31.360221
          ],
          [
            -64.226479,
            -31.360248
          ],
          [
            -64.226458,
            -31.360277
          ],
          [
            -64.226432,
            -31.360304
          ],
          [
            -64.226402,
            -31.360328
          ],
          [
            -64.226368,
            -31.360347
          ],
          [
            -64.226332,
            -31.360363
          ],
          [
            -64.226293,
            -31.360374
          ],
          [
            -64.226253,
            -31.360381
          ],
          [
            -64.226213,
            -31.360382
          ],
          [
            -64.226126,
            -31.360396
          ],
          [
            -64.226084,
            -31.360405
          ],
          [
            -64.226014,
            -31.360417
          ],
          [
            -64.225954,
            -31.36043
          ],
          [
            -64.225894,
            -31.36045
          ],
          [
            -64.225816,
            -31.360483
          ],
          [
            -64.225498,
            -31.360703
          ],
          [
            -64.223925,
            -31.36176
          ],
          [
            -64.223615,
            -31.36197
          ],
          [
            -64.222684,
            -31.362651
          ],
          [
            -64.222466,
            -31.362821
          ],
          [
            -64.222279,
            -31.363004
          ],
          [
            -64.222106,
            -31.363239
          ],
          [
            -64.222047,
            -31.363306
          ],
          [
            -64.221978,
            -31.363377
          ],
          [
            -64.221896,
            -31.36345
          ],
          [
            -64.221801,
            -31.363531
          ],
          [
            -64.22151,
            -31.363739
          ],
          [
            -64.221238,
            -31.363922
          ],
          [
            -64.220641,
            -31.364328
          ],
          [
            -64.220588,
            -31.36437
          ],
          [
            -64.220554,
            -31.364397
          ],
          [
            -64.22053,
            -31.364423
          ],
          [
            -64.220503,
            -31.364454
          ],
          [
            -64.220464,
            -31.364503
          ],
          [
            -64.220435,
            -31.364548
          ],
          [
            -64.220414,
            -31.364585
          ],
          [
            -64.220399,
            -31.364625
          ],
          [
            -64.220393,
            -31.364652
          ],
          [
            -64.220384,
            -31.364693
          ],
          [
            -64.220376,
            -31.364746
          ],
          [
            -64.220379,
            -31.364775
          ],
          [
            -64.220376,
            -31.364804
          ],
          [
            -64.220368,
            -31.364833
          ],
          [
            -64.220355,
            -31.36486
          ],
          [
            -64.220337,
            -31.364887
          ],
          [
            -64.220313,
            -31.364911
          ],
          [
            -64.220286,
            -31.364932
          ],
          [
            -64.220254,
            -31.364948
          ],
          [
            -64.220221,
            -31.364961
          ],
          [
            -64.220185,
            -31.364968
          ],
          [
            -64.220149,
            -31.364971
          ],
          [
            -64.220112,
            -31.364969
          ],
          [
            -64.220076,
            -31.364962
          ],
          [
            -64.220049,
            -31.364953
          ],
          [
            -64.219996,
            -31.364949
          ],
          [
            -64.219964,
            -31.364951
          ],
          [
            -64.219922,
            -31.364954
          ],
          [
            -64.219878,
            -31.364959
          ],
          [
            -64.219793,
            -31.364977
          ],
          [
            -64.219708,
            -31.365006
          ],
          [
            -64.219634,
            -31.365039
          ],
          [
            -64.219298,
            -31.365257
          ],
          [
            -64.219056,
            -31.365426
          ],
          [
            -64.218921,
            -31.365516
          ],
          [
            -64.218741,
            -31.365651
          ],
          [
            -64.218645,
            -31.365681
          ],
          [
            -64.218585,
            -31.365694
          ],
          [
            -64.218537,
            -31.365704
          ],
          [
            -64.218454,
            -31.365716
          ],
          [
            -64.218421,
            -31.365721
          ],
          [
            -64.218376,
            -31.365723
          ],
          [
            -64.218335,
            -31.365723
          ],
          [
            -64.218309,
            -31.365726
          ],
          [
            -64.218282,
            -31.36573
          ],
          [
            -64.218256,
            -31.365735
          ],
          [
            -64.218211,
            -31.365747
          ],
          [
            -64.218185,
            -31.365768
          ],
          [
            -64.218157,
            -31.365786
          ],
          [
            -64.218127,
            -31.365801
          ],
          [
            -64.218094,
            -31.365813
          ],
          [
            -64.21806,
            -31.365821
          ],
          [
            -64.218025,
            -31.365826
          ],
          [
            -64.217989,
            -31.365826
          ],
          [
            -64.217954,
            -31.365823
          ],
          [
            -64.217919,
            -31.365816
          ],
          [
            -64.217894,
            -31.365809
          ],
          [
            -64.217843,
            -31.36579
          ],
          [
            -64.21781,
            -31.365763
          ],
          [
            -64.21779,
            -31.365746
          ],
          [
            -64.21776,
            -31.365712
          ],
          [
            -64.21775,
            -31.365697
          ],
          [
            -64.217734,
            -31.365665
          ],
          [
            -64.217723,
            -31.36563
          ],
          [
            -64.217718,
            -31.365595
          ],
          [
            -64.217719,
            -31.36556
          ],
          [
            -64.217726,
            -31.365525
          ],
          [
            -64.217739,
            -31.365492
          ],
          [
            -64.217758,
            -31.36546
          ],
          [
            -64.217772,
            -31.365347
          ],
          [
            -64.217771,
            -31.365302
          ],
          [
            -64.217761,
            -31.365262
          ],
          [
            -64.217737,
            -31.3652
          ],
          [
            -64.217663,
            -31.365026
          ],
          [
            -64.217581,
            -31.364899
          ],
          [
            -64.217559,
            -31.364866
          ],
          [
            -64.217453,
            -31.364812
          ],
          [
            -64.217323,
            -31.364787
          ],
          [
            -64.217119,
            -31.364644
          ],
          [
            -64.217029,
            -31.3645
          ],
          [
            -64.216995,
            -31.36434
          ],
          [
            -64.216973,
            -31.364198
          ],
          [
            -64.217376,
            -31.364135
          ],
          [
            -64.217839,
            -31.364062
          ],
          [
            -64.217941,
            -31.364049
          ],
          [
            -64.217951,
            -31.364194
          ],
          [
            -64.217903,
            -31.364357
          ],
          [
            -64.217843,
            -31.364521
          ],
          [
            -64.217905,
            -31.364806
          ],
          [
            -64.21792,
            -31.364915
          ],
          [
            -64.21796,
            -31.365172
          ],
          [
            -64.217967,
            -31.365236
          ],
          [
            -64.217986,
            -31.365286
          ],
          [
            -64.218021,
            -31.365344
          ],
          [
            -64.218058,
            -31.365348
          ],
          [
            -64.218093,
            -31.365356
          ],
          [
            -64.218126,
            -31.365368
          ],
          [
            -64.218158,
            -31.365384
          ],
          [
            -64.218187,
            -31.365403
          ],
          [
            -64.21822,
            -31.365433
          ],
          [
            -64.218241,
            -31.365457
          ],
          [
            -64.21826,
            -31.365491
          ],
          [
            -64.218282,
            -31.365533
          ],
          [
            -64.218307,
            -31.365546
          ],
          [
            -64.218331,
            -31.365557
          ],
          [
            -64.218351,
            -31.365568
          ],
          [
            -64.218373,
            -31.365577
          ],
          [
            -64.218394,
            -31.365581
          ],
          [
            -64.218444,
            -31.365586
          ],
          [
            -64.218488,
            -31.365587
          ],
          [
            -64.218524,
            -31.365585
          ],
          [
            -64.218558,
            -31.36558
          ],
          [
            -64.218587,
            -31.365573
          ],
          [
            -64.218613,
            -31.365564
          ],
          [
            -64.218647,
            -31.365551
          ],
          [
            -64.218676,
            -31.365537
          ],
          [
            -64.218715,
            -31.365511
          ],
          [
            -64.219379,
            -31.365084
          ],
          [
            -64.219747,
            -31.364871
          ],
          [
            -64.219779,
            -31.36485
          ],
          [
            -64.219807,
            -31.364829
          ],
          [
            -64.219833,
            -31.364806
          ],
          [
            -64.219862,
            -31.364775
          ],
          [
            -64.219889,
            -31.364739
          ],
          [
            -64.21995,
            -31.364667
          ],
          [
            -64.219973,
            -31.364641
          ],
          [
            -64.220002,
            -31.364618
          ],
          [
            -64.220035,
            -31.364599
          ],
          [
            -64.22007,
            -31.364586
          ],
          [
            -64.220108,
            -31.364577
          ],
          [
            -64.220149,
            -31.364575
          ],
          [
            -64.22019,
            -31.364578
          ],
          [
            -64.22023,
            -31.364588
          ],
          [
            -64.220267,
            -31.364604
          ],
          [
            -64.2203,
            -31.364624
          ],
          [
            -64.220328,
            -31.36465
          ],
          [
            -64.220351,
            -31.364679
          ],
          [
            -64.220367,
            -31.364712
          ],
          [
            -64.220376,
            -31.364746
          ],
          [
            -64.220379,
            -31.364775
          ],
          [
            -64.220376,
            -31.364804
          ],
          [
            -64.220368,
            -31.364833
          ],
          [
            -64.220355,
            -31.36486
          ],
          [
            -64.22035,
            -31.364893
          ],
          [
            -64.220346,
            -31.364922
          ],
          [
            -64.220342,
            -31.364958
          ],
          [
            -64.220335,
            -31.365014
          ],
          [
            -64.22033,
            -31.36508
          ],
          [
            -64.220328,
            -31.365117
          ],
          [
            -64.220328,
            -31.365146
          ],
          [
            -64.220331,
            -31.365169
          ],
          [
            -64.220337,
            -31.365196
          ],
          [
            -64.220344,
            -31.365215
          ],
          [
            -64.220431,
            -31.365435
          ],
          [
            -64.220487,
            -31.365553
          ],
          [
            -64.220505,
            -31.365576
          ],
          [
            -64.220524,
            -31.365594
          ],
          [
            -64.220551,
            -31.365615
          ],
          [
            -64.22058,
            -31.365638
          ],
          [
            -64.220603,
            -31.365653
          ],
          [
            -64.220642,
            -31.365679
          ],
          [
            -64.220685,
            -31.365707
          ],
          [
            -64.220711,
            -31.365723
          ],
          [
            -64.220768,
            -31.365746
          ],
          [
            -64.220809,
            -31.365758
          ],
          [
            -64.220846,
            -31.365765
          ],
          [
            -64.220895,
            -31.365769
          ],
          [
            -64.220937,
            -31.365771
          ],
          [
            -64.220987,
            -31.365769
          ],
          [
            -64.221052,
            -31.365762
          ],
          [
            -64.221096,
            -31.365753
          ],
          [
            -64.221415,
            -31.365628
          ],
          [
            -64.221698,
            -31.365507
          ],
          [
            -64.221781,
            -31.365471
          ],
          [
            -64.222115,
            -31.365326
          ],
          [
            -64.222153,
            -31.365311
          ],
          [
            -64.222213,
            -31.365293
          ],
          [
            -64.222392,
            -31.365245
          ],
          [
            -64.22243,
            -31.365231
          ],
          [
            -64.222949,
            -31.365022
          ],
          [
            -64.223849,
            -31.364633
          ],
          [
            -64.223936,
            -31.364596
          ],
          [
            -64.224392,
            -31.364399
          ],
          [
            -64.225121,
            -31.364079
          ],
          [
            -64.225247,
            -31.364027
          ],
          [
            -64.226246,
            -31.363598
          ],
          [
            -64.226479,
            -31.363492
          ],
          [
            -64.227283,
            -31.363139
          ],
          [
            -64.227624,
            -31.362989
          ],
          [
            -64.227866,
            -31.362883
          ],
          [
            -64.22846,
            -31.362622
          ],
          [
            -64.228823,
            -31.362463
          ],
          [
            -64.229221,
            -31.362288
          ],
          [
            -64.230007,
            -31.361943
          ],
          [
            -64.230194,
            -31.361861
          ],
          [
            -64.23027,
            -31.361828
          ],
          [
            -64.230304,
            -31.361813
          ],
          [
            -64.230706,
            -31.361637
          ],
          [
            -64.23123,
            -31.361407
          ],
          [
            -64.23147,
            -31.36131
          ],
          [
            -64.232154,
            -31.361019
          ],
          [
            -64.232709,
            -31.360772
          ],
          [
            -64.233498,
            -31.360432
          ],
          [
            -64.233795,
            -31.360308
          ],
          [
            -64.234109,
            -31.360182
          ],
          [
            -64.234959,
            -31.359803
          ],
          [
            -64.235134,
            -31.359727
          ],
          [
            -64.235765,
            -31.359455
          ],
          [
            -64.236398,
            -31.359179
          ],
          [
            -64.237331,
            -31.358773
          ],
          [
            -64.237777,
            -31.35858
          ],
          [
            -64.238365,
            -31.358325
          ],
          [
            -64.238437,
            -31.358293
          ],
          [
            -64.238497,
            -31.358267
          ],
          [
            -64.238636,
            -31.358206
          ],
          [
            -64.238726,
            -31.358166
          ],
          [
            -64.239129,
            -31.358003
          ],
          [
            -64.239201,
            -31.357977
          ],
          [
            -64.239291,
            -31.357938
          ],
          [
            -64.239372,
            -31.357917
          ],
          [
            -64.239553,
            -31.357884
          ],
          [
            -64.239638,
            -31.357862
          ],
          [
            -64.239644,
            -31.357851
          ],
          [
            -64.239662,
            -31.357823
          ],
          [
            -64.239682,
            -31.357798
          ],
          [
            -64.239721,
            -31.357762
          ],
          [
            -64.239765,
            -31.357732
          ],
          [
            -64.239813,
            -31.357709
          ],
          [
            -64.239861,
            -31.357689
          ],
          [
            -64.239908,
            -31.357675
          ],
          [
            -64.239964,
            -31.357668
          ],
          [
            -64.240024,
            -31.357665
          ],
          [
            -64.24008,
            -31.357669
          ],
          [
            -64.240149,
            -31.357684
          ],
          [
            -64.240196,
            -31.357705
          ],
          [
            -64.24024,
            -31.35773
          ],
          [
            -64.240298,
            -31.357745
          ],
          [
            -64.240344,
            -31.357755
          ],
          [
            -64.240391,
            -31.357755
          ],
          [
            -64.240436,
            -31.357751
          ],
          [
            -64.240479,
            -31.357742
          ],
          [
            -64.240531,
            -31.357724
          ],
          [
            -64.240575,
            -31.35769
          ],
          [
            -64.240636,
            -31.35763
          ],
          [
            -64.240701,
            -31.357562
          ],
          [
            -64.24074,
            -31.357526
          ],
          [
            -64.240936,
            -31.357344
          ],
          [
            -64.241168,
            -31.357126
          ],
          [
            -64.241282,
            -31.357022
          ],
          [
            -64.241553,
            -31.356776
          ],
          [
            -64.241793,
            -31.356556
          ],
          [
            -64.241936,
            -31.35644
          ],
          [
            -64.242053,
            -31.356366
          ],
          [
            -64.242193,
            -31.356281
          ],
          [
            -64.242498,
            -31.35598
          ],
          [
            -64.242602,
            -31.355881
          ],
          [
            -64.243028,
            -31.355483
          ],
          [
            -64.243639,
            -31.354913
          ],
          [
            -64.243695,
            -31.354861
          ],
          [
            -64.243815,
            -31.354757
          ],
          [
            -64.243957,
            -31.354618
          ],
          [
            -64.244344,
            -31.354252
          ],
          [
            -64.244773,
            -31.353851
          ],
          [
            -64.245078,
            -31.353564
          ],
          [
            -64.245382,
            -31.353279
          ],
          [
            -64.246053,
            -31.352663
          ],
          [
            -64.246399,
            -31.352336
          ],
          [
            -64.246677,
            -31.352081
          ],
          [
            -64.246823,
            -31.351945
          ],
          [
            -64.246927,
            -31.351849
          ],
          [
            -64.247033,
            -31.351737
          ],
          [
            -64.247125,
            -31.351641
          ],
          [
            -64.247283,
            -31.351471
          ],
          [
            -64.247344,
            -31.3514
          ],
          [
            -64.247425,
            -31.351304
          ],
          [
            -64.247365,
            -31.351238
          ],
          [
            -64.246983,
            -31.35082
          ],
          [
            -64.246826,
            -31.350633
          ],
          [
            -64.246629,
            -31.350405
          ],
          [
            -64.2462,
            -31.349902
          ],
          [
            -64.245509,
            -31.349106
          ],
          [
            -64.245235,
            -31.348789
          ],
          [
            -64.244353,
            -31.347762
          ],
          [
            -64.244272,
            -31.347672
          ],
          [
            -64.244226,
            -31.347617
          ],
          [
            -64.24417,
            -31.34755
          ],
          [
            -64.244106,
            -31.347477
          ],
          [
            -64.243032,
            -31.346319
          ],
          [
            -64.242521,
            -31.345794
          ],
          [
            -64.241951,
            -31.345192
          ],
          [
            -64.241217,
            -31.345743
          ],
          [
            -64.241069,
            -31.345854
          ],
          [
            -64.241074,
            -31.345445
          ],
          [
            -64.241068,
            -31.344982
          ],
          [
            -64.24107,
            -31.344746
          ],
          [
            -64.241075,
            -31.343898
          ],
          [
            -64.240394,
            -31.343898
          ],
          [
            -64.240396,
            -31.343353
          ],
          [
            -64.240969,
            -31.343359
          ],
          [
            -64.241929,
            -31.343361
          ],
          [
            -64.242514,
            -31.343358
          ],
          [
            -64.243472,
            -31.343355
          ],
          [
            -64.244313,
            -31.343353
          ],
          [
            -64.244458,
            -31.343351
          ],
          [
            -64.24601,
            -31.343345
          ],
          [
            -64.246095,
            -31.343345
          ],
          [
            -64.246373,
            -31.343344
          ],
          [
            -64.246476,
            -31.343333
          ],
          [
            -64.246608,
            -31.34332
          ],
          [
            -64.246727,
            -31.3433
          ],
          [
            -64.246852,
            -31.343265
          ],
          [
            -64.246954,
            -31.343238
          ],
          [
            -64.246983,
            -31.343228
          ],
          [
            -64.248146,
            -31.342829
          ],
          [
            -64.248204,
            -31.342806
          ],
          [
            -64.249353,
            -31.34236
          ],
          [
            -64.250068,
            -31.342084
          ],
          [
            -64.250481,
            -31.341924
          ],
          [
            -64.250816,
            -31.341798
          ],
          [
            -64.251329,
            -31.341611
          ],
          [
            -64.251828,
            -31.341411
          ],
          [
            -64.2522,
            -31.34126
          ],
          [
            -64.253017,
            -31.340945
          ],
          [
            -64.253345,
            -31.340818
          ],
          [
            -64.254097,
            -31.340527
          ],
          [
            -64.254753,
            -31.340269
          ],
          [
            -64.255112,
            -31.340126
          ],
          [
            -64.255418,
            -31.339941
          ],
          [
            -64.255487,
            -31.339854
          ],
          [
            -64.255529,
            -31.339778
          ],
          [
            -64.25555,
            -31.339679
          ],
          [
            -64.255535,
            -31.339637
          ],
          [
            -64.255532,
            -31.339593
          ],
          [
            -64.255539,
            -31.339549
          ],
          [
            -64.255558,
            -31.339508
          ],
          [
            -64.255587,
            -31.339471
          ],
          [
            -64.25561,
            -31.339452
          ],
          [
            -64.255636,
            -31.339435
          ],
          [
            -64.255664,
            -31.339421
          ],
          [
            -64.255694,
            -31.339411
          ],
          [
            -64.25573,
            -31.339404
          ],
          [
            -64.255766,
            -31.339402
          ],
          [
            -64.255803,
            -31.339405
          ],
          [
            -64.255838,
            -31.339413
          ],
          [
            -64.255872,
            -31.339425
          ],
          [
            -64.255903,
            -31.339442
          ],
          [
            -64.25606,
            -31.339451
          ],
          [
            -64.256134,
            -31.339445
          ],
          [
            -64.256263,
            -31.339424
          ],
          [
            -64.256409,
            -31.339311
          ],
          [
            -64.256463,
            -31.339269
          ],
          [
            -64.257262,
            -31.338651
          ],
          [
            -64.258163,
            -31.337986
          ],
          [
            -64.25913,
            -31.337279
          ],
          [
            -64.259214,
            -31.337219
          ],
          [
            -64.259688,
            -31.336921
          ],
          [
            -64.260177,
            -31.336664
          ],
          [
            -64.260537,
            -31.336486
          ],
          [
            -64.261268,
            -31.336167
          ],
          [
            -64.262067,
            -31.33578
          ],
          [
            -64.262127,
            -31.335666
          ],
          [
            -64.262159,
            -31.335556
          ],
          [
            -64.2622,
            -31.33537
          ],
          [
            -64.262255,
            -31.334902
          ],
          [
            -64.262271,
            -31.334711
          ],
          [
            -64.262279,
            -31.334614
          ],
          [
            -64.262299,
            -31.334254
          ],
          [
            -64.262298,
            -31.334228
          ],
          [
            -64.262295,
            -31.334107
          ],
          [
            -64.262295,
            -31.334069
          ],
          [
            -64.2623,
            -31.333297
          ],
          [
            -64.262243,
            -31.33244
          ],
          [
            -64.262292,
            -31.33236
          ],
          [
            -64.262292,
            -31.331959
          ],
          [
            -64.262299,
            -31.331789
          ],
          [
            -64.262309,
            -31.331642
          ],
          [
            -64.26232,
            -31.331539
          ],
          [
            -64.262326,
            -31.331413
          ],
          [
            -64.262328,
            -31.331214
          ],
          [
            -64.262329,
            -31.331082
          ],
          [
            -64.262333,
            -31.330817
          ],
          [
            -64.262332,
            -31.330549
          ],
          [
            -64.262272,
            -31.330425
          ],
          [
            -64.262204,
            -31.330283
          ],
          [
            -64.261561,
            -31.329088
          ],
          [
            -64.260945,
            -31.327892
          ],
          [
            -64.260496,
            -31.327027
          ],
          [
            -64.260297,
            -31.326635
          ],
          [
            -64.259806,
            -31.325716
          ],
          [
            -64.259762,
            -31.325639
          ],
          [
            -64.259719,
            -31.325588
          ],
          [
            -64.259623,
            -31.325498
          ],
          [
            -64.259574,
            -31.325458
          ],
          [
            -64.259457,
            -31.325361
          ],
          [
            -64.25928,
            -31.325238
          ],
          [
            -64.259072,
            -31.325116
          ],
          [
            -64.2588,
            -31.324962
          ],
          [
            -64.258674,
            -31.324904
          ],
          [
            -64.258518,
            -31.324846
          ],
          [
            -64.258272,
            -31.324776
          ],
          [
            -64.258014,
            -31.324717
          ],
          [
            -64.257816,
            -31.32468
          ],
          [
            -64.257588,
            -31.324659
          ],
          [
            -64.257397,
            -31.324649
          ],
          [
            -64.257336,
            -31.324637
          ],
          [
            -64.257274,
            -31.3246
          ],
          [
            -64.257262,
            -31.324527
          ],
          [
            -64.257282,
            -31.32425
          ],
          [
            -64.257293,
            -31.324175
          ],
          [
            -64.257306,
            -31.324033
          ],
          [
            -64.257303,
            -31.323963
          ],
          [
            -64.257268,
            -31.323852
          ],
          [
            -64.25695,
            -31.323166
          ],
          [
            -64.25631,
            -31.32339
          ],
          [
            -64.255527,
            -31.323663
          ],
          [
            -64.255727,
            -31.324047
          ],
          [
            -64.255746,
            -31.324103
          ],
          [
            -64.255755,
            -31.324165
          ],
          [
            -64.256367,
            -31.324167
          ],
          [
            -64.257268,
            -31.323852
          ],
          [
            -64.258672,
            -31.323359
          ],
          [
            -64.258752,
            -31.323333
          ],
          [
            -64.259957,
            -31.322909
          ],
          [
            -64.260044,
            -31.322884
          ],
          [
            -64.260296,
            -31.322795
          ],
          [
            -64.261355,
            -31.322422
          ],
          [
            -64.261442,
            -31.322467
          ],
          [
            -64.260668,
            -31.323329
          ],
          [
            -64.259716,
            -31.32439
          ],
          [
            -64.259072,
            -31.325116
          ],
          [
            -64.25928,
            -31.325238
          ],
          [
            -64.259457,
            -31.325361
          ],
          [
            -64.259574,
            -31.325458
          ],
          [
            -64.259623,
            -31.325498
          ],
          [
            -64.259719,
            -31.325588
          ],
          [
            -64.259762,
            -31.325639
          ],
          [
            -64.259806,
            -31.325716
          ],
          [
            -64.260297,
            -31.326635
          ],
          [
            -64.260496,
            -31.327027
          ],
          [
            -64.260945,
            -31.327892
          ],
          [
            -64.261561,
            -31.329088
          ],
          [
            -64.262204,
            -31.330283
          ],
          [
            -64.262272,
            -31.330425
          ],
          [
            -64.262332,
            -31.330549
          ],
          [
            -64.262333,
            -31.330817
          ],
          [
            -64.262329,
            -31.331082
          ],
          [
            -64.262328,
            -31.331214
          ],
          [
            -64.262326,
            -31.331413
          ],
          [
            -64.26232,
            -31.331539
          ],
          [
            -64.262309,
            -31.331642
          ],
          [
            -64.262299,
            -31.331789
          ],
          [
            -64.262292,
            -31.331959
          ],
          [
            -64.262292,
            -31.33236
          ],
          [
            -64.262243,
            -31.33244
          ],
          [
            -64.2623,
            -31.333297
          ],
          [
            -64.262295,
            -31.334069
          ],
          [
            -64.262295,
            -31.334107
          ],
          [
            -64.262298,
            -31.334228
          ],
          [
            -64.262299,
            -31.334254
          ],
          [
            -64.262279,
            -31.334614
          ],
          [
            -64.262271,
            -31.334711
          ],
          [
            -64.262255,
            -31.334902
          ],
          [
            -64.2622,
            -31.33537
          ],
          [
            -64.262159,
            -31.335556
          ],
          [
            -64.262127,
            -31.335666
          ],
          [
            -64.262067,
            -31.33578
          ],
          [
            -64.261268,
            -31.336167
          ],
          [
            -64.260537,
            -31.336486
          ],
          [
            -64.260177,
            -31.336664
          ],
          [
            -64.259688,
            -31.336921
          ],
          [
            -64.259214,
            -31.337219
          ],
          [
            -64.25913,
            -31.337279
          ],
          [
            -64.258163,
            -31.337986
          ],
          [
            -64.257262,
            -31.338651
          ],
          [
            -64.256463,
            -31.339269
          ],
          [
            -64.256409,
            -31.339311
          ],
          [
            -64.256263,
            -31.339424
          ],
          [
            -64.255992,
            -31.339639
          ],
          [
            -64.25598,
            -31.339674
          ],
          [
            -64.255961,
            -31.339707
          ],
          [
            -64.255935,
            -31.339736
          ],
          [
            -64.255903,
            -31.33976
          ],
          [
            -64.255866,
            -31.339779
          ],
          [
            -64.255827,
            -31.339792
          ],
          [
            -64.255784,
            -31.339799
          ],
          [
            -64.255649,
            -31.339847
          ],
          [
            -64.255558,
            -31.339878
          ],
          [
            -64.255418,
            -31.339941
          ],
          [
            -64.255112,
            -31.340126
          ],
          [
            -64.255003,
            -31.340262
          ],
          [
            -64.254928,
            -31.340371
          ],
          [
            -64.25489,
            -31.340445
          ],
          [
            -64.254866,
            -31.340497
          ],
          [
            -64.254844,
            -31.340561
          ],
          [
            -64.254778,
            -31.340834
          ],
          [
            -64.254761,
            -31.340894
          ],
          [
            -64.254749,
            -31.340986
          ],
          [
            -64.254716,
            -31.341027
          ],
          [
            -64.254681,
            -31.341054
          ],
          [
            -64.254609,
            -31.341108
          ],
          [
            -64.254135,
            -31.341388
          ],
          [
            -64.253493,
            -31.341767
          ],
          [
            -64.253437,
            -31.341802
          ],
          [
            -64.25326,
            -31.341959
          ],
          [
            -64.253225,
            -31.341997
          ],
          [
            -64.253208,
            -31.342033
          ],
          [
            -64.253202,
            -31.342068
          ],
          [
            -64.253205,
            -31.342095
          ],
          [
            -64.253212,
            -31.342133
          ],
          [
            -64.253222,
            -31.342172
          ],
          [
            -64.253233,
            -31.34222
          ],
          [
            -64.25326,
            -31.342241
          ],
          [
            -64.253279,
            -31.342263
          ],
          [
            -64.253297,
            -31.342295
          ],
          [
            -64.253306,
            -31.342333
          ],
          [
            -64.253304,
            -31.342372
          ],
          [
            -64.253295,
            -31.342403
          ],
          [
            -64.253273,
            -31.342438
          ],
          [
            -64.253251,
            -31.342462
          ],
          [
            -64.25322,
            -31.342482
          ],
          [
            -64.253197,
            -31.342493
          ],
          [
            -64.253169,
            -31.342502
          ],
          [
            -64.253137,
            -31.342507
          ],
          [
            -64.253053,
            -31.34256
          ],
          [
            -64.252961,
            -31.342612
          ],
          [
            -64.252911,
            -31.342638
          ],
          [
            -64.25287,
            -31.34266
          ],
          [
            -64.252835,
            -31.342684
          ],
          [
            -64.252804,
            -31.342712
          ],
          [
            -64.252777,
            -31.342744
          ],
          [
            -64.252745,
            -31.342783
          ],
          [
            -64.252711,
            -31.342827
          ],
          [
            -64.252644,
            -31.342943
          ],
          [
            -64.252572,
            -31.343059
          ],
          [
            -64.252446,
            -31.343282
          ],
          [
            -64.25231,
            -31.343507
          ],
          [
            -64.252153,
            -31.34377
          ],
          [
            -64.25207,
            -31.343908
          ],
          [
            -64.251862,
            -31.34425
          ],
          [
            -64.251791,
            -31.344366
          ],
          [
            -64.25154,
            -31.344778
          ],
          [
            -64.251318,
            -31.345146
          ],
          [
            -64.250992,
            -31.345679
          ],
          [
            -64.250683,
            -31.346177
          ],
          [
            -64.250626,
            -31.346271
          ],
          [
            -64.250503,
            -31.346474
          ],
          [
            -64.250235,
            -31.346907
          ],
          [
            -64.249912,
            -31.347447
          ],
          [
            -64.249635,
            -31.347898
          ],
          [
            -64.249256,
            -31.348532
          ],
          [
            -64.249088,
            -31.348801
          ],
          [
            -64.248746,
            -31.349362
          ],
          [
            -64.248428,
            -31.349864
          ],
          [
            -64.248149,
            -31.350312
          ],
          [
            -64.24781,
            -31.350894
          ],
          [
            -64.247533,
            -31.351323
          ],
          [
            -64.247454,
            -31.351429
          ],
          [
            -64.24742,
            -31.351471
          ],
          [
            -64.247309,
            -31.351604
          ],
          [
            -64.247057,
            -31.351881
          ],
          [
            -64.246933,
            -31.352005
          ],
          [
            -64.24674,
            -31.352181
          ],
          [
            -64.246379,
            -31.352496
          ],
          [
            -64.245791,
            -31.353048
          ],
          [
            -64.24519,
            -31.353608
          ],
          [
            -64.244421,
            -31.354332
          ],
          [
            -64.244327,
            -31.35442
          ],
          [
            -64.244028,
            -31.354702
          ],
          [
            -64.243902,
            -31.354823
          ],
          [
            -64.243706,
            -31.355001
          ],
          [
            -64.243399,
            -31.35529
          ],
          [
            -64.243116,
            -31.355563
          ],
          [
            -64.242677,
            -31.355961
          ],
          [
            -64.242583,
            -31.356044
          ],
          [
            -64.242244,
            -31.356342
          ],
          [
            -64.241554,
            -31.356956
          ],
          [
            -64.241395,
            -31.3571
          ],
          [
            -64.241234,
            -31.357245
          ],
          [
            -64.2411,
            -31.357365
          ],
          [
            -64.240968,
            -31.357486
          ],
          [
            -64.23993,
            -31.358431
          ],
          [
            -64.239787,
            -31.358564
          ],
          [
            -64.239648,
            -31.358696
          ],
          [
            -64.239535,
            -31.358804
          ],
          [
            -64.23943,
            -31.358918
          ],
          [
            -64.239343,
            -31.35902
          ],
          [
            -64.239294,
            -31.35908
          ],
          [
            -64.239231,
            -31.359159
          ],
          [
            -64.239171,
            -31.359244
          ],
          [
            -64.239076,
            -31.35939
          ],
          [
            -64.239005,
            -31.359511
          ],
          [
            -64.238828,
            -31.35982
          ],
          [
            -64.238621,
            -31.360211
          ],
          [
            -64.238462,
            -31.360519
          ],
          [
            -64.23811,
            -31.361173
          ],
          [
            -64.238015,
            -31.361352
          ],
          [
            -64.237931,
            -31.361498
          ],
          [
            -64.237869,
            -31.361606
          ],
          [
            -64.237506,
            -31.362308
          ],
          [
            -64.237442,
            -31.362422
          ],
          [
            -64.237373,
            -31.362538
          ],
          [
            -64.237296,
            -31.362662
          ],
          [
            -64.237176,
            -31.362849
          ],
          [
            -64.237147,
            -31.362893
          ],
          [
            -64.236907,
            -31.363265
          ],
          [
            -64.236875,
            -31.363313
          ],
          [
            -64.236361,
            -31.364087
          ],
          [
            -64.236323,
            -31.364144
          ],
          [
            -64.235727,
            -31.365019
          ],
          [
            -64.235543,
            -31.365288
          ],
          [
            -64.235126,
            -31.365897
          ],
          [
            -64.234789,
            -31.366388
          ],
          [
            -64.234753,
            -31.366445
          ],
          [
            -64.234548,
            -31.366767
          ],
          [
            -64.234293,
            -31.367137
          ],
          [
            -64.234225,
            -31.367232
          ],
          [
            -64.234148,
            -31.367333
          ],
          [
            -64.233545,
            -31.368042
          ],
          [
            -64.233385,
            -31.368227
          ],
          [
            -64.232627,
            -31.369118
          ],
          [
            -64.231987,
            -31.369873
          ],
          [
            -64.231686,
            -31.370224
          ],
          [
            -64.231386,
            -31.370579
          ],
          [
            -64.231347,
            -31.370627
          ],
          [
            -64.231241,
            -31.370747
          ],
          [
            -64.231059,
            -31.370961
          ],
          [
            -64.230703,
            -31.37138
          ],
          [
            -64.230624,
            -31.37147
          ],
          [
            -64.230499,
            -31.371621
          ],
          [
            -64.230082,
            -31.372124
          ],
          [
            -64.229762,
            -31.372479
          ],
          [
            -64.229283,
            -31.373028
          ],
          [
            -64.228928,
            -31.373436
          ],
          [
            -64.228894,
            -31.373474
          ],
          [
            -64.228486,
            -31.373939
          ],
          [
            -64.227888,
            -31.374621
          ],
          [
            -64.227175,
            -31.375412
          ],
          [
            -64.226476,
            -31.3762
          ],
          [
            -64.225963,
            -31.376788
          ],
          [
            -64.225856,
            -31.376904
          ],
          [
            -64.225678,
            -31.377112
          ],
          [
            -64.225129,
            -31.377739
          ],
          [
            -64.224494,
            -31.378468
          ],
          [
            -64.224434,
            -31.378538
          ],
          [
            -64.224312,
            -31.378675
          ],
          [
            -64.223731,
            -31.379335
          ],
          [
            -64.223579,
            -31.379503
          ],
          [
            -64.223298,
            -31.379825
          ],
          [
            -64.223251,
            -31.37989
          ],
          [
            -64.223206,
            -31.379966
          ],
          [
            -64.223168,
            -31.380058
          ],
          [
            -64.223136,
            -31.380167
          ],
          [
            -64.223118,
            -31.380304
          ],
          [
            -64.223117,
            -31.380377
          ],
          [
            -64.22312,
            -31.380454
          ],
          [
            -64.223134,
            -31.380543
          ],
          [
            -64.223158,
            -31.380648
          ],
          [
            -64.223186,
            -31.380723
          ],
          [
            -64.22322,
            -31.380793
          ],
          [
            -64.22327,
            -31.380873
          ],
          [
            -64.223322,
            -31.380939
          ],
          [
            -64.2235,
            -31.381154
          ],
          [
            -64.223579,
            -31.381254
          ],
          [
            -64.223629,
            -31.381331
          ],
          [
            -64.223661,
            -31.381395
          ],
          [
            -64.223706,
            -31.38149
          ],
          [
            -64.223738,
            -31.381586
          ],
          [
            -64.22375,
            -31.381658
          ],
          [
            -64.223756,
            -31.381755
          ],
          [
            -64.22375,
            -31.381837
          ],
          [
            -64.223742,
            -31.381923
          ],
          [
            -64.223723,
            -31.382067
          ],
          [
            -64.223704,
            -31.382144
          ],
          [
            -64.223684,
            -31.382221
          ],
          [
            -64.223652,
            -31.382315
          ],
          [
            -64.223576,
            -31.382464
          ],
          [
            -64.223506,
            -31.382571
          ],
          [
            -64.223424,
            -31.382683
          ],
          [
            -64.223372,
            -31.382722
          ],
          [
            -64.223091,
            -31.382921
          ],
          [
            -64.222569,
            -31.383272
          ],
          [
            -64.222478,
            -31.383335
          ],
          [
            -64.222008,
            -31.38366
          ],
          [
            -64.221489,
            -31.384028
          ],
          [
            -64.220494,
            -31.384811
          ],
          [
            -64.22004,
            -31.385165
          ],
          [
            -64.219573,
            -31.385557
          ],
          [
            -64.219414,
            -31.385692
          ],
          [
            -64.219259,
            -31.385768
          ],
          [
            -64.219202,
            -31.385793
          ],
          [
            -64.219149,
            -31.385808
          ],
          [
            -64.219055,
            -31.385819
          ],
          [
            -64.218604,
            -31.386001
          ],
          [
            -64.218211,
            -31.38612
          ],
          [
            -64.218049,
            -31.386145
          ],
          [
            -64.217736,
            -31.386245
          ],
          [
            -64.216462,
            -31.386653
          ],
          [
            -64.215832,
            -31.386854
          ],
          [
            -64.215168,
            -31.387067
          ],
          [
            -64.214548,
            -31.387272
          ],
          [
            -64.213892,
            -31.387491
          ],
          [
            -64.212616,
            -31.387893
          ],
          [
            -64.211338,
            -31.388313
          ],
          [
            -64.210587,
            -31.388547
          ],
          [
            -64.210047,
            -31.388712
          ],
          [
            -64.209714,
            -31.388813
          ],
          [
            -64.20877,
            -31.389108
          ],
          [
            -64.208122,
            -31.389314
          ],
          [
            -64.20746,
            -31.389525
          ],
          [
            -64.207015,
            -31.389666
          ],
          [
            -64.206794,
            -31.389736
          ],
          [
            -64.206182,
            -31.389931
          ],
          [
            -64.205798,
            -31.390053
          ],
          [
            -64.20492,
            -31.390338
          ],
          [
            -64.204655,
            -31.390417
          ],
          [
            -64.204262,
            -31.390542
          ],
          [
            -64.204032,
            -31.390694
          ],
          [
            -64.20392,
            -31.390788
          ],
          [
            -64.203823,
            -31.390905
          ],
          [
            -64.203703,
            -31.391098
          ],
          [
            -64.203397,
            -31.391672
          ],
          [
            -64.203074,
            -31.392275
          ],
          [
            -64.202969,
            -31.392469
          ],
          [
            -64.202783,
            -31.392811
          ],
          [
            -64.202737,
            -31.392895
          ],
          [
            -64.20271,
            -31.392944
          ],
          [
            -64.202577,
            -31.393181
          ],
          [
            -64.201799,
            -31.394593
          ],
          [
            -64.202403,
            -31.394832
          ],
          [
            -64.202331,
            -31.39499
          ],
          [
            -64.202281,
            -31.395122
          ],
          [
            -64.202248,
            -31.39524
          ],
          [
            -64.202099,
            -31.395859
          ],
          [
            -64.202074,
            -31.395972
          ],
          [
            -64.20201,
            -31.396537
          ],
          [
            -64.202009,
            -31.39659
          ],
          [
            -64.202008,
            -31.396668
          ],
          [
            -64.202018,
            -31.396767
          ],
          [
            -64.202088,
            -31.39747
          ],
          [
            -64.202115,
            -31.397632
          ],
          [
            -64.202169,
            -31.397822
          ],
          [
            -64.202193,
            -31.397891
          ],
          [
            -64.202227,
            -31.397968
          ],
          [
            -64.202278,
            -31.398054
          ],
          [
            -64.202321,
            -31.398119
          ],
          [
            -64.202388,
            -31.398204
          ],
          [
            -64.202576,
            -31.398404
          ],
          [
            -64.202657,
            -31.398482
          ],
          [
            -64.202754,
            -31.398548
          ],
          [
            -64.202867,
            -31.398624
          ],
          [
            -64.202938,
            -31.398678
          ],
          [
            -64.20304,
            -31.398771
          ],
          [
            -64.203254,
            -31.39902
          ],
          [
            -64.203455,
            -31.399256
          ],
          [
            -64.203561,
            -31.399402
          ],
          [
            -64.20362,
            -31.399487
          ],
          [
            -64.203656,
            -31.399572
          ],
          [
            -64.203683,
            -31.399643
          ],
          [
            -64.203772,
            -31.40015
          ],
          [
            -64.203783,
            -31.40112
          ],
          [
            -64.203769,
            -31.401226
          ],
          [
            -64.203748,
            -31.401338
          ],
          [
            -64.203635,
            -31.401789
          ],
          [
            -64.203603,
            -31.40189
          ],
          [
            -64.203565,
            -31.401993
          ],
          [
            -64.203508,
            -31.402115
          ],
          [
            -64.203388,
            -31.40232
          ],
          [
            -64.203241,
            -31.402545
          ],
          [
            -64.203008,
            -31.402831
          ],
          [
            -64.202808,
            -31.403024
          ],
          [
            -64.202543,
            -31.403247
          ],
          [
            -64.202238,
            -31.403444
          ],
          [
            -64.201903,
            -31.403647
          ],
          [
            -64.201657,
            -31.403772
          ],
          [
            -64.200544,
            -31.404137
          ],
          [
            -64.199585,
            -31.404431
          ],
          [
            -64.197753,
            -31.404977
          ],
          [
            -64.197596,
            -31.405024
          ],
          [
            -64.196823,
            -31.405211
          ],
          [
            -64.195498,
            -31.40545
          ],
          [
            -64.194805,
            -31.405555
          ],
          [
            -64.194195,
            -31.405628
          ],
          [
            -64.193599,
            -31.405724
          ],
          [
            -64.193059,
            -31.4058
          ],
          [
            -64.192812,
            -31.405821
          ],
          [
            -64.192707,
            -31.405825
          ],
          [
            -64.192555,
            -31.405818
          ],
          [
            -64.191211,
            -31.405718
          ],
          [
            -64.190902,
            -31.405716
          ],
          [
            -64.190401,
            -31.405748
          ],
          [
            -64.19028,
            -31.405759
          ],
          [
            -64.190147,
            -31.405779
          ],
          [
            -64.189804,
            -31.405855
          ],
          [
            -64.189559,
            -31.405922
          ],
          [
            -64.189465,
            -31.405961
          ],
          [
            -64.189352,
            -31.406035
          ],
          [
            -64.189317,
            -31.406076
          ],
          [
            -64.189274,
            -31.406141
          ],
          [
            -64.189237,
            -31.406218
          ],
          [
            -64.189218,
            -31.406307
          ],
          [
            -64.189225,
            -31.406398
          ],
          [
            -64.189263,
            -31.406522
          ],
          [
            -64.189301,
            -31.406579
          ],
          [
            -64.189359,
            -31.406632
          ],
          [
            -64.189657,
            -31.406902
          ],
          [
            -64.189736,
            -31.406978
          ],
          [
            -64.189813,
            -31.407055
          ],
          [
            -64.189859,
            -31.40711
          ],
          [
            -64.189904,
            -31.40718
          ],
          [
            -64.189942,
            -31.407251
          ],
          [
            -64.189979,
            -31.407335
          ],
          [
            -64.190016,
            -31.407553
          ],
          [
            -64.190031,
            -31.407679
          ],
          [
            -64.190043,
            -31.407759
          ],
          [
            -64.190467,
            -31.40897
          ],
          [
            -64.190904,
            -31.410127
          ],
          [
            -64.191328,
            -31.411203
          ],
          [
            -64.191516,
            -31.411587
          ],
          [
            -64.191631,
            -31.411801
          ],
          [
            -64.191676,
            -31.411898
          ],
          [
            -64.191721,
            -31.412009
          ],
          [
            -64.191795,
            -31.412224
          ],
          [
            -64.191861,
            -31.412443
          ],
          [
            -64.191886,
            -31.412605
          ],
          [
            -64.191905,
            -31.412812
          ],
          [
            -64.191899,
            -31.412906
          ],
          [
            -64.191783,
            -31.413258
          ],
          [
            -64.191709,
            -31.413482
          ],
          [
            -64.191618,
            -31.413773
          ],
          [
            -64.191161,
            -31.41514
          ],
          [
            -64.190694,
            -31.416604
          ],
          [
            -64.190416,
            -31.416687
          ],
          [
            -64.189089,
            -31.417076
          ],
          [
            -64.189049,
            -31.417087
          ],
          [
            -64.18777,
            -31.417441
          ],
          [
            -64.187673,
            -31.417469
          ],
          [
            -64.18769,
            -31.41751
          ],
          [
            -64.188184,
            -31.418665
          ],
          [
            -64.188568,
            -31.419564
          ],
          [
            -64.188701,
            -31.419841
          ],
          [
            -64.188713,
            -31.419861
          ],
          [
            -64.188728,
            -31.419891
          ],
          [
            -64.188735,
            -31.419927
          ],
          [
            -64.188737,
            -31.419959
          ],
          [
            -64.188733,
            -31.419976
          ],
          [
            -64.188728,
            -31.419991
          ],
          [
            -64.188709,
            -31.420032
          ],
          [
            -64.188708,
            -31.420086
          ],
          [
            -64.188709,
            -31.420103
          ]
        ]
      }
    },
    {
      "type": "Feature",
      "id": "route-cordoba-2026-09-02-v3-02",
      "properties": {
        "truckId": "vehicle-02",
        "waypointDistancesKm": [
          0,
          1.605601261401786,
          3.432591316879134,
          4.1417102331408735,
          5.868494118451872,
          7.176008141035503,
          12.70474073542112,
          15.495083666364176,
          22.37923794788923
        ]
      },
      "geometry": {
        "type": "LineString",
        "coordinates": [
          [
            -64.188709,
            -31.420109
          ],
          [
            -64.18871,
            -31.420127
          ],
          [
            -64.188717,
            -31.420178
          ],
          [
            -64.188727,
            -31.42023
          ],
          [
            -64.188737,
            -31.420284
          ],
          [
            -64.188734,
            -31.420338
          ],
          [
            -64.188686,
            -31.420476
          ],
          [
            -64.188614,
            -31.420637
          ],
          [
            -64.188602,
            -31.420666
          ],
          [
            -64.188216,
            -31.421509
          ],
          [
            -64.188139,
            -31.421536
          ],
          [
            -64.187971,
            -31.421596
          ],
          [
            -64.187883,
            -31.421621
          ],
          [
            -64.186582,
            -31.422025
          ],
          [
            -64.187051,
            -31.423184
          ],
          [
            -64.187348,
            -31.423089
          ],
          [
            -64.187455,
            -31.423057
          ],
          [
            -64.18837,
            -31.422766
          ],
          [
            -64.189743,
            -31.422336
          ],
          [
            -64.191026,
            -31.421953
          ],
          [
            -64.190613,
            -31.421516
          ],
          [
            -64.190113,
            -31.421069
          ],
          [
            -64.190082,
            -31.420974
          ],
          [
            -64.19,
            -31.420834
          ],
          [
            -64.189978,
            -31.420712
          ],
          [
            -64.18997,
            -31.420554
          ],
          [
            -64.189962,
            -31.420073
          ],
          [
            -64.189978,
            -31.419996
          ],
          [
            -64.190007,
            -31.419899
          ],
          [
            -64.189976,
            -31.419802
          ],
          [
            -64.189956,
            -31.419714
          ],
          [
            -64.189951,
            -31.419695
          ],
          [
            -64.189855,
            -31.419325
          ],
          [
            -64.189817,
            -31.419043
          ],
          [
            -64.189817,
            -31.418845
          ],
          [
            -64.189827,
            -31.418696
          ],
          [
            -64.189856,
            -31.418532
          ],
          [
            -64.189885,
            -31.418373
          ],
          [
            -64.189918,
            -31.418231
          ],
          [
            -64.18992,
            -31.418223
          ],
          [
            -64.189931,
            -31.418171
          ],
          [
            -64.189955,
            -31.418097
          ],
          [
            -64.189959,
            -31.418085
          ],
          [
            -64.190416,
            -31.416687
          ],
          [
            -64.189345,
            -31.417001
          ],
          [
            -64.189089,
            -31.417076
          ],
          [
            -64.189049,
            -31.417087
          ],
          [
            -64.18777,
            -31.417441
          ],
          [
            -64.187673,
            -31.417469
          ],
          [
            -64.18769,
            -31.41751
          ],
          [
            -64.188184,
            -31.418665
          ],
          [
            -64.188568,
            -31.419564
          ],
          [
            -64.188701,
            -31.419841
          ],
          [
            -64.188713,
            -31.419861
          ],
          [
            -64.188728,
            -31.419891
          ],
          [
            -64.188735,
            -31.419927
          ],
          [
            -64.188737,
            -31.419959
          ],
          [
            -64.188733,
            -31.419976
          ],
          [
            -64.188728,
            -31.419991
          ],
          [
            -64.188709,
            -31.420032
          ],
          [
            -64.188708,
            -31.420086
          ],
          [
            -64.188709,
            -31.420109
          ],
          [
            -64.18871,
            -31.420127
          ],
          [
            -64.188717,
            -31.420178
          ],
          [
            -64.188727,
            -31.42023
          ],
          [
            -64.188737,
            -31.420284
          ],
          [
            -64.188734,
            -31.420338
          ],
          [
            -64.188686,
            -31.420476
          ],
          [
            -64.188614,
            -31.420637
          ],
          [
            -64.188602,
            -31.420666
          ],
          [
            -64.188216,
            -31.421509
          ],
          [
            -64.188139,
            -31.421536
          ],
          [
            -64.187971,
            -31.421596
          ],
          [
            -64.187883,
            -31.421621
          ],
          [
            -64.186582,
            -31.422025
          ],
          [
            -64.185253,
            -31.422438
          ],
          [
            -64.184746,
            -31.421253
          ],
          [
            -64.184705,
            -31.421154
          ],
          [
            -64.184491,
            -31.420636
          ],
          [
            -64.184265,
            -31.420104
          ],
          [
            -64.184136,
            -31.419798
          ],
          [
            -64.184126,
            -31.419775
          ],
          [
            -64.183666,
            -31.418688
          ],
          [
            -64.183648,
            -31.418647
          ],
          [
            -64.183639,
            -31.418623
          ],
          [
            -64.183179,
            -31.4175
          ],
          [
            -64.183168,
            -31.417471
          ],
          [
            -64.183201,
            -31.417461
          ],
          [
            -64.18323,
            -31.417452
          ],
          [
            -64.183806,
            -31.417276
          ],
          [
            -64.184023,
            -31.417213
          ],
          [
            -64.184439,
            -31.417092
          ],
          [
            -64.185796,
            -31.416696
          ],
          [
            -64.186124,
            -31.4166
          ],
          [
            -64.186555,
            -31.416474
          ],
          [
            -64.187132,
            -31.416306
          ],
          [
            -64.187153,
            -31.416299
          ],
          [
            -64.187176,
            -31.416293
          ],
          [
            -64.187285,
            -31.416261
          ],
          [
            -64.188553,
            -31.415894
          ],
          [
            -64.188583,
            -31.415886
          ],
          [
            -64.188564,
            -31.415842
          ],
          [
            -64.188289,
            -31.415195
          ],
          [
            -64.188273,
            -31.415156
          ],
          [
            -64.188133,
            -31.414827
          ],
          [
            -64.188116,
            -31.414787
          ],
          [
            -64.188104,
            -31.414758
          ],
          [
            -64.188,
            -31.414515
          ],
          [
            -64.187955,
            -31.414408
          ],
          [
            -64.187647,
            -31.413684
          ],
          [
            -64.187396,
            -31.413093
          ],
          [
            -64.187151,
            -31.412517
          ],
          [
            -64.187127,
            -31.412461
          ],
          [
            -64.186556,
            -31.412634
          ],
          [
            -64.185737,
            -31.412882
          ],
          [
            -64.185762,
            -31.412943
          ],
          [
            -64.185948,
            -31.413383
          ],
          [
            -64.186125,
            -31.413802
          ],
          [
            -64.186243,
            -31.414082
          ],
          [
            -64.186591,
            -31.414907
          ],
          [
            -64.186704,
            -31.415175
          ],
          [
            -64.186715,
            -31.415201
          ],
          [
            -64.186739,
            -31.415256
          ],
          [
            -64.186794,
            -31.415387
          ],
          [
            -64.186829,
            -31.41547
          ],
          [
            -64.187167,
            -31.416272
          ],
          [
            -64.187176,
            -31.416293
          ],
          [
            -64.187285,
            -31.416261
          ],
          [
            -64.188553,
            -31.415894
          ],
          [
            -64.188583,
            -31.415886
          ],
          [
            -64.189821,
            -31.415527
          ],
          [
            -64.189857,
            -31.415517
          ],
          [
            -64.189937,
            -31.415495
          ],
          [
            -64.190229,
            -31.415414
          ],
          [
            -64.190822,
            -31.41525
          ],
          [
            -64.191018,
            -31.414692
          ],
          [
            -64.190728,
            -31.414015
          ],
          [
            -64.190641,
            -31.413793
          ],
          [
            -64.190513,
            -31.413467
          ],
          [
            -64.190506,
            -31.413448
          ],
          [
            -64.190302,
            -31.412929
          ],
          [
            -64.190294,
            -31.412909
          ],
          [
            -64.190081,
            -31.412365
          ],
          [
            -64.190027,
            -31.412229
          ],
          [
            -64.189801,
            -31.411651
          ],
          [
            -64.189773,
            -31.411576
          ],
          [
            -64.189392,
            -31.410554
          ],
          [
            -64.189004,
            -31.409416
          ],
          [
            -64.18866,
            -31.409521
          ],
          [
            -64.188516,
            -31.409565
          ],
          [
            -64.188337,
            -31.409621
          ],
          [
            -64.187868,
            -31.409761
          ],
          [
            -64.187571,
            -31.40985
          ],
          [
            -64.187745,
            -31.410275
          ],
          [
            -64.188035,
            -31.410984
          ],
          [
            -64.188429,
            -31.411961
          ],
          [
            -64.188461,
            -31.412038
          ],
          [
            -64.188414,
            -31.412053
          ],
          [
            -64.18783,
            -31.412229
          ],
          [
            -64.187675,
            -31.412279
          ],
          [
            -64.187176,
            -31.412446
          ],
          [
            -64.187127,
            -31.412461
          ],
          [
            -64.185737,
            -31.412882
          ],
          [
            -64.185687,
            -31.412897
          ],
          [
            -64.185375,
            -31.412988
          ],
          [
            -64.18518,
            -31.413046
          ],
          [
            -64.185128,
            -31.413061
          ],
          [
            -64.185038,
            -31.413087
          ],
          [
            -64.184988,
            -31.413102
          ],
          [
            -64.184883,
            -31.413133
          ],
          [
            -64.184383,
            -31.413279
          ],
          [
            -64.184349,
            -31.413289
          ],
          [
            -64.183851,
            -31.413435
          ],
          [
            -64.183045,
            -31.413671
          ],
          [
            -64.182846,
            -31.41373
          ],
          [
            -64.18243,
            -31.413853
          ],
          [
            -64.181724,
            -31.414065
          ],
          [
            -64.181713,
            -31.414039
          ],
          [
            -64.18128,
            -31.41302
          ],
          [
            -64.181263,
            -31.412979
          ],
          [
            -64.181959,
            -31.412778
          ],
          [
            -64.18258,
            -31.412599
          ],
          [
            -64.182618,
            -31.412588
          ],
          [
            -64.183143,
            -31.412436
          ],
          [
            -64.183865,
            -31.412228
          ],
          [
            -64.183897,
            -31.412219
          ],
          [
            -64.183883,
            -31.412187
          ],
          [
            -64.183787,
            -31.411968
          ],
          [
            -64.183413,
            -31.411113
          ],
          [
            -64.183402,
            -31.411089
          ],
          [
            -64.18338,
            -31.411096
          ],
          [
            -64.182158,
            -31.411473
          ],
          [
            -64.182113,
            -31.411487
          ],
          [
            -64.181415,
            -31.411686
          ],
          [
            -64.18079,
            -31.411865
          ],
          [
            -64.179466,
            -31.412243
          ],
          [
            -64.179026,
            -31.412366
          ],
          [
            -64.178852,
            -31.412415
          ],
          [
            -64.178761,
            -31.412441
          ],
          [
            -64.178717,
            -31.412453
          ],
          [
            -64.17863,
            -31.412477
          ],
          [
            -64.178175,
            -31.412602
          ],
          [
            -64.177656,
            -31.411342
          ],
          [
            -64.177203,
            -31.410228
          ],
          [
            -64.176765,
            -31.409209
          ],
          [
            -64.176735,
            -31.409148
          ],
          [
            -64.176361,
            -31.408308
          ],
          [
            -64.176341,
            -31.408269
          ],
          [
            -64.176286,
            -31.408226
          ],
          [
            -64.176185,
            -31.4081
          ],
          [
            -64.176159,
            -31.408064
          ],
          [
            -64.175896,
            -31.407717
          ],
          [
            -64.175546,
            -31.40725
          ],
          [
            -64.175507,
            -31.407204
          ],
          [
            -64.175465,
            -31.407153
          ],
          [
            -64.175387,
            -31.407058
          ],
          [
            -64.175031,
            -31.40662
          ],
          [
            -64.174959,
            -31.406534
          ],
          [
            -64.174932,
            -31.406502
          ],
          [
            -64.174327,
            -31.405871
          ],
          [
            -64.174253,
            -31.405741
          ],
          [
            -64.174237,
            -31.405655
          ],
          [
            -64.174421,
            -31.40516
          ],
          [
            -64.174613,
            -31.404626
          ],
          [
            -64.174986,
            -31.403596
          ],
          [
            -64.175374,
            -31.402538
          ],
          [
            -64.17564,
            -31.401786
          ],
          [
            -64.17566,
            -31.401739
          ],
          [
            -64.175698,
            -31.401671
          ],
          [
            -64.175843,
            -31.4015
          ],
          [
            -64.175838,
            -31.401314
          ],
          [
            -64.175835,
            -31.400318
          ],
          [
            -64.175834,
            -31.400203
          ],
          [
            -64.175831,
            -31.400087
          ],
          [
            -64.17583,
            -31.399469
          ],
          [
            -64.175831,
            -31.399343
          ],
          [
            -64.175832,
            -31.3993
          ],
          [
            -64.175832,
            -31.399278
          ],
          [
            -64.175832,
            -31.399267
          ],
          [
            -64.175841,
            -31.398313
          ],
          [
            -64.175845,
            -31.39814
          ],
          [
            -64.175851,
            -31.39749
          ],
          [
            -64.17522,
            -31.397678
          ],
          [
            -64.174083,
            -31.398037
          ],
          [
            -64.173651,
            -31.396968
          ],
          [
            -64.173203,
            -31.395888
          ],
          [
            -64.172734,
            -31.394759
          ],
          [
            -64.172314,
            -31.393746
          ],
          [
            -64.171902,
            -31.392774
          ],
          [
            -64.171627,
            -31.392124
          ],
          [
            -64.171348,
            -31.391466
          ],
          [
            -64.170939,
            -31.390499
          ],
          [
            -64.170533,
            -31.389541
          ],
          [
            -64.170116,
            -31.388555
          ],
          [
            -64.169693,
            -31.387567
          ],
          [
            -64.169287,
            -31.38661
          ],
          [
            -64.168882,
            -31.385645
          ],
          [
            -64.16845,
            -31.384636
          ],
          [
            -64.168106,
            -31.383825
          ],
          [
            -64.168039,
            -31.383666
          ],
          [
            -64.16859,
            -31.383488
          ],
          [
            -64.169179,
            -31.383306
          ],
          [
            -64.16972,
            -31.383136
          ],
          [
            -64.170282,
            -31.38296
          ],
          [
            -64.170717,
            -31.382823
          ],
          [
            -64.171404,
            -31.382608
          ],
          [
            -64.171552,
            -31.382561
          ],
          [
            -64.172332,
            -31.382317
          ],
          [
            -64.173231,
            -31.382035
          ],
          [
            -64.173988,
            -31.381797
          ],
          [
            -64.174634,
            -31.381595
          ],
          [
            -64.175338,
            -31.381374
          ],
          [
            -64.175612,
            -31.381288
          ],
          [
            -64.175826,
            -31.381221
          ],
          [
            -64.176027,
            -31.381166
          ],
          [
            -64.176033,
            -31.380599
          ],
          [
            -64.176012,
            -31.380545
          ],
          [
            -64.176012,
            -31.380415
          ],
          [
            -64.176015,
            -31.379833
          ],
          [
            -64.176023,
            -31.377986
          ],
          [
            -64.175884,
            -31.377985
          ],
          [
            -64.175367,
            -31.377982
          ],
          [
            -64.174941,
            -31.37798
          ],
          [
            -64.17495,
            -31.37612
          ],
          [
            -64.175907,
            -31.376127
          ],
          [
            -64.176031,
            -31.376126
          ],
          [
            -64.176035,
            -31.375127
          ],
          [
            -64.176037,
            -31.374612
          ],
          [
            -64.176038,
            -31.374331
          ],
          [
            -64.176039,
            -31.374055
          ],
          [
            -64.17604,
            -31.373913
          ],
          [
            -64.176075,
            -31.373834
          ],
          [
            -64.17607,
            -31.373617
          ],
          [
            -64.17607,
            -31.372648
          ],
          [
            -64.176332,
            -31.372464
          ],
          [
            -64.176318,
            -31.371352
          ],
          [
            -64.176342,
            -31.369944
          ],
          [
            -64.176455,
            -31.369942
          ],
          [
            -64.177217,
            -31.369942
          ],
          [
            -64.177872,
            -31.36994
          ],
          [
            -64.178525,
            -31.369942
          ],
          [
            -64.179192,
            -31.36994
          ],
          [
            -64.179825,
            -31.369942
          ],
          [
            -64.18047,
            -31.369942
          ],
          [
            -64.181125,
            -31.369942
          ],
          [
            -64.181568,
            -31.369942
          ],
          [
            -64.181771,
            -31.369942
          ],
          [
            -64.182392,
            -31.369942
          ],
          [
            -64.183088,
            -31.369942
          ],
          [
            -64.183874,
            -31.369942
          ],
          [
            -64.183874,
            -31.369757
          ],
          [
            -64.18389,
            -31.3692
          ],
          [
            -64.183893,
            -31.368757
          ],
          [
            -64.183892,
            -31.368662
          ],
          [
            -64.183893,
            -31.36812
          ],
          [
            -64.183893,
            -31.367465
          ],
          [
            -64.1839,
            -31.366888
          ],
          [
            -64.183898,
            -31.36653
          ],
          [
            -64.183893,
            -31.366348
          ],
          [
            -64.183885,
            -31.365793
          ],
          [
            -64.183885,
            -31.365733
          ],
          [
            -64.183887,
            -31.365243
          ],
          [
            -64.183887,
            -31.364914
          ],
          [
            -64.183887,
            -31.364813
          ],
          [
            -64.183886,
            -31.364656
          ],
          [
            -64.183881,
            -31.364114
          ],
          [
            -64.183878,
            -31.363561
          ],
          [
            -64.183877,
            -31.363437
          ],
          [
            -64.183693,
            -31.363422
          ],
          [
            -64.183597,
            -31.363395
          ],
          [
            -64.1831,
            -31.363185
          ],
          [
            -64.182831,
            -31.363089
          ],
          [
            -64.182765,
            -31.363065
          ],
          [
            -64.182714,
            -31.363035
          ],
          [
            -64.182647,
            -31.362947
          ],
          [
            -64.182683,
            -31.362929
          ],
          [
            -64.182716,
            -31.362898
          ],
          [
            -64.182729,
            -31.362853
          ],
          [
            -64.182731,
            -31.362531
          ],
          [
            -64.182729,
            -31.362853
          ],
          [
            -64.182716,
            -31.362898
          ],
          [
            -64.182683,
            -31.362929
          ],
          [
            -64.182647,
            -31.362947
          ],
          [
            -64.182714,
            -31.363035
          ],
          [
            -64.182765,
            -31.363065
          ],
          [
            -64.182831,
            -31.363089
          ],
          [
            -64.1831,
            -31.363185
          ],
          [
            -64.183281,
            -31.363261
          ],
          [
            -64.183597,
            -31.363395
          ],
          [
            -64.183693,
            -31.363422
          ],
          [
            -64.183877,
            -31.363437
          ],
          [
            -64.183878,
            -31.363561
          ],
          [
            -64.183881,
            -31.364114
          ],
          [
            -64.183886,
            -31.364656
          ],
          [
            -64.183887,
            -31.364813
          ],
          [
            -64.183887,
            -31.364914
          ],
          [
            -64.183887,
            -31.365243
          ],
          [
            -64.183885,
            -31.365733
          ],
          [
            -64.183885,
            -31.365793
          ],
          [
            -64.183893,
            -31.366348
          ],
          [
            -64.183898,
            -31.36653
          ],
          [
            -64.1839,
            -31.366888
          ],
          [
            -64.183893,
            -31.367465
          ],
          [
            -64.183893,
            -31.36812
          ],
          [
            -64.183892,
            -31.368662
          ],
          [
            -64.183893,
            -31.368757
          ],
          [
            -64.18389,
            -31.3692
          ],
          [
            -64.183874,
            -31.369757
          ],
          [
            -64.183874,
            -31.369942
          ],
          [
            -64.183876,
            -31.370335
          ],
          [
            -64.183874,
            -31.371069
          ],
          [
            -64.183873,
            -31.371375
          ],
          [
            -64.18388,
            -31.371828
          ],
          [
            -64.183871,
            -31.372462
          ],
          [
            -64.183872,
            -31.373121
          ],
          [
            -64.183872,
            -31.373767
          ],
          [
            -64.183871,
            -31.374415
          ],
          [
            -64.183871,
            -31.375033
          ],
          [
            -64.183876,
            -31.375481
          ],
          [
            -64.183871,
            -31.375708
          ],
          [
            -64.183871,
            -31.375874
          ],
          [
            -64.183871,
            -31.37597
          ],
          [
            -64.18387,
            -31.376985
          ],
          [
            -64.183868,
            -31.377057
          ],
          [
            -64.183862,
            -31.377377
          ],
          [
            -64.18385,
            -31.378161
          ],
          [
            -64.183846,
            -31.378773
          ],
          [
            -64.18383,
            -31.379316
          ],
          [
            -64.18381,
            -31.380514
          ],
          [
            -64.183809,
            -31.381678
          ],
          [
            -64.183811,
            -31.38285
          ],
          [
            -64.183813,
            -31.384051
          ],
          [
            -64.183813,
            -31.385206
          ],
          [
            -64.183814,
            -31.386363
          ],
          [
            -64.183815,
            -31.386674
          ],
          [
            -64.183815,
            -31.387556
          ],
          [
            -64.183812,
            -31.388717
          ],
          [
            -64.183817,
            -31.389875
          ],
          [
            -64.183831,
            -31.390845
          ],
          [
            -64.18384,
            -31.390933
          ],
          [
            -64.183866,
            -31.391012
          ],
          [
            -64.183968,
            -31.391274
          ],
          [
            -64.184431,
            -31.39239
          ],
          [
            -64.184798,
            -31.393284
          ],
          [
            -64.184892,
            -31.393501
          ],
          [
            -64.185318,
            -31.394528
          ],
          [
            -64.185802,
            -31.395694
          ],
          [
            -64.186036,
            -31.396262
          ],
          [
            -64.186043,
            -31.396284
          ],
          [
            -64.18605,
            -31.396301
          ],
          [
            -64.18626,
            -31.396825
          ],
          [
            -64.18662,
            -31.397697
          ],
          [
            -64.18671,
            -31.397922
          ],
          [
            -64.18716,
            -31.399044
          ],
          [
            -64.18763,
            -31.400137
          ],
          [
            -64.188069,
            -31.401229
          ],
          [
            -64.187472,
            -31.401414
          ],
          [
            -64.186827,
            -31.401612
          ],
          [
            -64.186169,
            -31.401818
          ],
          [
            -64.185541,
            -31.402013
          ],
          [
            -64.184883,
            -31.402218
          ],
          [
            -64.184254,
            -31.402413
          ],
          [
            -64.18394,
            -31.40251
          ],
          [
            -64.183263,
            -31.40272
          ],
          [
            -64.182762,
            -31.402876
          ],
          [
            -64.182701,
            -31.402982
          ],
          [
            -64.182651,
            -31.403105
          ],
          [
            -64.182618,
            -31.403213
          ],
          [
            -64.182586,
            -31.403394
          ],
          [
            -64.18255,
            -31.403744
          ],
          [
            -64.182593,
            -31.40395
          ],
          [
            -64.182602,
            -31.404002
          ],
          [
            -64.182614,
            -31.404246
          ],
          [
            -64.182626,
            -31.404381
          ],
          [
            -64.182656,
            -31.404595
          ],
          [
            -64.182701,
            -31.404839
          ],
          [
            -64.182719,
            -31.40491
          ],
          [
            -64.182879,
            -31.405545
          ],
          [
            -64.182932,
            -31.405738
          ],
          [
            -64.18294,
            -31.405766
          ],
          [
            -64.183201,
            -31.40677
          ],
          [
            -64.183212,
            -31.406813
          ],
          [
            -64.183262,
            -31.406951
          ],
          [
            -64.183339,
            -31.40717
          ],
          [
            -64.183389,
            -31.407298
          ],
          [
            -64.183645,
            -31.407908
          ],
          [
            -64.183726,
            -31.408102
          ],
          [
            -64.183788,
            -31.408253
          ],
          [
            -64.183949,
            -31.408629
          ],
          [
            -64.184257,
            -31.409361
          ],
          [
            -64.184637,
            -31.410262
          ],
          [
            -64.184804,
            -31.410657
          ],
          [
            -64.185292,
            -31.411809
          ],
          [
            -64.185718,
            -31.412838
          ],
          [
            -64.185737,
            -31.412882
          ],
          [
            -64.185762,
            -31.412943
          ],
          [
            -64.185948,
            -31.413383
          ],
          [
            -64.186125,
            -31.413802
          ],
          [
            -64.186243,
            -31.414082
          ],
          [
            -64.186591,
            -31.414907
          ],
          [
            -64.186704,
            -31.415175
          ],
          [
            -64.186715,
            -31.415201
          ],
          [
            -64.186739,
            -31.415256
          ],
          [
            -64.186794,
            -31.415387
          ],
          [
            -64.186829,
            -31.41547
          ],
          [
            -64.187167,
            -31.416272
          ],
          [
            -64.187176,
            -31.416293
          ],
          [
            -64.187381,
            -31.41678
          ],
          [
            -64.187392,
            -31.416806
          ],
          [
            -64.187665,
            -31.417451
          ],
          [
            -64.187673,
            -31.417469
          ],
          [
            -64.18769,
            -31.41751
          ],
          [
            -64.188184,
            -31.418665
          ],
          [
            -64.188568,
            -31.419564
          ],
          [
            -64.188701,
            -31.419841
          ],
          [
            -64.188713,
            -31.419861
          ],
          [
            -64.188728,
            -31.419891
          ],
          [
            -64.188735,
            -31.419927
          ],
          [
            -64.188737,
            -31.419959
          ],
          [
            -64.188733,
            -31.419976
          ],
          [
            -64.188728,
            -31.419991
          ],
          [
            -64.188709,
            -31.420032
          ],
          [
            -64.188708,
            -31.420086
          ],
          [
            -64.188709,
            -31.420103
          ]
        ]
      }
    },
    {
      "type": "Feature",
      "id": "route-cordoba-2026-09-02-v3-03",
      "properties": {
        "truckId": "vehicle-03",
        "waypointDistancesKm": [
          0,
          2.5641230705357523,
          3.7825118476406407,
          7.018428641775087,
          8.367288539872844,
          11.393540058145854,
          16.33877675150075,
          19.629813169168287,
          28.13217324464644
        ]
      },
      "geometry": {
        "type": "LineString",
        "coordinates": [
          [
            -64.188709,
            -31.420109
          ],
          [
            -64.18871,
            -31.420127
          ],
          [
            -64.188717,
            -31.420178
          ],
          [
            -64.188727,
            -31.42023
          ],
          [
            -64.188737,
            -31.420284
          ],
          [
            -64.188734,
            -31.420338
          ],
          [
            -64.188686,
            -31.420476
          ],
          [
            -64.188614,
            -31.420637
          ],
          [
            -64.188602,
            -31.420666
          ],
          [
            -64.188216,
            -31.421509
          ],
          [
            -64.188139,
            -31.421536
          ],
          [
            -64.187971,
            -31.421596
          ],
          [
            -64.187883,
            -31.421621
          ],
          [
            -64.186582,
            -31.422025
          ],
          [
            -64.185253,
            -31.422438
          ],
          [
            -64.185197,
            -31.422455
          ],
          [
            -64.183898,
            -31.422858
          ],
          [
            -64.182631,
            -31.423252
          ],
          [
            -64.182244,
            -31.42231
          ],
          [
            -64.182096,
            -31.421946
          ],
          [
            -64.182055,
            -31.421848
          ],
          [
            -64.181996,
            -31.421707
          ],
          [
            -64.181525,
            -31.420577
          ],
          [
            -64.181044,
            -31.419435
          ],
          [
            -64.180579,
            -31.418327
          ],
          [
            -64.180572,
            -31.418311
          ],
          [
            -64.180565,
            -31.418294
          ],
          [
            -64.18008,
            -31.417168
          ],
          [
            -64.179602,
            -31.416049
          ],
          [
            -64.17914,
            -31.41493
          ],
          [
            -64.179101,
            -31.414847
          ],
          [
            -64.179079,
            -31.414799
          ],
          [
            -64.178639,
            -31.413739
          ],
          [
            -64.179932,
            -31.413364
          ],
          [
            -64.180884,
            -31.413089
          ],
          [
            -64.181263,
            -31.412979
          ],
          [
            -64.181959,
            -31.412778
          ],
          [
            -64.18258,
            -31.412599
          ],
          [
            -64.182618,
            -31.412588
          ],
          [
            -64.183143,
            -31.412436
          ],
          [
            -64.183865,
            -31.412228
          ],
          [
            -64.183897,
            -31.412219
          ],
          [
            -64.183883,
            -31.412187
          ],
          [
            -64.183413,
            -31.411113
          ],
          [
            -64.183402,
            -31.411089
          ],
          [
            -64.18338,
            -31.411096
          ],
          [
            -64.182903,
            -31.411243
          ],
          [
            -64.182158,
            -31.411473
          ],
          [
            -64.182113,
            -31.411487
          ],
          [
            -64.182123,
            -31.411511
          ],
          [
            -64.182569,
            -31.412575
          ],
          [
            -64.18258,
            -31.412599
          ],
          [
            -64.182598,
            -31.41264
          ],
          [
            -64.182731,
            -31.412947
          ],
          [
            -64.183026,
            -31.413627
          ],
          [
            -64.183045,
            -31.413671
          ],
          [
            -64.182846,
            -31.41373
          ],
          [
            -64.18243,
            -31.413853
          ],
          [
            -64.181724,
            -31.414065
          ],
          [
            -64.181685,
            -31.414077
          ],
          [
            -64.181359,
            -31.414174
          ],
          [
            -64.181022,
            -31.414275
          ],
          [
            -64.180387,
            -31.414464
          ],
          [
            -64.180033,
            -31.41457
          ],
          [
            -64.179101,
            -31.414847
          ],
          [
            -64.179061,
            -31.414859
          ],
          [
            -64.17902,
            -31.41487
          ],
          [
            -64.179001,
            -31.414876
          ],
          [
            -64.178233,
            -31.415127
          ],
          [
            -64.178093,
            -31.415172
          ],
          [
            -64.177774,
            -31.415275
          ],
          [
            -64.176467,
            -31.415664
          ],
          [
            -64.176184,
            -31.415764
          ],
          [
            -64.176043,
            -31.415814
          ],
          [
            -64.175744,
            -31.41592
          ],
          [
            -64.175585,
            -31.415975
          ],
          [
            -64.175537,
            -31.415873
          ],
          [
            -64.175499,
            -31.415814
          ],
          [
            -64.17564,
            -31.415768
          ],
          [
            -64.175454,
            -31.415205
          ],
          [
            -64.175299,
            -31.415246
          ],
          [
            -64.175336,
            -31.415356
          ],
          [
            -64.175484,
            -31.415791
          ],
          [
            -64.175499,
            -31.415814
          ],
          [
            -64.175537,
            -31.415873
          ],
          [
            -64.175585,
            -31.415975
          ],
          [
            -64.17545,
            -31.416022
          ],
          [
            -64.175207,
            -31.416089
          ],
          [
            -64.174904,
            -31.416136
          ],
          [
            -64.174646,
            -31.416086
          ],
          [
            -64.173295,
            -31.415758
          ],
          [
            -64.173201,
            -31.415733
          ],
          [
            -64.17202,
            -31.415391
          ],
          [
            -64.171988,
            -31.415381
          ],
          [
            -64.170834,
            -31.415047
          ],
          [
            -64.170782,
            -31.415032
          ],
          [
            -64.169897,
            -31.414791
          ],
          [
            -64.16971,
            -31.41474
          ],
          [
            -64.169592,
            -31.414707
          ],
          [
            -64.16839,
            -31.414379
          ],
          [
            -64.168072,
            -31.414292
          ],
          [
            -64.167717,
            -31.414195
          ],
          [
            -64.167173,
            -31.414046
          ],
          [
            -64.165965,
            -31.413715
          ],
          [
            -64.165599,
            -31.413615
          ],
          [
            -64.1648,
            -31.413396
          ],
          [
            -64.163552,
            -31.413071
          ],
          [
            -64.162344,
            -31.412747
          ],
          [
            -64.161161,
            -31.412422
          ],
          [
            -64.159966,
            -31.412075
          ],
          [
            -64.158738,
            -31.411737
          ],
          [
            -64.157947,
            -31.411534
          ],
          [
            -64.157262,
            -31.411358
          ],
          [
            -64.157125,
            -31.411331
          ],
          [
            -64.157061,
            -31.411316
          ],
          [
            -64.157085,
            -31.41126
          ],
          [
            -64.157435,
            -31.410335
          ],
          [
            -64.15747,
            -31.410238
          ],
          [
            -64.157831,
            -31.409198
          ],
          [
            -64.1582,
            -31.408177
          ],
          [
            -64.15822,
            -31.408127
          ],
          [
            -64.158581,
            -31.407128
          ],
          [
            -64.158603,
            -31.40707
          ],
          [
            -64.158788,
            -31.406574
          ],
          [
            -64.158806,
            -31.406528
          ],
          [
            -64.158826,
            -31.406475
          ],
          [
            -64.158971,
            -31.406087
          ],
          [
            -64.159009,
            -31.40597
          ],
          [
            -64.159035,
            -31.405899
          ],
          [
            -64.159345,
            -31.405078
          ],
          [
            -64.159216,
            -31.405048
          ],
          [
            -64.158692,
            -31.404916
          ],
          [
            -64.157867,
            -31.404697
          ],
          [
            -64.156754,
            -31.404406
          ],
          [
            -64.155605,
            -31.404106
          ],
          [
            -64.155258,
            -31.404946
          ],
          [
            -64.155017,
            -31.405561
          ],
          [
            -64.155522,
            -31.405699
          ],
          [
            -64.156162,
            -31.405873
          ],
          [
            -64.156408,
            -31.405258
          ],
          [
            -64.156754,
            -31.404406
          ],
          [
            -64.157183,
            -31.403344
          ],
          [
            -64.15779,
            -31.401964
          ],
          [
            -64.158186,
            -31.40106
          ],
          [
            -64.158231,
            -31.400925
          ],
          [
            -64.158229,
            -31.400879
          ],
          [
            -64.158207,
            -31.400843
          ],
          [
            -64.158161,
            -31.400786
          ],
          [
            -64.158121,
            -31.400723
          ],
          [
            -64.158111,
            -31.400668
          ],
          [
            -64.158126,
            -31.400606
          ],
          [
            -64.158486,
            -31.399782
          ],
          [
            -64.15886,
            -31.398899
          ],
          [
            -64.159241,
            -31.397997
          ],
          [
            -64.157256,
            -31.397377
          ],
          [
            -64.156874,
            -31.398278
          ],
          [
            -64.156705,
            -31.398669
          ],
          [
            -64.156496,
            -31.399152
          ],
          [
            -64.1572,
            -31.399373
          ],
          [
            -64.158486,
            -31.399782
          ],
          [
            -64.159477,
            -31.400097
          ],
          [
            -64.160458,
            -31.400409
          ],
          [
            -64.160989,
            -31.400577
          ],
          [
            -64.161317,
            -31.399671
          ],
          [
            -64.161583,
            -31.398972
          ],
          [
            -64.161593,
            -31.398877
          ],
          [
            -64.161575,
            -31.398782
          ],
          [
            -64.161555,
            -31.398722
          ],
          [
            -64.161441,
            -31.398287
          ],
          [
            -64.161436,
            -31.398267
          ],
          [
            -64.161428,
            -31.398201
          ],
          [
            -64.161435,
            -31.398129
          ],
          [
            -64.161462,
            -31.398028
          ],
          [
            -64.161598,
            -31.397738
          ],
          [
            -64.161958,
            -31.396967
          ],
          [
            -64.16205,
            -31.396853
          ],
          [
            -64.162074,
            -31.396814
          ],
          [
            -64.16211,
            -31.396766
          ],
          [
            -64.162166,
            -31.396712
          ],
          [
            -64.162497,
            -31.396348
          ],
          [
            -64.162522,
            -31.396318
          ],
          [
            -64.162555,
            -31.396279
          ],
          [
            -64.163499,
            -31.395171
          ],
          [
            -64.164254,
            -31.394248
          ],
          [
            -64.164285,
            -31.394217
          ],
          [
            -64.164321,
            -31.394191
          ],
          [
            -64.164372,
            -31.394164
          ],
          [
            -64.16503,
            -31.393799
          ],
          [
            -64.165991,
            -31.39319
          ],
          [
            -64.16612,
            -31.393136
          ],
          [
            -64.167028,
            -31.392862
          ],
          [
            -64.168162,
            -31.392495
          ],
          [
            -64.169111,
            -31.392189
          ],
          [
            -64.170212,
            -31.391833
          ],
          [
            -64.171348,
            -31.391466
          ],
          [
            -64.170939,
            -31.390499
          ],
          [
            -64.170533,
            -31.389541
          ],
          [
            -64.170116,
            -31.388555
          ],
          [
            -64.169693,
            -31.387567
          ],
          [
            -64.169287,
            -31.38661
          ],
          [
            -64.168882,
            -31.385645
          ],
          [
            -64.16845,
            -31.384636
          ],
          [
            -64.169008,
            -31.38447
          ],
          [
            -64.169593,
            -31.384289
          ],
          [
            -64.169778,
            -31.384718
          ],
          [
            -64.170021,
            -31.385283
          ],
          [
            -64.170424,
            -31.386261
          ],
          [
            -64.170826,
            -31.387217
          ],
          [
            -64.169693,
            -31.387567
          ],
          [
            -64.168537,
            -31.387925
          ],
          [
            -64.167959,
            -31.388092
          ],
          [
            -64.167343,
            -31.387949
          ],
          [
            -64.166151,
            -31.387673
          ],
          [
            -64.165969,
            -31.387631
          ],
          [
            -64.165464,
            -31.38752
          ],
          [
            -64.16501,
            -31.38742
          ],
          [
            -64.164766,
            -31.387365
          ],
          [
            -64.163888,
            -31.387178
          ],
          [
            -64.163555,
            -31.387099
          ],
          [
            -64.162421,
            -31.386853
          ],
          [
            -64.161846,
            -31.386725
          ],
          [
            -64.161657,
            -31.386681
          ],
          [
            -64.161037,
            -31.386537
          ],
          [
            -64.160828,
            -31.386487
          ],
          [
            -64.160145,
            -31.386341
          ],
          [
            -64.15983,
            -31.386274
          ],
          [
            -64.159768,
            -31.386205
          ],
          [
            -64.158918,
            -31.385219
          ],
          [
            -64.158637,
            -31.384917
          ],
          [
            -64.158559,
            -31.384841
          ],
          [
            -64.158387,
            -31.384646
          ],
          [
            -64.157369,
            -31.383491
          ],
          [
            -64.156571,
            -31.382598
          ],
          [
            -64.15615,
            -31.382125
          ],
          [
            -64.156137,
            -31.382109
          ],
          [
            -64.155765,
            -31.381691
          ],
          [
            -64.155151,
            -31.38099
          ],
          [
            -64.154892,
            -31.380705
          ],
          [
            -64.154722,
            -31.380513
          ],
          [
            -64.154327,
            -31.380064
          ],
          [
            -64.154258,
            -31.379985
          ],
          [
            -64.15358,
            -31.379216
          ],
          [
            -64.153301,
            -31.3789
          ],
          [
            -64.15282,
            -31.378361
          ],
          [
            -64.152794,
            -31.378304
          ],
          [
            -64.152727,
            -31.378323
          ],
          [
            -64.151799,
            -31.378578
          ],
          [
            -64.151552,
            -31.378645
          ],
          [
            -64.150856,
            -31.378849
          ],
          [
            -64.150406,
            -31.37897
          ],
          [
            -64.149783,
            -31.379155
          ],
          [
            -64.149156,
            -31.379327
          ],
          [
            -64.148732,
            -31.379448
          ],
          [
            -64.147839,
            -31.379696
          ],
          [
            -64.147134,
            -31.379882
          ],
          [
            -64.147024,
            -31.379909
          ],
          [
            -64.146932,
            -31.379926
          ],
          [
            -64.14686,
            -31.379933
          ],
          [
            -64.146764,
            -31.379927
          ],
          [
            -64.146578,
            -31.379902
          ],
          [
            -64.146427,
            -31.379868
          ],
          [
            -64.145128,
            -31.379643
          ],
          [
            -64.14502,
            -31.379619
          ],
          [
            -64.144742,
            -31.379569
          ],
          [
            -64.143074,
            -31.379272
          ],
          [
            -64.141619,
            -31.379004
          ],
          [
            -64.139927,
            -31.378708
          ],
          [
            -64.138256,
            -31.378409
          ],
          [
            -64.138257,
            -31.377849
          ],
          [
            -64.138257,
            -31.377783
          ],
          [
            -64.138251,
            -31.377257
          ],
          [
            -64.138238,
            -31.376692
          ],
          [
            -64.13824,
            -31.376163
          ],
          [
            -64.138238,
            -31.376008
          ],
          [
            -64.138232,
            -31.375626
          ],
          [
            -64.138233,
            -31.375089
          ],
          [
            -64.138229,
            -31.374549
          ],
          [
            -64.138226,
            -31.37406
          ],
          [
            -64.138226,
            -31.374015
          ],
          [
            -64.138226,
            -31.373487
          ],
          [
            -64.138221,
            -31.372861
          ],
          [
            -64.138218,
            -31.372235
          ],
          [
            -64.138216,
            -31.371715
          ],
          [
            -64.138218,
            -31.371199
          ],
          [
            -64.138214,
            -31.37066
          ],
          [
            -64.138209,
            -31.370125
          ],
          [
            -64.138208,
            -31.369881
          ],
          [
            -64.138207,
            -31.36961
          ],
          [
            -64.138206,
            -31.369565
          ],
          [
            -64.137747,
            -31.36957
          ],
          [
            -64.136511,
            -31.369585
          ],
          [
            -64.134804,
            -31.369587
          ],
          [
            -64.134814,
            -31.37014
          ],
          [
            -64.134818,
            -31.370674
          ],
          [
            -64.134823,
            -31.371217
          ],
          [
            -64.134819,
            -31.371738
          ],
          [
            -64.134819,
            -31.372259
          ],
          [
            -64.134826,
            -31.372879
          ],
          [
            -64.134828,
            -31.373314
          ],
          [
            -64.134827,
            -31.37375
          ],
          [
            -64.134838,
            -31.374188
          ],
          [
            -64.134835,
            -31.3744
          ],
          [
            -64.134818,
            -31.37452
          ],
          [
            -64.134701,
            -31.374976
          ],
          [
            -64.134545,
            -31.375625
          ],
          [
            -64.134545,
            -31.375626
          ],
          [
            -64.134535,
            -31.375663
          ],
          [
            -64.134404,
            -31.376185
          ],
          [
            -64.134276,
            -31.376722
          ],
          [
            -64.134036,
            -31.377649
          ],
          [
            -64.133499,
            -31.377549
          ],
          [
            -64.133332,
            -31.377522
          ],
          [
            -64.133143,
            -31.377489
          ],
          [
            -64.132571,
            -31.377392
          ],
          [
            -64.132031,
            -31.377292
          ],
          [
            -64.13181,
            -31.377258
          ],
          [
            -64.131415,
            -31.377188
          ],
          [
            -64.130838,
            -31.377096
          ],
          [
            -64.130276,
            -31.376992
          ],
          [
            -64.129677,
            -31.376882
          ],
          [
            -64.129407,
            -31.376834
          ],
          [
            -64.129102,
            -31.376777
          ],
          [
            -64.128738,
            -31.376714
          ],
          [
            -64.128367,
            -31.376649
          ],
          [
            -64.128269,
            -31.376649
          ],
          [
            -64.128213,
            -31.376647
          ],
          [
            -64.128172,
            -31.376647
          ],
          [
            -64.128131,
            -31.376652
          ],
          [
            -64.128085,
            -31.376661
          ],
          [
            -64.128058,
            -31.376668
          ],
          [
            -64.12805,
            -31.376682
          ],
          [
            -64.128045,
            -31.376691
          ],
          [
            -64.128026,
            -31.376713
          ],
          [
            -64.128002,
            -31.376732
          ],
          [
            -64.127961,
            -31.376754
          ],
          [
            -64.127928,
            -31.376765
          ],
          [
            -64.127891,
            -31.376771
          ],
          [
            -64.12786,
            -31.376772
          ],
          [
            -64.127815,
            -31.376766
          ],
          [
            -64.127801,
            -31.376761
          ],
          [
            -64.127754,
            -31.376847
          ],
          [
            -64.127725,
            -31.376913
          ],
          [
            -64.12771,
            -31.376959
          ],
          [
            -64.127699,
            -31.377003
          ],
          [
            -64.127697,
            -31.377037
          ],
          [
            -64.127699,
            -31.37707
          ],
          [
            -64.127713,
            -31.377133
          ],
          [
            -64.127727,
            -31.377191
          ],
          [
            -64.127749,
            -31.377273
          ],
          [
            -64.127771,
            -31.377355
          ],
          [
            -64.127789,
            -31.377452
          ],
          [
            -64.127801,
            -31.377547
          ],
          [
            -64.127801,
            -31.377634
          ],
          [
            -64.127792,
            -31.377731
          ],
          [
            -64.12777,
            -31.37783
          ],
          [
            -64.127739,
            -31.377927
          ],
          [
            -64.127668,
            -31.378109
          ],
          [
            -64.127615,
            -31.378234
          ],
          [
            -64.127569,
            -31.378373
          ],
          [
            -64.127533,
            -31.378486
          ],
          [
            -64.127485,
            -31.378645
          ],
          [
            -64.127448,
            -31.37878
          ],
          [
            -64.12741,
            -31.378934
          ],
          [
            -64.127373,
            -31.379081
          ],
          [
            -64.127349,
            -31.37918
          ],
          [
            -64.12733,
            -31.379294
          ],
          [
            -64.127313,
            -31.379405
          ],
          [
            -64.12729,
            -31.379533
          ],
          [
            -64.127274,
            -31.379647
          ],
          [
            -64.127263,
            -31.379764
          ],
          [
            -64.12723,
            -31.380104
          ],
          [
            -64.127208,
            -31.380296
          ],
          [
            -64.127103,
            -31.380749
          ],
          [
            -64.127066,
            -31.381167
          ],
          [
            -64.127038,
            -31.381503
          ],
          [
            -64.126984,
            -31.382145
          ],
          [
            -64.126945,
            -31.382573
          ],
          [
            -64.126919,
            -31.382908
          ],
          [
            -64.126892,
            -31.383208
          ],
          [
            -64.126849,
            -31.383757
          ],
          [
            -64.126895,
            -31.384074
          ],
          [
            -64.126881,
            -31.384278
          ],
          [
            -64.126878,
            -31.384402
          ],
          [
            -64.126879,
            -31.384575
          ],
          [
            -64.126892,
            -31.384793
          ],
          [
            -64.12691,
            -31.385004
          ],
          [
            -64.126925,
            -31.385218
          ],
          [
            -64.126938,
            -31.385415
          ],
          [
            -64.126947,
            -31.385566
          ],
          [
            -64.126956,
            -31.385761
          ],
          [
            -64.126963,
            -31.385898
          ],
          [
            -64.126967,
            -31.385998
          ],
          [
            -64.126973,
            -31.386196
          ],
          [
            -64.126983,
            -31.386386
          ],
          [
            -64.127008,
            -31.386665
          ],
          [
            -64.127011,
            -31.387048
          ],
          [
            -64.126991,
            -31.38713
          ],
          [
            -64.126979,
            -31.387177
          ],
          [
            -64.126959,
            -31.38721
          ],
          [
            -64.12693,
            -31.387226
          ],
          [
            -64.1269,
            -31.387231
          ],
          [
            -64.126048,
            -31.387038
          ],
          [
            -64.12593,
            -31.387012
          ],
          [
            -64.125638,
            -31.386939
          ],
          [
            -64.12475,
            -31.386731
          ],
          [
            -64.124441,
            -31.386665
          ],
          [
            -64.124411,
            -31.386798
          ],
          [
            -64.124396,
            -31.386862
          ],
          [
            -64.124354,
            -31.387088
          ],
          [
            -64.124389,
            -31.387345
          ],
          [
            -64.124411,
            -31.38751
          ],
          [
            -64.12492,
            -31.387441
          ],
          [
            -64.124888,
            -31.387215
          ],
          [
            -64.124354,
            -31.387088
          ],
          [
            -64.124396,
            -31.386862
          ],
          [
            -64.124411,
            -31.386798
          ],
          [
            -64.124441,
            -31.386665
          ],
          [
            -64.12475,
            -31.386731
          ],
          [
            -64.125638,
            -31.386939
          ],
          [
            -64.12593,
            -31.387012
          ],
          [
            -64.126048,
            -31.387038
          ],
          [
            -64.1269,
            -31.387231
          ],
          [
            -64.127006,
            -31.387254
          ],
          [
            -64.127173,
            -31.38729
          ],
          [
            -64.128065,
            -31.387482
          ],
          [
            -64.128167,
            -31.387506
          ],
          [
            -64.128632,
            -31.387614
          ],
          [
            -64.129288,
            -31.387767
          ],
          [
            -64.130422,
            -31.388051
          ],
          [
            -64.131097,
            -31.38821
          ],
          [
            -64.131859,
            -31.388389
          ],
          [
            -64.13234,
            -31.388495
          ],
          [
            -64.132623,
            -31.388568
          ],
          [
            -64.133377,
            -31.388754
          ],
          [
            -64.134099,
            -31.388914
          ],
          [
            -64.134138,
            -31.388923
          ],
          [
            -64.13493,
            -31.389112
          ],
          [
            -64.135699,
            -31.389293
          ],
          [
            -64.136444,
            -31.389463
          ],
          [
            -64.137229,
            -31.389651
          ],
          [
            -64.138631,
            -31.389987
          ],
          [
            -64.140015,
            -31.390311
          ],
          [
            -64.140954,
            -31.39052
          ],
          [
            -64.14189,
            -31.390747
          ],
          [
            -64.142433,
            -31.390873
          ],
          [
            -64.142802,
            -31.390957
          ],
          [
            -64.144072,
            -31.391242
          ],
          [
            -64.145352,
            -31.391542
          ],
          [
            -64.146622,
            -31.391842
          ],
          [
            -64.147917,
            -31.392144
          ],
          [
            -64.148511,
            -31.392283
          ],
          [
            -64.148981,
            -31.3924
          ],
          [
            -64.149479,
            -31.392516
          ],
          [
            -64.149754,
            -31.392583
          ],
          [
            -64.150003,
            -31.392654
          ],
          [
            -64.151317,
            -31.39304
          ],
          [
            -64.151394,
            -31.393062
          ],
          [
            -64.15145,
            -31.393081
          ],
          [
            -64.15204,
            -31.393283
          ],
          [
            -64.152703,
            -31.39349
          ],
          [
            -64.152796,
            -31.39352
          ],
          [
            -64.153113,
            -31.393619
          ],
          [
            -64.154317,
            -31.394006
          ],
          [
            -64.154601,
            -31.394095
          ],
          [
            -64.155458,
            -31.394351
          ],
          [
            -64.155717,
            -31.394428
          ],
          [
            -64.156019,
            -31.394516
          ],
          [
            -64.156215,
            -31.394577
          ],
          [
            -64.157831,
            -31.395095
          ],
          [
            -64.158157,
            -31.395202
          ],
          [
            -64.158346,
            -31.395262
          ],
          [
            -64.158501,
            -31.395309
          ],
          [
            -64.159211,
            -31.395546
          ],
          [
            -64.159248,
            -31.395571
          ],
          [
            -64.159264,
            -31.395588
          ],
          [
            -64.159277,
            -31.395613
          ],
          [
            -64.159275,
            -31.395657
          ],
          [
            -64.159249,
            -31.395798
          ],
          [
            -64.159245,
            -31.395821
          ],
          [
            -64.159203,
            -31.395967
          ],
          [
            -64.16,
            -31.396208
          ],
          [
            -64.16205,
            -31.396853
          ],
          [
            -64.162986,
            -31.397137
          ],
          [
            -64.16397,
            -31.39744
          ],
          [
            -64.165965,
            -31.398056
          ],
          [
            -64.167215,
            -31.398453
          ],
          [
            -64.167863,
            -31.398662
          ],
          [
            -64.168815,
            -31.398958
          ],
          [
            -64.169179,
            -31.39907
          ],
          [
            -64.169939,
            -31.399306
          ],
          [
            -64.170757,
            -31.399541
          ],
          [
            -64.171128,
            -31.399608
          ],
          [
            -64.171643,
            -31.399695
          ],
          [
            -64.171667,
            -31.399698
          ],
          [
            -64.172425,
            -31.3998
          ],
          [
            -64.17291,
            -31.399818
          ],
          [
            -64.173636,
            -31.399839
          ],
          [
            -64.173673,
            -31.399891
          ],
          [
            -64.173679,
            -31.399925
          ],
          [
            -64.173343,
            -31.400861
          ],
          [
            -64.174535,
            -31.401185
          ],
          [
            -64.175843,
            -31.4015
          ],
          [
            -64.175851,
            -31.401781
          ],
          [
            -64.175858,
            -31.402535
          ],
          [
            -64.175858,
            -31.402643
          ],
          [
            -64.175855,
            -31.403778
          ],
          [
            -64.175852,
            -31.404964
          ],
          [
            -64.175855,
            -31.405408
          ],
          [
            -64.175877,
            -31.405521
          ],
          [
            -64.175895,
            -31.405559
          ],
          [
            -64.175928,
            -31.405615
          ],
          [
            -64.175984,
            -31.405695
          ],
          [
            -64.176041,
            -31.405745
          ],
          [
            -64.176092,
            -31.405785
          ],
          [
            -64.177134,
            -31.405165
          ],
          [
            -64.177349,
            -31.405045
          ],
          [
            -64.177457,
            -31.405007
          ],
          [
            -64.178265,
            -31.404711
          ],
          [
            -64.178601,
            -31.404609
          ],
          [
            -64.178817,
            -31.404551
          ],
          [
            -64.179068,
            -31.404494
          ],
          [
            -64.179472,
            -31.40443
          ],
          [
            -64.179721,
            -31.404403
          ],
          [
            -64.179991,
            -31.404375
          ],
          [
            -64.180409,
            -31.404348
          ],
          [
            -64.181686,
            -31.404274
          ],
          [
            -64.182614,
            -31.404246
          ],
          [
            -64.182626,
            -31.404381
          ],
          [
            -64.182656,
            -31.404595
          ],
          [
            -64.182701,
            -31.404839
          ],
          [
            -64.182719,
            -31.40491
          ],
          [
            -64.182879,
            -31.405545
          ],
          [
            -64.182932,
            -31.405738
          ],
          [
            -64.18294,
            -31.405766
          ],
          [
            -64.183201,
            -31.40677
          ],
          [
            -64.183212,
            -31.406813
          ],
          [
            -64.183262,
            -31.406951
          ],
          [
            -64.183339,
            -31.40717
          ],
          [
            -64.183389,
            -31.407298
          ],
          [
            -64.183645,
            -31.407908
          ],
          [
            -64.183726,
            -31.408102
          ],
          [
            -64.183788,
            -31.408253
          ],
          [
            -64.183949,
            -31.408629
          ],
          [
            -64.184257,
            -31.409361
          ],
          [
            -64.184637,
            -31.410262
          ],
          [
            -64.184804,
            -31.410657
          ],
          [
            -64.185292,
            -31.411809
          ],
          [
            -64.185718,
            -31.412838
          ],
          [
            -64.185737,
            -31.412882
          ],
          [
            -64.185762,
            -31.412943
          ],
          [
            -64.185948,
            -31.413383
          ],
          [
            -64.186125,
            -31.413802
          ],
          [
            -64.186243,
            -31.414082
          ],
          [
            -64.186591,
            -31.414907
          ],
          [
            -64.186704,
            -31.415175
          ],
          [
            -64.186715,
            -31.415201
          ],
          [
            -64.186739,
            -31.415256
          ],
          [
            -64.186794,
            -31.415387
          ],
          [
            -64.186829,
            -31.41547
          ],
          [
            -64.187167,
            -31.416272
          ],
          [
            -64.187176,
            -31.416293
          ],
          [
            -64.187381,
            -31.41678
          ],
          [
            -64.187392,
            -31.416806
          ],
          [
            -64.187665,
            -31.417451
          ],
          [
            -64.187673,
            -31.417469
          ],
          [
            -64.18769,
            -31.41751
          ],
          [
            -64.188184,
            -31.418665
          ],
          [
            -64.188568,
            -31.419564
          ],
          [
            -64.188701,
            -31.419841
          ],
          [
            -64.188713,
            -31.419861
          ],
          [
            -64.188728,
            -31.419891
          ],
          [
            -64.188735,
            -31.419927
          ],
          [
            -64.188737,
            -31.419959
          ],
          [
            -64.188733,
            -31.419976
          ],
          [
            -64.188728,
            -31.419991
          ],
          [
            -64.188709,
            -31.420032
          ],
          [
            -64.188708,
            -31.420086
          ],
          [
            -64.188709,
            -31.420103
          ]
        ]
      }
    },
    {
      "type": "Feature",
      "id": "route-cordoba-2026-09-02-v3-04",
      "properties": {
        "truckId": "vehicle-04",
        "waypointDistancesKm": [
          0,
          1.5148393380021457,
          4.203976572028294,
          5.036057566937035,
          6.276098558271731,
          7.465213371810668,
          8.054946815134345,
          9.446555365456243,
          11.933112931340615,
          19.67939665743663
        ]
      },
      "geometry": {
        "type": "LineString",
        "coordinates": [
          [
            -64.188709,
            -31.420109
          ],
          [
            -64.18871,
            -31.420127
          ],
          [
            -64.188717,
            -31.420178
          ],
          [
            -64.188727,
            -31.42023
          ],
          [
            -64.188737,
            -31.420284
          ],
          [
            -64.188734,
            -31.420338
          ],
          [
            -64.188686,
            -31.420476
          ],
          [
            -64.188614,
            -31.420637
          ],
          [
            -64.188602,
            -31.420666
          ],
          [
            -64.188216,
            -31.421509
          ],
          [
            -64.188139,
            -31.421536
          ],
          [
            -64.187971,
            -31.421596
          ],
          [
            -64.187883,
            -31.421621
          ],
          [
            -64.186582,
            -31.422025
          ],
          [
            -64.185253,
            -31.422438
          ],
          [
            -64.185197,
            -31.422455
          ],
          [
            -64.183898,
            -31.422858
          ],
          [
            -64.182631,
            -31.423252
          ],
          [
            -64.182565,
            -31.423271
          ],
          [
            -64.18253,
            -31.423283
          ],
          [
            -64.182506,
            -31.42329
          ],
          [
            -64.182219,
            -31.422615
          ],
          [
            -64.181948,
            -31.421985
          ],
          [
            -64.181908,
            -31.421886
          ],
          [
            -64.181858,
            -31.42176
          ],
          [
            -64.181401,
            -31.420612
          ],
          [
            -64.180946,
            -31.419465
          ],
          [
            -64.179696,
            -31.419842
          ],
          [
            -64.180036,
            -31.42065
          ],
          [
            -64.180178,
            -31.420989
          ],
          [
            -64.180395,
            -31.421509
          ],
          [
            -64.180685,
            -31.422206
          ],
          [
            -64.181908,
            -31.421886
          ],
          [
            -64.181858,
            -31.42176
          ],
          [
            -64.181401,
            -31.420612
          ],
          [
            -64.180946,
            -31.419465
          ],
          [
            -64.180482,
            -31.418341
          ],
          [
            -64.180474,
            -31.418322
          ],
          [
            -64.179989,
            -31.417196
          ],
          [
            -64.179509,
            -31.41608
          ],
          [
            -64.179029,
            -31.414893
          ],
          [
            -64.17902,
            -31.41487
          ],
          [
            -64.179001,
            -31.414876
          ],
          [
            -64.178233,
            -31.415127
          ],
          [
            -64.178093,
            -31.415172
          ],
          [
            -64.177774,
            -31.415275
          ],
          [
            -64.176467,
            -31.415664
          ],
          [
            -64.176184,
            -31.415764
          ],
          [
            -64.176043,
            -31.415814
          ],
          [
            -64.175744,
            -31.41592
          ],
          [
            -64.175585,
            -31.415975
          ],
          [
            -64.17545,
            -31.416022
          ],
          [
            -64.175207,
            -31.416089
          ],
          [
            -64.174904,
            -31.416136
          ],
          [
            -64.174646,
            -31.416086
          ],
          [
            -64.173295,
            -31.415758
          ],
          [
            -64.173201,
            -31.415733
          ],
          [
            -64.17202,
            -31.415391
          ],
          [
            -64.171988,
            -31.415381
          ],
          [
            -64.170834,
            -31.415047
          ],
          [
            -64.170782,
            -31.415032
          ],
          [
            -64.169897,
            -31.414791
          ],
          [
            -64.16971,
            -31.41474
          ],
          [
            -64.169592,
            -31.414707
          ],
          [
            -64.16839,
            -31.414379
          ],
          [
            -64.168072,
            -31.414292
          ],
          [
            -64.167717,
            -31.414195
          ],
          [
            -64.167173,
            -31.414046
          ],
          [
            -64.165965,
            -31.413715
          ],
          [
            -64.165599,
            -31.413615
          ],
          [
            -64.1648,
            -31.413396
          ],
          [
            -64.164391,
            -31.414448
          ],
          [
            -64.165528,
            -31.41476
          ],
          [
            -64.16557,
            -31.414771
          ],
          [
            -64.165965,
            -31.413715
          ],
          [
            -64.165599,
            -31.413615
          ],
          [
            -64.1648,
            -31.413396
          ],
          [
            -64.163552,
            -31.413071
          ],
          [
            -64.162344,
            -31.412747
          ],
          [
            -64.161161,
            -31.412422
          ],
          [
            -64.160776,
            -31.413475
          ],
          [
            -64.160642,
            -31.413873
          ],
          [
            -64.160445,
            -31.414366
          ],
          [
            -64.160416,
            -31.414438
          ],
          [
            -64.16026,
            -31.414826
          ],
          [
            -64.15986,
            -31.415826
          ],
          [
            -64.159812,
            -31.415944
          ],
          [
            -64.159689,
            -31.416274
          ],
          [
            -64.159681,
            -31.41634
          ],
          [
            -64.159692,
            -31.416449
          ],
          [
            -64.159926,
            -31.417311
          ],
          [
            -64.159283,
            -31.417669
          ],
          [
            -64.158622,
            -31.41803
          ],
          [
            -64.158536,
            -31.418073
          ],
          [
            -64.158453,
            -31.418098
          ],
          [
            -64.158355,
            -31.418111
          ],
          [
            -64.158259,
            -31.418119
          ],
          [
            -64.158227,
            -31.418123
          ],
          [
            -64.157474,
            -31.418186
          ],
          [
            -64.157405,
            -31.41819
          ],
          [
            -64.157382,
            -31.418192
          ],
          [
            -64.157267,
            -31.418201
          ],
          [
            -64.156252,
            -31.418295
          ],
          [
            -64.156346,
            -31.418993
          ],
          [
            -64.156381,
            -31.419343
          ],
          [
            -64.155126,
            -31.419459
          ],
          [
            -64.155007,
            -31.41841
          ],
          [
            -64.154941,
            -31.417917
          ],
          [
            -64.154861,
            -31.417319
          ],
          [
            -64.155351,
            -31.417278
          ],
          [
            -64.15611,
            -31.417214
          ],
          [
            -64.156252,
            -31.418295
          ],
          [
            -64.156346,
            -31.418993
          ],
          [
            -64.156381,
            -31.419343
          ],
          [
            -64.15651,
            -31.420407
          ],
          [
            -64.156654,
            -31.421448
          ],
          [
            -64.15679,
            -31.422534
          ],
          [
            -64.156799,
            -31.4226
          ],
          [
            -64.155562,
            -31.42272
          ],
          [
            -64.154314,
            -31.42284
          ],
          [
            -64.153537,
            -31.422907
          ],
          [
            -64.153529,
            -31.423036
          ],
          [
            -64.153475,
            -31.423157
          ],
          [
            -64.153381,
            -31.423259
          ],
          [
            -64.153256,
            -31.423331
          ],
          [
            -64.15311,
            -31.423367
          ],
          [
            -64.152953,
            -31.423362
          ],
          [
            -64.152805,
            -31.423316
          ],
          [
            -64.152682,
            -31.423231
          ],
          [
            -64.152596,
            -31.423118
          ],
          [
            -64.152557,
            -31.422988
          ],
          [
            -64.151969,
            -31.423046
          ],
          [
            -64.1518,
            -31.423063
          ],
          [
            -64.150563,
            -31.423173
          ],
          [
            -64.149306,
            -31.42328
          ],
          [
            -64.148613,
            -31.423343
          ],
          [
            -64.14858,
            -31.423346
          ],
          [
            -64.148633,
            -31.423739
          ],
          [
            -64.148624,
            -31.423766
          ],
          [
            -64.148601,
            -31.423782
          ],
          [
            -64.148134,
            -31.423835
          ],
          [
            -64.148214,
            -31.424483
          ],
          [
            -64.148787,
            -31.424434
          ],
          [
            -64.148854,
            -31.424832
          ],
          [
            -64.148964,
            -31.425482
          ],
          [
            -64.148361,
            -31.425538
          ],
          [
            -64.147104,
            -31.425655
          ],
          [
            -64.145869,
            -31.425771
          ],
          [
            -64.14464,
            -31.425886
          ],
          [
            -64.14338,
            -31.426002
          ],
          [
            -64.14212,
            -31.42612
          ],
          [
            -64.140868,
            -31.426238
          ],
          [
            -64.140208,
            -31.4263
          ],
          [
            -64.13969,
            -31.426348
          ],
          [
            -64.138553,
            -31.426453
          ],
          [
            -64.138482,
            -31.426001
          ],
          [
            -64.138475,
            -31.425948
          ],
          [
            -64.138479,
            -31.425896
          ],
          [
            -64.138496,
            -31.425834
          ],
          [
            -64.138626,
            -31.425367
          ],
          [
            -64.1388,
            -31.424794
          ],
          [
            -64.138829,
            -31.424725
          ],
          [
            -64.139583,
            -31.425262
          ],
          [
            -64.139633,
            -31.425286
          ],
          [
            -64.139696,
            -31.425292
          ],
          [
            -64.139941,
            -31.425272
          ],
          [
            -64.140063,
            -31.425262
          ],
          [
            -64.140208,
            -31.4263
          ],
          [
            -64.13969,
            -31.426348
          ],
          [
            -64.138553,
            -31.426453
          ],
          [
            -64.137398,
            -31.42656
          ],
          [
            -64.136582,
            -31.426635
          ],
          [
            -64.135942,
            -31.426695
          ],
          [
            -64.135449,
            -31.426707
          ],
          [
            -64.134726,
            -31.426726
          ],
          [
            -64.133587,
            -31.426763
          ],
          [
            -64.132483,
            -31.426822
          ],
          [
            -64.132119,
            -31.426837
          ],
          [
            -64.131884,
            -31.426846
          ],
          [
            -64.131345,
            -31.426863
          ],
          [
            -64.130843,
            -31.426882
          ],
          [
            -64.130108,
            -31.426899
          ],
          [
            -64.129011,
            -31.426933
          ],
          [
            -64.127905,
            -31.426966
          ],
          [
            -64.126666,
            -31.427005
          ],
          [
            -64.126652,
            -31.427576
          ],
          [
            -64.126021,
            -31.427565
          ],
          [
            -64.12553,
            -31.427556
          ],
          [
            -64.125376,
            -31.427554
          ],
          [
            -64.124436,
            -31.427546
          ],
          [
            -64.123331,
            -31.427536
          ],
          [
            -64.121934,
            -31.427503
          ],
          [
            -64.120581,
            -31.427475
          ],
          [
            -64.119272,
            -31.427448
          ],
          [
            -64.118115,
            -31.427433
          ],
          [
            -64.116984,
            -31.427407
          ],
          [
            -64.116952,
            -31.427442
          ],
          [
            -64.116937,
            -31.427482
          ],
          [
            -64.116929,
            -31.427515
          ],
          [
            -64.11692,
            -31.428201
          ],
          [
            -64.116915,
            -31.428537
          ],
          [
            -64.118095,
            -31.428564
          ],
          [
            -64.119276,
            -31.428592
          ],
          [
            -64.120539,
            -31.428616
          ],
          [
            -64.121902,
            -31.42864
          ],
          [
            -64.122649,
            -31.428664
          ],
          [
            -64.123336,
            -31.428685
          ],
          [
            -64.124751,
            -31.428699
          ],
          [
            -64.125353,
            -31.428705
          ],
          [
            -64.125999,
            -31.428711
          ],
          [
            -64.126624,
            -31.428718
          ],
          [
            -64.1272,
            -31.428723
          ],
          [
            -64.127199,
            -31.428781
          ],
          [
            -64.127265,
            -31.428757
          ],
          [
            -64.127296,
            -31.428733
          ],
          [
            -64.127677,
            -31.42837
          ],
          [
            -64.128053,
            -31.427996
          ],
          [
            -64.12808,
            -31.427957
          ],
          [
            -64.128102,
            -31.427925
          ],
          [
            -64.128149,
            -31.427898
          ],
          [
            -64.129038,
            -31.427867
          ],
          [
            -64.130103,
            -31.427832
          ],
          [
            -64.130861,
            -31.427823
          ],
          [
            -64.131356,
            -31.427813
          ],
          [
            -64.131907,
            -31.427805
          ],
          [
            -64.132499,
            -31.427795
          ],
          [
            -64.133597,
            -31.427788
          ],
          [
            -64.134745,
            -31.427776
          ],
          [
            -64.135959,
            -31.427767
          ],
          [
            -64.136604,
            -31.427703
          ],
          [
            -64.137571,
            -31.427595
          ],
          [
            -64.138718,
            -31.427488
          ],
          [
            -64.138632,
            -31.426961
          ],
          [
            -64.138553,
            -31.426453
          ],
          [
            -64.138482,
            -31.426001
          ],
          [
            -64.138475,
            -31.425948
          ],
          [
            -64.138479,
            -31.425896
          ],
          [
            -64.138496,
            -31.425834
          ],
          [
            -64.138626,
            -31.425367
          ],
          [
            -64.1388,
            -31.424794
          ],
          [
            -64.138829,
            -31.424725
          ],
          [
            -64.138879,
            -31.424664
          ],
          [
            -64.139272,
            -31.424266
          ],
          [
            -64.139298,
            -31.424244
          ],
          [
            -64.139343,
            -31.424219
          ],
          [
            -64.139406,
            -31.424208
          ],
          [
            -64.139908,
            -31.424164
          ],
          [
            -64.140552,
            -31.424096
          ],
          [
            -64.141797,
            -31.423974
          ],
          [
            -64.143046,
            -31.423857
          ],
          [
            -64.144308,
            -31.423743
          ],
          [
            -64.145545,
            -31.423635
          ],
          [
            -64.146812,
            -31.423511
          ],
          [
            -64.147531,
            -31.423444
          ],
          [
            -64.147525,
            -31.423399
          ],
          [
            -64.14749,
            -31.423176
          ],
          [
            -64.14749,
            -31.423136
          ],
          [
            -64.147508,
            -31.423107
          ],
          [
            -64.147541,
            -31.423076
          ],
          [
            -64.147609,
            -31.423015
          ],
          [
            -64.147649,
            -31.422993
          ],
          [
            -64.14771,
            -31.422972
          ],
          [
            -64.148014,
            -31.422949
          ],
          [
            -64.148463,
            -31.4229
          ],
          [
            -64.148508,
            -31.422905
          ],
          [
            -64.148525,
            -31.422926
          ],
          [
            -64.148529,
            -31.422958
          ],
          [
            -64.14858,
            -31.423346
          ],
          [
            -64.148613,
            -31.423343
          ],
          [
            -64.149306,
            -31.42328
          ],
          [
            -64.150563,
            -31.423173
          ],
          [
            -64.1518,
            -31.423063
          ],
          [
            -64.152557,
            -31.422988
          ],
          [
            -64.152568,
            -31.422856
          ],
          [
            -64.152626,
            -31.422734
          ],
          [
            -64.152725,
            -31.422634
          ],
          [
            -64.152856,
            -31.422564
          ],
          [
            -64.153005,
            -31.422532
          ],
          [
            -64.153157,
            -31.422541
          ],
          [
            -64.153299,
            -31.42259
          ],
          [
            -64.153416,
            -31.422672
          ],
          [
            -64.153498,
            -31.422782
          ],
          [
            -64.153537,
            -31.422907
          ],
          [
            -64.154314,
            -31.42284
          ],
          [
            -64.155562,
            -31.42272
          ],
          [
            -64.156799,
            -31.4226
          ],
          [
            -64.158066,
            -31.422477
          ],
          [
            -64.158666,
            -31.422417
          ],
          [
            -64.159311,
            -31.422357
          ],
          [
            -64.159969,
            -31.422286
          ],
          [
            -64.160047,
            -31.422284
          ],
          [
            -64.160136,
            -31.422291
          ],
          [
            -64.160581,
            -31.422363
          ],
          [
            -64.160912,
            -31.422433
          ],
          [
            -64.161051,
            -31.422464
          ],
          [
            -64.161297,
            -31.422505
          ],
          [
            -64.161429,
            -31.422517
          ],
          [
            -64.161615,
            -31.422529
          ],
          [
            -64.161879,
            -31.422536
          ],
          [
            -64.163091,
            -31.422563
          ],
          [
            -64.163299,
            -31.422566
          ],
          [
            -64.163718,
            -31.42258
          ],
          [
            -64.164124,
            -31.422593
          ],
          [
            -64.164408,
            -31.422618
          ],
          [
            -64.164488,
            -31.422662
          ],
          [
            -64.164532,
            -31.422705
          ],
          [
            -64.164574,
            -31.422767
          ],
          [
            -64.1646,
            -31.42283
          ],
          [
            -64.164623,
            -31.422988
          ],
          [
            -64.164674,
            -31.423447
          ],
          [
            -64.164726,
            -31.423936
          ],
          [
            -64.164735,
            -31.424011
          ],
          [
            -64.164871,
            -31.424002
          ],
          [
            -64.165336,
            -31.423957
          ],
          [
            -64.1654,
            -31.423954
          ],
          [
            -64.165822,
            -31.423933
          ],
          [
            -64.165867,
            -31.423931
          ],
          [
            -64.166244,
            -31.423926
          ],
          [
            -64.16631,
            -31.423927
          ],
          [
            -64.166957,
            -31.423938
          ],
          [
            -64.167358,
            -31.423946
          ],
          [
            -64.167428,
            -31.423957
          ],
          [
            -64.167497,
            -31.42398
          ],
          [
            -64.167552,
            -31.424005
          ],
          [
            -64.168851,
            -31.424755
          ],
          [
            -64.1689,
            -31.424796
          ],
          [
            -64.168942,
            -31.424825
          ],
          [
            -64.168979,
            -31.42487
          ],
          [
            -64.169008,
            -31.424923
          ],
          [
            -64.169022,
            -31.424964
          ],
          [
            -64.169048,
            -31.425045
          ],
          [
            -64.16907,
            -31.425072
          ],
          [
            -64.169099,
            -31.425099
          ],
          [
            -64.169124,
            -31.425133
          ],
          [
            -64.169142,
            -31.425164
          ],
          [
            -64.169161,
            -31.425189
          ],
          [
            -64.169183,
            -31.425211
          ],
          [
            -64.169207,
            -31.425226
          ],
          [
            -64.169235,
            -31.425235
          ],
          [
            -64.169268,
            -31.425244
          ],
          [
            -64.1693,
            -31.425244
          ],
          [
            -64.169326,
            -31.425242
          ],
          [
            -64.169381,
            -31.425236
          ],
          [
            -64.169404,
            -31.425234
          ],
          [
            -64.170656,
            -31.425013
          ],
          [
            -64.171127,
            -31.4249
          ],
          [
            -64.171374,
            -31.424824
          ],
          [
            -64.171611,
            -31.424741
          ],
          [
            -64.171996,
            -31.424593
          ],
          [
            -64.172312,
            -31.424449
          ],
          [
            -64.172769,
            -31.424206
          ],
          [
            -64.173035,
            -31.424057
          ],
          [
            -64.173234,
            -31.423937
          ],
          [
            -64.17346,
            -31.423782
          ],
          [
            -64.173711,
            -31.423588
          ],
          [
            -64.17388,
            -31.423447
          ],
          [
            -64.174027,
            -31.423307
          ],
          [
            -64.174115,
            -31.423319
          ],
          [
            -64.174169,
            -31.423343
          ],
          [
            -64.174289,
            -31.4234
          ],
          [
            -64.174319,
            -31.423444
          ],
          [
            -64.174324,
            -31.423452
          ],
          [
            -64.174405,
            -31.423543
          ],
          [
            -64.174516,
            -31.423642
          ],
          [
            -64.174679,
            -31.423753
          ],
          [
            -64.17483,
            -31.423817
          ],
          [
            -64.174913,
            -31.423852
          ],
          [
            -64.175,
            -31.423871
          ],
          [
            -64.175044,
            -31.423879
          ],
          [
            -64.175097,
            -31.423881
          ],
          [
            -64.175136,
            -31.42388
          ],
          [
            -64.175179,
            -31.423878
          ],
          [
            -64.175252,
            -31.423859
          ],
          [
            -64.175305,
            -31.423832
          ],
          [
            -64.175349,
            -31.423796
          ],
          [
            -64.175385,
            -31.423753
          ],
          [
            -64.175452,
            -31.423658
          ],
          [
            -64.175523,
            -31.423557
          ],
          [
            -64.175624,
            -31.423485
          ],
          [
            -64.175668,
            -31.423462
          ],
          [
            -64.175739,
            -31.423432
          ],
          [
            -64.175788,
            -31.423418
          ],
          [
            -64.175825,
            -31.423407
          ],
          [
            -64.176026,
            -31.423351
          ],
          [
            -64.176285,
            -31.423288
          ],
          [
            -64.176398,
            -31.423265
          ],
          [
            -64.176516,
            -31.423243
          ],
          [
            -64.176741,
            -31.423226
          ],
          [
            -64.177859,
            -31.422944
          ],
          [
            -64.179313,
            -31.422566
          ],
          [
            -64.180685,
            -31.422206
          ],
          [
            -64.181908,
            -31.421886
          ],
          [
            -64.181933,
            -31.42188
          ],
          [
            -64.182055,
            -31.421848
          ],
          [
            -64.183332,
            -31.421513
          ],
          [
            -64.183646,
            -31.421431
          ],
          [
            -64.184303,
            -31.421259
          ],
          [
            -64.184705,
            -31.421154
          ],
          [
            -64.186053,
            -31.420801
          ],
          [
            -64.186264,
            -31.420749
          ],
          [
            -64.187394,
            -31.420469
          ],
          [
            -64.187439,
            -31.420456
          ],
          [
            -64.187877,
            -31.420332
          ],
          [
            -64.188038,
            -31.420286
          ],
          [
            -64.188169,
            -31.420245
          ],
          [
            -64.188208,
            -31.420233
          ],
          [
            -64.188297,
            -31.420206
          ],
          [
            -64.188431,
            -31.42015
          ],
          [
            -64.188553,
            -31.4201
          ],
          [
            -64.188617,
            -31.420073
          ],
          [
            -64.188664,
            -31.420053
          ],
          [
            -64.188709,
            -31.420032
          ],
          [
            -64.188708,
            -31.420086
          ],
          [
            -64.188709,
            -31.420103
          ]
        ]
      }
    },
    {
      "type": "Feature",
      "id": "route-cordoba-2026-09-02-v3-05",
      "properties": {
        "truckId": "vehicle-05",
        "waypointDistancesKm": [
          0,
          0.8262999378678283,
          2.6007556300370958,
          3.5664059369620067,
          5.275547175345399,
          6.260052034809188,
          7.427773784967041,
          13.611235055215277,
          24.290818951149262
        ]
      },
      "geometry": {
        "type": "LineString",
        "coordinates": [
          [
            -64.188709,
            -31.420109
          ],
          [
            -64.18871,
            -31.420127
          ],
          [
            -64.188717,
            -31.420178
          ],
          [
            -64.188727,
            -31.42023
          ],
          [
            -64.188737,
            -31.420284
          ],
          [
            -64.188734,
            -31.420338
          ],
          [
            -64.188686,
            -31.420476
          ],
          [
            -64.188614,
            -31.420637
          ],
          [
            -64.188602,
            -31.420666
          ],
          [
            -64.188216,
            -31.421509
          ],
          [
            -64.188139,
            -31.421536
          ],
          [
            -64.187971,
            -31.421596
          ],
          [
            -64.187883,
            -31.421621
          ],
          [
            -64.186582,
            -31.422025
          ],
          [
            -64.185253,
            -31.422438
          ],
          [
            -64.185197,
            -31.422455
          ],
          [
            -64.183898,
            -31.422858
          ],
          [
            -64.184402,
            -31.424036
          ],
          [
            -64.184414,
            -31.424065
          ],
          [
            -64.184709,
            -31.42476
          ],
          [
            -64.184881,
            -31.425165
          ],
          [
            -64.183666,
            -31.425557
          ],
          [
            -64.183634,
            -31.425568
          ],
          [
            -64.183553,
            -31.425594
          ],
          [
            -64.183516,
            -31.425604
          ],
          [
            -64.183487,
            -31.425612
          ],
          [
            -64.183441,
            -31.425501
          ],
          [
            -64.182998,
            -31.424455
          ],
          [
            -64.182732,
            -31.423792
          ],
          [
            -64.182506,
            -31.42329
          ],
          [
            -64.182219,
            -31.422615
          ],
          [
            -64.181948,
            -31.421985
          ],
          [
            -64.181887,
            -31.422001
          ],
          [
            -64.180726,
            -31.422306
          ],
          [
            -64.179365,
            -31.422693
          ],
          [
            -64.177897,
            -31.423051
          ],
          [
            -64.176787,
            -31.423339
          ],
          [
            -64.176386,
            -31.423448
          ],
          [
            -64.17605,
            -31.423547
          ],
          [
            -64.175982,
            -31.42357
          ],
          [
            -64.175894,
            -31.423609
          ],
          [
            -64.1758,
            -31.423669
          ],
          [
            -64.175727,
            -31.423726
          ],
          [
            -64.175419,
            -31.424068
          ],
          [
            -64.175137,
            -31.424385
          ],
          [
            -64.175088,
            -31.424433
          ],
          [
            -64.174886,
            -31.424597
          ],
          [
            -64.174799,
            -31.424672
          ],
          [
            -64.174691,
            -31.424781
          ],
          [
            -64.174556,
            -31.424942
          ],
          [
            -64.174488,
            -31.425018
          ],
          [
            -64.174252,
            -31.425289
          ],
          [
            -64.174077,
            -31.425473
          ],
          [
            -64.17384,
            -31.425724
          ],
          [
            -64.17281,
            -31.426764
          ],
          [
            -64.172484,
            -31.427093
          ],
          [
            -64.17242,
            -31.427155
          ],
          [
            -64.172145,
            -31.427417
          ],
          [
            -64.172099,
            -31.427461
          ],
          [
            -64.171982,
            -31.42758
          ],
          [
            -64.171309,
            -31.428265
          ],
          [
            -64.171244,
            -31.428374
          ],
          [
            -64.171009,
            -31.428668
          ],
          [
            -64.170954,
            -31.428747
          ],
          [
            -64.170921,
            -31.428814
          ],
          [
            -64.170828,
            -31.429002
          ],
          [
            -64.170635,
            -31.429429
          ],
          [
            -64.170576,
            -31.429569
          ],
          [
            -64.17055,
            -31.429634
          ],
          [
            -64.170533,
            -31.42969
          ],
          [
            -64.170519,
            -31.429776
          ],
          [
            -64.170471,
            -31.430203
          ],
          [
            -64.170466,
            -31.430241
          ],
          [
            -64.170457,
            -31.430294
          ],
          [
            -64.170438,
            -31.43034
          ],
          [
            -64.170402,
            -31.430392
          ],
          [
            -64.170344,
            -31.430449
          ],
          [
            -64.170254,
            -31.430493
          ],
          [
            -64.170201,
            -31.430508
          ],
          [
            -64.170133,
            -31.430519
          ],
          [
            -64.17003,
            -31.430515
          ],
          [
            -64.169951,
            -31.430499
          ],
          [
            -64.169905,
            -31.430475
          ],
          [
            -64.169869,
            -31.430451
          ],
          [
            -64.169799,
            -31.430385
          ],
          [
            -64.169773,
            -31.430324
          ],
          [
            -64.169754,
            -31.430271
          ],
          [
            -64.169743,
            -31.430212
          ],
          [
            -64.169738,
            -31.430153
          ],
          [
            -64.169757,
            -31.429927
          ],
          [
            -64.169758,
            -31.429857
          ],
          [
            -64.169754,
            -31.429798
          ],
          [
            -64.169721,
            -31.42955
          ],
          [
            -64.169684,
            -31.429259
          ],
          [
            -64.169657,
            -31.429079
          ],
          [
            -64.169657,
            -31.429073
          ],
          [
            -64.169608,
            -31.428731
          ],
          [
            -64.169602,
            -31.428698
          ],
          [
            -64.169524,
            -31.428284
          ],
          [
            -64.169275,
            -31.42832
          ],
          [
            -64.168762,
            -31.42839
          ],
          [
            -64.168652,
            -31.428406
          ],
          [
            -64.16794,
            -31.428503
          ],
          [
            -64.16779,
            -31.428531
          ],
          [
            -64.167803,
            -31.428584
          ],
          [
            -64.167818,
            -31.428613
          ],
          [
            -64.168447,
            -31.429263
          ],
          [
            -64.168541,
            -31.429361
          ],
          [
            -64.168682,
            -31.429508
          ],
          [
            -64.168916,
            -31.429752
          ],
          [
            -64.168992,
            -31.429801
          ],
          [
            -64.169077,
            -31.429817
          ],
          [
            -64.169217,
            -31.429744
          ],
          [
            -64.169258,
            -31.4297
          ],
          [
            -64.169293,
            -31.429654
          ],
          [
            -64.169494,
            -31.42939
          ],
          [
            -64.169557,
            -31.429332
          ],
          [
            -64.169605,
            -31.429298
          ],
          [
            -64.169636,
            -31.429282
          ],
          [
            -64.169684,
            -31.429259
          ],
          [
            -64.16984,
            -31.429192
          ],
          [
            -64.169995,
            -31.429131
          ],
          [
            -64.170083,
            -31.429409
          ],
          [
            -64.170146,
            -31.429578
          ],
          [
            -64.170206,
            -31.429714
          ],
          [
            -64.170224,
            -31.42975
          ],
          [
            -64.170269,
            -31.429821
          ],
          [
            -64.170383,
            -31.429989
          ],
          [
            -64.170416,
            -31.430052
          ],
          [
            -64.170442,
            -31.430119
          ],
          [
            -64.170471,
            -31.430203
          ],
          [
            -64.170466,
            -31.430241
          ],
          [
            -64.170457,
            -31.430294
          ],
          [
            -64.170438,
            -31.43034
          ],
          [
            -64.170402,
            -31.430392
          ],
          [
            -64.170344,
            -31.430449
          ],
          [
            -64.17023,
            -31.43059
          ],
          [
            -64.170171,
            -31.430668
          ],
          [
            -64.17013,
            -31.430739
          ],
          [
            -64.170093,
            -31.430812
          ],
          [
            -64.170051,
            -31.430922
          ],
          [
            -64.169998,
            -31.43112
          ],
          [
            -64.169981,
            -31.431207
          ],
          [
            -64.169978,
            -31.431266
          ],
          [
            -64.169979,
            -31.431335
          ],
          [
            -64.169989,
            -31.431417
          ],
          [
            -64.170038,
            -31.431595
          ],
          [
            -64.170048,
            -31.43163
          ],
          [
            -64.170055,
            -31.431665
          ],
          [
            -64.170062,
            -31.431716
          ],
          [
            -64.170068,
            -31.43176
          ],
          [
            -64.170072,
            -31.431801
          ],
          [
            -64.170073,
            -31.431856
          ],
          [
            -64.17007,
            -31.431911
          ],
          [
            -64.170065,
            -31.431959
          ],
          [
            -64.170055,
            -31.432008
          ],
          [
            -64.170035,
            -31.432078
          ],
          [
            -64.170012,
            -31.432143
          ],
          [
            -64.169989,
            -31.432197
          ],
          [
            -64.169959,
            -31.432249
          ],
          [
            -64.16992,
            -31.432375
          ],
          [
            -64.169856,
            -31.432581
          ],
          [
            -64.169836,
            -31.432656
          ],
          [
            -64.169819,
            -31.432754
          ],
          [
            -64.169771,
            -31.432973
          ],
          [
            -64.169735,
            -31.4331
          ],
          [
            -64.169687,
            -31.433256
          ],
          [
            -64.169631,
            -31.433412
          ],
          [
            -64.169535,
            -31.433575
          ],
          [
            -64.169507,
            -31.433624
          ],
          [
            -64.169417,
            -31.433786
          ],
          [
            -64.169016,
            -31.434482
          ],
          [
            -64.168962,
            -31.434553
          ],
          [
            -64.168898,
            -31.434625
          ],
          [
            -64.168796,
            -31.434707
          ],
          [
            -64.168703,
            -31.434748
          ],
          [
            -64.167949,
            -31.435242
          ],
          [
            -64.167606,
            -31.435485
          ],
          [
            -64.167045,
            -31.435873
          ],
          [
            -64.166667,
            -31.436135
          ],
          [
            -64.166434,
            -31.436297
          ],
          [
            -64.166119,
            -31.436515
          ],
          [
            -64.165552,
            -31.436905
          ],
          [
            -64.165028,
            -31.437264
          ],
          [
            -64.164553,
            -31.437582
          ],
          [
            -64.163923,
            -31.438002
          ],
          [
            -64.163795,
            -31.438083
          ],
          [
            -64.163438,
            -31.438325
          ],
          [
            -64.163015,
            -31.438607
          ],
          [
            -64.162954,
            -31.438648
          ],
          [
            -64.162953,
            -31.437953
          ],
          [
            -64.162272,
            -31.437955
          ],
          [
            -64.162047,
            -31.437956
          ],
          [
            -64.161966,
            -31.437945
          ],
          [
            -64.161949,
            -31.438752
          ],
          [
            -64.161936,
            -31.439327
          ],
          [
            -64.161714,
            -31.439487
          ],
          [
            -64.161401,
            -31.439732
          ],
          [
            -64.161342,
            -31.439781
          ],
          [
            -64.161255,
            -31.439872
          ],
          [
            -64.160963,
            -31.440219
          ],
          [
            -64.160928,
            -31.440278
          ],
          [
            -64.160892,
            -31.440361
          ],
          [
            -64.160866,
            -31.440396
          ],
          [
            -64.160849,
            -31.440421
          ],
          [
            -64.160811,
            -31.44045
          ],
          [
            -64.160691,
            -31.440509
          ],
          [
            -64.160654,
            -31.440541
          ],
          [
            -64.160655,
            -31.440593
          ],
          [
            -64.160665,
            -31.441296
          ],
          [
            -64.160669,
            -31.441843
          ],
          [
            -64.160632,
            -31.443287
          ],
          [
            -64.16063,
            -31.443609
          ],
          [
            -64.161341,
            -31.443617
          ],
          [
            -64.16206,
            -31.443625
          ],
          [
            -64.162773,
            -31.443632
          ],
          [
            -64.162775,
            -31.444288
          ],
          [
            -64.162776,
            -31.444696
          ],
          [
            -64.16278,
            -31.445926
          ],
          [
            -64.162784,
            -31.447165
          ],
          [
            -64.163417,
            -31.447168
          ],
          [
            -64.163429,
            -31.448005
          ],
          [
            -64.163442,
            -31.448091
          ],
          [
            -64.16346,
            -31.448188
          ],
          [
            -64.163479,
            -31.449051
          ],
          [
            -64.163483,
            -31.449153
          ],
          [
            -64.163478,
            -31.449193
          ],
          [
            -64.163456,
            -31.449244
          ],
          [
            -64.163218,
            -31.449625
          ],
          [
            -64.16363,
            -31.449568
          ],
          [
            -64.16374,
            -31.449553
          ],
          [
            -64.163895,
            -31.44954
          ],
          [
            -64.164412,
            -31.449538
          ],
          [
            -64.164413,
            -31.450218
          ],
          [
            -64.164414,
            -31.451186
          ],
          [
            -64.164416,
            -31.452454
          ],
          [
            -64.164416,
            -31.453084
          ],
          [
            -64.164417,
            -31.454053
          ],
          [
            -64.163763,
            -31.454057
          ],
          [
            -64.163058,
            -31.45406
          ],
          [
            -64.162823,
            -31.454057
          ],
          [
            -64.162819,
            -31.454586
          ],
          [
            -64.162807,
            -31.454622
          ],
          [
            -64.162769,
            -31.454658
          ],
          [
            -64.162404,
            -31.454662
          ],
          [
            -64.161771,
            -31.454663
          ],
          [
            -64.161124,
            -31.454666
          ],
          [
            -64.161077,
            -31.454686
          ],
          [
            -64.16106,
            -31.454717
          ],
          [
            -64.160877,
            -31.455225
          ],
          [
            -64.160848,
            -31.455304
          ],
          [
            -64.160732,
            -31.455692
          ],
          [
            -64.160716,
            -31.45577
          ],
          [
            -64.160671,
            -31.456342
          ],
          [
            -64.160668,
            -31.456368
          ],
          [
            -64.160564,
            -31.457425
          ],
          [
            -64.160507,
            -31.457991
          ],
          [
            -64.160453,
            -31.458563
          ],
          [
            -64.16022,
            -31.458564
          ],
          [
            -64.159687,
            -31.458567
          ],
          [
            -64.159288,
            -31.458569
          ],
          [
            -64.158542,
            -31.458574
          ],
          [
            -64.157314,
            -31.45858
          ],
          [
            -64.156076,
            -31.458587
          ],
          [
            -64.155094,
            -31.458591
          ],
          [
            -64.153518,
            -31.458598
          ],
          [
            -64.152975,
            -31.4586
          ],
          [
            -64.152837,
            -31.458601
          ],
          [
            -64.152447,
            -31.458603
          ],
          [
            -64.15205,
            -31.458604
          ],
          [
            -64.151787,
            -31.458606
          ],
          [
            -64.151462,
            -31.458607
          ],
          [
            -64.151379,
            -31.458607
          ],
          [
            -64.150619,
            -31.458607
          ],
          [
            -64.148619,
            -31.458619
          ],
          [
            -64.148561,
            -31.45849
          ],
          [
            -64.148534,
            -31.458413
          ],
          [
            -64.148525,
            -31.458349
          ],
          [
            -64.148545,
            -31.456932
          ],
          [
            -64.148535,
            -31.456878
          ],
          [
            -64.148513,
            -31.456848
          ],
          [
            -64.148475,
            -31.456818
          ],
          [
            -64.148403,
            -31.456793
          ],
          [
            -64.148155,
            -31.456761
          ],
          [
            -64.148138,
            -31.456856
          ],
          [
            -64.148127,
            -31.456988
          ],
          [
            -64.148082,
            -31.457957
          ],
          [
            -64.148104,
            -31.458161
          ],
          [
            -64.148101,
            -31.458322
          ],
          [
            -64.148106,
            -31.458434
          ],
          [
            -64.148118,
            -31.458541
          ],
          [
            -64.148137,
            -31.458643
          ],
          [
            -64.148168,
            -31.458754
          ],
          [
            -64.148203,
            -31.458861
          ],
          [
            -64.148247,
            -31.458968
          ],
          [
            -64.148329,
            -31.459124
          ],
          [
            -64.148459,
            -31.459351
          ],
          [
            -64.148526,
            -31.459432
          ],
          [
            -64.14859,
            -31.459539
          ],
          [
            -64.148647,
            -31.459661
          ],
          [
            -64.148686,
            -31.459772
          ],
          [
            -64.148703,
            -31.459859
          ],
          [
            -64.148709,
            -31.459938
          ],
          [
            -64.148707,
            -31.460021
          ],
          [
            -64.148695,
            -31.460094
          ],
          [
            -64.148672,
            -31.460165
          ],
          [
            -64.148635,
            -31.460244
          ],
          [
            -64.148568,
            -31.460354
          ],
          [
            -64.148514,
            -31.460429
          ],
          [
            -64.148447,
            -31.4605
          ],
          [
            -64.148376,
            -31.460559
          ],
          [
            -64.148284,
            -31.460613
          ],
          [
            -64.148203,
            -31.460655
          ],
          [
            -64.148121,
            -31.460686
          ],
          [
            -64.148025,
            -31.460713
          ],
          [
            -64.147931,
            -31.460728
          ],
          [
            -64.147871,
            -31.460731
          ],
          [
            -64.147757,
            -31.460769
          ],
          [
            -64.147652,
            -31.46081
          ],
          [
            -64.147587,
            -31.460842
          ],
          [
            -64.147532,
            -31.460877
          ],
          [
            -64.147489,
            -31.460917
          ],
          [
            -64.147453,
            -31.460959
          ],
          [
            -64.147427,
            -31.460998
          ],
          [
            -64.147405,
            -31.461043
          ],
          [
            -64.147393,
            -31.46109
          ],
          [
            -64.147389,
            -31.461129
          ],
          [
            -64.147395,
            -31.461168
          ],
          [
            -64.147407,
            -31.461202
          ],
          [
            -64.147428,
            -31.461235
          ],
          [
            -64.147453,
            -31.461261
          ],
          [
            -64.147487,
            -31.461287
          ],
          [
            -64.147553,
            -31.461325
          ],
          [
            -64.147594,
            -31.461341
          ],
          [
            -64.14763,
            -31.461362
          ],
          [
            -64.147662,
            -31.461388
          ],
          [
            -64.147688,
            -31.461418
          ],
          [
            -64.147705,
            -31.461447
          ],
          [
            -64.147717,
            -31.461477
          ],
          [
            -64.147724,
            -31.461509
          ],
          [
            -64.147725,
            -31.461541
          ],
          [
            -64.147721,
            -31.461572
          ],
          [
            -64.147711,
            -31.461603
          ],
          [
            -64.147702,
            -31.461628
          ],
          [
            -64.147681,
            -31.461655
          ],
          [
            -64.147663,
            -31.461675
          ],
          [
            -64.147665,
            -31.461788
          ],
          [
            -64.147671,
            -31.461862
          ],
          [
            -64.147693,
            -31.461946
          ],
          [
            -64.147716,
            -31.462009
          ],
          [
            -64.147745,
            -31.46209
          ],
          [
            -64.147859,
            -31.462363
          ],
          [
            -64.147903,
            -31.4625
          ],
          [
            -64.147934,
            -31.462654
          ],
          [
            -64.147949,
            -31.462775
          ],
          [
            -64.147962,
            -31.462909
          ],
          [
            -64.147966,
            -31.463101
          ],
          [
            -64.147966,
            -31.463294
          ],
          [
            -64.147967,
            -31.463554
          ],
          [
            -64.147964,
            -31.464266
          ],
          [
            -64.147962,
            -31.464689
          ],
          [
            -64.147949,
            -31.465956
          ],
          [
            -64.147947,
            -31.46717
          ],
          [
            -64.147942,
            -31.467464
          ],
          [
            -64.147937,
            -31.467901
          ],
          [
            -64.147935,
            -31.468193
          ],
          [
            -64.147933,
            -31.468353
          ],
          [
            -64.147929,
            -31.468717
          ],
          [
            -64.147921,
            -31.469353
          ],
          [
            -64.147933,
            -31.469565
          ],
          [
            -64.147921,
            -31.46961
          ],
          [
            -64.14789,
            -31.469661
          ],
          [
            -64.147853,
            -31.469722
          ],
          [
            -64.147808,
            -31.469807
          ],
          [
            -64.147833,
            -31.469867
          ],
          [
            -64.147834,
            -31.469932
          ],
          [
            -64.14781,
            -31.469993
          ],
          [
            -64.147791,
            -31.470014
          ],
          [
            -64.147841,
            -31.470163
          ],
          [
            -64.147855,
            -31.470187
          ],
          [
            -64.147909,
            -31.470282
          ],
          [
            -64.147928,
            -31.470373
          ],
          [
            -64.147903,
            -31.470441
          ],
          [
            -64.147901,
            -31.470549
          ],
          [
            -64.147898,
            -31.47065
          ],
          [
            -64.147893,
            -31.470968
          ],
          [
            -64.14789,
            -31.47135
          ],
          [
            -64.147878,
            -31.471905
          ],
          [
            -64.14787,
            -31.472373
          ],
          [
            -64.147858,
            -31.473187
          ],
          [
            -64.147858,
            -31.473413
          ],
          [
            -64.147857,
            -31.473489
          ],
          [
            -64.14785,
            -31.474335
          ],
          [
            -64.147845,
            -31.474948
          ],
          [
            -64.147834,
            -31.475497
          ],
          [
            -64.147831,
            -31.475909
          ],
          [
            -64.147813,
            -31.477052
          ],
          [
            -64.14781,
            -31.477189
          ],
          [
            -64.147795,
            -31.477788
          ],
          [
            -64.14778,
            -31.478525
          ],
          [
            -64.147776,
            -31.479043
          ],
          [
            -64.147449,
            -31.479047
          ],
          [
            -64.146966,
            -31.479053
          ],
          [
            -64.146181,
            -31.479055
          ],
          [
            -64.145397,
            -31.479056
          ],
          [
            -64.144665,
            -31.479059
          ],
          [
            -64.143889,
            -31.479059
          ],
          [
            -64.143101,
            -31.479062
          ],
          [
            -64.142357,
            -31.479068
          ],
          [
            -64.141553,
            -31.479074
          ],
          [
            -64.140789,
            -31.479082
          ],
          [
            -64.14001,
            -31.479088
          ],
          [
            -64.139265,
            -31.479095
          ],
          [
            -64.138497,
            -31.479102
          ],
          [
            -64.137717,
            -31.479109
          ],
          [
            -64.136945,
            -31.479116
          ],
          [
            -64.136188,
            -31.479122
          ],
          [
            -64.136204,
            -31.480822
          ],
          [
            -64.136534,
            -31.48082
          ],
          [
            -64.13695,
            -31.480817
          ],
          [
            -64.137722,
            -31.480811
          ],
          [
            -64.138518,
            -31.480805
          ],
          [
            -64.139272,
            -31.4808
          ],
          [
            -64.140024,
            -31.480794
          ],
          [
            -64.140812,
            -31.480789
          ],
          [
            -64.141556,
            -31.480783
          ],
          [
            -64.14228,
            -31.480778
          ],
          [
            -64.143111,
            -31.480772
          ],
          [
            -64.143891,
            -31.480766
          ],
          [
            -64.144674,
            -31.480759
          ],
          [
            -64.145411,
            -31.480755
          ],
          [
            -64.146195,
            -31.480749
          ],
          [
            -64.146988,
            -31.480744
          ],
          [
            -64.147765,
            -31.480725
          ],
          [
            -64.147773,
            -31.480201
          ],
          [
            -64.147776,
            -31.479043
          ],
          [
            -64.14778,
            -31.478525
          ],
          [
            -64.147795,
            -31.477788
          ],
          [
            -64.14781,
            -31.477189
          ],
          [
            -64.147813,
            -31.477052
          ],
          [
            -64.147831,
            -31.475909
          ],
          [
            -64.147834,
            -31.475497
          ],
          [
            -64.147845,
            -31.474948
          ],
          [
            -64.14785,
            -31.474335
          ],
          [
            -64.147857,
            -31.473489
          ],
          [
            -64.147858,
            -31.473413
          ],
          [
            -64.147858,
            -31.473187
          ],
          [
            -64.14787,
            -31.472373
          ],
          [
            -64.147878,
            -31.471905
          ],
          [
            -64.14789,
            -31.47135
          ],
          [
            -64.147893,
            -31.470968
          ],
          [
            -64.147898,
            -31.47065
          ],
          [
            -64.147901,
            -31.470549
          ],
          [
            -64.147903,
            -31.470441
          ],
          [
            -64.147823,
            -31.470239
          ],
          [
            -64.147777,
            -31.470187
          ],
          [
            -64.147714,
            -31.470134
          ],
          [
            -64.147627,
            -31.470096
          ],
          [
            -64.147561,
            -31.470092
          ],
          [
            -64.147499,
            -31.470073
          ],
          [
            -64.147485,
            -31.470063
          ],
          [
            -64.147446,
            -31.470039
          ],
          [
            -64.147407,
            -31.469993
          ],
          [
            -64.147385,
            -31.46994
          ],
          [
            -64.147381,
            -31.469884
          ],
          [
            -64.147397,
            -31.469829
          ],
          [
            -64.147442,
            -31.469768
          ],
          [
            -64.147511,
            -31.469726
          ],
          [
            -64.147604,
            -31.469707
          ],
          [
            -64.147698,
            -31.469723
          ],
          [
            -64.147834,
            -31.469617
          ],
          [
            -64.147898,
            -31.469496
          ],
          [
            -64.147921,
            -31.469353
          ],
          [
            -64.147929,
            -31.468717
          ],
          [
            -64.147933,
            -31.468353
          ],
          [
            -64.147935,
            -31.468193
          ],
          [
            -64.147937,
            -31.467901
          ],
          [
            -64.147942,
            -31.467464
          ],
          [
            -64.147873,
            -31.46717
          ],
          [
            -64.147853,
            -31.467032
          ],
          [
            -64.147848,
            -31.466978
          ],
          [
            -64.147864,
            -31.465956
          ],
          [
            -64.14788,
            -31.464689
          ],
          [
            -64.147881,
            -31.463453
          ],
          [
            -64.147881,
            -31.463137
          ],
          [
            -64.147864,
            -31.462779
          ],
          [
            -64.147839,
            -31.462628
          ],
          [
            -64.147798,
            -31.462497
          ],
          [
            -64.147611,
            -31.461986
          ],
          [
            -64.147586,
            -31.461935
          ],
          [
            -64.147552,
            -31.461884
          ],
          [
            -64.147513,
            -31.461834
          ],
          [
            -64.147429,
            -31.461749
          ],
          [
            -64.147391,
            -31.461742
          ],
          [
            -64.147355,
            -31.46173
          ],
          [
            -64.147321,
            -31.461713
          ],
          [
            -64.147291,
            -31.461692
          ],
          [
            -64.147265,
            -31.461668
          ],
          [
            -64.147243,
            -31.46164
          ],
          [
            -64.147227,
            -31.46161
          ],
          [
            -64.147216,
            -31.461578
          ],
          [
            -64.147211,
            -31.461545
          ],
          [
            -64.147211,
            -31.461512
          ],
          [
            -64.147218,
            -31.46148
          ],
          [
            -64.14723,
            -31.461448
          ],
          [
            -64.147257,
            -31.461312
          ],
          [
            -64.147259,
            -31.461234
          ],
          [
            -64.147254,
            -31.461155
          ],
          [
            -64.147241,
            -31.461088
          ],
          [
            -64.147221,
            -31.461025
          ],
          [
            -64.147191,
            -31.46095
          ],
          [
            -64.147156,
            -31.460868
          ],
          [
            -64.147115,
            -31.460787
          ],
          [
            -64.147075,
            -31.460721
          ],
          [
            -64.147033,
            -31.460662
          ],
          [
            -64.146988,
            -31.460602
          ],
          [
            -64.146942,
            -31.460541
          ],
          [
            -64.146879,
            -31.46047
          ],
          [
            -64.146756,
            -31.460326
          ],
          [
            -64.146711,
            -31.46029
          ],
          [
            -64.146526,
            -31.460114
          ],
          [
            -64.146399,
            -31.459933
          ],
          [
            -64.146322,
            -31.459796
          ],
          [
            -64.146256,
            -31.459646
          ],
          [
            -64.146246,
            -31.459607
          ],
          [
            -64.146236,
            -31.459529
          ],
          [
            -64.146235,
            -31.45946
          ],
          [
            -64.146247,
            -31.459382
          ],
          [
            -64.146265,
            -31.459306
          ],
          [
            -64.146291,
            -31.459224
          ],
          [
            -64.146331,
            -31.459138
          ],
          [
            -64.146374,
            -31.459065
          ],
          [
            -64.146423,
            -31.458999
          ],
          [
            -64.146476,
            -31.458943
          ],
          [
            -64.146536,
            -31.458892
          ],
          [
            -64.146602,
            -31.458845
          ],
          [
            -64.146681,
            -31.4588
          ],
          [
            -64.146769,
            -31.45876
          ],
          [
            -64.146858,
            -31.458734
          ],
          [
            -64.146948,
            -31.458714
          ],
          [
            -64.147044,
            -31.458701
          ],
          [
            -64.147161,
            -31.458697
          ],
          [
            -64.147303,
            -31.458705
          ],
          [
            -64.147359,
            -31.458716
          ],
          [
            -64.147604,
            -31.458693
          ],
          [
            -64.147703,
            -31.458672
          ],
          [
            -64.147802,
            -31.458631
          ],
          [
            -64.147878,
            -31.45858
          ],
          [
            -64.147926,
            -31.458527
          ],
          [
            -64.147972,
            -31.458466
          ],
          [
            -64.148005,
            -31.458402
          ],
          [
            -64.148025,
            -31.458333
          ],
          [
            -64.148037,
            -31.458247
          ],
          [
            -64.148043,
            -31.458162
          ],
          [
            -64.148082,
            -31.457957
          ],
          [
            -64.148127,
            -31.456988
          ],
          [
            -64.148138,
            -31.456856
          ],
          [
            -64.148155,
            -31.456761
          ],
          [
            -64.148126,
            -31.456596
          ],
          [
            -64.148144,
            -31.456124
          ],
          [
            -64.148179,
            -31.454893
          ],
          [
            -64.148212,
            -31.453588
          ],
          [
            -64.148228,
            -31.453155
          ],
          [
            -64.148231,
            -31.453054
          ],
          [
            -64.148237,
            -31.452908
          ],
          [
            -64.148244,
            -31.452713
          ],
          [
            -64.148263,
            -31.452213
          ],
          [
            -64.148279,
            -31.451793
          ],
          [
            -64.148301,
            -31.450646
          ],
          [
            -64.148313,
            -31.450195
          ],
          [
            -64.148318,
            -31.449783
          ],
          [
            -64.148357,
            -31.448387
          ],
          [
            -64.148361,
            -31.448161
          ],
          [
            -64.148365,
            -31.447317
          ],
          [
            -64.148368,
            -31.44682
          ],
          [
            -64.148368,
            -31.446462
          ],
          [
            -64.148371,
            -31.44632
          ],
          [
            -64.148371,
            -31.446088
          ],
          [
            -64.14837,
            -31.445875
          ],
          [
            -64.148371,
            -31.445818
          ],
          [
            -64.148384,
            -31.445384
          ],
          [
            -64.148389,
            -31.445267
          ],
          [
            -64.148434,
            -31.443965
          ],
          [
            -64.148437,
            -31.443856
          ],
          [
            -64.148445,
            -31.443413
          ],
          [
            -64.148487,
            -31.442035
          ],
          [
            -64.148569,
            -31.441993
          ],
          [
            -64.148712,
            -31.441939
          ],
          [
            -64.149038,
            -31.441816
          ],
          [
            -64.149104,
            -31.441791
          ],
          [
            -64.149153,
            -31.441773
          ],
          [
            -64.149202,
            -31.441755
          ],
          [
            -64.149245,
            -31.441739
          ],
          [
            -64.149522,
            -31.441638
          ],
          [
            -64.149608,
            -31.441605
          ],
          [
            -64.150304,
            -31.441385
          ],
          [
            -64.15073,
            -31.441264
          ],
          [
            -64.151225,
            -31.441129
          ],
          [
            -64.151765,
            -31.440994
          ],
          [
            -64.152475,
            -31.440854
          ],
          [
            -64.153103,
            -31.440756
          ],
          [
            -64.153795,
            -31.440669
          ],
          [
            -64.154545,
            -31.440593
          ],
          [
            -64.155106,
            -31.440554
          ],
          [
            -64.155494,
            -31.440534
          ],
          [
            -64.156908,
            -31.440534
          ],
          [
            -64.159176,
            -31.44054
          ],
          [
            -64.15974,
            -31.44054
          ],
          [
            -64.160654,
            -31.440541
          ],
          [
            -64.160691,
            -31.440509
          ],
          [
            -64.160811,
            -31.44045
          ],
          [
            -64.160849,
            -31.440421
          ],
          [
            -64.160866,
            -31.440396
          ],
          [
            -64.160892,
            -31.440361
          ],
          [
            -64.160928,
            -31.440278
          ],
          [
            -64.160963,
            -31.440219
          ],
          [
            -64.161255,
            -31.439872
          ],
          [
            -64.161342,
            -31.439781
          ],
          [
            -64.161401,
            -31.439732
          ],
          [
            -64.161714,
            -31.439487
          ],
          [
            -64.161936,
            -31.439327
          ],
          [
            -64.162954,
            -31.438648
          ],
          [
            -64.163015,
            -31.438607
          ],
          [
            -64.163438,
            -31.438325
          ],
          [
            -64.163795,
            -31.438083
          ],
          [
            -64.163923,
            -31.438002
          ],
          [
            -64.163931,
            -31.437129
          ],
          [
            -64.163929,
            -31.436156
          ],
          [
            -64.163928,
            -31.435249
          ],
          [
            -64.163927,
            -31.434348
          ],
          [
            -64.163925,
            -31.433421
          ],
          [
            -64.163924,
            -31.43252
          ],
          [
            -64.163923,
            -31.431896
          ],
          [
            -64.163923,
            -31.431815
          ],
          [
            -64.163898,
            -31.431656
          ],
          [
            -64.164122,
            -31.43154
          ],
          [
            -64.164282,
            -31.43147
          ],
          [
            -64.164505,
            -31.431378
          ],
          [
            -64.164719,
            -31.431294
          ],
          [
            -64.165003,
            -31.431213
          ],
          [
            -64.165169,
            -31.431172
          ],
          [
            -64.165356,
            -31.431132
          ],
          [
            -64.165639,
            -31.431087
          ],
          [
            -64.166364,
            -31.430964
          ],
          [
            -64.166859,
            -31.430856
          ],
          [
            -64.167016,
            -31.430815
          ],
          [
            -64.167219,
            -31.430756
          ],
          [
            -64.167464,
            -31.430679
          ],
          [
            -64.167562,
            -31.430644
          ],
          [
            -64.167723,
            -31.430581
          ],
          [
            -64.167823,
            -31.430541
          ],
          [
            -64.168149,
            -31.430396
          ],
          [
            -64.169074,
            -31.429933
          ],
          [
            -64.16941,
            -31.429766
          ],
          [
            -64.169499,
            -31.429715
          ],
          [
            -64.169571,
            -31.429668
          ],
          [
            -64.169949,
            -31.429393
          ],
          [
            -64.170085,
            -31.42927
          ],
          [
            -64.170208,
            -31.429155
          ],
          [
            -64.170661,
            -31.428681
          ],
          [
            -64.171112,
            -31.428201
          ],
          [
            -64.171415,
            -31.427895
          ],
          [
            -64.171577,
            -31.427733
          ],
          [
            -64.171664,
            -31.427636
          ],
          [
            -64.171768,
            -31.427531
          ],
          [
            -64.171952,
            -31.427347
          ],
          [
            -64.172051,
            -31.427248
          ],
          [
            -64.172232,
            -31.427067
          ],
          [
            -64.172823,
            -31.426481
          ],
          [
            -64.173023,
            -31.426288
          ],
          [
            -64.17363,
            -31.42569
          ],
          [
            -64.173962,
            -31.425359
          ],
          [
            -64.174126,
            -31.425195
          ],
          [
            -64.174333,
            -31.424975
          ],
          [
            -64.17439,
            -31.424913
          ],
          [
            -64.174546,
            -31.424738
          ],
          [
            -64.174613,
            -31.424663
          ],
          [
            -64.174672,
            -31.424607
          ],
          [
            -64.174792,
            -31.424495
          ],
          [
            -64.174942,
            -31.424368
          ],
          [
            -64.174997,
            -31.424309
          ],
          [
            -64.175271,
            -31.424
          ],
          [
            -64.175521,
            -31.42373
          ],
          [
            -64.175607,
            -31.423637
          ],
          [
            -64.175695,
            -31.423568
          ],
          [
            -64.175765,
            -31.423526
          ],
          [
            -64.175856,
            -31.423478
          ],
          [
            -64.175932,
            -31.423446
          ],
          [
            -64.175996,
            -31.423425
          ],
          [
            -64.176361,
            -31.423324
          ],
          [
            -64.176741,
            -31.423226
          ],
          [
            -64.177859,
            -31.422944
          ],
          [
            -64.179313,
            -31.422566
          ],
          [
            -64.180685,
            -31.422206
          ],
          [
            -64.181908,
            -31.421886
          ],
          [
            -64.181933,
            -31.42188
          ],
          [
            -64.182055,
            -31.421848
          ],
          [
            -64.183332,
            -31.421513
          ],
          [
            -64.183646,
            -31.421431
          ],
          [
            -64.184303,
            -31.421259
          ],
          [
            -64.184705,
            -31.421154
          ],
          [
            -64.186053,
            -31.420801
          ],
          [
            -64.186264,
            -31.420749
          ],
          [
            -64.187394,
            -31.420469
          ],
          [
            -64.187439,
            -31.420456
          ],
          [
            -64.187877,
            -31.420332
          ],
          [
            -64.188038,
            -31.420286
          ],
          [
            -64.188169,
            -31.420245
          ],
          [
            -64.188208,
            -31.420233
          ],
          [
            -64.188297,
            -31.420206
          ],
          [
            -64.188431,
            -31.42015
          ],
          [
            -64.188553,
            -31.4201
          ],
          [
            -64.188617,
            -31.420073
          ],
          [
            -64.188664,
            -31.420053
          ],
          [
            -64.188709,
            -31.420032
          ],
          [
            -64.188708,
            -31.420086
          ],
          [
            -64.188709,
            -31.420103
          ]
        ]
      }
    },
    {
      "type": "Feature",
      "id": "route-cordoba-2026-09-02-v3-06",
      "properties": {
        "truckId": "vehicle-06",
        "waypointDistancesKm": [
          0,
          3.055399106783327,
          6.022386038870051,
          6.272017841446699,
          6.866691206931183,
          8.921092735133405,
          14.988298809194513,
          15.895120865953507,
          25.69412205496822
        ]
      },
      "geometry": {
        "type": "LineString",
        "coordinates": [
          [
            -64.188709,
            -31.420109
          ],
          [
            -64.18871,
            -31.420127
          ],
          [
            -64.188717,
            -31.420178
          ],
          [
            -64.188727,
            -31.42023
          ],
          [
            -64.188737,
            -31.420284
          ],
          [
            -64.188734,
            -31.420338
          ],
          [
            -64.188686,
            -31.420476
          ],
          [
            -64.188614,
            -31.420637
          ],
          [
            -64.188602,
            -31.420666
          ],
          [
            -64.188216,
            -31.421509
          ],
          [
            -64.188008,
            -31.421909
          ],
          [
            -64.187455,
            -31.423057
          ],
          [
            -64.187282,
            -31.423421
          ],
          [
            -64.187225,
            -31.42354
          ],
          [
            -64.187285,
            -31.423692
          ],
          [
            -64.187532,
            -31.424318
          ],
          [
            -64.18803,
            -31.425456
          ],
          [
            -64.188043,
            -31.425489
          ],
          [
            -64.188058,
            -31.425523
          ],
          [
            -64.188566,
            -31.426674
          ],
          [
            -64.188835,
            -31.427327
          ],
          [
            -64.189333,
            -31.428574
          ],
          [
            -64.189351,
            -31.428612
          ],
          [
            -64.189536,
            -31.429017
          ],
          [
            -64.189748,
            -31.429515
          ],
          [
            -64.189859,
            -31.429768
          ],
          [
            -64.190335,
            -31.430949
          ],
          [
            -64.190402,
            -31.431119
          ],
          [
            -64.191504,
            -31.431624
          ],
          [
            -64.192207,
            -31.43194
          ],
          [
            -64.192899,
            -31.43228
          ],
          [
            -64.193066,
            -31.432345
          ],
          [
            -64.193218,
            -31.432405
          ],
          [
            -64.193625,
            -31.432571
          ],
          [
            -64.193639,
            -31.432575
          ],
          [
            -64.193688,
            -31.432588
          ],
          [
            -64.193774,
            -31.432598
          ],
          [
            -64.193815,
            -31.432577
          ],
          [
            -64.193903,
            -31.432536
          ],
          [
            -64.193957,
            -31.432523
          ],
          [
            -64.19402,
            -31.432507
          ],
          [
            -64.194157,
            -31.43249
          ],
          [
            -64.194317,
            -31.432506
          ],
          [
            -64.194467,
            -31.432554
          ],
          [
            -64.194567,
            -31.432611
          ],
          [
            -64.194653,
            -31.432682
          ],
          [
            -64.194736,
            -31.432787
          ],
          [
            -64.194772,
            -31.432867
          ],
          [
            -64.194789,
            -31.432906
          ],
          [
            -64.194809,
            -31.433031
          ],
          [
            -64.194802,
            -31.433092
          ],
          [
            -64.194794,
            -31.433157
          ],
          [
            -64.194746,
            -31.433277
          ],
          [
            -64.194667,
            -31.433385
          ],
          [
            -64.194562,
            -31.433474
          ],
          [
            -64.194518,
            -31.433625
          ],
          [
            -64.194504,
            -31.433723
          ],
          [
            -64.194507,
            -31.433773
          ],
          [
            -64.194523,
            -31.433838
          ],
          [
            -64.194538,
            -31.433878
          ],
          [
            -64.194583,
            -31.433965
          ],
          [
            -64.194643,
            -31.434069
          ],
          [
            -64.194717,
            -31.434186
          ],
          [
            -64.194745,
            -31.434245
          ],
          [
            -64.194954,
            -31.43481
          ],
          [
            -64.195151,
            -31.435342
          ],
          [
            -64.19525,
            -31.435608
          ],
          [
            -64.195704,
            -31.436449
          ],
          [
            -64.19619,
            -31.437565
          ],
          [
            -64.196455,
            -31.438189
          ],
          [
            -64.19692,
            -31.439288
          ],
          [
            -64.197289,
            -31.440153
          ],
          [
            -64.196849,
            -31.440283
          ],
          [
            -64.196709,
            -31.440326
          ],
          [
            -64.196607,
            -31.440357
          ],
          [
            -64.196321,
            -31.439474
          ],
          [
            -64.196168,
            -31.439002
          ],
          [
            -64.195995,
            -31.439042
          ],
          [
            -64.195909,
            -31.439062
          ],
          [
            -64.195741,
            -31.439033
          ],
          [
            -64.195603,
            -31.439033
          ],
          [
            -64.195562,
            -31.439072
          ],
          [
            -64.195512,
            -31.43919
          ],
          [
            -64.195494,
            -31.439284
          ],
          [
            -64.195506,
            -31.43932
          ],
          [
            -64.195559,
            -31.439476
          ],
          [
            -64.19561,
            -31.439626
          ],
          [
            -64.195663,
            -31.439783
          ],
          [
            -64.195699,
            -31.439893
          ],
          [
            -64.195941,
            -31.439838
          ],
          [
            -64.195971,
            -31.439816
          ],
          [
            -64.195988,
            -31.439785
          ],
          [
            -64.195995,
            -31.439704
          ],
          [
            -64.195663,
            -31.439783
          ],
          [
            -64.19561,
            -31.439626
          ],
          [
            -64.195559,
            -31.439476
          ],
          [
            -64.195506,
            -31.43932
          ],
          [
            -64.195494,
            -31.439284
          ],
          [
            -64.195462,
            -31.439224
          ],
          [
            -64.195421,
            -31.439091
          ],
          [
            -64.195405,
            -31.439029
          ],
          [
            -64.195401,
            -31.438998
          ],
          [
            -64.195398,
            -31.438977
          ],
          [
            -64.195425,
            -31.43893
          ],
          [
            -64.195477,
            -31.438903
          ],
          [
            -64.195538,
            -31.438904
          ],
          [
            -64.195589,
            -31.438933
          ],
          [
            -64.195603,
            -31.438961
          ],
          [
            -64.195741,
            -31.439033
          ],
          [
            -64.195909,
            -31.439062
          ],
          [
            -64.195995,
            -31.439042
          ],
          [
            -64.196168,
            -31.439002
          ],
          [
            -64.195954,
            -31.438343
          ],
          [
            -64.19582,
            -31.437935
          ],
          [
            -64.195438,
            -31.436768
          ],
          [
            -64.195337,
            -31.436708
          ],
          [
            -64.195236,
            -31.436671
          ],
          [
            -64.195147,
            -31.436663
          ],
          [
            -64.195042,
            -31.436672
          ],
          [
            -64.194002,
            -31.437012
          ],
          [
            -64.19354,
            -31.437162
          ],
          [
            -64.193475,
            -31.437183
          ],
          [
            -64.19334,
            -31.437228
          ],
          [
            -64.192709,
            -31.437434
          ],
          [
            -64.192685,
            -31.437442
          ],
          [
            -64.192514,
            -31.437497
          ],
          [
            -64.192494,
            -31.437504
          ],
          [
            -64.192421,
            -31.437521
          ],
          [
            -64.192445,
            -31.437609
          ],
          [
            -64.192501,
            -31.437813
          ],
          [
            -64.192511,
            -31.437874
          ],
          [
            -64.19252,
            -31.437954
          ],
          [
            -64.192529,
            -31.438119
          ],
          [
            -64.19252,
            -31.438233
          ],
          [
            -64.192515,
            -31.438269
          ],
          [
            -64.192502,
            -31.438381
          ],
          [
            -64.192466,
            -31.438532
          ],
          [
            -64.192441,
            -31.438621
          ],
          [
            -64.192431,
            -31.438687
          ],
          [
            -64.19242,
            -31.438842
          ],
          [
            -64.192428,
            -31.438869
          ],
          [
            -64.192429,
            -31.438896
          ],
          [
            -64.192422,
            -31.438923
          ],
          [
            -64.192409,
            -31.438947
          ],
          [
            -64.192406,
            -31.43902
          ],
          [
            -64.19241,
            -31.439091
          ],
          [
            -64.192434,
            -31.439176
          ],
          [
            -64.192497,
            -31.439365
          ],
          [
            -64.192711,
            -31.439949
          ],
          [
            -64.1928,
            -31.440167
          ],
          [
            -64.192863,
            -31.440326
          ],
          [
            -64.192956,
            -31.440561
          ],
          [
            -64.192994,
            -31.440649
          ],
          [
            -64.193081,
            -31.440815
          ],
          [
            -64.19312,
            -31.440887
          ],
          [
            -64.193165,
            -31.440969
          ],
          [
            -64.193258,
            -31.441133
          ],
          [
            -64.193429,
            -31.441414
          ],
          [
            -64.193842,
            -31.442122
          ],
          [
            -64.193966,
            -31.442325
          ],
          [
            -64.194024,
            -31.44242
          ],
          [
            -64.19407,
            -31.442496
          ],
          [
            -64.194264,
            -31.442813
          ],
          [
            -64.194361,
            -31.442979
          ],
          [
            -64.194409,
            -31.443057
          ],
          [
            -64.194464,
            -31.44314
          ],
          [
            -64.194511,
            -31.44321
          ],
          [
            -64.194577,
            -31.44328
          ],
          [
            -64.194588,
            -31.443288
          ],
          [
            -64.194613,
            -31.443312
          ],
          [
            -64.194627,
            -31.443342
          ],
          [
            -64.194629,
            -31.443374
          ],
          [
            -64.194618,
            -31.443406
          ],
          [
            -64.194596,
            -31.443432
          ],
          [
            -64.194566,
            -31.443451
          ],
          [
            -64.194529,
            -31.44346
          ],
          [
            -64.194459,
            -31.443449
          ],
          [
            -64.193696,
            -31.443329
          ],
          [
            -64.193522,
            -31.44331
          ],
          [
            -64.193484,
            -31.443422
          ],
          [
            -64.193473,
            -31.443467
          ],
          [
            -64.193447,
            -31.443617
          ],
          [
            -64.193453,
            -31.443683
          ],
          [
            -64.193835,
            -31.445194
          ],
          [
            -64.193981,
            -31.44578
          ],
          [
            -64.193988,
            -31.445848
          ],
          [
            -64.194426,
            -31.445767
          ],
          [
            -64.194821,
            -31.445698
          ],
          [
            -64.195263,
            -31.445623
          ],
          [
            -64.19528,
            -31.44562
          ],
          [
            -64.195891,
            -31.445515
          ],
          [
            -64.196332,
            -31.445437
          ],
          [
            -64.196763,
            -31.445362
          ],
          [
            -64.196922,
            -31.445917
          ],
          [
            -64.1971,
            -31.446536
          ],
          [
            -64.197754,
            -31.446416
          ],
          [
            -64.198535,
            -31.446271
          ],
          [
            -64.198151,
            -31.445121
          ],
          [
            -64.198093,
            -31.445084
          ],
          [
            -64.19806,
            -31.445051
          ],
          [
            -64.198037,
            -31.444998
          ],
          [
            -64.197714,
            -31.444171
          ],
          [
            -64.197691,
            -31.444142
          ],
          [
            -64.197648,
            -31.44412
          ],
          [
            -64.194713,
            -31.443766
          ],
          [
            -64.194587,
            -31.443751
          ],
          [
            -64.194455,
            -31.443736
          ],
          [
            -64.193447,
            -31.443617
          ],
          [
            -64.193453,
            -31.443683
          ],
          [
            -64.193722,
            -31.444747
          ],
          [
            -64.193835,
            -31.445194
          ],
          [
            -64.193981,
            -31.44578
          ],
          [
            -64.193988,
            -31.445848
          ],
          [
            -64.194055,
            -31.44634
          ],
          [
            -64.194064,
            -31.446398
          ],
          [
            -64.194138,
            -31.446915
          ],
          [
            -64.194146,
            -31.446968
          ],
          [
            -64.194306,
            -31.447952
          ],
          [
            -64.194314,
            -31.448033
          ],
          [
            -64.194396,
            -31.448977
          ],
          [
            -64.194443,
            -31.449496
          ],
          [
            -64.194464,
            -31.449754
          ],
          [
            -64.1948,
            -31.449685
          ],
          [
            -64.196128,
            -31.449411
          ],
          [
            -64.195999,
            -31.448963
          ],
          [
            -64.195924,
            -31.448704
          ],
          [
            -64.195167,
            -31.448841
          ],
          [
            -64.194396,
            -31.448977
          ],
          [
            -64.194314,
            -31.448033
          ],
          [
            -64.194306,
            -31.447952
          ],
          [
            -64.194146,
            -31.446968
          ],
          [
            -64.194138,
            -31.446915
          ],
          [
            -64.194064,
            -31.446398
          ],
          [
            -64.194055,
            -31.44634
          ],
          [
            -64.193988,
            -31.445848
          ],
          [
            -64.193981,
            -31.44578
          ],
          [
            -64.193835,
            -31.445194
          ],
          [
            -64.193453,
            -31.443683
          ],
          [
            -64.193447,
            -31.443617
          ],
          [
            -64.193473,
            -31.443467
          ],
          [
            -64.193484,
            -31.443422
          ],
          [
            -64.193522,
            -31.44331
          ],
          [
            -64.193696,
            -31.443329
          ],
          [
            -64.193979,
            -31.443344
          ],
          [
            -64.194051,
            -31.443343
          ],
          [
            -64.194177,
            -31.443326
          ],
          [
            -64.194253,
            -31.443313
          ],
          [
            -64.194324,
            -31.443282
          ],
          [
            -64.194354,
            -31.443253
          ],
          [
            -64.194379,
            -31.443216
          ],
          [
            -64.194392,
            -31.443148
          ],
          [
            -64.194363,
            -31.443096
          ],
          [
            -64.194274,
            -31.44294
          ],
          [
            -64.194218,
            -31.442849
          ],
          [
            -64.194185,
            -31.442797
          ],
          [
            -64.194151,
            -31.442746
          ],
          [
            -64.194118,
            -31.442695
          ],
          [
            -64.194076,
            -31.442627
          ],
          [
            -64.194014,
            -31.442525
          ],
          [
            -64.193959,
            -31.442439
          ],
          [
            -64.193912,
            -31.442366
          ],
          [
            -64.193829,
            -31.442226
          ],
          [
            -64.19376,
            -31.442113
          ],
          [
            -64.193737,
            -31.442074
          ],
          [
            -64.193681,
            -31.441983
          ],
          [
            -64.193566,
            -31.441787
          ],
          [
            -64.193369,
            -31.441455
          ],
          [
            -64.193228,
            -31.441211
          ],
          [
            -64.193154,
            -31.441095
          ],
          [
            -64.19306,
            -31.440914
          ],
          [
            -64.192984,
            -31.440773
          ],
          [
            -64.192934,
            -31.440668
          ],
          [
            -64.192885,
            -31.44056
          ],
          [
            -64.192824,
            -31.440407
          ],
          [
            -64.192739,
            -31.440183
          ],
          [
            -64.192611,
            -31.439827
          ],
          [
            -64.192441,
            -31.439387
          ],
          [
            -64.192348,
            -31.439172
          ],
          [
            -64.192313,
            -31.439108
          ],
          [
            -64.19228,
            -31.439056
          ],
          [
            -64.192214,
            -31.439105
          ],
          [
            -64.191908,
            -31.439336
          ],
          [
            -64.191504,
            -31.439606
          ],
          [
            -64.191141,
            -31.439837
          ],
          [
            -64.190953,
            -31.43995
          ],
          [
            -64.190674,
            -31.440132
          ],
          [
            -64.190505,
            -31.44023
          ],
          [
            -64.190359,
            -31.440303
          ],
          [
            -64.190229,
            -31.44036
          ],
          [
            -64.190068,
            -31.440418
          ],
          [
            -64.18967,
            -31.440544
          ],
          [
            -64.189557,
            -31.440585
          ],
          [
            -64.189425,
            -31.440642
          ],
          [
            -64.189169,
            -31.440771
          ],
          [
            -64.18907,
            -31.440824
          ],
          [
            -64.188765,
            -31.440963
          ],
          [
            -64.188535,
            -31.441069
          ],
          [
            -64.188421,
            -31.441108
          ],
          [
            -64.188243,
            -31.441164
          ],
          [
            -64.188118,
            -31.441194
          ],
          [
            -64.188011,
            -31.44122
          ],
          [
            -64.187969,
            -31.441227
          ],
          [
            -64.1878,
            -31.441252
          ],
          [
            -64.187526,
            -31.441281
          ],
          [
            -64.187412,
            -31.441281
          ],
          [
            -64.187191,
            -31.441266
          ],
          [
            -64.18676,
            -31.441234
          ],
          [
            -64.18669,
            -31.441258
          ],
          [
            -64.186613,
            -31.441301
          ],
          [
            -64.186539,
            -31.441377
          ],
          [
            -64.186669,
            -31.442065
          ],
          [
            -64.18668,
            -31.442146
          ],
          [
            -64.186687,
            -31.442195
          ],
          [
            -64.18673,
            -31.442192
          ],
          [
            -64.186772,
            -31.442197
          ],
          [
            -64.186812,
            -31.44221
          ],
          [
            -64.186848,
            -31.442231
          ],
          [
            -64.186877,
            -31.442257
          ],
          [
            -64.186941,
            -31.442303
          ],
          [
            -64.187033,
            -31.442355
          ],
          [
            -64.187108,
            -31.442398
          ],
          [
            -64.187301,
            -31.44248
          ],
          [
            -64.187504,
            -31.442552
          ],
          [
            -64.187811,
            -31.442636
          ],
          [
            -64.188131,
            -31.442674
          ],
          [
            -64.189985,
            -31.442894
          ],
          [
            -64.190327,
            -31.442935
          ],
          [
            -64.191982,
            -31.443132
          ],
          [
            -64.192111,
            -31.443148
          ],
          [
            -64.193522,
            -31.44331
          ],
          [
            -64.193696,
            -31.443329
          ],
          [
            -64.193979,
            -31.443344
          ],
          [
            -64.194051,
            -31.443343
          ],
          [
            -64.194177,
            -31.443326
          ],
          [
            -64.194253,
            -31.443313
          ],
          [
            -64.194324,
            -31.443282
          ],
          [
            -64.194427,
            -31.443299
          ],
          [
            -64.194438,
            -31.443289
          ],
          [
            -64.19446,
            -31.443277
          ],
          [
            -64.19449,
            -31.443267
          ],
          [
            -64.19452,
            -31.443265
          ],
          [
            -64.19455,
            -31.443269
          ],
          [
            -64.194577,
            -31.44328
          ],
          [
            -64.194588,
            -31.443288
          ],
          [
            -64.194613,
            -31.443312
          ],
          [
            -64.194627,
            -31.443342
          ],
          [
            -64.194629,
            -31.443374
          ],
          [
            -64.194618,
            -31.443406
          ],
          [
            -64.194596,
            -31.443432
          ],
          [
            -64.194566,
            -31.443451
          ],
          [
            -64.194529,
            -31.44346
          ],
          [
            -64.194459,
            -31.443449
          ],
          [
            -64.193696,
            -31.443329
          ],
          [
            -64.193522,
            -31.44331
          ],
          [
            -64.193484,
            -31.443422
          ],
          [
            -64.193473,
            -31.443467
          ],
          [
            -64.193447,
            -31.443617
          ],
          [
            -64.193453,
            -31.443683
          ],
          [
            -64.193835,
            -31.445194
          ],
          [
            -64.193981,
            -31.44578
          ],
          [
            -64.193988,
            -31.445848
          ],
          [
            -64.194055,
            -31.44634
          ],
          [
            -64.194064,
            -31.446398
          ],
          [
            -64.194138,
            -31.446915
          ],
          [
            -64.194146,
            -31.446968
          ],
          [
            -64.194306,
            -31.447952
          ],
          [
            -64.194314,
            -31.448033
          ],
          [
            -64.194396,
            -31.448977
          ],
          [
            -64.194443,
            -31.449496
          ],
          [
            -64.194464,
            -31.449754
          ],
          [
            -64.19455,
            -31.450539
          ],
          [
            -64.194784,
            -31.451428
          ],
          [
            -64.194915,
            -31.451935
          ],
          [
            -64.195068,
            -31.452468
          ],
          [
            -64.195273,
            -31.453185
          ],
          [
            -64.195523,
            -31.45406
          ],
          [
            -64.195799,
            -31.455088
          ],
          [
            -64.195925,
            -31.455522
          ],
          [
            -64.196114,
            -31.456234
          ],
          [
            -64.196254,
            -31.456748
          ],
          [
            -64.196337,
            -31.457053
          ],
          [
            -64.196555,
            -31.45785
          ],
          [
            -64.1967,
            -31.458383
          ],
          [
            -64.196711,
            -31.458425
          ],
          [
            -64.196809,
            -31.458784
          ],
          [
            -64.196836,
            -31.458882
          ],
          [
            -64.19703,
            -31.459595
          ],
          [
            -64.197173,
            -31.460121
          ],
          [
            -64.197392,
            -31.460926
          ],
          [
            -64.19751,
            -31.461362
          ],
          [
            -64.197652,
            -31.46188
          ],
          [
            -64.197903,
            -31.462803
          ],
          [
            -64.19793,
            -31.462897
          ],
          [
            -64.198119,
            -31.463599
          ],
          [
            -64.198829,
            -31.463459
          ],
          [
            -64.199461,
            -31.463334
          ],
          [
            -64.200099,
            -31.463208
          ],
          [
            -64.200724,
            -31.463087
          ],
          [
            -64.2014,
            -31.462951
          ],
          [
            -64.201677,
            -31.462897
          ],
          [
            -64.201995,
            -31.462854
          ],
          [
            -64.202071,
            -31.46284
          ],
          [
            -64.202189,
            -31.462828
          ],
          [
            -64.202282,
            -31.463008
          ],
          [
            -64.202335,
            -31.463024
          ],
          [
            -64.202382,
            -31.463052
          ],
          [
            -64.202419,
            -31.463088
          ],
          [
            -64.202443,
            -31.463132
          ],
          [
            -64.202452,
            -31.463167
          ],
          [
            -64.202452,
            -31.463203
          ],
          [
            -64.202448,
            -31.463228
          ],
          [
            -64.202429,
            -31.463274
          ],
          [
            -64.202396,
            -31.463313
          ],
          [
            -64.202383,
            -31.463425
          ],
          [
            -64.202383,
            -31.463445
          ],
          [
            -64.202384,
            -31.463536
          ],
          [
            -64.202463,
            -31.463864
          ],
          [
            -64.202585,
            -31.464314
          ],
          [
            -64.202795,
            -31.465074
          ],
          [
            -64.202944,
            -31.465642
          ],
          [
            -64.203175,
            -31.466503
          ],
          [
            -64.203795,
            -31.468761
          ],
          [
            -64.203868,
            -31.469029
          ],
          [
            -64.203939,
            -31.46927
          ],
          [
            -64.204036,
            -31.46967
          ],
          [
            -64.204111,
            -31.469983
          ],
          [
            -64.204128,
            -31.470049
          ],
          [
            -64.204307,
            -31.470734
          ],
          [
            -64.204493,
            -31.471424
          ],
          [
            -64.20452,
            -31.471552
          ],
          [
            -64.204537,
            -31.471648
          ],
          [
            -64.204543,
            -31.471724
          ],
          [
            -64.20454,
            -31.471819
          ],
          [
            -64.204528,
            -31.471908
          ],
          [
            -64.204509,
            -31.472004
          ],
          [
            -64.204485,
            -31.472109
          ],
          [
            -64.204447,
            -31.472205
          ],
          [
            -64.204404,
            -31.472299
          ],
          [
            -64.204355,
            -31.472378
          ],
          [
            -64.204314,
            -31.472433
          ],
          [
            -64.204292,
            -31.472461
          ],
          [
            -64.204271,
            -31.472487
          ],
          [
            -64.20422,
            -31.472545
          ],
          [
            -64.204092,
            -31.472679
          ],
          [
            -64.204077,
            -31.472695
          ],
          [
            -64.203611,
            -31.473144
          ],
          [
            -64.203132,
            -31.473602
          ],
          [
            -64.20306,
            -31.473679
          ],
          [
            -64.202995,
            -31.473751
          ],
          [
            -64.202891,
            -31.473887
          ],
          [
            -64.202814,
            -31.474002
          ],
          [
            -64.202747,
            -31.474119
          ],
          [
            -64.202682,
            -31.47425
          ],
          [
            -64.202658,
            -31.474318
          ],
          [
            -64.202635,
            -31.474386
          ],
          [
            -64.202599,
            -31.474518
          ],
          [
            -64.202579,
            -31.474603
          ],
          [
            -64.202559,
            -31.474758
          ],
          [
            -64.202547,
            -31.474902
          ],
          [
            -64.202538,
            -31.475058
          ],
          [
            -64.20254,
            -31.475175
          ],
          [
            -64.20255,
            -31.475314
          ],
          [
            -64.202599,
            -31.476101
          ],
          [
            -64.202668,
            -31.477496
          ],
          [
            -64.202709,
            -31.478274
          ],
          [
            -64.202754,
            -31.4788
          ],
          [
            -64.202809,
            -31.47986
          ],
          [
            -64.202814,
            -31.479934
          ],
          [
            -64.202822,
            -31.480003
          ],
          [
            -64.202831,
            -31.480054
          ],
          [
            -64.202853,
            -31.480169
          ],
          [
            -64.202965,
            -31.48062
          ],
          [
            -64.202993,
            -31.480721
          ],
          [
            -64.20314,
            -31.481262
          ],
          [
            -64.203973,
            -31.481243
          ],
          [
            -64.204123,
            -31.481239
          ],
          [
            -64.205398,
            -31.481214
          ],
          [
            -64.205408,
            -31.48163
          ],
          [
            -64.205433,
            -31.482521
          ],
          [
            -64.205466,
            -31.483642
          ],
          [
            -64.206102,
            -31.483633
          ],
          [
            -64.206728,
            -31.483621
          ],
          [
            -64.207351,
            -31.483605
          ],
          [
            -64.207841,
            -31.483595
          ],
          [
            -64.207989,
            -31.483592
          ],
          [
            -64.208629,
            -31.483582
          ],
          [
            -64.208652,
            -31.48461
          ],
          [
            -64.209273,
            -31.484601
          ],
          [
            -64.209269,
            -31.484346
          ],
          [
            -64.209255,
            -31.483572
          ],
          [
            -64.208629,
            -31.483582
          ],
          [
            -64.207989,
            -31.483592
          ],
          [
            -64.207841,
            -31.483595
          ],
          [
            -64.207351,
            -31.483605
          ],
          [
            -64.206728,
            -31.483621
          ],
          [
            -64.206102,
            -31.483633
          ],
          [
            -64.205466,
            -31.483642
          ],
          [
            -64.204827,
            -31.483653
          ],
          [
            -64.204039,
            -31.483668
          ],
          [
            -64.203973,
            -31.483677
          ],
          [
            -64.203903,
            -31.48369
          ],
          [
            -64.203531,
            -31.482768
          ],
          [
            -64.203354,
            -31.482306
          ],
          [
            -64.203279,
            -31.482079
          ],
          [
            -64.203172,
            -31.481692
          ],
          [
            -64.203045,
            -31.481265
          ],
          [
            -64.202898,
            -31.480723
          ],
          [
            -64.202872,
            -31.48063
          ],
          [
            -64.202766,
            -31.480208
          ],
          [
            -64.20275,
            -31.480137
          ],
          [
            -64.202737,
            -31.480045
          ],
          [
            -64.202725,
            -31.479938
          ],
          [
            -64.202716,
            -31.479822
          ],
          [
            -64.202709,
            -31.479587
          ],
          [
            -64.202676,
            -31.478958
          ],
          [
            -64.202641,
            -31.478384
          ],
          [
            -64.202629,
            -31.478312
          ],
          [
            -64.202627,
            -31.47827
          ],
          [
            -64.202603,
            -31.477619
          ],
          [
            -64.2026,
            -31.4775
          ],
          [
            -64.202585,
            -31.477041
          ],
          [
            -64.202534,
            -31.476102
          ],
          [
            -64.202479,
            -31.475176
          ],
          [
            -64.202474,
            -31.475058
          ],
          [
            -64.202472,
            -31.475005
          ],
          [
            -64.202471,
            -31.474994
          ],
          [
            -64.202473,
            -31.474859
          ],
          [
            -64.20248,
            -31.474768
          ],
          [
            -64.202488,
            -31.474686
          ],
          [
            -64.202508,
            -31.474582
          ],
          [
            -64.202527,
            -31.474494
          ],
          [
            -64.202549,
            -31.474398
          ],
          [
            -64.202581,
            -31.474309
          ],
          [
            -64.202623,
            -31.474223
          ],
          [
            -64.202655,
            -31.474154
          ],
          [
            -64.202714,
            -31.474036
          ],
          [
            -64.202787,
            -31.473913
          ],
          [
            -64.20284,
            -31.473833
          ],
          [
            -64.202906,
            -31.473744
          ],
          [
            -64.203003,
            -31.473638
          ],
          [
            -64.203079,
            -31.473561
          ],
          [
            -64.203307,
            -31.473335
          ],
          [
            -64.204047,
            -31.472623
          ],
          [
            -64.204149,
            -31.472517
          ],
          [
            -64.204211,
            -31.472444
          ],
          [
            -64.204291,
            -31.472336
          ],
          [
            -64.204353,
            -31.472213
          ],
          [
            -64.204403,
            -31.472088
          ],
          [
            -64.204435,
            -31.471988
          ],
          [
            -64.204457,
            -31.47189
          ],
          [
            -64.20447,
            -31.471798
          ],
          [
            -64.20447,
            -31.471716
          ],
          [
            -64.204464,
            -31.471627
          ],
          [
            -64.20445,
            -31.471539
          ],
          [
            -64.204425,
            -31.471438
          ],
          [
            -64.20414,
            -31.470381
          ],
          [
            -64.204021,
            -31.469905
          ],
          [
            -64.204008,
            -31.469852
          ],
          [
            -64.203976,
            -31.469757
          ],
          [
            -64.203894,
            -31.469515
          ],
          [
            -64.203833,
            -31.469298
          ],
          [
            -64.203768,
            -31.469052
          ],
          [
            -64.203693,
            -31.468784
          ],
          [
            -64.203614,
            -31.468503
          ],
          [
            -64.203066,
            -31.466515
          ],
          [
            -64.202834,
            -31.465663
          ],
          [
            -64.202688,
            -31.465096
          ],
          [
            -64.202485,
            -31.464344
          ],
          [
            -64.202399,
            -31.464041
          ],
          [
            -64.20224,
            -31.463485
          ],
          [
            -64.20219,
            -31.463403
          ],
          [
            -64.202136,
            -31.463352
          ],
          [
            -64.20209,
            -31.463325
          ],
          [
            -64.202054,
            -31.463288
          ],
          [
            -64.20203,
            -31.463244
          ],
          [
            -64.20202,
            -31.463197
          ],
          [
            -64.202025,
            -31.463149
          ],
          [
            -64.202044,
            -31.463104
          ],
          [
            -64.202076,
            -31.463064
          ],
          [
            -64.202093,
            -31.462989
          ],
          [
            -64.202071,
            -31.46284
          ],
          [
            -64.201995,
            -31.462854
          ],
          [
            -64.201677,
            -31.462897
          ],
          [
            -64.2014,
            -31.462951
          ],
          [
            -64.200724,
            -31.463087
          ],
          [
            -64.200099,
            -31.463208
          ],
          [
            -64.199461,
            -31.463334
          ],
          [
            -64.198829,
            -31.463459
          ],
          [
            -64.198119,
            -31.463599
          ],
          [
            -64.19793,
            -31.462897
          ],
          [
            -64.197903,
            -31.462803
          ],
          [
            -64.197652,
            -31.46188
          ],
          [
            -64.19751,
            -31.461362
          ],
          [
            -64.197392,
            -31.460926
          ],
          [
            -64.197173,
            -31.460121
          ],
          [
            -64.19703,
            -31.459595
          ],
          [
            -64.196836,
            -31.458882
          ],
          [
            -64.196809,
            -31.458784
          ],
          [
            -64.196711,
            -31.458425
          ],
          [
            -64.1967,
            -31.458383
          ],
          [
            -64.196555,
            -31.45785
          ],
          [
            -64.196337,
            -31.457053
          ],
          [
            -64.196254,
            -31.456748
          ],
          [
            -64.196114,
            -31.456234
          ],
          [
            -64.195925,
            -31.455522
          ],
          [
            -64.195799,
            -31.455088
          ],
          [
            -64.195523,
            -31.45406
          ],
          [
            -64.195273,
            -31.453185
          ],
          [
            -64.195068,
            -31.452468
          ],
          [
            -64.194915,
            -31.451935
          ],
          [
            -64.194784,
            -31.451428
          ],
          [
            -64.19455,
            -31.450539
          ],
          [
            -64.194464,
            -31.449754
          ],
          [
            -64.194443,
            -31.449496
          ],
          [
            -64.194396,
            -31.448977
          ],
          [
            -64.194314,
            -31.448033
          ],
          [
            -64.194306,
            -31.447952
          ],
          [
            -64.194146,
            -31.446968
          ],
          [
            -64.194138,
            -31.446915
          ],
          [
            -64.194064,
            -31.446398
          ],
          [
            -64.194055,
            -31.44634
          ],
          [
            -64.193988,
            -31.445848
          ],
          [
            -64.193981,
            -31.44578
          ],
          [
            -64.193835,
            -31.445194
          ],
          [
            -64.193453,
            -31.443683
          ],
          [
            -64.193447,
            -31.443617
          ],
          [
            -64.193473,
            -31.443467
          ],
          [
            -64.193484,
            -31.443422
          ],
          [
            -64.193522,
            -31.44331
          ],
          [
            -64.192111,
            -31.443148
          ],
          [
            -64.191982,
            -31.443132
          ],
          [
            -64.190327,
            -31.442935
          ],
          [
            -64.189985,
            -31.442894
          ],
          [
            -64.188131,
            -31.442674
          ],
          [
            -64.187811,
            -31.442636
          ],
          [
            -64.187592,
            -31.442611
          ],
          [
            -64.18725,
            -31.442552
          ],
          [
            -64.187161,
            -31.442529
          ],
          [
            -64.18709,
            -31.442517
          ],
          [
            -64.187025,
            -31.442511
          ],
          [
            -64.186965,
            -31.442509
          ],
          [
            -64.186815,
            -31.442508
          ],
          [
            -64.186773,
            -31.442523
          ],
          [
            -64.186728,
            -31.442528
          ],
          [
            -64.186682,
            -31.442525
          ],
          [
            -64.186639,
            -31.442513
          ],
          [
            -64.1866,
            -31.442493
          ],
          [
            -64.183781,
            -31.442188
          ],
          [
            -64.18331,
            -31.442142
          ],
          [
            -64.183161,
            -31.442095
          ],
          [
            -64.18305,
            -31.442049
          ],
          [
            -64.182925,
            -31.441983
          ],
          [
            -64.182823,
            -31.441922
          ],
          [
            -64.182759,
            -31.441875
          ],
          [
            -64.182744,
            -31.441863
          ],
          [
            -64.18268,
            -31.44181
          ],
          [
            -64.182616,
            -31.44174
          ],
          [
            -64.182493,
            -31.441538
          ],
          [
            -64.182419,
            -31.441361
          ],
          [
            -64.182372,
            -31.441239
          ],
          [
            -64.182307,
            -31.441066
          ],
          [
            -64.181883,
            -31.440088
          ],
          [
            -64.181799,
            -31.439882
          ],
          [
            -64.181756,
            -31.439783
          ],
          [
            -64.181702,
            -31.439672
          ],
          [
            -64.181515,
            -31.439229
          ],
          [
            -64.181388,
            -31.438911
          ],
          [
            -64.181373,
            -31.438876
          ],
          [
            -64.181346,
            -31.438808
          ],
          [
            -64.181111,
            -31.438223
          ],
          [
            -64.181086,
            -31.438079
          ],
          [
            -64.181078,
            -31.437994
          ],
          [
            -64.181075,
            -31.437909
          ],
          [
            -64.181076,
            -31.437816
          ],
          [
            -64.181084,
            -31.437645
          ],
          [
            -64.181107,
            -31.437522
          ],
          [
            -64.181125,
            -31.437454
          ],
          [
            -64.181151,
            -31.437375
          ],
          [
            -64.181183,
            -31.437304
          ],
          [
            -64.181227,
            -31.437215
          ],
          [
            -64.182275,
            -31.435222
          ],
          [
            -64.183347,
            -31.433231
          ],
          [
            -64.183391,
            -31.43313
          ],
          [
            -64.183416,
            -31.433064
          ],
          [
            -64.183433,
            -31.432979
          ],
          [
            -64.183464,
            -31.432825
          ],
          [
            -64.183492,
            -31.432724
          ],
          [
            -64.183489,
            -31.432677
          ],
          [
            -64.183495,
            -31.43262
          ],
          [
            -64.183511,
            -31.432569
          ],
          [
            -64.183535,
            -31.432501
          ],
          [
            -64.183559,
            -31.432455
          ],
          [
            -64.18359,
            -31.43241
          ],
          [
            -64.183617,
            -31.432382
          ],
          [
            -64.183652,
            -31.432354
          ],
          [
            -64.183684,
            -31.432341
          ],
          [
            -64.183921,
            -31.432102
          ],
          [
            -64.184009,
            -31.431992
          ],
          [
            -64.184068,
            -31.431892
          ],
          [
            -64.184142,
            -31.431752
          ],
          [
            -64.184189,
            -31.431637
          ],
          [
            -64.184228,
            -31.431497
          ],
          [
            -64.184246,
            -31.431357
          ],
          [
            -64.18425,
            -31.431247
          ],
          [
            -64.184247,
            -31.431158
          ],
          [
            -64.184219,
            -31.431005
          ],
          [
            -64.184176,
            -31.430833
          ],
          [
            -64.184122,
            -31.430619
          ],
          [
            -64.184064,
            -31.430391
          ],
          [
            -64.184046,
            -31.430283
          ],
          [
            -64.184039,
            -31.43016
          ],
          [
            -64.184053,
            -31.430021
          ],
          [
            -64.184084,
            -31.42987
          ],
          [
            -64.184119,
            -31.429751
          ],
          [
            -64.18416,
            -31.429639
          ],
          [
            -64.184389,
            -31.429162
          ],
          [
            -64.184486,
            -31.42895
          ],
          [
            -64.184531,
            -31.428823
          ],
          [
            -64.184574,
            -31.428688
          ],
          [
            -64.184593,
            -31.428498
          ],
          [
            -64.184597,
            -31.428466
          ],
          [
            -64.184597,
            -31.428295
          ],
          [
            -64.184584,
            -31.428142
          ],
          [
            -64.184586,
            -31.428003
          ],
          [
            -64.184583,
            -31.42789
          ],
          [
            -64.184574,
            -31.42781
          ],
          [
            -64.184497,
            -31.427531
          ],
          [
            -64.184138,
            -31.426736
          ],
          [
            -64.183868,
            -31.42612
          ],
          [
            -64.183698,
            -31.425727
          ],
          [
            -64.18366,
            -31.425634
          ],
          [
            -64.183634,
            -31.425568
          ],
          [
            -64.183584,
            -31.425459
          ],
          [
            -64.183377,
            -31.424998
          ],
          [
            -64.183133,
            -31.424414
          ],
          [
            -64.182911,
            -31.423881
          ],
          [
            -64.182874,
            -31.423795
          ],
          [
            -64.182631,
            -31.423252
          ],
          [
            -64.182244,
            -31.42231
          ],
          [
            -64.182096,
            -31.421946
          ],
          [
            -64.182055,
            -31.421848
          ],
          [
            -64.183332,
            -31.421513
          ],
          [
            -64.183646,
            -31.421431
          ],
          [
            -64.184303,
            -31.421259
          ],
          [
            -64.184705,
            -31.421154
          ],
          [
            -64.186053,
            -31.420801
          ],
          [
            -64.186264,
            -31.420749
          ],
          [
            -64.187394,
            -31.420469
          ],
          [
            -64.187439,
            -31.420456
          ],
          [
            -64.187877,
            -31.420332
          ],
          [
            -64.188038,
            -31.420286
          ],
          [
            -64.188169,
            -31.420245
          ],
          [
            -64.188208,
            -31.420233
          ],
          [
            -64.188297,
            -31.420206
          ],
          [
            -64.188431,
            -31.42015
          ],
          [
            -64.188553,
            -31.4201
          ],
          [
            -64.188617,
            -31.420073
          ],
          [
            -64.188664,
            -31.420053
          ],
          [
            -64.188709,
            -31.420032
          ],
          [
            -64.188708,
            -31.420086
          ],
          [
            -64.188709,
            -31.420103
          ]
        ]
      }
    },
    {
      "type": "Feature",
      "id": "route-cordoba-2026-09-02-v3-07",
      "properties": {
        "truckId": "vehicle-07",
        "waypointDistancesKm": [
          0,
          1.2072757861914338,
          3.0075807776122336,
          4.027419531712801,
          4.258221166231552,
          5.7029370611600125,
          7.350512424011001,
          7.9209820805000835,
          12.895887114854345
        ]
      },
      "geometry": {
        "type": "LineString",
        "coordinates": [
          [
            -64.188709,
            -31.420109
          ],
          [
            -64.18871,
            -31.420127
          ],
          [
            -64.188717,
            -31.420178
          ],
          [
            -64.188727,
            -31.42023
          ],
          [
            -64.188737,
            -31.420284
          ],
          [
            -64.188734,
            -31.420338
          ],
          [
            -64.188686,
            -31.420476
          ],
          [
            -64.188614,
            -31.420637
          ],
          [
            -64.188602,
            -31.420666
          ],
          [
            -64.188216,
            -31.421509
          ],
          [
            -64.188008,
            -31.421909
          ],
          [
            -64.187455,
            -31.423057
          ],
          [
            -64.187282,
            -31.423421
          ],
          [
            -64.187225,
            -31.42354
          ],
          [
            -64.187285,
            -31.423692
          ],
          [
            -64.187532,
            -31.424318
          ],
          [
            -64.18803,
            -31.425456
          ],
          [
            -64.188043,
            -31.425489
          ],
          [
            -64.189352,
            -31.425077
          ],
          [
            -64.190706,
            -31.424648
          ],
          [
            -64.192179,
            -31.424202
          ],
          [
            -64.192136,
            -31.424099
          ],
          [
            -64.191946,
            -31.423643
          ],
          [
            -64.192723,
            -31.423417
          ],
          [
            -64.192782,
            -31.4234
          ],
          [
            -64.193046,
            -31.423323
          ],
          [
            -64.19301,
            -31.423229
          ],
          [
            -64.192822,
            -31.422835
          ],
          [
            -64.192817,
            -31.422826
          ],
          [
            -64.192787,
            -31.422763
          ],
          [
            -64.192763,
            -31.42271
          ],
          [
            -64.192758,
            -31.422699
          ],
          [
            -64.192698,
            -31.422564
          ],
          [
            -64.192573,
            -31.422383
          ],
          [
            -64.192455,
            -31.422273
          ],
          [
            -64.192403,
            -31.42223
          ],
          [
            -64.192332,
            -31.42218
          ],
          [
            -64.191757,
            -31.421847
          ],
          [
            -64.191748,
            -31.421842
          ],
          [
            -64.191681,
            -31.421802
          ],
          [
            -64.192042,
            -31.421714
          ],
          [
            -64.192103,
            -31.421747
          ],
          [
            -64.192116,
            -31.421753
          ],
          [
            -64.192669,
            -31.422089
          ],
          [
            -64.192782,
            -31.422189
          ],
          [
            -64.192844,
            -31.422266
          ],
          [
            -64.192874,
            -31.422319
          ],
          [
            -64.193034,
            -31.422629
          ],
          [
            -64.193039,
            -31.422638
          ],
          [
            -64.193065,
            -31.422687
          ],
          [
            -64.19309,
            -31.422744
          ],
          [
            -64.193094,
            -31.422754
          ],
          [
            -64.193529,
            -31.423727
          ],
          [
            -64.193534,
            -31.423741
          ],
          [
            -64.193557,
            -31.423803
          ],
          [
            -64.193576,
            -31.423844
          ],
          [
            -64.19358,
            -31.423853
          ],
          [
            -64.194015,
            -31.424875
          ],
          [
            -64.194019,
            -31.424886
          ],
          [
            -64.194046,
            -31.424949
          ],
          [
            -64.194074,
            -31.42502
          ],
          [
            -64.194079,
            -31.425033
          ],
          [
            -64.194292,
            -31.425566
          ],
          [
            -64.194297,
            -31.425579
          ],
          [
            -64.194324,
            -31.425646
          ],
          [
            -64.194348,
            -31.425705
          ],
          [
            -64.194353,
            -31.425718
          ],
          [
            -64.194486,
            -31.426047
          ],
          [
            -64.194489,
            -31.426054
          ],
          [
            -64.194506,
            -31.426099
          ],
          [
            -64.194523,
            -31.426142
          ],
          [
            -64.194526,
            -31.42615
          ],
          [
            -64.194601,
            -31.426349
          ],
          [
            -64.194737,
            -31.426671
          ],
          [
            -64.194821,
            -31.426884
          ],
          [
            -64.194834,
            -31.426914
          ],
          [
            -64.194872,
            -31.427
          ],
          [
            -64.195274,
            -31.427165
          ],
          [
            -64.196639,
            -31.42792
          ],
          [
            -64.197254,
            -31.428218
          ],
          [
            -64.197381,
            -31.42827
          ],
          [
            -64.197483,
            -31.428302
          ],
          [
            -64.19764,
            -31.428351
          ],
          [
            -64.197755,
            -31.428385
          ],
          [
            -64.197892,
            -31.428419
          ],
          [
            -64.198513,
            -31.428558
          ],
          [
            -64.199682,
            -31.428836
          ],
          [
            -64.199805,
            -31.428859
          ],
          [
            -64.200024,
            -31.428863
          ],
          [
            -64.200619,
            -31.428809
          ],
          [
            -64.200677,
            -31.428802
          ],
          [
            -64.201252,
            -31.428756
          ],
          [
            -64.201566,
            -31.428731
          ],
          [
            -64.201612,
            -31.429118
          ],
          [
            -64.201617,
            -31.429137
          ],
          [
            -64.201623,
            -31.429158
          ],
          [
            -64.201657,
            -31.42924
          ],
          [
            -64.201787,
            -31.429451
          ],
          [
            -64.201816,
            -31.42951
          ],
          [
            -64.20189,
            -31.429755
          ],
          [
            -64.202017,
            -31.430234
          ],
          [
            -64.202271,
            -31.431188
          ],
          [
            -64.202499,
            -31.432065
          ],
          [
            -64.202746,
            -31.433014
          ],
          [
            -64.20293,
            -31.433712
          ],
          [
            -64.202986,
            -31.433924
          ],
          [
            -64.203247,
            -31.434883
          ],
          [
            -64.203257,
            -31.434923
          ],
          [
            -64.203276,
            -31.434996
          ],
          [
            -64.203298,
            -31.435081
          ],
          [
            -64.203306,
            -31.435115
          ],
          [
            -64.203045,
            -31.435172
          ],
          [
            -64.202952,
            -31.435181
          ],
          [
            -64.202856,
            -31.435179
          ],
          [
            -64.202747,
            -31.435165
          ],
          [
            -64.202622,
            -31.435137
          ],
          [
            -64.202332,
            -31.43502
          ],
          [
            -64.201707,
            -31.434694
          ],
          [
            -64.201622,
            -31.434643
          ],
          [
            -64.201532,
            -31.434583
          ],
          [
            -64.201466,
            -31.434534
          ],
          [
            -64.201407,
            -31.434481
          ],
          [
            -64.201256,
            -31.434322
          ],
          [
            -64.201207,
            -31.43427
          ],
          [
            -64.200968,
            -31.43402
          ],
          [
            -64.200929,
            -31.433968
          ],
          [
            -64.200906,
            -31.433925
          ],
          [
            -64.200847,
            -31.433799
          ],
          [
            -64.200779,
            -31.433612
          ],
          [
            -64.200711,
            -31.433404
          ],
          [
            -64.200648,
            -31.433116
          ],
          [
            -64.200617,
            -31.43295
          ],
          [
            -64.200611,
            -31.432844
          ],
          [
            -64.200617,
            -31.432737
          ],
          [
            -64.200652,
            -31.432472
          ],
          [
            -64.200652,
            -31.432375
          ],
          [
            -64.200639,
            -31.432325
          ],
          [
            -64.200632,
            -31.432298
          ],
          [
            -64.200599,
            -31.432232
          ],
          [
            -64.200561,
            -31.432171
          ],
          [
            -64.200513,
            -31.432126
          ],
          [
            -64.200434,
            -31.432057
          ],
          [
            -64.200364,
            -31.432017
          ],
          [
            -64.200257,
            -31.431971
          ],
          [
            -64.200138,
            -31.431947
          ],
          [
            -64.199775,
            -31.431897
          ],
          [
            -64.19963,
            -31.432765
          ],
          [
            -64.199583,
            -31.433043
          ],
          [
            -64.199491,
            -31.43359
          ],
          [
            -64.199359,
            -31.434377
          ],
          [
            -64.19922,
            -31.435207
          ],
          [
            -64.199073,
            -31.435866
          ],
          [
            -64.199184,
            -31.436343
          ],
          [
            -64.199328,
            -31.436916
          ],
          [
            -64.199497,
            -31.437578
          ],
          [
            -64.199631,
            -31.438104
          ],
          [
            -64.199988,
            -31.439505
          ],
          [
            -64.200138,
            -31.440093
          ],
          [
            -64.20038,
            -31.441039
          ],
          [
            -64.201393,
            -31.440843
          ],
          [
            -64.20149,
            -31.441499
          ],
          [
            -64.20159,
            -31.442109
          ],
          [
            -64.201612,
            -31.442146
          ],
          [
            -64.201627,
            -31.442165
          ],
          [
            -64.201676,
            -31.44222
          ],
          [
            -64.201703,
            -31.442266
          ],
          [
            -64.201717,
            -31.442312
          ],
          [
            -64.201805,
            -31.44282
          ],
          [
            -64.201813,
            -31.442933
          ],
          [
            -64.201814,
            -31.443049
          ],
          [
            -64.201747,
            -31.443869
          ],
          [
            -64.201017,
            -31.44379
          ],
          [
            -64.20072,
            -31.443757
          ],
          [
            -64.200276,
            -31.443708
          ],
          [
            -64.199513,
            -31.443624
          ],
          [
            -64.199466,
            -31.443991
          ],
          [
            -64.201707,
            -31.44424
          ],
          [
            -64.203903,
            -31.444499
          ],
          [
            -64.204265,
            -31.444546
          ],
          [
            -64.205793,
            -31.444735
          ],
          [
            -64.20716,
            -31.444902
          ],
          [
            -64.209329,
            -31.445164
          ],
          [
            -64.210244,
            -31.445276
          ],
          [
            -64.210814,
            -31.445345
          ],
          [
            -64.211118,
            -31.445382
          ],
          [
            -64.211296,
            -31.445404
          ],
          [
            -64.211294,
            -31.445422
          ],
          [
            -64.211292,
            -31.445448
          ],
          [
            -64.211291,
            -31.445466
          ],
          [
            -64.211264,
            -31.445517
          ],
          [
            -64.21124,
            -31.445586
          ],
          [
            -64.211241,
            -31.445598
          ],
          [
            -64.211246,
            -31.44566
          ],
          [
            -64.211295,
            -31.44571
          ],
          [
            -64.211387,
            -31.44576
          ],
          [
            -64.211417,
            -31.445813
          ],
          [
            -64.211438,
            -31.445852
          ],
          [
            -64.211452,
            -31.445888
          ],
          [
            -64.211631,
            -31.446494
          ],
          [
            -64.211733,
            -31.446862
          ],
          [
            -64.211788,
            -31.447055
          ],
          [
            -64.211687,
            -31.447074
          ],
          [
            -64.211633,
            -31.447074
          ],
          [
            -64.211552,
            -31.447057
          ],
          [
            -64.211518,
            -31.447035
          ],
          [
            -64.21149,
            -31.447008
          ],
          [
            -64.211402,
            -31.446903
          ],
          [
            -64.211375,
            -31.446817
          ],
          [
            -64.211115,
            -31.446027
          ],
          [
            -64.211069,
            -31.445895
          ],
          [
            -64.211003,
            -31.445708
          ],
          [
            -64.211137,
            -31.445728
          ],
          [
            -64.211151,
            -31.44566
          ],
          [
            -64.211152,
            -31.445587
          ],
          [
            -64.211138,
            -31.445526
          ],
          [
            -64.211131,
            -31.445501
          ],
          [
            -64.211125,
            -31.445478
          ],
          [
            -64.211118,
            -31.445447
          ],
          [
            -64.211113,
            -31.445421
          ],
          [
            -64.211118,
            -31.445382
          ],
          [
            -64.211296,
            -31.445404
          ],
          [
            -64.211376,
            -31.445413
          ],
          [
            -64.211568,
            -31.445437
          ],
          [
            -64.211838,
            -31.445467
          ],
          [
            -64.211952,
            -31.445479
          ],
          [
            -64.212087,
            -31.445493
          ],
          [
            -64.212295,
            -31.445517
          ],
          [
            -64.214248,
            -31.445749
          ],
          [
            -64.214342,
            -31.445748
          ],
          [
            -64.214396,
            -31.445741
          ],
          [
            -64.214451,
            -31.445729
          ],
          [
            -64.21451,
            -31.445706
          ],
          [
            -64.214552,
            -31.445679
          ],
          [
            -64.214597,
            -31.445647
          ],
          [
            -64.214681,
            -31.44557
          ],
          [
            -64.214712,
            -31.445524
          ],
          [
            -64.214756,
            -31.445486
          ],
          [
            -64.214834,
            -31.445384
          ],
          [
            -64.214862,
            -31.445346
          ],
          [
            -64.214929,
            -31.445232
          ],
          [
            -64.21496,
            -31.445124
          ],
          [
            -64.214975,
            -31.444938
          ],
          [
            -64.214917,
            -31.44469
          ],
          [
            -64.214906,
            -31.444642
          ],
          [
            -64.214995,
            -31.444624
          ],
          [
            -64.215296,
            -31.444562
          ],
          [
            -64.215563,
            -31.444506
          ],
          [
            -64.21543,
            -31.443971
          ],
          [
            -64.21529,
            -31.443411
          ],
          [
            -64.215151,
            -31.44286
          ],
          [
            -64.215017,
            -31.44232
          ],
          [
            -64.214879,
            -31.441769
          ],
          [
            -64.214685,
            -31.440994
          ],
          [
            -64.2141,
            -31.441103
          ],
          [
            -64.214014,
            -31.441119
          ],
          [
            -64.214007,
            -31.44108
          ],
          [
            -64.213947,
            -31.441026
          ],
          [
            -64.213834,
            -31.440941
          ],
          [
            -64.212743,
            -31.440177
          ],
          [
            -64.212008,
            -31.439663
          ],
          [
            -64.211314,
            -31.439178
          ],
          [
            -64.210878,
            -31.438873
          ],
          [
            -64.210455,
            -31.438577
          ],
          [
            -64.210003,
            -31.43828
          ],
          [
            -64.209566,
            -31.438594
          ],
          [
            -64.209469,
            -31.438655
          ],
          [
            -64.209411,
            -31.438688
          ],
          [
            -64.209327,
            -31.43871
          ],
          [
            -64.209205,
            -31.438728
          ],
          [
            -64.209037,
            -31.438737
          ],
          [
            -64.208893,
            -31.438724
          ],
          [
            -64.208792,
            -31.438698
          ],
          [
            -64.208678,
            -31.438653
          ],
          [
            -64.208513,
            -31.438583
          ],
          [
            -64.208363,
            -31.438507
          ],
          [
            -64.207769,
            -31.438128
          ],
          [
            -64.207714,
            -31.438081
          ],
          [
            -64.20767,
            -31.43803
          ],
          [
            -64.207583,
            -31.43789
          ],
          [
            -64.207286,
            -31.437342
          ],
          [
            -64.207223,
            -31.43722
          ],
          [
            -64.207173,
            -31.437086
          ],
          [
            -64.207122,
            -31.436942
          ],
          [
            -64.207054,
            -31.436706
          ],
          [
            -64.206926,
            -31.43626
          ],
          [
            -64.206892,
            -31.436154
          ],
          [
            -64.206865,
            -31.436101
          ],
          [
            -64.206818,
            -31.436052
          ],
          [
            -64.206503,
            -31.43576
          ],
          [
            -64.206094,
            -31.435313
          ],
          [
            -64.206019,
            -31.435237
          ],
          [
            -64.205959,
            -31.435177
          ],
          [
            -64.205394,
            -31.434587
          ],
          [
            -64.205335,
            -31.434544
          ],
          [
            -64.205287,
            -31.434523
          ],
          [
            -64.205223,
            -31.434501
          ],
          [
            -64.205153,
            -31.434494
          ],
          [
            -64.205071,
            -31.434493
          ],
          [
            -64.20497,
            -31.434504
          ],
          [
            -64.204216,
            -31.43465
          ],
          [
            -64.204075,
            -31.434688
          ],
          [
            -64.203983,
            -31.434733
          ],
          [
            -64.203856,
            -31.434814
          ],
          [
            -64.203589,
            -31.435027
          ],
          [
            -64.203533,
            -31.435058
          ],
          [
            -64.203469,
            -31.43508
          ],
          [
            -64.203306,
            -31.435115
          ],
          [
            -64.203045,
            -31.435172
          ],
          [
            -64.202952,
            -31.435181
          ],
          [
            -64.202856,
            -31.435179
          ],
          [
            -64.202747,
            -31.435165
          ],
          [
            -64.202622,
            -31.435137
          ],
          [
            -64.202332,
            -31.43502
          ],
          [
            -64.201707,
            -31.434694
          ],
          [
            -64.201622,
            -31.434643
          ],
          [
            -64.201532,
            -31.434583
          ],
          [
            -64.201466,
            -31.434534
          ],
          [
            -64.201407,
            -31.434481
          ],
          [
            -64.201256,
            -31.434322
          ],
          [
            -64.201207,
            -31.43427
          ],
          [
            -64.200968,
            -31.43402
          ],
          [
            -64.200929,
            -31.433968
          ],
          [
            -64.200906,
            -31.433925
          ],
          [
            -64.200847,
            -31.433799
          ],
          [
            -64.200779,
            -31.433612
          ],
          [
            -64.200711,
            -31.433404
          ],
          [
            -64.200648,
            -31.433116
          ],
          [
            -64.200617,
            -31.43295
          ],
          [
            -64.200611,
            -31.432844
          ],
          [
            -64.200617,
            -31.432737
          ],
          [
            -64.200652,
            -31.432472
          ],
          [
            -64.200652,
            -31.432375
          ],
          [
            -64.200632,
            -31.432298
          ],
          [
            -64.200599,
            -31.432232
          ],
          [
            -64.200561,
            -31.432171
          ],
          [
            -64.200513,
            -31.432126
          ],
          [
            -64.200434,
            -31.432057
          ],
          [
            -64.200364,
            -31.432017
          ],
          [
            -64.200257,
            -31.431971
          ],
          [
            -64.200138,
            -31.431947
          ],
          [
            -64.199775,
            -31.431897
          ],
          [
            -64.198876,
            -31.43178
          ],
          [
            -64.198753,
            -31.431761
          ],
          [
            -64.19864,
            -31.431725
          ],
          [
            -64.198559,
            -31.431686
          ],
          [
            -64.198461,
            -31.43163
          ],
          [
            -64.198391,
            -31.431574
          ],
          [
            -64.198335,
            -31.431502
          ],
          [
            -64.198294,
            -31.431442
          ],
          [
            -64.198256,
            -31.43136
          ],
          [
            -64.198024,
            -31.43079
          ],
          [
            -64.197892,
            -31.430399
          ],
          [
            -64.197859,
            -31.430339
          ],
          [
            -64.197766,
            -31.430222
          ],
          [
            -64.19772,
            -31.430175
          ],
          [
            -64.19767,
            -31.430127
          ],
          [
            -64.196791,
            -31.429206
          ],
          [
            -64.19662,
            -31.42904
          ],
          [
            -64.196529,
            -31.42896
          ],
          [
            -64.196448,
            -31.428894
          ],
          [
            -64.195986,
            -31.428565
          ],
          [
            -64.195912,
            -31.428519
          ],
          [
            -64.195848,
            -31.428485
          ],
          [
            -64.19576,
            -31.428451
          ],
          [
            -64.195466,
            -31.428351
          ],
          [
            -64.195389,
            -31.428319
          ],
          [
            -64.195302,
            -31.428264
          ],
          [
            -64.195205,
            -31.428173
          ],
          [
            -64.195085,
            -31.428041
          ],
          [
            -64.194904,
            -31.427809
          ],
          [
            -64.19487,
            -31.427751
          ],
          [
            -64.194839,
            -31.42769
          ],
          [
            -64.194683,
            -31.427291
          ],
          [
            -64.194557,
            -31.426984
          ],
          [
            -64.19455,
            -31.426967
          ],
          [
            -64.194509,
            -31.426863
          ],
          [
            -64.194478,
            -31.426787
          ],
          [
            -64.194469,
            -31.426766
          ],
          [
            -64.194257,
            -31.426227
          ],
          [
            -64.194255,
            -31.426221
          ],
          [
            -64.194239,
            -31.42618
          ],
          [
            -64.19422,
            -31.426133
          ],
          [
            -64.194217,
            -31.426124
          ],
          [
            -64.194076,
            -31.425803
          ],
          [
            -64.194072,
            -31.425793
          ],
          [
            -64.194044,
            -31.425728
          ],
          [
            -64.194016,
            -31.425659
          ],
          [
            -64.194012,
            -31.425649
          ],
          [
            -64.193799,
            -31.425129
          ],
          [
            -64.193794,
            -31.425118
          ],
          [
            -64.193764,
            -31.425045
          ],
          [
            -64.193737,
            -31.424979
          ],
          [
            -64.193732,
            -31.424969
          ],
          [
            -64.193303,
            -31.423935
          ],
          [
            -64.1933,
            -31.423927
          ],
          [
            -64.19328,
            -31.423877
          ],
          [
            -64.193257,
            -31.423821
          ],
          [
            -64.193252,
            -31.423808
          ],
          [
            -64.193046,
            -31.423323
          ],
          [
            -64.19301,
            -31.423229
          ],
          [
            -64.192822,
            -31.422835
          ],
          [
            -64.192817,
            -31.422826
          ],
          [
            -64.192787,
            -31.422763
          ],
          [
            -64.192763,
            -31.42271
          ],
          [
            -64.192758,
            -31.422699
          ],
          [
            -64.192698,
            -31.422564
          ],
          [
            -64.192573,
            -31.422383
          ],
          [
            -64.192455,
            -31.422273
          ],
          [
            -64.192403,
            -31.42223
          ],
          [
            -64.192332,
            -31.42218
          ],
          [
            -64.191757,
            -31.421847
          ],
          [
            -64.191748,
            -31.421842
          ],
          [
            -64.191681,
            -31.421802
          ],
          [
            -64.19163,
            -31.421772
          ],
          [
            -64.191615,
            -31.421762
          ],
          [
            -64.190716,
            -31.421211
          ],
          [
            -64.190627,
            -31.421142
          ],
          [
            -64.190514,
            -31.42103
          ],
          [
            -64.190452,
            -31.420938
          ],
          [
            -64.19044,
            -31.420922
          ],
          [
            -64.190435,
            -31.420913
          ],
          [
            -64.19041,
            -31.420877
          ],
          [
            -64.19039,
            -31.420832
          ],
          [
            -64.190385,
            -31.420821
          ],
          [
            -64.190038,
            -31.420001
          ],
          [
            -64.190031,
            -31.419983
          ],
          [
            -64.190007,
            -31.419899
          ],
          [
            -64.189976,
            -31.419802
          ],
          [
            -64.189956,
            -31.419714
          ],
          [
            -64.189951,
            -31.419695
          ],
          [
            -64.189855,
            -31.419325
          ],
          [
            -64.189817,
            -31.419043
          ],
          [
            -64.18966,
            -31.418461
          ],
          [
            -64.189595,
            -31.418267
          ],
          [
            -64.189097,
            -31.417094
          ],
          [
            -64.189089,
            -31.417076
          ],
          [
            -64.189049,
            -31.417087
          ],
          [
            -64.18777,
            -31.417441
          ],
          [
            -64.187673,
            -31.417469
          ],
          [
            -64.18769,
            -31.41751
          ],
          [
            -64.188184,
            -31.418665
          ],
          [
            -64.188568,
            -31.419564
          ],
          [
            -64.188701,
            -31.419841
          ],
          [
            -64.188713,
            -31.419861
          ],
          [
            -64.188728,
            -31.419891
          ],
          [
            -64.188735,
            -31.419927
          ],
          [
            -64.188737,
            -31.419959
          ],
          [
            -64.188733,
            -31.419976
          ],
          [
            -64.188728,
            -31.419991
          ],
          [
            -64.188709,
            -31.420032
          ],
          [
            -64.188708,
            -31.420086
          ],
          [
            -64.188709,
            -31.420103
          ]
        ]
      }
    },
    {
      "type": "Feature",
      "id": "route-cordoba-2026-09-02-v3-08",
      "properties": {
        "truckId": "vehicle-08",
        "waypointDistancesKm": [
          0,
          2.933647020752104,
          4.890030366740218,
          6.636674904076646,
          7.699354326672998,
          8.439767573590489,
          11.790082407517593,
          15.07303756040095,
          25.6724770238456
        ]
      },
      "geometry": {
        "type": "LineString",
        "coordinates": [
          [
            -64.188709,
            -31.420109
          ],
          [
            -64.18871,
            -31.420127
          ],
          [
            -64.188717,
            -31.420178
          ],
          [
            -64.188727,
            -31.42023
          ],
          [
            -64.188737,
            -31.420284
          ],
          [
            -64.188734,
            -31.420338
          ],
          [
            -64.188686,
            -31.420476
          ],
          [
            -64.188614,
            -31.420637
          ],
          [
            -64.188602,
            -31.420666
          ],
          [
            -64.188216,
            -31.421509
          ],
          [
            -64.188139,
            -31.421536
          ],
          [
            -64.187971,
            -31.421596
          ],
          [
            -64.187883,
            -31.421621
          ],
          [
            -64.186582,
            -31.422025
          ],
          [
            -64.185253,
            -31.422438
          ],
          [
            -64.184746,
            -31.421253
          ],
          [
            -64.184705,
            -31.421154
          ],
          [
            -64.186053,
            -31.420801
          ],
          [
            -64.186264,
            -31.420749
          ],
          [
            -64.187394,
            -31.420469
          ],
          [
            -64.187439,
            -31.420456
          ],
          [
            -64.187877,
            -31.420332
          ],
          [
            -64.188038,
            -31.420286
          ],
          [
            -64.188169,
            -31.420245
          ],
          [
            -64.188208,
            -31.420233
          ],
          [
            -64.188297,
            -31.420206
          ],
          [
            -64.188431,
            -31.42015
          ],
          [
            -64.188553,
            -31.4201
          ],
          [
            -64.188617,
            -31.420073
          ],
          [
            -64.188664,
            -31.420053
          ],
          [
            -64.188709,
            -31.420032
          ],
          [
            -64.188747,
            -31.420017
          ],
          [
            -64.188791,
            -31.420004
          ],
          [
            -64.188816,
            -31.419999
          ],
          [
            -64.188834,
            -31.419994
          ],
          [
            -64.188873,
            -31.419986
          ],
          [
            -64.188977,
            -31.419966
          ],
          [
            -64.18928,
            -31.419934
          ],
          [
            -64.189473,
            -31.419896
          ],
          [
            -64.189832,
            -31.419802
          ],
          [
            -64.189976,
            -31.419802
          ],
          [
            -64.190263,
            -31.419718
          ],
          [
            -64.191479,
            -31.419398
          ],
          [
            -64.19279,
            -31.419035
          ],
          [
            -64.194047,
            -31.418698
          ],
          [
            -64.195343,
            -31.418339
          ],
          [
            -64.195893,
            -31.418187
          ],
          [
            -64.196665,
            -31.417972
          ],
          [
            -64.197822,
            -31.417657
          ],
          [
            -64.197979,
            -31.417614
          ],
          [
            -64.198433,
            -31.417486
          ],
          [
            -64.198706,
            -31.4174
          ],
          [
            -64.199394,
            -31.417167
          ],
          [
            -64.199549,
            -31.41713
          ],
          [
            -64.200832,
            -31.416911
          ],
          [
            -64.201834,
            -31.416784
          ],
          [
            -64.202689,
            -31.416673
          ],
          [
            -64.203428,
            -31.416565
          ],
          [
            -64.203522,
            -31.416545
          ],
          [
            -64.203699,
            -31.416511
          ],
          [
            -64.204232,
            -31.416381
          ],
          [
            -64.205161,
            -31.416135
          ],
          [
            -64.205209,
            -31.416128
          ],
          [
            -64.205286,
            -31.416133
          ],
          [
            -64.205615,
            -31.41616
          ],
          [
            -64.205638,
            -31.416216
          ],
          [
            -64.205627,
            -31.416272
          ],
          [
            -64.205421,
            -31.416695
          ],
          [
            -64.205294,
            -31.416935
          ],
          [
            -64.204978,
            -31.417014
          ],
          [
            -64.204199,
            -31.417184
          ],
          [
            -64.203706,
            -31.417296
          ],
          [
            -64.203153,
            -31.417422
          ],
          [
            -64.203007,
            -31.417447
          ],
          [
            -64.202933,
            -31.417452
          ],
          [
            -64.202321,
            -31.417435
          ],
          [
            -64.202234,
            -31.417439
          ],
          [
            -64.202119,
            -31.417471
          ],
          [
            -64.201676,
            -31.417614
          ],
          [
            -64.202405,
            -31.418948
          ],
          [
            -64.203145,
            -31.418797
          ],
          [
            -64.203673,
            -31.418681
          ],
          [
            -64.203778,
            -31.418646
          ],
          [
            -64.203878,
            -31.418607
          ],
          [
            -64.204069,
            -31.418521
          ],
          [
            -64.204309,
            -31.41841
          ],
          [
            -64.204481,
            -31.418324
          ],
          [
            -64.204558,
            -31.418298
          ],
          [
            -64.204767,
            -31.418905
          ],
          [
            -64.204976,
            -31.419494
          ],
          [
            -64.205174,
            -31.420051
          ],
          [
            -64.205379,
            -31.420653
          ],
          [
            -64.205578,
            -31.421214
          ],
          [
            -64.205912,
            -31.422068
          ],
          [
            -64.206701,
            -31.421808
          ],
          [
            -64.20781,
            -31.421464
          ],
          [
            -64.208802,
            -31.421156
          ],
          [
            -64.210115,
            -31.420904
          ],
          [
            -64.211468,
            -31.420643
          ],
          [
            -64.211519,
            -31.420605
          ],
          [
            -64.211581,
            -31.420578
          ],
          [
            -64.211657,
            -31.420561
          ],
          [
            -64.211783,
            -31.420534
          ],
          [
            -64.211945,
            -31.420505
          ],
          [
            -64.212468,
            -31.4204
          ],
          [
            -64.212596,
            -31.420384
          ],
          [
            -64.21306,
            -31.420349
          ],
          [
            -64.213654,
            -31.420319
          ],
          [
            -64.214028,
            -31.420296
          ],
          [
            -64.214443,
            -31.42025
          ],
          [
            -64.214821,
            -31.42019
          ],
          [
            -64.214684,
            -31.419647
          ],
          [
            -64.214558,
            -31.419152
          ],
          [
            -64.213542,
            -31.419348
          ],
          [
            -64.212246,
            -31.41959
          ],
          [
            -64.211718,
            -31.419686
          ],
          [
            -64.21123,
            -31.419798
          ],
          [
            -64.211355,
            -31.420251
          ],
          [
            -64.211468,
            -31.420643
          ],
          [
            -64.211476,
            -31.420676
          ],
          [
            -64.211613,
            -31.421231
          ],
          [
            -64.211679,
            -31.421494
          ],
          [
            -64.211751,
            -31.421785
          ],
          [
            -64.211856,
            -31.422184
          ],
          [
            -64.211917,
            -31.422444
          ],
          [
            -64.211991,
            -31.422703
          ],
          [
            -64.212079,
            -31.42304
          ],
          [
            -64.212161,
            -31.423352
          ],
          [
            -64.212229,
            -31.423615
          ],
          [
            -64.212265,
            -31.423752
          ],
          [
            -64.212273,
            -31.423782
          ],
          [
            -64.212326,
            -31.423985
          ],
          [
            -64.212374,
            -31.424167
          ],
          [
            -64.212524,
            -31.424736
          ],
          [
            -64.212661,
            -31.425268
          ],
          [
            -64.212804,
            -31.425814
          ],
          [
            -64.212861,
            -31.42603
          ],
          [
            -64.212945,
            -31.426354
          ],
          [
            -64.213121,
            -31.427027
          ],
          [
            -64.213131,
            -31.427065
          ],
          [
            -64.213216,
            -31.427048
          ],
          [
            -64.215017,
            -31.426734
          ],
          [
            -64.215662,
            -31.426611
          ],
          [
            -64.2159,
            -31.426567
          ],
          [
            -64.216315,
            -31.426484
          ],
          [
            -64.216585,
            -31.427493
          ],
          [
            -64.217274,
            -31.427359
          ],
          [
            -64.217168,
            -31.426943
          ],
          [
            -64.217017,
            -31.426348
          ],
          [
            -64.217327,
            -31.426288
          ],
          [
            -64.217649,
            -31.426226
          ],
          [
            -64.218287,
            -31.426102
          ],
          [
            -64.219042,
            -31.425955
          ],
          [
            -64.219769,
            -31.425813
          ],
          [
            -64.220521,
            -31.425669
          ],
          [
            -64.221259,
            -31.425526
          ],
          [
            -64.221993,
            -31.425384
          ],
          [
            -64.222765,
            -31.425231
          ],
          [
            -64.223429,
            -31.425101
          ],
          [
            -64.224202,
            -31.424956
          ],
          [
            -64.224928,
            -31.424814
          ],
          [
            -64.225367,
            -31.424727
          ],
          [
            -64.226129,
            -31.424582
          ],
          [
            -64.225989,
            -31.4241
          ],
          [
            -64.226536,
            -31.423997
          ],
          [
            -64.22661,
            -31.423983
          ],
          [
            -64.227231,
            -31.423867
          ],
          [
            -64.227024,
            -31.423057
          ],
          [
            -64.226896,
            -31.42259
          ],
          [
            -64.226776,
            -31.42261
          ],
          [
            -64.226647,
            -31.422116
          ],
          [
            -64.226593,
            -31.422126
          ],
          [
            -64.225855,
            -31.422269
          ],
          [
            -64.22566,
            -31.421525
          ],
          [
            -64.225515,
            -31.420974
          ],
          [
            -64.225377,
            -31.420447
          ],
          [
            -64.225206,
            -31.419781
          ],
          [
            -64.225058,
            -31.41923
          ],
          [
            -64.22543,
            -31.419159
          ],
          [
            -64.226535,
            -31.418949
          ],
          [
            -64.22715,
            -31.418832
          ],
          [
            -64.228001,
            -31.418663
          ],
          [
            -64.228859,
            -31.418494
          ],
          [
            -64.229694,
            -31.418329
          ],
          [
            -64.230628,
            -31.418147
          ],
          [
            -64.231462,
            -31.417985
          ],
          [
            -64.232289,
            -31.417824
          ],
          [
            -64.23215,
            -31.417315
          ],
          [
            -64.232021,
            -31.416833
          ],
          [
            -64.231979,
            -31.416677
          ],
          [
            -64.231712,
            -31.415677
          ],
          [
            -64.231693,
            -31.415609
          ],
          [
            -64.231447,
            -31.414689
          ],
          [
            -64.231257,
            -31.41398
          ],
          [
            -64.23112,
            -31.413463
          ],
          [
            -64.230994,
            -31.412993
          ],
          [
            -64.230868,
            -31.41252
          ],
          [
            -64.230714,
            -31.411933
          ],
          [
            -64.230564,
            -31.411384
          ],
          [
            -64.230426,
            -31.41081
          ],
          [
            -64.230298,
            -31.410334
          ],
          [
            -64.230165,
            -31.409825
          ],
          [
            -64.230063,
            -31.409433
          ],
          [
            -64.229931,
            -31.408928
          ],
          [
            -64.229804,
            -31.408437
          ],
          [
            -64.230842,
            -31.408232
          ],
          [
            -64.230695,
            -31.407674
          ],
          [
            -64.231285,
            -31.407579
          ],
          [
            -64.231603,
            -31.407651
          ],
          [
            -64.232015,
            -31.407744
          ],
          [
            -64.232716,
            -31.407892
          ],
          [
            -64.232789,
            -31.407907
          ],
          [
            -64.232865,
            -31.407916
          ],
          [
            -64.233487,
            -31.40789
          ],
          [
            -64.235006,
            -31.407825
          ],
          [
            -64.23548,
            -31.407794
          ],
          [
            -64.23602,
            -31.407759
          ],
          [
            -64.236094,
            -31.407749
          ],
          [
            -64.236437,
            -31.407662
          ],
          [
            -64.23674,
            -31.407586
          ],
          [
            -64.237256,
            -31.407442
          ],
          [
            -64.237365,
            -31.407413
          ],
          [
            -64.237932,
            -31.407277
          ],
          [
            -64.238011,
            -31.407254
          ],
          [
            -64.238456,
            -31.407138
          ],
          [
            -64.238687,
            -31.407077
          ],
          [
            -64.239011,
            -31.406991
          ],
          [
            -64.239504,
            -31.406862
          ],
          [
            -64.23958,
            -31.406843
          ],
          [
            -64.239583,
            -31.406776
          ],
          [
            -64.239671,
            -31.406134
          ],
          [
            -64.239671,
            -31.40604
          ],
          [
            -64.239659,
            -31.405924
          ],
          [
            -64.239488,
            -31.405576
          ],
          [
            -64.240288,
            -31.405293
          ],
          [
            -64.24105,
            -31.405025
          ],
          [
            -64.242123,
            -31.40466
          ],
          [
            -64.24326,
            -31.404264
          ],
          [
            -64.243462,
            -31.4047
          ],
          [
            -64.243846,
            -31.405531
          ],
          [
            -64.243916,
            -31.405893
          ],
          [
            -64.243919,
            -31.405947
          ],
          [
            -64.243914,
            -31.406003
          ],
          [
            -64.24386,
            -31.406439
          ],
          [
            -64.243857,
            -31.406492
          ],
          [
            -64.243868,
            -31.406555
          ],
          [
            -64.243888,
            -31.406657
          ],
          [
            -64.244021,
            -31.407134
          ],
          [
            -64.244196,
            -31.407766
          ],
          [
            -64.244373,
            -31.408403
          ],
          [
            -64.244553,
            -31.409041
          ],
          [
            -64.245088,
            -31.408937
          ],
          [
            -64.245522,
            -31.410516
          ],
          [
            -64.245762,
            -31.411495
          ],
          [
            -64.246208,
            -31.411452
          ],
          [
            -64.246346,
            -31.41144
          ],
          [
            -64.246434,
            -31.411438
          ],
          [
            -64.246514,
            -31.411437
          ],
          [
            -64.246596,
            -31.411444
          ],
          [
            -64.246675,
            -31.411461
          ],
          [
            -64.24804,
            -31.411937
          ],
          [
            -64.24808,
            -31.411944
          ],
          [
            -64.248116,
            -31.411949
          ],
          [
            -64.248155,
            -31.411948
          ],
          [
            -64.248194,
            -31.411945
          ],
          [
            -64.24924,
            -31.41187
          ],
          [
            -64.249446,
            -31.411855
          ],
          [
            -64.250304,
            -31.411781
          ],
          [
            -64.250808,
            -31.411742
          ],
          [
            -64.250904,
            -31.411736
          ],
          [
            -64.251227,
            -31.411707
          ],
          [
            -64.251793,
            -31.411669
          ],
          [
            -64.252149,
            -31.411647
          ],
          [
            -64.252616,
            -31.411612
          ],
          [
            -64.25339,
            -31.411549
          ],
          [
            -64.253489,
            -31.411538
          ],
          [
            -64.253555,
            -31.411538
          ],
          [
            -64.254239,
            -31.411532
          ],
          [
            -64.255737,
            -31.411526
          ],
          [
            -64.256458,
            -31.411531
          ],
          [
            -64.256907,
            -31.411535
          ],
          [
            -64.25721,
            -31.411533
          ],
          [
            -64.25748,
            -31.411535
          ],
          [
            -64.257923,
            -31.411525
          ],
          [
            -64.258062,
            -31.411523
          ],
          [
            -64.258649,
            -31.411519
          ],
          [
            -64.259213,
            -31.411516
          ],
          [
            -64.259432,
            -31.411519
          ],
          [
            -64.260165,
            -31.411517
          ],
          [
            -64.260376,
            -31.41152
          ],
          [
            -64.260914,
            -31.411519
          ],
          [
            -64.260955,
            -31.41152
          ],
          [
            -64.26154,
            -31.411521
          ],
          [
            -64.261672,
            -31.411522
          ],
          [
            -64.261929,
            -31.411521
          ],
          [
            -64.262373,
            -31.411519
          ],
          [
            -64.263124,
            -31.411528
          ],
          [
            -64.263862,
            -31.411528
          ],
          [
            -64.264391,
            -31.411531
          ],
          [
            -64.264687,
            -31.411537
          ],
          [
            -64.26491,
            -31.411541
          ],
          [
            -64.265415,
            -31.411549
          ],
          [
            -64.265959,
            -31.411549
          ],
          [
            -64.266144,
            -31.411551
          ],
          [
            -64.266482,
            -31.411555
          ],
          [
            -64.266887,
            -31.411558
          ],
          [
            -64.266884,
            -31.411617
          ],
          [
            -64.266881,
            -31.411715
          ],
          [
            -64.266936,
            -31.411715
          ],
          [
            -64.266935,
            -31.411854
          ],
          [
            -64.266935,
            -31.411985
          ],
          [
            -64.266934,
            -31.412124
          ],
          [
            -64.266934,
            -31.412257
          ],
          [
            -64.266933,
            -31.412389
          ],
          [
            -64.266933,
            -31.412517
          ],
          [
            -64.266932,
            -31.412644
          ],
          [
            -64.266932,
            -31.412778
          ],
          [
            -64.266932,
            -31.412912
          ],
          [
            -64.266932,
            -31.41305
          ],
          [
            -64.266932,
            -31.413191
          ],
          [
            -64.266839,
            -31.413191
          ],
          [
            -64.266839,
            -31.413653
          ],
          [
            -64.266884,
            -31.413653
          ],
          [
            -64.266987,
            -31.413654
          ],
          [
            -64.266993,
            -31.412196
          ],
          [
            -64.266994,
            -31.411823
          ],
          [
            -64.267001,
            -31.411794
          ],
          [
            -64.267025,
            -31.411773
          ],
          [
            -64.267059,
            -31.411766
          ],
          [
            -64.267092,
            -31.411776
          ],
          [
            -64.267113,
            -31.411799
          ],
          [
            -64.267116,
            -31.411828
          ],
          [
            -64.2671,
            -31.411855
          ],
          [
            -64.26707,
            -31.41188
          ],
          [
            -64.267048,
            -31.411905
          ],
          [
            -64.267039,
            -31.411931
          ],
          [
            -64.267028,
            -31.414023
          ],
          [
            -64.267032,
            -31.41405
          ],
          [
            -64.267047,
            -31.414081
          ],
          [
            -64.267074,
            -31.414104
          ],
          [
            -64.267095,
            -31.41412
          ],
          [
            -64.267107,
            -31.414148
          ],
          [
            -64.267099,
            -31.414177
          ],
          [
            -64.267074,
            -31.414197
          ],
          [
            -64.26704,
            -31.414203
          ],
          [
            -64.267008,
            -31.414193
          ],
          [
            -64.266998,
            -31.414181
          ],
          [
            -64.266988,
            -31.414169
          ],
          [
            -64.266986,
            -31.414139
          ],
          [
            -64.266987,
            -31.413654
          ],
          [
            -64.266884,
            -31.413653
          ],
          [
            -64.266839,
            -31.413653
          ],
          [
            -64.266839,
            -31.413191
          ],
          [
            -64.266932,
            -31.413191
          ],
          [
            -64.266932,
            -31.41305
          ],
          [
            -64.266932,
            -31.412912
          ],
          [
            -64.266932,
            -31.412778
          ],
          [
            -64.266932,
            -31.412644
          ],
          [
            -64.266933,
            -31.412517
          ],
          [
            -64.266933,
            -31.412389
          ],
          [
            -64.266934,
            -31.412257
          ],
          [
            -64.266934,
            -31.412124
          ],
          [
            -64.266935,
            -31.411985
          ],
          [
            -64.266935,
            -31.411854
          ],
          [
            -64.266936,
            -31.411715
          ],
          [
            -64.266881,
            -31.411715
          ],
          [
            -64.266884,
            -31.411617
          ],
          [
            -64.266887,
            -31.411558
          ],
          [
            -64.266482,
            -31.411555
          ],
          [
            -64.266144,
            -31.411551
          ],
          [
            -64.265959,
            -31.411549
          ],
          [
            -64.265415,
            -31.411549
          ],
          [
            -64.26491,
            -31.411541
          ],
          [
            -64.264687,
            -31.411537
          ],
          [
            -64.264391,
            -31.411531
          ],
          [
            -64.263862,
            -31.411528
          ],
          [
            -64.263851,
            -31.412539
          ],
          [
            -64.263845,
            -31.41304
          ],
          [
            -64.263839,
            -31.413539
          ],
          [
            -64.263844,
            -31.414524
          ],
          [
            -64.263838,
            -31.415517
          ],
          [
            -64.263841,
            -31.41576
          ],
          [
            -64.263844,
            -31.416503
          ],
          [
            -64.263846,
            -31.4169
          ],
          [
            -64.263842,
            -31.417496
          ],
          [
            -64.26385,
            -31.418093
          ],
          [
            -64.263854,
            -31.41849
          ],
          [
            -64.263853,
            -31.419246
          ],
          [
            -64.263856,
            -31.419487
          ],
          [
            -64.263866,
            -31.420477
          ],
          [
            -64.261764,
            -31.420475
          ],
          [
            -64.26153,
            -31.420477
          ],
          [
            -64.260387,
            -31.420479
          ],
          [
            -64.259215,
            -31.42048
          ],
          [
            -64.258063,
            -31.420475
          ],
          [
            -64.256901,
            -31.420475
          ],
          [
            -64.256226,
            -31.420474
          ],
          [
            -64.255748,
            -31.420474
          ],
          [
            -64.253595,
            -31.420467
          ],
          [
            -64.253406,
            -31.420451
          ],
          [
            -64.25229,
            -31.420442
          ],
          [
            -64.25171,
            -31.420438
          ],
          [
            -64.251157,
            -31.420439
          ],
          [
            -64.250879,
            -31.42044
          ],
          [
            -64.25051,
            -31.420441
          ],
          [
            -64.249541,
            -31.420445
          ],
          [
            -64.249305,
            -31.420445
          ],
          [
            -64.248519,
            -31.420448
          ],
          [
            -64.248171,
            -31.420449
          ],
          [
            -64.248102,
            -31.420459
          ],
          [
            -64.247997,
            -31.420473
          ],
          [
            -64.247023,
            -31.420482
          ],
          [
            -64.246898,
            -31.420483
          ],
          [
            -64.245954,
            -31.420496
          ],
          [
            -64.244901,
            -31.420504
          ],
          [
            -64.243869,
            -31.420532
          ],
          [
            -64.243339,
            -31.42054
          ],
          [
            -64.242881,
            -31.420551
          ],
          [
            -64.242838,
            -31.420551
          ],
          [
            -64.241771,
            -31.420541
          ],
          [
            -64.240796,
            -31.42054
          ],
          [
            -64.240167,
            -31.420544
          ],
          [
            -64.240112,
            -31.420554
          ],
          [
            -64.239566,
            -31.420797
          ],
          [
            -64.239531,
            -31.420684
          ],
          [
            -64.239476,
            -31.420498
          ],
          [
            -64.23944,
            -31.420373
          ],
          [
            -64.239135,
            -31.420537
          ],
          [
            -64.23876,
            -31.420743
          ],
          [
            -64.238712,
            -31.420774
          ],
          [
            -64.23869,
            -31.420799
          ],
          [
            -64.238606,
            -31.420905
          ],
          [
            -64.238538,
            -31.421003
          ],
          [
            -64.238279,
            -31.421396
          ],
          [
            -64.237692,
            -31.422292
          ],
          [
            -64.237644,
            -31.42235
          ],
          [
            -64.237591,
            -31.4224
          ],
          [
            -64.237199,
            -31.422701
          ],
          [
            -64.237133,
            -31.422759
          ],
          [
            -64.237064,
            -31.422818
          ],
          [
            -64.236431,
            -31.423435
          ],
          [
            -64.236371,
            -31.42339
          ],
          [
            -64.235894,
            -31.422996
          ],
          [
            -64.235567,
            -31.422721
          ],
          [
            -64.2346,
            -31.422901
          ],
          [
            -64.234469,
            -31.422926
          ],
          [
            -64.233683,
            -31.423082
          ],
          [
            -64.232846,
            -31.42325
          ],
          [
            -64.23199,
            -31.423422
          ],
          [
            -64.231099,
            -31.4236
          ],
          [
            -64.230258,
            -31.42377
          ],
          [
            -64.229427,
            -31.423937
          ],
          [
            -64.228554,
            -31.424112
          ],
          [
            -64.227356,
            -31.424347
          ],
          [
            -64.226129,
            -31.424582
          ],
          [
            -64.225367,
            -31.424727
          ],
          [
            -64.224928,
            -31.424814
          ],
          [
            -64.224202,
            -31.424956
          ],
          [
            -64.223429,
            -31.425101
          ],
          [
            -64.222765,
            -31.425231
          ],
          [
            -64.221993,
            -31.425384
          ],
          [
            -64.221259,
            -31.425526
          ],
          [
            -64.220521,
            -31.425669
          ],
          [
            -64.219769,
            -31.425813
          ],
          [
            -64.219042,
            -31.425955
          ],
          [
            -64.218287,
            -31.426102
          ],
          [
            -64.217649,
            -31.426226
          ],
          [
            -64.217327,
            -31.426288
          ],
          [
            -64.217017,
            -31.426348
          ],
          [
            -64.216671,
            -31.426408
          ],
          [
            -64.216315,
            -31.426484
          ],
          [
            -64.2159,
            -31.426567
          ],
          [
            -64.215662,
            -31.426611
          ],
          [
            -64.215017,
            -31.426734
          ],
          [
            -64.213216,
            -31.427048
          ],
          [
            -64.213131,
            -31.427065
          ],
          [
            -64.212522,
            -31.427176
          ],
          [
            -64.212437,
            -31.427191
          ],
          [
            -64.212407,
            -31.427196
          ],
          [
            -64.212341,
            -31.427208
          ],
          [
            -64.211808,
            -31.427305
          ],
          [
            -64.211743,
            -31.427317
          ],
          [
            -64.211663,
            -31.427331
          ],
          [
            -64.211105,
            -31.427433
          ],
          [
            -64.211043,
            -31.427444
          ],
          [
            -64.210427,
            -31.42756
          ],
          [
            -64.210334,
            -31.427578
          ],
          [
            -64.210227,
            -31.427596
          ],
          [
            -64.208754,
            -31.427879
          ],
          [
            -64.208649,
            -31.427984
          ],
          [
            -64.208463,
            -31.427883
          ],
          [
            -64.208279,
            -31.427796
          ],
          [
            -64.208146,
            -31.427755
          ],
          [
            -64.208038,
            -31.427736
          ],
          [
            -64.207912,
            -31.427727
          ],
          [
            -64.207804,
            -31.427721
          ],
          [
            -64.207695,
            -31.427718
          ],
          [
            -64.207553,
            -31.427731
          ],
          [
            -64.207446,
            -31.427747
          ],
          [
            -64.207277,
            -31.427785
          ],
          [
            -64.206246,
            -31.428042
          ],
          [
            -64.20444,
            -31.428475
          ],
          [
            -64.204201,
            -31.428531
          ],
          [
            -64.204057,
            -31.42855
          ],
          [
            -64.203855,
            -31.428576
          ],
          [
            -64.203081,
            -31.428627
          ],
          [
            -64.202943,
            -31.428634
          ],
          [
            -64.202205,
            -31.428681
          ],
          [
            -64.201566,
            -31.428731
          ],
          [
            -64.201252,
            -31.428756
          ],
          [
            -64.200677,
            -31.428802
          ],
          [
            -64.200619,
            -31.428809
          ],
          [
            -64.200024,
            -31.428863
          ],
          [
            -64.199805,
            -31.428859
          ],
          [
            -64.199682,
            -31.428836
          ],
          [
            -64.198513,
            -31.428558
          ],
          [
            -64.197892,
            -31.428419
          ],
          [
            -64.197755,
            -31.428385
          ],
          [
            -64.19764,
            -31.428351
          ],
          [
            -64.197483,
            -31.428302
          ],
          [
            -64.197381,
            -31.42827
          ],
          [
            -64.197254,
            -31.428218
          ],
          [
            -64.196639,
            -31.42792
          ],
          [
            -64.195274,
            -31.427165
          ],
          [
            -64.194872,
            -31.427
          ],
          [
            -64.194509,
            -31.426863
          ],
          [
            -64.194478,
            -31.426787
          ],
          [
            -64.194469,
            -31.426766
          ],
          [
            -64.194257,
            -31.426227
          ],
          [
            -64.194255,
            -31.426221
          ],
          [
            -64.194239,
            -31.42618
          ],
          [
            -64.19422,
            -31.426133
          ],
          [
            -64.194217,
            -31.426124
          ],
          [
            -64.194076,
            -31.425803
          ],
          [
            -64.194072,
            -31.425793
          ],
          [
            -64.194044,
            -31.425728
          ],
          [
            -64.194016,
            -31.425659
          ],
          [
            -64.194012,
            -31.425649
          ],
          [
            -64.193799,
            -31.425129
          ],
          [
            -64.193794,
            -31.425118
          ],
          [
            -64.193764,
            -31.425045
          ],
          [
            -64.193737,
            -31.424979
          ],
          [
            -64.193732,
            -31.424969
          ],
          [
            -64.193303,
            -31.423935
          ],
          [
            -64.1933,
            -31.423927
          ],
          [
            -64.19328,
            -31.423877
          ],
          [
            -64.193257,
            -31.423821
          ],
          [
            -64.193252,
            -31.423808
          ],
          [
            -64.193046,
            -31.423323
          ],
          [
            -64.19301,
            -31.423229
          ],
          [
            -64.192822,
            -31.422835
          ],
          [
            -64.192817,
            -31.422826
          ],
          [
            -64.192787,
            -31.422763
          ],
          [
            -64.192763,
            -31.42271
          ],
          [
            -64.192758,
            -31.422699
          ],
          [
            -64.192698,
            -31.422564
          ],
          [
            -64.192573,
            -31.422383
          ],
          [
            -64.192455,
            -31.422273
          ],
          [
            -64.192403,
            -31.42223
          ],
          [
            -64.192332,
            -31.42218
          ],
          [
            -64.191757,
            -31.421847
          ],
          [
            -64.191748,
            -31.421842
          ],
          [
            -64.191681,
            -31.421802
          ],
          [
            -64.19163,
            -31.421772
          ],
          [
            -64.191615,
            -31.421762
          ],
          [
            -64.190716,
            -31.421211
          ],
          [
            -64.190627,
            -31.421142
          ],
          [
            -64.190514,
            -31.42103
          ],
          [
            -64.190452,
            -31.420938
          ],
          [
            -64.19044,
            -31.420922
          ],
          [
            -64.190435,
            -31.420913
          ],
          [
            -64.19041,
            -31.420877
          ],
          [
            -64.19039,
            -31.420832
          ],
          [
            -64.190385,
            -31.420821
          ],
          [
            -64.190038,
            -31.420001
          ],
          [
            -64.190031,
            -31.419983
          ],
          [
            -64.190007,
            -31.419899
          ],
          [
            -64.189976,
            -31.419802
          ],
          [
            -64.189956,
            -31.419714
          ],
          [
            -64.189951,
            -31.419695
          ],
          [
            -64.189855,
            -31.419325
          ],
          [
            -64.189817,
            -31.419043
          ],
          [
            -64.18966,
            -31.418461
          ],
          [
            -64.189595,
            -31.418267
          ],
          [
            -64.189097,
            -31.417094
          ],
          [
            -64.189089,
            -31.417076
          ],
          [
            -64.189049,
            -31.417087
          ],
          [
            -64.18777,
            -31.417441
          ],
          [
            -64.187673,
            -31.417469
          ],
          [
            -64.18769,
            -31.41751
          ],
          [
            -64.188184,
            -31.418665
          ],
          [
            -64.188568,
            -31.419564
          ],
          [
            -64.188701,
            -31.419841
          ],
          [
            -64.188713,
            -31.419861
          ],
          [
            -64.188728,
            -31.419891
          ],
          [
            -64.188735,
            -31.419927
          ],
          [
            -64.188737,
            -31.419959
          ],
          [
            -64.188733,
            -31.419976
          ],
          [
            -64.188728,
            -31.419991
          ],
          [
            -64.188709,
            -31.420032
          ],
          [
            -64.188708,
            -31.420086
          ],
          [
            -64.188709,
            -31.420103
          ]
        ]
      }
    }
  ]
}
