{
  "type": "FeatureCollection",
  "metadata": {
    "runId": "cordoba-2026-08-27-v3-what-if-balanced-load-v1",
    "targetDate": "2026-08-27",
    "modelVersion": "fleetflow-v0.6"
  },
  "features": [
    {
      "type": "Feature",
      "id": "route-cordoba-2026-08-27-v3-what-if-balanced-load-v1-01",
      "properties": {
        "truckId": "vehicle-01",
        "waypointDistancesKm": [
          0,
          10.249884301284315,
          19.571307082147513
        ]
      },
      "geometry": {
        "type": "LineString",
        "coordinates": [
          [
            -64.188709,
            -31.420109
          ],
          [
            -64.18871,
            -31.420127
          ],
          [
            -64.188717,
            -31.420178
          ],
          [
            -64.188727,
            -31.42023
          ],
          [
            -64.188737,
            -31.420284
          ],
          [
            -64.188734,
            -31.420338
          ],
          [
            -64.188686,
            -31.420476
          ],
          [
            -64.188614,
            -31.420637
          ],
          [
            -64.188602,
            -31.420666
          ],
          [
            -64.188216,
            -31.421509
          ],
          [
            -64.188139,
            -31.421536
          ],
          [
            -64.187971,
            -31.421596
          ],
          [
            -64.187883,
            -31.421621
          ],
          [
            -64.186582,
            -31.422025
          ],
          [
            -64.187051,
            -31.423184
          ],
          [
            -64.187348,
            -31.423089
          ],
          [
            -64.187455,
            -31.423057
          ],
          [
            -64.18837,
            -31.422766
          ],
          [
            -64.189743,
            -31.422336
          ],
          [
            -64.191026,
            -31.421953
          ],
          [
            -64.191681,
            -31.421802
          ],
          [
            -64.192042,
            -31.421714
          ],
          [
            -64.192103,
            -31.421747
          ],
          [
            -64.192116,
            -31.421753
          ],
          [
            -64.192669,
            -31.422089
          ],
          [
            -64.192782,
            -31.422189
          ],
          [
            -64.192844,
            -31.422266
          ],
          [
            -64.192874,
            -31.422319
          ],
          [
            -64.193034,
            -31.422629
          ],
          [
            -64.193039,
            -31.422638
          ],
          [
            -64.193065,
            -31.422687
          ],
          [
            -64.19309,
            -31.422744
          ],
          [
            -64.193094,
            -31.422754
          ],
          [
            -64.193529,
            -31.423727
          ],
          [
            -64.193534,
            -31.423741
          ],
          [
            -64.193557,
            -31.423803
          ],
          [
            -64.193576,
            -31.423844
          ],
          [
            -64.19358,
            -31.423853
          ],
          [
            -64.194015,
            -31.424875
          ],
          [
            -64.194019,
            -31.424886
          ],
          [
            -64.194046,
            -31.424949
          ],
          [
            -64.194074,
            -31.42502
          ],
          [
            -64.194079,
            -31.425033
          ],
          [
            -64.194292,
            -31.425566
          ],
          [
            -64.194297,
            -31.425579
          ],
          [
            -64.194324,
            -31.425646
          ],
          [
            -64.194348,
            -31.425705
          ],
          [
            -64.194353,
            -31.425718
          ],
          [
            -64.194486,
            -31.426047
          ],
          [
            -64.194489,
            -31.426054
          ],
          [
            -64.194506,
            -31.426099
          ],
          [
            -64.194523,
            -31.426142
          ],
          [
            -64.194526,
            -31.42615
          ],
          [
            -64.194601,
            -31.426349
          ],
          [
            -64.194737,
            -31.426671
          ],
          [
            -64.194821,
            -31.426884
          ],
          [
            -64.194834,
            -31.426914
          ],
          [
            -64.194872,
            -31.427
          ],
          [
            -64.195274,
            -31.427165
          ],
          [
            -64.196639,
            -31.42792
          ],
          [
            -64.197254,
            -31.428218
          ],
          [
            -64.197381,
            -31.42827
          ],
          [
            -64.197483,
            -31.428302
          ],
          [
            -64.19764,
            -31.428351
          ],
          [
            -64.197755,
            -31.428385
          ],
          [
            -64.197892,
            -31.428419
          ],
          [
            -64.198513,
            -31.428558
          ],
          [
            -64.199682,
            -31.428836
          ],
          [
            -64.199805,
            -31.428859
          ],
          [
            -64.200024,
            -31.428863
          ],
          [
            -64.200619,
            -31.428809
          ],
          [
            -64.200677,
            -31.428802
          ],
          [
            -64.201252,
            -31.428756
          ],
          [
            -64.201566,
            -31.428731
          ],
          [
            -64.202205,
            -31.428681
          ],
          [
            -64.202943,
            -31.428634
          ],
          [
            -64.203081,
            -31.428627
          ],
          [
            -64.203855,
            -31.428576
          ],
          [
            -64.204057,
            -31.42855
          ],
          [
            -64.204201,
            -31.428531
          ],
          [
            -64.20444,
            -31.428475
          ],
          [
            -64.206246,
            -31.428042
          ],
          [
            -64.207277,
            -31.427785
          ],
          [
            -64.207446,
            -31.427747
          ],
          [
            -64.207553,
            -31.427731
          ],
          [
            -64.207695,
            -31.427718
          ],
          [
            -64.207804,
            -31.427721
          ],
          [
            -64.207912,
            -31.427727
          ],
          [
            -64.208038,
            -31.427736
          ],
          [
            -64.208146,
            -31.427755
          ],
          [
            -64.208279,
            -31.427796
          ],
          [
            -64.208463,
            -31.427883
          ],
          [
            -64.208649,
            -31.427984
          ],
          [
            -64.209399,
            -31.428463
          ],
          [
            -64.20959,
            -31.428582
          ],
          [
            -64.209621,
            -31.428605
          ],
          [
            -64.209938,
            -31.428838
          ],
          [
            -64.210108,
            -31.428956
          ],
          [
            -64.210247,
            -31.429055
          ],
          [
            -64.210354,
            -31.429114
          ],
          [
            -64.210393,
            -31.429125
          ],
          [
            -64.210432,
            -31.429125
          ],
          [
            -64.210468,
            -31.429122
          ],
          [
            -64.210505,
            -31.429114
          ],
          [
            -64.210534,
            -31.4291
          ],
          [
            -64.210638,
            -31.429051
          ],
          [
            -64.21071,
            -31.429016
          ],
          [
            -64.210788,
            -31.428992
          ],
          [
            -64.210899,
            -31.42898
          ],
          [
            -64.21101,
            -31.428991
          ],
          [
            -64.211114,
            -31.429025
          ],
          [
            -64.211206,
            -31.42908
          ],
          [
            -64.211278,
            -31.429152
          ],
          [
            -64.211328,
            -31.429238
          ],
          [
            -64.211431,
            -31.429282
          ],
          [
            -64.211484,
            -31.429301
          ],
          [
            -64.211547,
            -31.429317
          ],
          [
            -64.211603,
            -31.429322
          ],
          [
            -64.211669,
            -31.429324
          ],
          [
            -64.211729,
            -31.429325
          ],
          [
            -64.211785,
            -31.429328
          ],
          [
            -64.211871,
            -31.429345
          ],
          [
            -64.211969,
            -31.429369
          ],
          [
            -64.212046,
            -31.429393
          ],
          [
            -64.212118,
            -31.42942
          ],
          [
            -64.212187,
            -31.42945
          ],
          [
            -64.212261,
            -31.429483
          ],
          [
            -64.212335,
            -31.429525
          ],
          [
            -64.212404,
            -31.429569
          ],
          [
            -64.212463,
            -31.429611
          ],
          [
            -64.212511,
            -31.429646
          ],
          [
            -64.212598,
            -31.429727
          ],
          [
            -64.212671,
            -31.429801
          ],
          [
            -64.212891,
            -31.430032
          ],
          [
            -64.212974,
            -31.430101
          ],
          [
            -64.21305,
            -31.430154
          ],
          [
            -64.213112,
            -31.430192
          ],
          [
            -64.213217,
            -31.430241
          ],
          [
            -64.213308,
            -31.430279
          ],
          [
            -64.21333,
            -31.430285
          ],
          [
            -64.21342,
            -31.430312
          ],
          [
            -64.213527,
            -31.430335
          ],
          [
            -64.21356,
            -31.430339
          ],
          [
            -64.213671,
            -31.430351
          ],
          [
            -64.213876,
            -31.430359
          ],
          [
            -64.213999,
            -31.430364
          ],
          [
            -64.214114,
            -31.43037
          ],
          [
            -64.214637,
            -31.430396
          ],
          [
            -64.214774,
            -31.430406
          ],
          [
            -64.214906,
            -31.430415
          ],
          [
            -64.215567,
            -31.430461
          ],
          [
            -64.216397,
            -31.430517
          ],
          [
            -64.217392,
            -31.430585
          ],
          [
            -64.218181,
            -31.430652
          ],
          [
            -64.219052,
            -31.430715
          ],
          [
            -64.219517,
            -31.430748
          ],
          [
            -64.219399,
            -31.430304
          ],
          [
            -64.219087,
            -31.42913
          ],
          [
            -64.218923,
            -31.428512
          ],
          [
            -64.218786,
            -31.427993
          ],
          [
            -64.218674,
            -31.427571
          ],
          [
            -64.218647,
            -31.427457
          ],
          [
            -64.218287,
            -31.426102
          ],
          [
            -64.219042,
            -31.425955
          ],
          [
            -64.219769,
            -31.425813
          ],
          [
            -64.220521,
            -31.425669
          ],
          [
            -64.221259,
            -31.425526
          ],
          [
            -64.221993,
            -31.425384
          ],
          [
            -64.222765,
            -31.425231
          ],
          [
            -64.223429,
            -31.425101
          ],
          [
            -64.224202,
            -31.424956
          ],
          [
            -64.224928,
            -31.424814
          ],
          [
            -64.225367,
            -31.424727
          ],
          [
            -64.226129,
            -31.424582
          ],
          [
            -64.227356,
            -31.424347
          ],
          [
            -64.228554,
            -31.424112
          ],
          [
            -64.229427,
            -31.423937
          ],
          [
            -64.230258,
            -31.42377
          ],
          [
            -64.231099,
            -31.4236
          ],
          [
            -64.23199,
            -31.423422
          ],
          [
            -64.232846,
            -31.42325
          ],
          [
            -64.233683,
            -31.423082
          ],
          [
            -64.233824,
            -31.423139
          ],
          [
            -64.233846,
            -31.423169
          ],
          [
            -64.234196,
            -31.424407
          ],
          [
            -64.234245,
            -31.424596
          ],
          [
            -64.234373,
            -31.425106
          ],
          [
            -64.234396,
            -31.425248
          ],
          [
            -64.234463,
            -31.425224
          ],
          [
            -64.234501,
            -31.425208
          ],
          [
            -64.234538,
            -31.425185
          ],
          [
            -64.234961,
            -31.424742
          ],
          [
            -64.236371,
            -31.42339
          ],
          [
            -64.237055,
            -31.422722
          ],
          [
            -64.237129,
            -31.422665
          ],
          [
            -64.237167,
            -31.422635
          ],
          [
            -64.237318,
            -31.422522
          ],
          [
            -64.237568,
            -31.422315
          ],
          [
            -64.237617,
            -31.422259
          ],
          [
            -64.238199,
            -31.421387
          ],
          [
            -64.238569,
            -31.420821
          ],
          [
            -64.238617,
            -31.420759
          ],
          [
            -64.238663,
            -31.42072
          ],
          [
            -64.238747,
            -31.420665
          ],
          [
            -64.239421,
            -31.420303
          ],
          [
            -64.24036,
            -31.419762
          ],
          [
            -64.241186,
            -31.419297
          ],
          [
            -64.241267,
            -31.419241
          ],
          [
            -64.241333,
            -31.419184
          ],
          [
            -64.241367,
            -31.419137
          ],
          [
            -64.2414,
            -31.419072
          ],
          [
            -64.241415,
            -31.419023
          ],
          [
            -64.241424,
            -31.418962
          ],
          [
            -64.241438,
            -31.417651
          ],
          [
            -64.241449,
            -31.416617
          ],
          [
            -64.24146,
            -31.415465
          ],
          [
            -64.241449,
            -31.41431
          ],
          [
            -64.241441,
            -31.414216
          ],
          [
            -64.241419,
            -31.414115
          ],
          [
            -64.241399,
            -31.414064
          ],
          [
            -64.241366,
            -31.41401
          ],
          [
            -64.241178,
            -31.413721
          ],
          [
            -64.241132,
            -31.413623
          ],
          [
            -64.241111,
            -31.41354
          ],
          [
            -64.241097,
            -31.413417
          ],
          [
            -64.241084,
            -31.413212
          ],
          [
            -64.24103,
            -31.412349
          ],
          [
            -64.240994,
            -31.411936
          ],
          [
            -64.240994,
            -31.411883
          ],
          [
            -64.241005,
            -31.4118
          ],
          [
            -64.2411,
            -31.411796
          ],
          [
            -64.241222,
            -31.411789
          ],
          [
            -64.24133,
            -31.411783
          ],
          [
            -64.241863,
            -31.411755
          ],
          [
            -64.242479,
            -31.411722
          ],
          [
            -64.242951,
            -31.41169
          ],
          [
            -64.243667,
            -31.411656
          ],
          [
            -64.244163,
            -31.411622
          ],
          [
            -64.244276,
            -31.411615
          ],
          [
            -64.244571,
            -31.411599
          ],
          [
            -64.244894,
            -31.41157
          ],
          [
            -64.24504,
            -31.411562
          ],
          [
            -64.245469,
            -31.411519
          ],
          [
            -64.245762,
            -31.411495
          ],
          [
            -64.246208,
            -31.411452
          ],
          [
            -64.246346,
            -31.41144
          ],
          [
            -64.246434,
            -31.411438
          ],
          [
            -64.246514,
            -31.411437
          ],
          [
            -64.246596,
            -31.411444
          ],
          [
            -64.246675,
            -31.411461
          ],
          [
            -64.24804,
            -31.411937
          ],
          [
            -64.24808,
            -31.411944
          ],
          [
            -64.248116,
            -31.411949
          ],
          [
            -64.248155,
            -31.411948
          ],
          [
            -64.248194,
            -31.411945
          ],
          [
            -64.24924,
            -31.41187
          ],
          [
            -64.249446,
            -31.411855
          ],
          [
            -64.250304,
            -31.411781
          ],
          [
            -64.250808,
            -31.411742
          ],
          [
            -64.250904,
            -31.411736
          ],
          [
            -64.251227,
            -31.411707
          ],
          [
            -64.251793,
            -31.411669
          ],
          [
            -64.252149,
            -31.411647
          ],
          [
            -64.252616,
            -31.411612
          ],
          [
            -64.25339,
            -31.411549
          ],
          [
            -64.253489,
            -31.411538
          ],
          [
            -64.253555,
            -31.411538
          ],
          [
            -64.254239,
            -31.411532
          ],
          [
            -64.255737,
            -31.411526
          ],
          [
            -64.256458,
            -31.411531
          ],
          [
            -64.256907,
            -31.411535
          ],
          [
            -64.25721,
            -31.411533
          ],
          [
            -64.25748,
            -31.411535
          ],
          [
            -64.257923,
            -31.411525
          ],
          [
            -64.257917,
            -31.410345
          ],
          [
            -64.257929,
            -31.409734
          ],
          [
            -64.257922,
            -31.409229
          ],
          [
            -64.257908,
            -31.407985
          ],
          [
            -64.25762,
            -31.407986
          ],
          [
            -64.25718,
            -31.407988
          ],
          [
            -64.256334,
            -31.407979
          ],
          [
            -64.256102,
            -31.407971
          ],
          [
            -64.255729,
            -31.407976
          ],
          [
            -64.255538,
            -31.407973
          ],
          [
            -64.255519,
            -31.407972
          ],
          [
            -64.255389,
            -31.40797
          ],
          [
            -64.255023,
            -31.407973
          ],
          [
            -64.254982,
            -31.407965
          ],
          [
            -64.254959,
            -31.407956
          ],
          [
            -64.254932,
            -31.40793
          ],
          [
            -64.254929,
            -31.407903
          ],
          [
            -64.254915,
            -31.407887
          ],
          [
            -64.254862,
            -31.407881
          ],
          [
            -64.254586,
            -31.407893
          ],
          [
            -64.254347,
            -31.407915
          ],
          [
            -64.254163,
            -31.40795
          ],
          [
            -64.25406,
            -31.407949
          ],
          [
            -64.254026,
            -31.407944
          ],
          [
            -64.253933,
            -31.40792
          ],
          [
            -64.2539,
            -31.407966
          ],
          [
            -64.253857,
            -31.408025
          ],
          [
            -64.25349,
            -31.408541
          ],
          [
            -64.253461,
            -31.408576
          ],
          [
            -64.253411,
            -31.408632
          ],
          [
            -64.253412,
            -31.408762
          ],
          [
            -64.253402,
            -31.409176
          ],
          [
            -64.253396,
            -31.409218
          ],
          [
            -64.253382,
            -31.409256
          ],
          [
            -64.253331,
            -31.409318
          ],
          [
            -64.25329,
            -31.409337
          ],
          [
            -64.25325,
            -31.409342
          ],
          [
            -64.25323,
            -31.409527
          ],
          [
            -64.253235,
            -31.409708
          ],
          [
            -64.253266,
            -31.410061
          ],
          [
            -64.253297,
            -31.410429
          ],
          [
            -64.253341,
            -31.410818
          ],
          [
            -64.253367,
            -31.411156
          ],
          [
            -64.25339,
            -31.411549
          ],
          [
            -64.252616,
            -31.411612
          ],
          [
            -64.252149,
            -31.411647
          ],
          [
            -64.251793,
            -31.411669
          ],
          [
            -64.251227,
            -31.411707
          ],
          [
            -64.250904,
            -31.411736
          ],
          [
            -64.250808,
            -31.411742
          ],
          [
            -64.250304,
            -31.411781
          ],
          [
            -64.249446,
            -31.411855
          ],
          [
            -64.24924,
            -31.41187
          ],
          [
            -64.248194,
            -31.411945
          ],
          [
            -64.248155,
            -31.411948
          ],
          [
            -64.248116,
            -31.411949
          ],
          [
            -64.24808,
            -31.411944
          ],
          [
            -64.24804,
            -31.411937
          ],
          [
            -64.246675,
            -31.411461
          ],
          [
            -64.246596,
            -31.411444
          ],
          [
            -64.246514,
            -31.411437
          ],
          [
            -64.246434,
            -31.411438
          ],
          [
            -64.246346,
            -31.41144
          ],
          [
            -64.246208,
            -31.411452
          ],
          [
            -64.245762,
            -31.411495
          ],
          [
            -64.245469,
            -31.411519
          ],
          [
            -64.24504,
            -31.411562
          ],
          [
            -64.244894,
            -31.41157
          ],
          [
            -64.244571,
            -31.411599
          ],
          [
            -64.244276,
            -31.411615
          ],
          [
            -64.244163,
            -31.411622
          ],
          [
            -64.243667,
            -31.411656
          ],
          [
            -64.242951,
            -31.41169
          ],
          [
            -64.242479,
            -31.411722
          ],
          [
            -64.241863,
            -31.411755
          ],
          [
            -64.24133,
            -31.411783
          ],
          [
            -64.241222,
            -31.411789
          ],
          [
            -64.2411,
            -31.411796
          ],
          [
            -64.241083,
            -31.411876
          ],
          [
            -64.241076,
            -31.411919
          ],
          [
            -64.24111,
            -31.412345
          ],
          [
            -64.24116,
            -31.413201
          ],
          [
            -64.241179,
            -31.41347
          ],
          [
            -64.241192,
            -31.413553
          ],
          [
            -64.241211,
            -31.413619
          ],
          [
            -64.241243,
            -31.41369
          ],
          [
            -64.241454,
            -31.414001
          ],
          [
            -64.241491,
            -31.414074
          ],
          [
            -64.241509,
            -31.414135
          ],
          [
            -64.241521,
            -31.41421
          ],
          [
            -64.241526,
            -31.4143
          ],
          [
            -64.241533,
            -31.414873
          ],
          [
            -64.241526,
            -31.416612
          ],
          [
            -64.241525,
            -31.417653
          ],
          [
            -64.241496,
            -31.418979
          ],
          [
            -64.24148,
            -31.41908
          ],
          [
            -64.241462,
            -31.419133
          ],
          [
            -64.241439,
            -31.419178
          ],
          [
            -64.241402,
            -31.419225
          ],
          [
            -64.241357,
            -31.419264
          ],
          [
            -64.241245,
            -31.419341
          ],
          [
            -64.240218,
            -31.419922
          ],
          [
            -64.23944,
            -31.420373
          ],
          [
            -64.239135,
            -31.420537
          ],
          [
            -64.23876,
            -31.420743
          ],
          [
            -64.238712,
            -31.420774
          ],
          [
            -64.23869,
            -31.420799
          ],
          [
            -64.238606,
            -31.420905
          ],
          [
            -64.238538,
            -31.421003
          ],
          [
            -64.238279,
            -31.421396
          ],
          [
            -64.237692,
            -31.422292
          ],
          [
            -64.237644,
            -31.42235
          ],
          [
            -64.237591,
            -31.4224
          ],
          [
            -64.237199,
            -31.422701
          ],
          [
            -64.237133,
            -31.422759
          ],
          [
            -64.237064,
            -31.422818
          ],
          [
            -64.236431,
            -31.423435
          ],
          [
            -64.236371,
            -31.42339
          ],
          [
            -64.235894,
            -31.422996
          ],
          [
            -64.235567,
            -31.422721
          ],
          [
            -64.2346,
            -31.422901
          ],
          [
            -64.234469,
            -31.422926
          ],
          [
            -64.233683,
            -31.423082
          ],
          [
            -64.232846,
            -31.42325
          ],
          [
            -64.23199,
            -31.423422
          ],
          [
            -64.231099,
            -31.4236
          ],
          [
            -64.230258,
            -31.42377
          ],
          [
            -64.229427,
            -31.423937
          ],
          [
            -64.228554,
            -31.424112
          ],
          [
            -64.227356,
            -31.424347
          ],
          [
            -64.226129,
            -31.424582
          ],
          [
            -64.225367,
            -31.424727
          ],
          [
            -64.224928,
            -31.424814
          ],
          [
            -64.224202,
            -31.424956
          ],
          [
            -64.223429,
            -31.425101
          ],
          [
            -64.222765,
            -31.425231
          ],
          [
            -64.221993,
            -31.425384
          ],
          [
            -64.221259,
            -31.425526
          ],
          [
            -64.220521,
            -31.425669
          ],
          [
            -64.219769,
            -31.425813
          ],
          [
            -64.219042,
            -31.425955
          ],
          [
            -64.218287,
            -31.426102
          ],
          [
            -64.217649,
            -31.426226
          ],
          [
            -64.217327,
            -31.426288
          ],
          [
            -64.217017,
            -31.426348
          ],
          [
            -64.216671,
            -31.426408
          ],
          [
            -64.216315,
            -31.426484
          ],
          [
            -64.2159,
            -31.426567
          ],
          [
            -64.215662,
            -31.426611
          ],
          [
            -64.215017,
            -31.426734
          ],
          [
            -64.213216,
            -31.427048
          ],
          [
            -64.213131,
            -31.427065
          ],
          [
            -64.212522,
            -31.427176
          ],
          [
            -64.212437,
            -31.427191
          ],
          [
            -64.212407,
            -31.427196
          ],
          [
            -64.212341,
            -31.427208
          ],
          [
            -64.211808,
            -31.427305
          ],
          [
            -64.211743,
            -31.427317
          ],
          [
            -64.211663,
            -31.427331
          ],
          [
            -64.211105,
            -31.427433
          ],
          [
            -64.211043,
            -31.427444
          ],
          [
            -64.210427,
            -31.42756
          ],
          [
            -64.210334,
            -31.427578
          ],
          [
            -64.210227,
            -31.427596
          ],
          [
            -64.208754,
            -31.427879
          ],
          [
            -64.208649,
            -31.427984
          ],
          [
            -64.208463,
            -31.427883
          ],
          [
            -64.208279,
            -31.427796
          ],
          [
            -64.208146,
            -31.427755
          ],
          [
            -64.208038,
            -31.427736
          ],
          [
            -64.207912,
            -31.427727
          ],
          [
            -64.207804,
            -31.427721
          ],
          [
            -64.207695,
            -31.427718
          ],
          [
            -64.207553,
            -31.427731
          ],
          [
            -64.207446,
            -31.427747
          ],
          [
            -64.207277,
            -31.427785
          ],
          [
            -64.206246,
            -31.428042
          ],
          [
            -64.20444,
            -31.428475
          ],
          [
            -64.204201,
            -31.428531
          ],
          [
            -64.204057,
            -31.42855
          ],
          [
            -64.203855,
            -31.428576
          ],
          [
            -64.203081,
            -31.428627
          ],
          [
            -64.202943,
            -31.428634
          ],
          [
            -64.202205,
            -31.428681
          ],
          [
            -64.201566,
            -31.428731
          ],
          [
            -64.201252,
            -31.428756
          ],
          [
            -64.200677,
            -31.428802
          ],
          [
            -64.200619,
            -31.428809
          ],
          [
            -64.200024,
            -31.428863
          ],
          [
            -64.199805,
            -31.428859
          ],
          [
            -64.199682,
            -31.428836
          ],
          [
            -64.198513,
            -31.428558
          ],
          [
            -64.197892,
            -31.428419
          ],
          [
            -64.197755,
            -31.428385
          ],
          [
            -64.19764,
            -31.428351
          ],
          [
            -64.197483,
            -31.428302
          ],
          [
            -64.197381,
            -31.42827
          ],
          [
            -64.197254,
            -31.428218
          ],
          [
            -64.196639,
            -31.42792
          ],
          [
            -64.195274,
            -31.427165
          ],
          [
            -64.194872,
            -31.427
          ],
          [
            -64.194509,
            -31.426863
          ],
          [
            -64.194478,
            -31.426787
          ],
          [
            -64.194469,
            -31.426766
          ],
          [
            -64.194257,
            -31.426227
          ],
          [
            -64.194255,
            -31.426221
          ],
          [
            -64.194239,
            -31.42618
          ],
          [
            -64.19422,
            -31.426133
          ],
          [
            -64.194217,
            -31.426124
          ],
          [
            -64.194076,
            -31.425803
          ],
          [
            -64.194072,
            -31.425793
          ],
          [
            -64.194044,
            -31.425728
          ],
          [
            -64.194016,
            -31.425659
          ],
          [
            -64.194012,
            -31.425649
          ],
          [
            -64.193799,
            -31.425129
          ],
          [
            -64.193794,
            -31.425118
          ],
          [
            -64.193764,
            -31.425045
          ],
          [
            -64.193737,
            -31.424979
          ],
          [
            -64.193732,
            -31.424969
          ],
          [
            -64.193303,
            -31.423935
          ],
          [
            -64.1933,
            -31.423927
          ],
          [
            -64.19328,
            -31.423877
          ],
          [
            -64.193257,
            -31.423821
          ],
          [
            -64.193252,
            -31.423808
          ],
          [
            -64.193046,
            -31.423323
          ],
          [
            -64.19301,
            -31.423229
          ],
          [
            -64.192822,
            -31.422835
          ],
          [
            -64.192817,
            -31.422826
          ],
          [
            -64.192787,
            -31.422763
          ],
          [
            -64.192763,
            -31.42271
          ],
          [
            -64.192758,
            -31.422699
          ],
          [
            -64.192698,
            -31.422564
          ],
          [
            -64.192573,
            -31.422383
          ],
          [
            -64.192455,
            -31.422273
          ],
          [
            -64.192403,
            -31.42223
          ],
          [
            -64.192332,
            -31.42218
          ],
          [
            -64.191757,
            -31.421847
          ],
          [
            -64.191748,
            -31.421842
          ],
          [
            -64.191681,
            -31.421802
          ],
          [
            -64.19163,
            -31.421772
          ],
          [
            -64.191615,
            -31.421762
          ],
          [
            -64.190716,
            -31.421211
          ],
          [
            -64.190627,
            -31.421142
          ],
          [
            -64.190514,
            -31.42103
          ],
          [
            -64.190452,
            -31.420938
          ],
          [
            -64.19044,
            -31.420922
          ],
          [
            -64.190435,
            -31.420913
          ],
          [
            -64.19041,
            -31.420877
          ],
          [
            -64.19039,
            -31.420832
          ],
          [
            -64.190385,
            -31.420821
          ],
          [
            -64.190038,
            -31.420001
          ],
          [
            -64.190031,
            -31.419983
          ],
          [
            -64.190007,
            -31.419899
          ],
          [
            -64.189976,
            -31.419802
          ],
          [
            -64.189956,
            -31.419714
          ],
          [
            -64.189951,
            -31.419695
          ],
          [
            -64.189855,
            -31.419325
          ],
          [
            -64.189817,
            -31.419043
          ],
          [
            -64.18966,
            -31.418461
          ],
          [
            -64.189595,
            -31.418267
          ],
          [
            -64.189097,
            -31.417094
          ],
          [
            -64.189089,
            -31.417076
          ],
          [
            -64.189049,
            -31.417087
          ],
          [
            -64.18777,
            -31.417441
          ],
          [
            -64.187673,
            -31.417469
          ],
          [
            -64.18769,
            -31.41751
          ],
          [
            -64.188184,
            -31.418665
          ],
          [
            -64.188568,
            -31.419564
          ],
          [
            -64.188701,
            -31.419841
          ],
          [
            -64.188713,
            -31.419861
          ],
          [
            -64.188728,
            -31.419891
          ],
          [
            -64.188735,
            -31.419927
          ],
          [
            -64.188737,
            -31.419959
          ],
          [
            -64.188733,
            -31.419976
          ],
          [
            -64.188728,
            -31.419991
          ],
          [
            -64.188709,
            -31.420032
          ],
          [
            -64.188708,
            -31.420086
          ],
          [
            -64.188709,
            -31.420103
          ]
        ]
      }
    },
    {
      "type": "Feature",
      "id": "route-cordoba-2026-08-27-v3-what-if-balanced-load-v1-02",
      "properties": {
        "truckId": "vehicle-02",
        "waypointDistancesKm": [
          0,
          3.3303780291454825,
          4.385320632007328,
          6.2700997631271145,
          15.120434045743359,
          19.776467818838587,
          28.422026471092742
        ]
      },
      "geometry": {
        "type": "LineString",
        "coordinates": [
          [
            -64.188709,
            -31.420109
          ],
          [
            -64.18871,
            -31.420127
          ],
          [
            -64.188717,
            -31.420178
          ],
          [
            -64.188727,
            -31.42023
          ],
          [
            -64.188737,
            -31.420284
          ],
          [
            -64.188734,
            -31.420338
          ],
          [
            -64.188686,
            -31.420476
          ],
          [
            -64.188614,
            -31.420637
          ],
          [
            -64.188602,
            -31.420666
          ],
          [
            -64.188216,
            -31.421509
          ],
          [
            -64.188008,
            -31.421909
          ],
          [
            -64.187455,
            -31.423057
          ],
          [
            -64.187282,
            -31.423421
          ],
          [
            -64.187225,
            -31.42354
          ],
          [
            -64.187179,
            -31.423635
          ],
          [
            -64.186727,
            -31.424578
          ],
          [
            -64.18644,
            -31.425174
          ],
          [
            -64.186032,
            -31.426085
          ],
          [
            -64.186005,
            -31.426146
          ],
          [
            -64.185991,
            -31.426177
          ],
          [
            -64.185638,
            -31.426928
          ],
          [
            -64.185591,
            -31.427033
          ],
          [
            -64.185475,
            -31.427292
          ],
          [
            -64.185452,
            -31.42734
          ],
          [
            -64.185317,
            -31.427621
          ],
          [
            -64.185278,
            -31.427701
          ],
          [
            -64.185251,
            -31.427773
          ],
          [
            -64.18524,
            -31.427801
          ],
          [
            -64.185211,
            -31.427886
          ],
          [
            -64.185203,
            -31.42792
          ],
          [
            -64.185197,
            -31.427969
          ],
          [
            -64.185195,
            -31.427999
          ],
          [
            -64.185198,
            -31.42802
          ],
          [
            -64.185201,
            -31.428042
          ],
          [
            -64.185215,
            -31.428094
          ],
          [
            -64.18523,
            -31.428147
          ],
          [
            -64.185282,
            -31.428181
          ],
          [
            -64.18533,
            -31.428221
          ],
          [
            -64.185372,
            -31.428265
          ],
          [
            -64.185414,
            -31.42832
          ],
          [
            -64.185448,
            -31.42838
          ],
          [
            -64.185473,
            -31.428443
          ],
          [
            -64.185488,
            -31.428508
          ],
          [
            -64.185494,
            -31.428577
          ],
          [
            -64.185489,
            -31.428647
          ],
          [
            -64.185473,
            -31.428715
          ],
          [
            -64.185452,
            -31.428769
          ],
          [
            -64.185425,
            -31.42882
          ],
          [
            -64.185392,
            -31.428868
          ],
          [
            -64.185374,
            -31.42889
          ],
          [
            -64.185353,
            -31.428914
          ],
          [
            -64.18529,
            -31.42897
          ],
          [
            -64.185242,
            -31.429003
          ],
          [
            -64.185187,
            -31.429034
          ],
          [
            -64.185128,
            -31.429059
          ],
          [
            -64.185067,
            -31.429079
          ],
          [
            -64.185004,
            -31.429094
          ],
          [
            -64.184939,
            -31.429102
          ],
          [
            -64.184873,
            -31.429105
          ],
          [
            -64.18483,
            -31.429103
          ],
          [
            -64.184805,
            -31.429145
          ],
          [
            -64.184753,
            -31.429227
          ],
          [
            -64.184332,
            -31.430003
          ],
          [
            -64.184281,
            -31.430136
          ],
          [
            -64.184245,
            -31.430271
          ],
          [
            -64.184228,
            -31.430396
          ],
          [
            -64.184225,
            -31.430483
          ],
          [
            -64.18423,
            -31.430592
          ],
          [
            -64.184247,
            -31.430714
          ],
          [
            -64.184268,
            -31.430787
          ],
          [
            -64.184316,
            -31.430954
          ],
          [
            -64.184353,
            -31.431137
          ],
          [
            -64.184358,
            -31.431233
          ],
          [
            -64.18436,
            -31.431315
          ],
          [
            -64.184338,
            -31.431459
          ],
          [
            -64.184307,
            -31.431573
          ],
          [
            -64.18424,
            -31.431772
          ],
          [
            -64.18419,
            -31.431892
          ],
          [
            -64.184139,
            -31.432077
          ],
          [
            -64.184045,
            -31.432431
          ],
          [
            -64.184058,
            -31.432462
          ],
          [
            -64.184143,
            -31.432559
          ],
          [
            -64.184298,
            -31.432716
          ],
          [
            -64.184347,
            -31.432842
          ],
          [
            -64.184388,
            -31.432944
          ],
          [
            -64.184422,
            -31.433004
          ],
          [
            -64.184467,
            -31.433062
          ],
          [
            -64.184496,
            -31.433096
          ],
          [
            -64.184546,
            -31.433154
          ],
          [
            -64.184571,
            -31.433161
          ],
          [
            -64.184594,
            -31.433172
          ],
          [
            -64.184615,
            -31.433187
          ],
          [
            -64.184633,
            -31.433204
          ],
          [
            -64.184648,
            -31.433223
          ],
          [
            -64.184658,
            -31.433244
          ],
          [
            -64.184664,
            -31.433266
          ],
          [
            -64.184666,
            -31.433289
          ],
          [
            -64.184663,
            -31.433311
          ],
          [
            -64.184657,
            -31.433332
          ],
          [
            -64.184646,
            -31.433353
          ],
          [
            -64.184632,
            -31.433371
          ],
          [
            -64.184614,
            -31.433387
          ],
          [
            -64.184602,
            -31.433436
          ],
          [
            -64.184608,
            -31.433467
          ],
          [
            -64.184627,
            -31.43352
          ],
          [
            -64.184653,
            -31.433563
          ],
          [
            -64.184704,
            -31.433666
          ],
          [
            -64.184756,
            -31.433796
          ],
          [
            -64.184818,
            -31.433998
          ],
          [
            -64.184886,
            -31.434259
          ],
          [
            -64.184969,
            -31.434549
          ],
          [
            -64.184993,
            -31.434611
          ],
          [
            -64.185016,
            -31.434673
          ],
          [
            -64.185034,
            -31.434698
          ],
          [
            -64.185059,
            -31.434721
          ],
          [
            -64.185124,
            -31.434764
          ],
          [
            -64.185159,
            -31.434775
          ],
          [
            -64.185188,
            -31.434795
          ],
          [
            -64.18521,
            -31.434821
          ],
          [
            -64.185221,
            -31.434851
          ],
          [
            -64.185221,
            -31.434887
          ],
          [
            -64.185206,
            -31.434921
          ],
          [
            -64.185202,
            -31.434986
          ],
          [
            -64.185203,
            -31.435036
          ],
          [
            -64.185206,
            -31.435073
          ],
          [
            -64.185382,
            -31.435745
          ],
          [
            -64.185563,
            -31.436608
          ],
          [
            -64.185596,
            -31.436771
          ],
          [
            -64.185922,
            -31.438327
          ],
          [
            -64.186004,
            -31.438721
          ],
          [
            -64.186019,
            -31.438764
          ],
          [
            -64.186033,
            -31.438805
          ],
          [
            -64.186058,
            -31.43885
          ],
          [
            -64.186077,
            -31.438875
          ],
          [
            -64.186086,
            -31.438888
          ],
          [
            -64.186108,
            -31.438919
          ],
          [
            -64.186133,
            -31.438942
          ],
          [
            -64.186157,
            -31.438951
          ],
          [
            -64.186179,
            -31.438963
          ],
          [
            -64.186198,
            -31.438979
          ],
          [
            -64.186219,
            -31.439004
          ],
          [
            -64.186232,
            -31.439034
          ],
          [
            -64.186235,
            -31.439065
          ],
          [
            -64.18623,
            -31.439096
          ],
          [
            -64.186216,
            -31.439125
          ],
          [
            -64.1862,
            -31.439143
          ],
          [
            -64.186182,
            -31.439159
          ],
          [
            -64.186159,
            -31.439187
          ],
          [
            -64.186146,
            -31.439206
          ],
          [
            -64.186137,
            -31.439239
          ],
          [
            -64.186137,
            -31.439286
          ],
          [
            -64.186137,
            -31.4393
          ],
          [
            -64.186137,
            -31.439309
          ],
          [
            -64.186138,
            -31.439366
          ],
          [
            -64.186144,
            -31.439411
          ],
          [
            -64.18615,
            -31.439451
          ],
          [
            -64.186271,
            -31.44005
          ],
          [
            -64.186331,
            -31.440342
          ],
          [
            -64.186415,
            -31.440748
          ],
          [
            -64.18646,
            -31.440985
          ],
          [
            -64.186494,
            -31.441164
          ],
          [
            -64.186539,
            -31.441377
          ],
          [
            -64.186669,
            -31.442065
          ],
          [
            -64.18668,
            -31.442146
          ],
          [
            -64.186687,
            -31.442195
          ],
          [
            -64.18673,
            -31.442192
          ],
          [
            -64.186772,
            -31.442197
          ],
          [
            -64.186812,
            -31.44221
          ],
          [
            -64.186848,
            -31.442231
          ],
          [
            -64.186877,
            -31.442257
          ],
          [
            -64.1869,
            -31.442288
          ],
          [
            -64.186914,
            -31.442322
          ],
          [
            -64.186919,
            -31.442359
          ],
          [
            -64.186915,
            -31.442395
          ],
          [
            -64.186901,
            -31.44243
          ],
          [
            -64.18688,
            -31.442461
          ],
          [
            -64.18685,
            -31.442488
          ],
          [
            -64.186815,
            -31.442508
          ],
          [
            -64.186773,
            -31.442523
          ],
          [
            -64.186784,
            -31.442612
          ],
          [
            -64.186791,
            -31.442667
          ],
          [
            -64.186766,
            -31.442797
          ],
          [
            -64.186762,
            -31.443004
          ],
          [
            -64.186752,
            -31.443406
          ],
          [
            -64.18675,
            -31.443563
          ],
          [
            -64.18808,
            -31.443571
          ],
          [
            -64.188076,
            -31.443768
          ],
          [
            -64.18867,
            -31.44378
          ],
          [
            -64.189025,
            -31.44379
          ],
          [
            -64.189288,
            -31.443794
          ],
          [
            -64.189287,
            -31.443947
          ],
          [
            -64.189989,
            -31.444004
          ],
          [
            -64.189979,
            -31.444631
          ],
          [
            -64.190267,
            -31.444646
          ],
          [
            -64.190994,
            -31.444648
          ],
          [
            -64.191017,
            -31.444665
          ],
          [
            -64.191017,
            -31.445141
          ],
          [
            -64.191028,
            -31.445215
          ],
          [
            -64.192081,
            -31.445024
          ],
          [
            -64.192146,
            -31.445017
          ],
          [
            -64.192211,
            -31.445024
          ],
          [
            -64.192392,
            -31.445063
          ],
          [
            -64.192421,
            -31.445077
          ],
          [
            -64.192439,
            -31.445099
          ],
          [
            -64.192444,
            -31.445127
          ],
          [
            -64.192403,
            -31.44534
          ],
          [
            -64.192588,
            -31.445415
          ],
          [
            -64.192649,
            -31.445431
          ],
          [
            -64.19271,
            -31.445432
          ],
          [
            -64.19347,
            -31.445263
          ],
          [
            -64.193835,
            -31.445194
          ],
          [
            -64.193453,
            -31.443683
          ],
          [
            -64.193447,
            -31.443617
          ],
          [
            -64.193473,
            -31.443467
          ],
          [
            -64.193484,
            -31.443422
          ],
          [
            -64.193522,
            -31.44331
          ],
          [
            -64.193696,
            -31.443329
          ],
          [
            -64.193979,
            -31.443344
          ],
          [
            -64.194051,
            -31.443343
          ],
          [
            -64.194177,
            -31.443326
          ],
          [
            -64.194253,
            -31.443313
          ],
          [
            -64.194324,
            -31.443282
          ],
          [
            -64.194427,
            -31.443299
          ],
          [
            -64.194438,
            -31.443289
          ],
          [
            -64.19446,
            -31.443277
          ],
          [
            -64.19449,
            -31.443267
          ],
          [
            -64.19452,
            -31.443265
          ],
          [
            -64.19455,
            -31.443269
          ],
          [
            -64.194577,
            -31.44328
          ],
          [
            -64.194588,
            -31.443288
          ],
          [
            -64.195415,
            -31.443576
          ],
          [
            -64.19608,
            -31.443649
          ],
          [
            -64.197869,
            -31.443859
          ],
          [
            -64.19795,
            -31.443847
          ],
          [
            -64.198025,
            -31.44384
          ],
          [
            -64.198194,
            -31.443843
          ],
          [
            -64.198379,
            -31.443866
          ],
          [
            -64.198754,
            -31.443912
          ],
          [
            -64.198756,
            -31.44384
          ],
          [
            -64.198345,
            -31.442787
          ],
          [
            -64.198751,
            -31.442718
          ],
          [
            -64.199135,
            -31.442655
          ],
          [
            -64.199279,
            -31.44263
          ],
          [
            -64.199432,
            -31.442601
          ],
          [
            -64.199833,
            -31.442526
          ],
          [
            -64.200021,
            -31.442491
          ],
          [
            -64.200238,
            -31.442451
          ],
          [
            -64.200418,
            -31.44242
          ],
          [
            -64.200486,
            -31.442409
          ],
          [
            -64.20054,
            -31.4424
          ],
          [
            -64.20099,
            -31.442337
          ],
          [
            -64.201676,
            -31.44222
          ],
          [
            -64.202419,
            -31.442105
          ],
          [
            -64.203126,
            -31.441987
          ],
          [
            -64.203868,
            -31.441873
          ],
          [
            -64.204156,
            -31.441832
          ],
          [
            -64.204571,
            -31.441769
          ],
          [
            -64.204983,
            -31.441706
          ],
          [
            -64.205765,
            -31.441592
          ],
          [
            -64.205936,
            -31.441566
          ],
          [
            -64.206426,
            -31.441422
          ],
          [
            -64.207038,
            -31.441241
          ],
          [
            -64.208169,
            -31.441
          ],
          [
            -64.209944,
            -31.440635
          ],
          [
            -64.211498,
            -31.440317
          ],
          [
            -64.211549,
            -31.440298
          ],
          [
            -64.211572,
            -31.440274
          ],
          [
            -64.211589,
            -31.440223
          ],
          [
            -64.211546,
            -31.440191
          ],
          [
            -64.212008,
            -31.439663
          ],
          [
            -64.211314,
            -31.439178
          ],
          [
            -64.210878,
            -31.438873
          ],
          [
            -64.210455,
            -31.438577
          ],
          [
            -64.210003,
            -31.43828
          ],
          [
            -64.209566,
            -31.438594
          ],
          [
            -64.209469,
            -31.438655
          ],
          [
            -64.209411,
            -31.438688
          ],
          [
            -64.209641,
            -31.43885
          ],
          [
            -64.209981,
            -31.439089
          ],
          [
            -64.210209,
            -31.439249
          ],
          [
            -64.210823,
            -31.43968
          ],
          [
            -64.210938,
            -31.439763
          ],
          [
            -64.211546,
            -31.440191
          ],
          [
            -64.211589,
            -31.440223
          ],
          [
            -64.212262,
            -31.440697
          ],
          [
            -64.212311,
            -31.440731
          ],
          [
            -64.212987,
            -31.441195
          ],
          [
            -64.213055,
            -31.441267
          ],
          [
            -64.214007,
            -31.44108
          ],
          [
            -64.213991,
            -31.441018
          ],
          [
            -64.213911,
            -31.4407
          ],
          [
            -64.213915,
            -31.440665
          ],
          [
            -64.21393,
            -31.440635
          ],
          [
            -64.213957,
            -31.440614
          ],
          [
            -64.214012,
            -31.440598
          ],
          [
            -64.214909,
            -31.440415
          ],
          [
            -64.215042,
            -31.440358
          ],
          [
            -64.215081,
            -31.440326
          ],
          [
            -64.215115,
            -31.44028
          ],
          [
            -64.215148,
            -31.440228
          ],
          [
            -64.215169,
            -31.440181
          ],
          [
            -64.21519,
            -31.440084
          ],
          [
            -64.215189,
            -31.43993
          ],
          [
            -64.215187,
            -31.439744
          ],
          [
            -64.215186,
            -31.439706
          ],
          [
            -64.215183,
            -31.439614
          ],
          [
            -64.215178,
            -31.43875
          ],
          [
            -64.215837,
            -31.438746
          ],
          [
            -64.216542,
            -31.438761
          ],
          [
            -64.216538,
            -31.438182
          ],
          [
            -64.216532,
            -31.436955
          ],
          [
            -64.216553,
            -31.436871
          ],
          [
            -64.216615,
            -31.43689
          ],
          [
            -64.216672,
            -31.436894
          ],
          [
            -64.217686,
            -31.436894
          ],
          [
            -64.218114,
            -31.436893
          ],
          [
            -64.218683,
            -31.436895
          ],
          [
            -64.219271,
            -31.436899
          ],
          [
            -64.219885,
            -31.436907
          ],
          [
            -64.221327,
            -31.436923
          ],
          [
            -64.221404,
            -31.436923
          ],
          [
            -64.222095,
            -31.436926
          ],
          [
            -64.222736,
            -31.436925
          ],
          [
            -64.223359,
            -31.436925
          ],
          [
            -64.22419,
            -31.436928
          ],
          [
            -64.22499,
            -31.436924
          ],
          [
            -64.225817,
            -31.436921
          ],
          [
            -64.226626,
            -31.436914
          ],
          [
            -64.227036,
            -31.436915
          ],
          [
            -64.227313,
            -31.436914
          ],
          [
            -64.228006,
            -31.436901
          ],
          [
            -64.228695,
            -31.436902
          ],
          [
            -64.229494,
            -31.436893
          ],
          [
            -64.229685,
            -31.436893
          ],
          [
            -64.230104,
            -31.436889
          ],
          [
            -64.230955,
            -31.436883
          ],
          [
            -64.231655,
            -31.436886
          ],
          [
            -64.232386,
            -31.436876
          ],
          [
            -64.233457,
            -31.43687
          ],
          [
            -64.234668,
            -31.436864
          ],
          [
            -64.235868,
            -31.436857
          ],
          [
            -64.237044,
            -31.436862
          ],
          [
            -64.237638,
            -31.436865
          ],
          [
            -64.238214,
            -31.436868
          ],
          [
            -64.239407,
            -31.436873
          ],
          [
            -64.239845,
            -31.436875
          ],
          [
            -64.240163,
            -31.436876
          ],
          [
            -64.240608,
            -31.436878
          ],
          [
            -64.241789,
            -31.436883
          ],
          [
            -64.242824,
            -31.436894
          ],
          [
            -64.243753,
            -31.436933
          ],
          [
            -64.243803,
            -31.436939
          ],
          [
            -64.243891,
            -31.436971
          ],
          [
            -64.244004,
            -31.437007
          ],
          [
            -64.24409,
            -31.437016
          ],
          [
            -64.244906,
            -31.43702
          ],
          [
            -64.245959,
            -31.437024
          ],
          [
            -64.246978,
            -31.437026
          ],
          [
            -64.246978,
            -31.436795
          ],
          [
            -64.248061,
            -31.436797
          ],
          [
            -64.248057,
            -31.435789
          ],
          [
            -64.248055,
            -31.435366
          ],
          [
            -64.248053,
            -31.434801
          ],
          [
            -64.248048,
            -31.433765
          ],
          [
            -64.248042,
            -31.432762
          ],
          [
            -64.248058,
            -31.432635
          ],
          [
            -64.248102,
            -31.432638
          ],
          [
            -64.248437,
            -31.432671
          ],
          [
            -64.249326,
            -31.432724
          ],
          [
            -64.250501,
            -31.432812
          ],
          [
            -64.251057,
            -31.432845
          ],
          [
            -64.251699,
            -31.432878
          ],
          [
            -64.251759,
            -31.432882
          ],
          [
            -64.252762,
            -31.432956
          ],
          [
            -64.252906,
            -31.432961
          ],
          [
            -64.253394,
            -31.432983
          ],
          [
            -64.253801,
            -31.432982
          ],
          [
            -64.254266,
            -31.433006
          ],
          [
            -64.254915,
            -31.433053
          ],
          [
            -64.255863,
            -31.433121
          ],
          [
            -64.256014,
            -31.433129
          ],
          [
            -64.256148,
            -31.43314
          ],
          [
            -64.258224,
            -31.433289
          ],
          [
            -64.258265,
            -31.433292
          ],
          [
            -64.259776,
            -31.433398
          ],
          [
            -64.260177,
            -31.433426
          ],
          [
            -64.261003,
            -31.433479
          ],
          [
            -64.262582,
            -31.433584
          ],
          [
            -64.262814,
            -31.433597
          ],
          [
            -64.263835,
            -31.433658
          ],
          [
            -64.263941,
            -31.433665
          ],
          [
            -64.26398,
            -31.433197
          ],
          [
            -64.263942,
            -31.433085
          ],
          [
            -64.263931,
            -31.432901
          ],
          [
            -64.263925,
            -31.432372
          ],
          [
            -64.263913,
            -31.431868
          ],
          [
            -64.263916,
            -31.431398
          ],
          [
            -64.263918,
            -31.431312
          ],
          [
            -64.263909,
            -31.430407
          ],
          [
            -64.263909,
            -31.429559
          ],
          [
            -64.263911,
            -31.429156
          ],
          [
            -64.263907,
            -31.427912
          ],
          [
            -64.263907,
            -31.426666
          ],
          [
            -64.263884,
            -31.425552
          ],
          [
            -64.263888,
            -31.425462
          ],
          [
            -64.263889,
            -31.425411
          ],
          [
            -64.263878,
            -31.424279
          ],
          [
            -64.263877,
            -31.424141
          ],
          [
            -64.263877,
            -31.423873
          ],
          [
            -64.263883,
            -31.423017
          ],
          [
            -64.263884,
            -31.422945
          ],
          [
            -64.263874,
            -31.42208
          ],
          [
            -64.263873,
            -31.421804
          ],
          [
            -64.263874,
            -31.421633
          ],
          [
            -64.263866,
            -31.420477
          ],
          [
            -64.263856,
            -31.419487
          ],
          [
            -64.263853,
            -31.419246
          ],
          [
            -64.263854,
            -31.41849
          ],
          [
            -64.26385,
            -31.418093
          ],
          [
            -64.263842,
            -31.417496
          ],
          [
            -64.263846,
            -31.4169
          ],
          [
            -64.263844,
            -31.416503
          ],
          [
            -64.263841,
            -31.41576
          ],
          [
            -64.263838,
            -31.415517
          ],
          [
            -64.263844,
            -31.414524
          ],
          [
            -64.263839,
            -31.413539
          ],
          [
            -64.263845,
            -31.41304
          ],
          [
            -64.263851,
            -31.412539
          ],
          [
            -64.263862,
            -31.411528
          ],
          [
            -64.264391,
            -31.411531
          ],
          [
            -64.264687,
            -31.411537
          ],
          [
            -64.26491,
            -31.411541
          ],
          [
            -64.265415,
            -31.411549
          ],
          [
            -64.265417,
            -31.411085
          ],
          [
            -64.265419,
            -31.41036
          ],
          [
            -64.265425,
            -31.409236
          ],
          [
            -64.266151,
            -31.409236
          ],
          [
            -64.266896,
            -31.409234
          ],
          [
            -64.267623,
            -31.409235
          ],
          [
            -64.268371,
            -31.409232
          ],
          [
            -64.269118,
            -31.409236
          ],
          [
            -64.269449,
            -31.409224
          ],
          [
            -64.269469,
            -31.408835
          ],
          [
            -64.269503,
            -31.408446
          ],
          [
            -64.269542,
            -31.408056
          ],
          [
            -64.269562,
            -31.407817
          ],
          [
            -64.269587,
            -31.40757
          ],
          [
            -64.269724,
            -31.406741
          ],
          [
            -64.269725,
            -31.406116
          ],
          [
            -64.269727,
            -31.405484
          ],
          [
            -64.269731,
            -31.405154
          ],
          [
            -64.26973,
            -31.404555
          ],
          [
            -64.269732,
            -31.404346
          ],
          [
            -64.269724,
            -31.403862
          ],
          [
            -64.269715,
            -31.403558
          ],
          [
            -64.269695,
            -31.403262
          ],
          [
            -64.269678,
            -31.403074
          ],
          [
            -64.269654,
            -31.402865
          ],
          [
            -64.269628,
            -31.402686
          ],
          [
            -64.269597,
            -31.402488
          ],
          [
            -64.269555,
            -31.402274
          ],
          [
            -64.269497,
            -31.402011
          ],
          [
            -64.269439,
            -31.401791
          ],
          [
            -64.269376,
            -31.401575
          ],
          [
            -64.269307,
            -31.401357
          ],
          [
            -64.269238,
            -31.401156
          ],
          [
            -64.269159,
            -31.400938
          ],
          [
            -64.269049,
            -31.400662
          ],
          [
            -64.268944,
            -31.400412
          ],
          [
            -64.268843,
            -31.400179
          ],
          [
            -64.268676,
            -31.399798
          ],
          [
            -64.268447,
            -31.399289
          ],
          [
            -64.268103,
            -31.398745
          ],
          [
            -64.268017,
            -31.398549
          ],
          [
            -64.26783,
            -31.398125
          ],
          [
            -64.267711,
            -31.39786
          ],
          [
            -64.267634,
            -31.397699
          ],
          [
            -64.267584,
            -31.397599
          ],
          [
            -64.267499,
            -31.39745
          ],
          [
            -64.267432,
            -31.397342
          ],
          [
            -64.267367,
            -31.397249
          ],
          [
            -64.267286,
            -31.397144
          ],
          [
            -64.267195,
            -31.397037
          ],
          [
            -64.267129,
            -31.396952
          ],
          [
            -64.26706,
            -31.396848
          ],
          [
            -64.267002,
            -31.396769
          ],
          [
            -64.266936,
            -31.396687
          ],
          [
            -64.266833,
            -31.396568
          ],
          [
            -64.266702,
            -31.396418
          ],
          [
            -64.266522,
            -31.396214
          ],
          [
            -64.266395,
            -31.39608
          ],
          [
            -64.266305,
            -31.395997
          ],
          [
            -64.266205,
            -31.395916
          ],
          [
            -64.266107,
            -31.39584
          ],
          [
            -64.265994,
            -31.395772
          ],
          [
            -64.265888,
            -31.395711
          ],
          [
            -64.265759,
            -31.395647
          ],
          [
            -64.26563,
            -31.395589
          ],
          [
            -64.265491,
            -31.39553
          ],
          [
            -64.265363,
            -31.395486
          ],
          [
            -64.265237,
            -31.395451
          ],
          [
            -64.265057,
            -31.395415
          ],
          [
            -64.264657,
            -31.395328
          ],
          [
            -64.264648,
            -31.395626
          ],
          [
            -64.26424,
            -31.395821
          ],
          [
            -64.263613,
            -31.39613
          ],
          [
            -64.263573,
            -31.39615
          ],
          [
            -64.263457,
            -31.39621
          ],
          [
            -64.262989,
            -31.396433
          ],
          [
            -64.262523,
            -31.396648
          ],
          [
            -64.261865,
            -31.396965
          ],
          [
            -64.261505,
            -31.39715
          ],
          [
            -64.261105,
            -31.397346
          ],
          [
            -64.260331,
            -31.397716
          ],
          [
            -64.259557,
            -31.398064
          ],
          [
            -64.259029,
            -31.398314
          ],
          [
            -64.258489,
            -31.398572
          ],
          [
            -64.258107,
            -31.398775
          ],
          [
            -64.257409,
            -31.399107
          ],
          [
            -64.25734,
            -31.39914
          ],
          [
            -64.257004,
            -31.39846
          ],
          [
            -64.256699,
            -31.397828
          ],
          [
            -64.256393,
            -31.39721
          ],
          [
            -64.256089,
            -31.39659
          ],
          [
            -64.255795,
            -31.395972
          ],
          [
            -64.255582,
            -31.395509
          ],
          [
            -64.255604,
            -31.395468
          ],
          [
            -64.255566,
            -31.395388
          ],
          [
            -64.255523,
            -31.395301
          ],
          [
            -64.255481,
            -31.395218
          ],
          [
            -64.255244,
            -31.394727
          ],
          [
            -64.254968,
            -31.394112
          ],
          [
            -64.254905,
            -31.393983
          ],
          [
            -64.254703,
            -31.393569
          ],
          [
            -64.254658,
            -31.393476
          ],
          [
            -64.254368,
            -31.392862
          ],
          [
            -64.254316,
            -31.392764
          ],
          [
            -64.254258,
            -31.392643
          ],
          [
            -64.254016,
            -31.392138
          ],
          [
            -64.253933,
            -31.391969
          ],
          [
            -64.253859,
            -31.391811
          ],
          [
            -64.253661,
            -31.391403
          ],
          [
            -64.253481,
            -31.391031
          ],
          [
            -64.253231,
            -31.390511
          ],
          [
            -64.25309,
            -31.390221
          ],
          [
            -64.252985,
            -31.390006
          ],
          [
            -64.252723,
            -31.389465
          ],
          [
            -64.252602,
            -31.389224
          ],
          [
            -64.252327,
            -31.388669
          ],
          [
            -64.252071,
            -31.388137
          ],
          [
            -64.251996,
            -31.387988
          ],
          [
            -64.251876,
            -31.387747
          ],
          [
            -64.251169,
            -31.38802
          ],
          [
            -64.251039,
            -31.387761
          ],
          [
            -64.251169,
            -31.38802
          ],
          [
            -64.251272,
            -31.38798
          ],
          [
            -64.251876,
            -31.387747
          ],
          [
            -64.251996,
            -31.387988
          ],
          [
            -64.252071,
            -31.388137
          ],
          [
            -64.252327,
            -31.388669
          ],
          [
            -64.252602,
            -31.389224
          ],
          [
            -64.252723,
            -31.389465
          ],
          [
            -64.252985,
            -31.390006
          ],
          [
            -64.25309,
            -31.390221
          ],
          [
            -64.253231,
            -31.390511
          ],
          [
            -64.253481,
            -31.391031
          ],
          [
            -64.253661,
            -31.391403
          ],
          [
            -64.253859,
            -31.391811
          ],
          [
            -64.253933,
            -31.391969
          ],
          [
            -64.254016,
            -31.392138
          ],
          [
            -64.254258,
            -31.392643
          ],
          [
            -64.254316,
            -31.392764
          ],
          [
            -64.254368,
            -31.392862
          ],
          [
            -64.254658,
            -31.393476
          ],
          [
            -64.254703,
            -31.393569
          ],
          [
            -64.254905,
            -31.393983
          ],
          [
            -64.254968,
            -31.394112
          ],
          [
            -64.255244,
            -31.394727
          ],
          [
            -64.255481,
            -31.395218
          ],
          [
            -64.255523,
            -31.395301
          ],
          [
            -64.255566,
            -31.395388
          ],
          [
            -64.255455,
            -31.395429
          ],
          [
            -64.255218,
            -31.395514
          ],
          [
            -64.255021,
            -31.395585
          ],
          [
            -64.254661,
            -31.395719
          ],
          [
            -64.254404,
            -31.395814
          ],
          [
            -64.254263,
            -31.395865
          ],
          [
            -64.253974,
            -31.395968
          ],
          [
            -64.253563,
            -31.396114
          ],
          [
            -64.253293,
            -31.396211
          ],
          [
            -64.253073,
            -31.396281
          ],
          [
            -64.252872,
            -31.396342
          ],
          [
            -64.252647,
            -31.396407
          ],
          [
            -64.252413,
            -31.396479
          ],
          [
            -64.252217,
            -31.396535
          ],
          [
            -64.252092,
            -31.396567
          ],
          [
            -64.251886,
            -31.396628
          ],
          [
            -64.251835,
            -31.396643
          ],
          [
            -64.251777,
            -31.396658
          ],
          [
            -64.251718,
            -31.396668
          ],
          [
            -64.251663,
            -31.396671
          ],
          [
            -64.251613,
            -31.396669
          ],
          [
            -64.251556,
            -31.39666
          ],
          [
            -64.25151,
            -31.396647
          ],
          [
            -64.251473,
            -31.396634
          ],
          [
            -64.251426,
            -31.396612
          ],
          [
            -64.25131,
            -31.396557
          ],
          [
            -64.251269,
            -31.396541
          ],
          [
            -64.251232,
            -31.396531
          ],
          [
            -64.25119,
            -31.396521
          ],
          [
            -64.251133,
            -31.396514
          ],
          [
            -64.251007,
            -31.396507
          ],
          [
            -64.250542,
            -31.396485
          ],
          [
            -64.25008,
            -31.396463
          ],
          [
            -64.249629,
            -31.396441
          ],
          [
            -64.24917,
            -31.39642
          ],
          [
            -64.248708,
            -31.396399
          ],
          [
            -64.248368,
            -31.396385
          ],
          [
            -64.248245,
            -31.396379
          ],
          [
            -64.248181,
            -31.396376
          ],
          [
            -64.248007,
            -31.396367
          ],
          [
            -64.247736,
            -31.396355
          ],
          [
            -64.24728,
            -31.396331
          ],
          [
            -64.246755,
            -31.396306
          ],
          [
            -64.246499,
            -31.396292
          ],
          [
            -64.245918,
            -31.396264
          ],
          [
            -64.245843,
            -31.39626
          ],
          [
            -64.245563,
            -31.396248
          ],
          [
            -64.244679,
            -31.396205
          ],
          [
            -64.244569,
            -31.3962
          ],
          [
            -64.244448,
            -31.396192
          ],
          [
            -64.244051,
            -31.396173
          ],
          [
            -64.243668,
            -31.39615
          ],
          [
            -64.243205,
            -31.396122
          ],
          [
            -64.242543,
            -31.396091
          ],
          [
            -64.242004,
            -31.39606
          ],
          [
            -64.241895,
            -31.396053
          ],
          [
            -64.241689,
            -31.396048
          ],
          [
            -64.241143,
            -31.396034
          ],
          [
            -64.240867,
            -31.396047
          ],
          [
            -64.240632,
            -31.396067
          ],
          [
            -64.24055,
            -31.396083
          ],
          [
            -64.240397,
            -31.396112
          ],
          [
            -64.239925,
            -31.396235
          ],
          [
            -64.239485,
            -31.396372
          ],
          [
            -64.238895,
            -31.396567
          ],
          [
            -64.238317,
            -31.396759
          ],
          [
            -64.237674,
            -31.396965
          ],
          [
            -64.237215,
            -31.397113
          ],
          [
            -64.235629,
            -31.397616
          ],
          [
            -64.233747,
            -31.398225
          ],
          [
            -64.233362,
            -31.398347
          ],
          [
            -64.232188,
            -31.398718
          ],
          [
            -64.231477,
            -31.398964
          ],
          [
            -64.230682,
            -31.399205
          ],
          [
            -64.229962,
            -31.399434
          ],
          [
            -64.229501,
            -31.399585
          ],
          [
            -64.227643,
            -31.400199
          ],
          [
            -64.226578,
            -31.400534
          ],
          [
            -64.225762,
            -31.400783
          ],
          [
            -64.22529,
            -31.400927
          ],
          [
            -64.225239,
            -31.400943
          ],
          [
            -64.225154,
            -31.400968
          ],
          [
            -64.223991,
            -31.40132
          ],
          [
            -64.222839,
            -31.401687
          ],
          [
            -64.221738,
            -31.40206
          ],
          [
            -64.220614,
            -31.402418
          ],
          [
            -64.219464,
            -31.402784
          ],
          [
            -64.218336,
            -31.403144
          ],
          [
            -64.217977,
            -31.403257
          ],
          [
            -64.217193,
            -31.403505
          ],
          [
            -64.217157,
            -31.403516
          ],
          [
            -64.216072,
            -31.403859
          ],
          [
            -64.214941,
            -31.404217
          ],
          [
            -64.213791,
            -31.404581
          ],
          [
            -64.21266,
            -31.404938
          ],
          [
            -64.212031,
            -31.40514
          ],
          [
            -64.211525,
            -31.405302
          ],
          [
            -64.21039,
            -31.405657
          ],
          [
            -64.209252,
            -31.406013
          ],
          [
            -64.208574,
            -31.406225
          ],
          [
            -64.208127,
            -31.406364
          ],
          [
            -64.20801,
            -31.406397
          ],
          [
            -64.207098,
            -31.406653
          ],
          [
            -64.206672,
            -31.406773
          ],
          [
            -64.206094,
            -31.406946
          ],
          [
            -64.205842,
            -31.407015
          ],
          [
            -64.205316,
            -31.407161
          ],
          [
            -64.204612,
            -31.407363
          ],
          [
            -64.20369,
            -31.407629
          ],
          [
            -64.203407,
            -31.407711
          ],
          [
            -64.202118,
            -31.408095
          ],
          [
            -64.20072,
            -31.408485
          ],
          [
            -64.199376,
            -31.40886
          ],
          [
            -64.198046,
            -31.409258
          ],
          [
            -64.197272,
            -31.409487
          ],
          [
            -64.196673,
            -31.409666
          ],
          [
            -64.195439,
            -31.41001
          ],
          [
            -64.195287,
            -31.410021
          ],
          [
            -64.19391,
            -31.410425
          ],
          [
            -64.193691,
            -31.41049
          ],
          [
            -64.193225,
            -31.410626
          ],
          [
            -64.19263,
            -31.410801
          ],
          [
            -64.191328,
            -31.411203
          ],
          [
            -64.191516,
            -31.411587
          ],
          [
            -64.191631,
            -31.411801
          ],
          [
            -64.191676,
            -31.411898
          ],
          [
            -64.191721,
            -31.412009
          ],
          [
            -64.191795,
            -31.412224
          ],
          [
            -64.191861,
            -31.412443
          ],
          [
            -64.191886,
            -31.412605
          ],
          [
            -64.191905,
            -31.412812
          ],
          [
            -64.191899,
            -31.412906
          ],
          [
            -64.191783,
            -31.413258
          ],
          [
            -64.191709,
            -31.413482
          ],
          [
            -64.191618,
            -31.413773
          ],
          [
            -64.191161,
            -31.41514
          ],
          [
            -64.190694,
            -31.416604
          ],
          [
            -64.190416,
            -31.416687
          ],
          [
            -64.189089,
            -31.417076
          ],
          [
            -64.189049,
            -31.417087
          ],
          [
            -64.18777,
            -31.417441
          ],
          [
            -64.187673,
            -31.417469
          ],
          [
            -64.18769,
            -31.41751
          ],
          [
            -64.188184,
            -31.418665
          ],
          [
            -64.188568,
            -31.419564
          ],
          [
            -64.188701,
            -31.419841
          ],
          [
            -64.188713,
            -31.419861
          ],
          [
            -64.188728,
            -31.419891
          ],
          [
            -64.188735,
            -31.419927
          ],
          [
            -64.188737,
            -31.419959
          ],
          [
            -64.188733,
            -31.419976
          ],
          [
            -64.188728,
            -31.419991
          ],
          [
            -64.188709,
            -31.420032
          ],
          [
            -64.188708,
            -31.420086
          ],
          [
            -64.188709,
            -31.420103
          ]
        ]
      }
    },
    {
      "type": "Feature",
      "id": "route-cordoba-2026-08-27-v3-what-if-balanced-load-v1-03",
      "properties": {
        "truckId": "vehicle-03",
        "waypointDistancesKm": [
          0,
          2.5641230705357523,
          5.054293614047215,
          8.285154637152685,
          15.261630419474297,
          16.711646695969065,
          28.000380364320613,
          34.38212387438649,
          49.736590291773396,
          57.55624163449622
        ]
      },
      "geometry": {
        "type": "LineString",
        "coordinates": [
          [
            -64.188709,
            -31.420109
          ],
          [
            -64.18871,
            -31.420127
          ],
          [
            -64.188717,
            -31.420178
          ],
          [
            -64.188727,
            -31.42023
          ],
          [
            -64.188737,
            -31.420284
          ],
          [
            -64.188734,
            -31.420338
          ],
          [
            -64.188686,
            -31.420476
          ],
          [
            -64.188614,
            -31.420637
          ],
          [
            -64.188602,
            -31.420666
          ],
          [
            -64.188216,
            -31.421509
          ],
          [
            -64.188139,
            -31.421536
          ],
          [
            -64.187971,
            -31.421596
          ],
          [
            -64.187883,
            -31.421621
          ],
          [
            -64.186582,
            -31.422025
          ],
          [
            -64.185253,
            -31.422438
          ],
          [
            -64.185197,
            -31.422455
          ],
          [
            -64.183898,
            -31.422858
          ],
          [
            -64.182631,
            -31.423252
          ],
          [
            -64.182244,
            -31.42231
          ],
          [
            -64.182096,
            -31.421946
          ],
          [
            -64.182055,
            -31.421848
          ],
          [
            -64.181996,
            -31.421707
          ],
          [
            -64.181525,
            -31.420577
          ],
          [
            -64.181044,
            -31.419435
          ],
          [
            -64.180579,
            -31.418327
          ],
          [
            -64.180572,
            -31.418311
          ],
          [
            -64.180565,
            -31.418294
          ],
          [
            -64.18008,
            -31.417168
          ],
          [
            -64.179602,
            -31.416049
          ],
          [
            -64.17914,
            -31.41493
          ],
          [
            -64.179101,
            -31.414847
          ],
          [
            -64.179079,
            -31.414799
          ],
          [
            -64.178639,
            -31.413739
          ],
          [
            -64.179932,
            -31.413364
          ],
          [
            -64.180884,
            -31.413089
          ],
          [
            -64.181263,
            -31.412979
          ],
          [
            -64.181959,
            -31.412778
          ],
          [
            -64.18258,
            -31.412599
          ],
          [
            -64.182618,
            -31.412588
          ],
          [
            -64.183143,
            -31.412436
          ],
          [
            -64.183865,
            -31.412228
          ],
          [
            -64.183897,
            -31.412219
          ],
          [
            -64.183883,
            -31.412187
          ],
          [
            -64.183413,
            -31.411113
          ],
          [
            -64.183402,
            -31.411089
          ],
          [
            -64.18338,
            -31.411096
          ],
          [
            -64.182903,
            -31.411243
          ],
          [
            -64.182158,
            -31.411473
          ],
          [
            -64.182113,
            -31.411487
          ],
          [
            -64.182123,
            -31.411511
          ],
          [
            -64.182569,
            -31.412575
          ],
          [
            -64.18258,
            -31.412599
          ],
          [
            -64.182618,
            -31.412588
          ],
          [
            -64.183143,
            -31.412436
          ],
          [
            -64.183865,
            -31.412228
          ],
          [
            -64.183897,
            -31.412219
          ],
          [
            -64.185292,
            -31.411809
          ],
          [
            -64.186672,
            -31.411397
          ],
          [
            -64.186733,
            -31.411377
          ],
          [
            -64.187411,
            -31.411177
          ],
          [
            -64.188035,
            -31.410984
          ],
          [
            -64.189392,
            -31.410554
          ],
          [
            -64.190628,
            -31.410207
          ],
          [
            -64.190904,
            -31.410127
          ],
          [
            -64.19224,
            -31.409718
          ],
          [
            -64.193509,
            -31.409346
          ],
          [
            -64.194904,
            -31.408956
          ],
          [
            -64.194919,
            -31.408998
          ],
          [
            -64.195275,
            -31.409988
          ],
          [
            -64.195287,
            -31.410021
          ],
          [
            -64.195328,
            -31.410135
          ],
          [
            -64.195422,
            -31.410403
          ],
          [
            -64.195702,
            -31.41115
          ],
          [
            -64.195725,
            -31.41121
          ],
          [
            -64.195741,
            -31.411282
          ],
          [
            -64.197087,
            -31.410895
          ],
          [
            -64.198498,
            -31.410478
          ],
          [
            -64.199837,
            -31.410081
          ],
          [
            -64.199376,
            -31.40886
          ],
          [
            -64.198046,
            -31.409258
          ],
          [
            -64.197272,
            -31.409487
          ],
          [
            -64.197217,
            -31.409503
          ],
          [
            -64.196673,
            -31.409666
          ],
          [
            -64.195439,
            -31.41001
          ],
          [
            -64.195287,
            -31.410021
          ],
          [
            -64.19391,
            -31.410425
          ],
          [
            -64.193691,
            -31.41049
          ],
          [
            -64.193225,
            -31.410626
          ],
          [
            -64.19263,
            -31.410801
          ],
          [
            -64.191328,
            -31.411203
          ],
          [
            -64.191069,
            -31.411286
          ],
          [
            -64.190641,
            -31.411408
          ],
          [
            -64.19029,
            -31.411512
          ],
          [
            -64.189801,
            -31.411651
          ],
          [
            -64.189773,
            -31.411576
          ],
          [
            -64.189392,
            -31.410554
          ],
          [
            -64.189004,
            -31.409416
          ],
          [
            -64.188509,
            -31.408133
          ],
          [
            -64.188397,
            -31.407846
          ],
          [
            -64.188295,
            -31.40759
          ],
          [
            -64.188209,
            -31.407376
          ],
          [
            -64.188164,
            -31.407265
          ],
          [
            -64.188152,
            -31.407231
          ],
          [
            -64.188132,
            -31.40717
          ],
          [
            -64.188096,
            -31.407062
          ],
          [
            -64.18802,
            -31.406838
          ],
          [
            -64.188,
            -31.406773
          ],
          [
            -64.187791,
            -31.406
          ],
          [
            -64.187758,
            -31.405879
          ],
          [
            -64.187743,
            -31.40565
          ],
          [
            -64.187738,
            -31.405576
          ],
          [
            -64.18773,
            -31.40551
          ],
          [
            -64.187711,
            -31.405367
          ],
          [
            -64.187608,
            -31.404405
          ],
          [
            -64.187525,
            -31.403846
          ],
          [
            -64.187686,
            -31.403795
          ],
          [
            -64.188245,
            -31.403593
          ],
          [
            -64.18844,
            -31.403519
          ],
          [
            -64.188709,
            -31.403416
          ],
          [
            -64.189095,
            -31.403251
          ],
          [
            -64.189528,
            -31.403057
          ],
          [
            -64.189869,
            -31.402884
          ],
          [
            -64.190352,
            -31.402598
          ],
          [
            -64.190856,
            -31.402279
          ],
          [
            -64.190986,
            -31.402193
          ],
          [
            -64.191298,
            -31.401926
          ],
          [
            -64.19138,
            -31.40185
          ],
          [
            -64.191684,
            -31.401542
          ],
          [
            -64.191995,
            -31.401193
          ],
          [
            -64.192371,
            -31.400703
          ],
          [
            -64.192738,
            -31.400168
          ],
          [
            -64.192912,
            -31.399907
          ],
          [
            -64.192972,
            -31.39981
          ],
          [
            -64.193137,
            -31.399447
          ],
          [
            -64.193286,
            -31.399076
          ],
          [
            -64.19336,
            -31.398851
          ],
          [
            -64.193035,
            -31.398692
          ],
          [
            -64.192828,
            -31.398638
          ],
          [
            -64.192758,
            -31.398629
          ],
          [
            -64.192639,
            -31.398627
          ],
          [
            -64.191521,
            -31.398962
          ],
          [
            -64.191073,
            -31.397835
          ],
          [
            -64.190589,
            -31.396718
          ],
          [
            -64.190121,
            -31.395636
          ],
          [
            -64.189646,
            -31.394542
          ],
          [
            -64.18949,
            -31.394117
          ],
          [
            -64.189476,
            -31.394081
          ],
          [
            -64.189444,
            -31.39401
          ],
          [
            -64.189418,
            -31.393953
          ],
          [
            -64.189156,
            -31.393332
          ],
          [
            -64.187872,
            -31.39373
          ],
          [
            -64.186592,
            -31.39413
          ],
          [
            -64.185318,
            -31.394528
          ],
          [
            -64.185802,
            -31.395694
          ],
          [
            -64.186036,
            -31.396262
          ],
          [
            -64.186043,
            -31.396284
          ],
          [
            -64.18605,
            -31.396301
          ],
          [
            -64.18626,
            -31.396825
          ],
          [
            -64.18662,
            -31.397697
          ],
          [
            -64.18671,
            -31.397922
          ],
          [
            -64.18716,
            -31.399044
          ],
          [
            -64.18763,
            -31.400137
          ],
          [
            -64.188069,
            -31.401229
          ],
          [
            -64.187472,
            -31.401414
          ],
          [
            -64.186827,
            -31.401612
          ],
          [
            -64.186169,
            -31.401818
          ],
          [
            -64.185541,
            -31.402013
          ],
          [
            -64.184883,
            -31.402218
          ],
          [
            -64.184254,
            -31.402413
          ],
          [
            -64.18394,
            -31.40251
          ],
          [
            -64.183263,
            -31.40272
          ],
          [
            -64.182762,
            -31.402876
          ],
          [
            -64.182701,
            -31.402982
          ],
          [
            -64.182651,
            -31.403105
          ],
          [
            -64.182618,
            -31.403213
          ],
          [
            -64.182586,
            -31.403394
          ],
          [
            -64.18255,
            -31.403744
          ],
          [
            -64.182593,
            -31.40395
          ],
          [
            -64.182602,
            -31.404002
          ],
          [
            -64.182614,
            -31.404246
          ],
          [
            -64.182626,
            -31.404381
          ],
          [
            -64.182656,
            -31.404595
          ],
          [
            -64.182701,
            -31.404839
          ],
          [
            -64.182719,
            -31.40491
          ],
          [
            -64.182707,
            -31.405138
          ],
          [
            -64.182699,
            -31.405207
          ],
          [
            -64.182685,
            -31.405265
          ],
          [
            -64.182671,
            -31.405309
          ],
          [
            -64.182649,
            -31.405339
          ],
          [
            -64.182626,
            -31.405361
          ],
          [
            -64.182595,
            -31.405383
          ],
          [
            -64.18255,
            -31.405402
          ],
          [
            -64.182506,
            -31.405415
          ],
          [
            -64.182456,
            -31.405424
          ],
          [
            -64.182382,
            -31.405421
          ],
          [
            -64.181508,
            -31.405299
          ],
          [
            -64.180836,
            -31.405253
          ],
          [
            -64.18055,
            -31.405252
          ],
          [
            -64.180483,
            -31.405258
          ],
          [
            -64.180357,
            -31.405268
          ],
          [
            -64.180142,
            -31.405304
          ],
          [
            -64.179772,
            -31.40539
          ],
          [
            -64.179564,
            -31.405456
          ],
          [
            -64.177419,
            -31.406158
          ],
          [
            -64.177342,
            -31.406179
          ],
          [
            -64.177066,
            -31.406279
          ],
          [
            -64.176988,
            -31.406308
          ],
          [
            -64.176883,
            -31.406354
          ],
          [
            -64.176461,
            -31.406541
          ],
          [
            -64.176066,
            -31.406755
          ],
          [
            -64.175749,
            -31.40695
          ],
          [
            -64.175465,
            -31.407153
          ],
          [
            -64.175403,
            -31.407211
          ],
          [
            -64.175313,
            -31.407296
          ],
          [
            -64.175097,
            -31.40754
          ],
          [
            -64.174983,
            -31.407682
          ],
          [
            -64.174907,
            -31.407796
          ],
          [
            -64.174855,
            -31.40791
          ],
          [
            -64.174827,
            -31.408021
          ],
          [
            -64.174806,
            -31.408117
          ],
          [
            -64.17477,
            -31.408307
          ],
          [
            -64.174751,
            -31.408412
          ],
          [
            -64.174523,
            -31.409171
          ],
          [
            -64.17449,
            -31.409332
          ],
          [
            -64.174471,
            -31.409471
          ],
          [
            -64.174464,
            -31.40961
          ],
          [
            -64.174472,
            -31.411496
          ],
          [
            -64.174475,
            -31.412094
          ],
          [
            -64.174447,
            -31.413402
          ],
          [
            -64.174415,
            -31.413625
          ],
          [
            -64.17424,
            -31.414332
          ],
          [
            -64.173717,
            -31.415982
          ],
          [
            -64.173663,
            -31.416128
          ],
          [
            -64.173246,
            -31.417005
          ],
          [
            -64.173189,
            -31.417063
          ],
          [
            -64.173132,
            -31.417097
          ],
          [
            -64.172611,
            -31.417293
          ],
          [
            -64.172427,
            -31.417796
          ],
          [
            -64.172362,
            -31.417972
          ],
          [
            -64.172035,
            -31.418849
          ],
          [
            -64.171933,
            -31.419136
          ],
          [
            -64.171764,
            -31.419611
          ],
          [
            -64.171744,
            -31.420189
          ],
          [
            -64.171635,
            -31.420581
          ],
          [
            -64.171451,
            -31.421176
          ],
          [
            -64.171419,
            -31.421293
          ],
          [
            -64.171403,
            -31.421392
          ],
          [
            -64.171398,
            -31.421495
          ],
          [
            -64.171413,
            -31.421643
          ],
          [
            -64.171436,
            -31.421756
          ],
          [
            -64.171474,
            -31.421878
          ],
          [
            -64.171511,
            -31.421974
          ],
          [
            -64.171544,
            -31.422028
          ],
          [
            -64.171607,
            -31.422123
          ],
          [
            -64.17169,
            -31.422218
          ],
          [
            -64.171753,
            -31.422279
          ],
          [
            -64.171873,
            -31.422368
          ],
          [
            -64.172049,
            -31.422478
          ],
          [
            -64.172179,
            -31.422543
          ],
          [
            -64.172217,
            -31.422555
          ],
          [
            -64.172251,
            -31.422558
          ],
          [
            -64.172303,
            -31.422559
          ],
          [
            -64.172341,
            -31.422558
          ],
          [
            -64.172408,
            -31.422546
          ],
          [
            -64.172453,
            -31.422518
          ],
          [
            -64.172502,
            -31.422497
          ],
          [
            -64.172555,
            -31.422483
          ],
          [
            -64.172605,
            -31.422476
          ],
          [
            -64.172655,
            -31.422476
          ],
          [
            -64.172704,
            -31.422481
          ],
          [
            -64.172753,
            -31.422492
          ],
          [
            -64.172799,
            -31.422509
          ],
          [
            -64.172841,
            -31.422531
          ],
          [
            -64.172875,
            -31.422551
          ],
          [
            -64.172916,
            -31.422593
          ],
          [
            -64.172946,
            -31.422632
          ],
          [
            -64.172969,
            -31.422675
          ],
          [
            -64.172983,
            -31.422719
          ],
          [
            -64.17299,
            -31.422766
          ],
          [
            -64.172988,
            -31.422812
          ],
          [
            -64.172977,
            -31.422858
          ],
          [
            -64.172959,
            -31.422902
          ],
          [
            -64.172933,
            -31.422943
          ],
          [
            -64.1729,
            -31.42298
          ],
          [
            -64.17286,
            -31.423012
          ],
          [
            -64.172816,
            -31.423038
          ],
          [
            -64.172767,
            -31.423059
          ],
          [
            -64.172715,
            -31.423073
          ],
          [
            -64.172661,
            -31.42308
          ],
          [
            -64.172606,
            -31.423079
          ],
          [
            -64.172544,
            -31.423089
          ],
          [
            -64.172507,
            -31.423096
          ],
          [
            -64.172462,
            -31.423109
          ],
          [
            -64.172435,
            -31.423121
          ],
          [
            -64.172406,
            -31.423138
          ],
          [
            -64.172367,
            -31.423164
          ],
          [
            -64.171469,
            -31.423973
          ],
          [
            -64.171242,
            -31.42419
          ],
          [
            -64.171052,
            -31.4244
          ],
          [
            -64.17093,
            -31.424567
          ],
          [
            -64.170858,
            -31.424679
          ],
          [
            -64.170811,
            -31.424761
          ],
          [
            -64.170771,
            -31.42484
          ],
          [
            -64.170697,
            -31.424984
          ],
          [
            -64.170524,
            -31.425331
          ],
          [
            -64.17046,
            -31.425459
          ],
          [
            -64.170318,
            -31.425741
          ],
          [
            -64.170087,
            -31.42618
          ],
          [
            -64.169805,
            -31.426679
          ],
          [
            -64.169653,
            -31.426949
          ],
          [
            -64.169596,
            -31.427067
          ],
          [
            -64.169557,
            -31.427171
          ],
          [
            -64.169531,
            -31.427253
          ],
          [
            -64.16952,
            -31.427324
          ],
          [
            -64.169505,
            -31.427423
          ],
          [
            -64.169498,
            -31.427526
          ],
          [
            -64.169505,
            -31.427632
          ],
          [
            -64.169512,
            -31.427685
          ],
          [
            -64.169522,
            -31.427751
          ],
          [
            -64.169534,
            -31.427816
          ],
          [
            -64.16955,
            -31.427895
          ],
          [
            -64.169572,
            -31.427979
          ],
          [
            -64.169651,
            -31.428259
          ],
          [
            -64.16968,
            -31.428347
          ],
          [
            -64.169716,
            -31.428437
          ],
          [
            -64.169777,
            -31.428566
          ],
          [
            -64.169854,
            -31.42873
          ],
          [
            -64.169895,
            -31.428836
          ],
          [
            -64.169905,
            -31.428864
          ],
          [
            -64.169995,
            -31.429131
          ],
          [
            -64.170083,
            -31.429409
          ],
          [
            -64.170146,
            -31.429578
          ],
          [
            -64.170175,
            -31.429683
          ],
          [
            -64.170191,
            -31.429754
          ],
          [
            -64.170197,
            -31.429819
          ],
          [
            -64.170194,
            -31.429875
          ],
          [
            -64.17018,
            -31.429941
          ],
          [
            -64.170165,
            -31.429971
          ],
          [
            -64.170145,
            -31.430004
          ],
          [
            -64.170093,
            -31.430058
          ],
          [
            -64.170035,
            -31.430095
          ],
          [
            -64.169973,
            -31.43012
          ],
          [
            -64.169918,
            -31.430136
          ],
          [
            -64.169853,
            -31.430149
          ],
          [
            -64.169805,
            -31.430153
          ],
          [
            -64.169738,
            -31.430153
          ],
          [
            -64.169612,
            -31.430156
          ],
          [
            -64.169479,
            -31.430166
          ],
          [
            -64.169357,
            -31.430178
          ],
          [
            -64.169038,
            -31.43023
          ],
          [
            -64.168914,
            -31.430259
          ],
          [
            -64.168771,
            -31.430303
          ],
          [
            -64.168588,
            -31.430368
          ],
          [
            -64.168459,
            -31.430437
          ],
          [
            -64.168106,
            -31.430606
          ],
          [
            -64.167804,
            -31.430734
          ],
          [
            -64.167664,
            -31.430791
          ],
          [
            -64.167543,
            -31.430836
          ],
          [
            -64.167218,
            -31.430949
          ],
          [
            -64.167034,
            -31.431002
          ],
          [
            -64.166814,
            -31.431056
          ],
          [
            -64.16639,
            -31.431154
          ],
          [
            -64.165743,
            -31.431233
          ],
          [
            -64.165454,
            -31.431273
          ],
          [
            -64.165252,
            -31.43131
          ],
          [
            -64.165002,
            -31.431375
          ],
          [
            -64.164781,
            -31.431443
          ],
          [
            -64.164358,
            -31.431606
          ],
          [
            -64.163923,
            -31.431815
          ],
          [
            -64.163846,
            -31.431859
          ],
          [
            -64.163688,
            -31.431952
          ],
          [
            -64.163247,
            -31.432128
          ],
          [
            -64.163024,
            -31.432241
          ],
          [
            -64.162784,
            -31.432366
          ],
          [
            -64.162687,
            -31.432417
          ],
          [
            -64.162108,
            -31.432723
          ],
          [
            -64.162,
            -31.432771
          ],
          [
            -64.161908,
            -31.432807
          ],
          [
            -64.161604,
            -31.432912
          ],
          [
            -64.161442,
            -31.432962
          ],
          [
            -64.161375,
            -31.432981
          ],
          [
            -64.161326,
            -31.432987
          ],
          [
            -64.161284,
            -31.432986
          ],
          [
            -64.161244,
            -31.432979
          ],
          [
            -64.161203,
            -31.432965
          ],
          [
            -64.161139,
            -31.432936
          ],
          [
            -64.161091,
            -31.432912
          ],
          [
            -64.161032,
            -31.432878
          ],
          [
            -64.160993,
            -31.432844
          ],
          [
            -64.16097,
            -31.432817
          ],
          [
            -64.16081,
            -31.432557
          ],
          [
            -64.160664,
            -31.432323
          ],
          [
            -64.160544,
            -31.432159
          ],
          [
            -64.160186,
            -31.431447
          ],
          [
            -64.15961,
            -31.431726
          ],
          [
            -64.159541,
            -31.431748
          ],
          [
            -64.159431,
            -31.431759
          ],
          [
            -64.158625,
            -31.431751
          ],
          [
            -64.158623,
            -31.431995
          ],
          [
            -64.158619,
            -31.432365
          ],
          [
            -64.157138,
            -31.432378
          ],
          [
            -64.157146,
            -31.433035
          ],
          [
            -64.157143,
            -31.433153
          ],
          [
            -64.157141,
            -31.433204
          ],
          [
            -64.156973,
            -31.433202
          ],
          [
            -64.15657,
            -31.433195
          ],
          [
            -64.155303,
            -31.433183
          ],
          [
            -64.154236,
            -31.433187
          ],
          [
            -64.153993,
            -31.433187
          ],
          [
            -64.15331,
            -31.433188
          ],
          [
            -64.153107,
            -31.433188
          ],
          [
            -64.15309,
            -31.433188
          ],
          [
            -64.152309,
            -31.433183
          ],
          [
            -64.151853,
            -31.433177
          ],
          [
            -64.151682,
            -31.433184
          ],
          [
            -64.151519,
            -31.433191
          ],
          [
            -64.151141,
            -31.433218
          ],
          [
            -64.150902,
            -31.433243
          ],
          [
            -64.150669,
            -31.433275
          ],
          [
            -64.150332,
            -31.433336
          ],
          [
            -64.150152,
            -31.433364
          ],
          [
            -64.149998,
            -31.433375
          ],
          [
            -64.149143,
            -31.433386
          ],
          [
            -64.148589,
            -31.433394
          ],
          [
            -64.148507,
            -31.433395
          ],
          [
            -64.148427,
            -31.433395
          ],
          [
            -64.147934,
            -31.433397
          ],
          [
            -64.147546,
            -31.433399
          ],
          [
            -64.147358,
            -31.4334
          ],
          [
            -64.147079,
            -31.433398
          ],
          [
            -64.146204,
            -31.433389
          ],
          [
            -64.1461,
            -31.433381
          ],
          [
            -64.145931,
            -31.433391
          ],
          [
            -64.145842,
            -31.433391
          ],
          [
            -64.145782,
            -31.433404
          ],
          [
            -64.145746,
            -31.433434
          ],
          [
            -64.14573,
            -31.433467
          ],
          [
            -64.145729,
            -31.433505
          ],
          [
            -64.145731,
            -31.434259
          ],
          [
            -64.145731,
            -31.434379
          ],
          [
            -64.145732,
            -31.43533
          ],
          [
            -64.147153,
            -31.435334
          ],
          [
            -64.147342,
            -31.435332
          ],
          [
            -64.14794,
            -31.435336
          ],
          [
            -64.148522,
            -31.43534
          ],
          [
            -64.148518,
            -31.436006
          ],
          [
            -64.148519,
            -31.436586
          ],
          [
            -64.14852,
            -31.436683
          ],
          [
            -64.148518,
            -31.437301
          ],
          [
            -64.148518,
            -31.437795
          ],
          [
            -64.148518,
            -31.437984
          ],
          [
            -64.148518,
            -31.438475
          ],
          [
            -64.148518,
            -31.438591
          ],
          [
            -64.148518,
            -31.439129
          ],
          [
            -64.148518,
            -31.439235
          ],
          [
            -64.148536,
            -31.439774
          ],
          [
            -64.148519,
            -31.440041
          ],
          [
            -64.148517,
            -31.44026
          ],
          [
            -64.148513,
            -31.440511
          ],
          [
            -64.14852,
            -31.440589
          ],
          [
            -64.148545,
            -31.440653
          ],
          [
            -64.148586,
            -31.440716
          ],
          [
            -64.14864,
            -31.440776
          ],
          [
            -64.149448,
            -31.441424
          ],
          [
            -64.149513,
            -31.441482
          ],
          [
            -64.149533,
            -31.441508
          ],
          [
            -64.149608,
            -31.441605
          ],
          [
            -64.149522,
            -31.441638
          ],
          [
            -64.149245,
            -31.441739
          ],
          [
            -64.149202,
            -31.441755
          ],
          [
            -64.149153,
            -31.441773
          ],
          [
            -64.149104,
            -31.441791
          ],
          [
            -64.149038,
            -31.441816
          ],
          [
            -64.148712,
            -31.441939
          ],
          [
            -64.148569,
            -31.441993
          ],
          [
            -64.148542,
            -31.443415
          ],
          [
            -64.148537,
            -31.443519
          ],
          [
            -64.148527,
            -31.443857
          ],
          [
            -64.148525,
            -31.443967
          ],
          [
            -64.14849,
            -31.445268
          ],
          [
            -64.148494,
            -31.445387
          ],
          [
            -64.148476,
            -31.44582
          ],
          [
            -64.148477,
            -31.445878
          ],
          [
            -64.148475,
            -31.446089
          ],
          [
            -64.148471,
            -31.446461
          ],
          [
            -64.148462,
            -31.447315
          ],
          [
            -64.14846,
            -31.448161
          ],
          [
            -64.148453,
            -31.448389
          ],
          [
            -64.148427,
            -31.449786
          ],
          [
            -64.148414,
            -31.450197
          ],
          [
            -64.148398,
            -31.450648
          ],
          [
            -64.148398,
            -31.450711
          ],
          [
            -64.148388,
            -31.451158
          ],
          [
            -64.148369,
            -31.451797
          ],
          [
            -64.148337,
            -31.453057
          ],
          [
            -64.148335,
            -31.453158
          ],
          [
            -64.148321,
            -31.453592
          ],
          [
            -64.148286,
            -31.454898
          ],
          [
            -64.148272,
            -31.455377
          ],
          [
            -64.148237,
            -31.456124
          ],
          [
            -64.148215,
            -31.456595
          ],
          [
            -64.148205,
            -31.456672
          ],
          [
            -64.148191,
            -31.45672
          ],
          [
            -64.148155,
            -31.456761
          ],
          [
            -64.148138,
            -31.456856
          ],
          [
            -64.148127,
            -31.456988
          ],
          [
            -64.148082,
            -31.457957
          ],
          [
            -64.148104,
            -31.458161
          ],
          [
            -64.148101,
            -31.458322
          ],
          [
            -64.148106,
            -31.458434
          ],
          [
            -64.148118,
            -31.458541
          ],
          [
            -64.148137,
            -31.458643
          ],
          [
            -64.148168,
            -31.458754
          ],
          [
            -64.148203,
            -31.458861
          ],
          [
            -64.148247,
            -31.458968
          ],
          [
            -64.148329,
            -31.459124
          ],
          [
            -64.148459,
            -31.459351
          ],
          [
            -64.148526,
            -31.459432
          ],
          [
            -64.148737,
            -31.459641
          ],
          [
            -64.148942,
            -31.459867
          ],
          [
            -64.149068,
            -31.460004
          ],
          [
            -64.149197,
            -31.460151
          ],
          [
            -64.149306,
            -31.460276
          ],
          [
            -64.149459,
            -31.460448
          ],
          [
            -64.149673,
            -31.460688
          ],
          [
            -64.149825,
            -31.46086
          ],
          [
            -64.149971,
            -31.461019
          ],
          [
            -64.150104,
            -31.461157
          ],
          [
            -64.150198,
            -31.461249
          ],
          [
            -64.150315,
            -31.461359
          ],
          [
            -64.150445,
            -31.461473
          ],
          [
            -64.150565,
            -31.461576
          ],
          [
            -64.150688,
            -31.461679
          ],
          [
            -64.15098,
            -31.461917
          ],
          [
            -64.151454,
            -31.462255
          ],
          [
            -64.151966,
            -31.462618
          ],
          [
            -64.152488,
            -31.463064
          ],
          [
            -64.152891,
            -31.46335
          ],
          [
            -64.15357,
            -31.463825
          ],
          [
            -64.154347,
            -31.464367
          ],
          [
            -64.154749,
            -31.464649
          ],
          [
            -64.155043,
            -31.464852
          ],
          [
            -64.15534,
            -31.465057
          ],
          [
            -64.15564,
            -31.465257
          ],
          [
            -64.155949,
            -31.465454
          ],
          [
            -64.156359,
            -31.465702
          ],
          [
            -64.156772,
            -31.465944
          ],
          [
            -64.1572,
            -31.466181
          ],
          [
            -64.157626,
            -31.466406
          ],
          [
            -64.157958,
            -31.466569
          ],
          [
            -64.158296,
            -31.466729
          ],
          [
            -64.158629,
            -31.466882
          ],
          [
            -64.158965,
            -31.467028
          ],
          [
            -64.159422,
            -31.467217
          ],
          [
            -64.160001,
            -31.467439
          ],
          [
            -64.160468,
            -31.467608
          ],
          [
            -64.160942,
            -31.467764
          ],
          [
            -64.161418,
            -31.467912
          ],
          [
            -64.162013,
            -31.46808
          ],
          [
            -64.162496,
            -31.468204
          ],
          [
            -64.162979,
            -31.468318
          ],
          [
            -64.163352,
            -31.468399
          ],
          [
            -64.16359,
            -31.468445
          ],
          [
            -64.163838,
            -31.468494
          ],
          [
            -64.164211,
            -31.468561
          ],
          [
            -64.164581,
            -31.46862
          ],
          [
            -64.164834,
            -31.468657
          ],
          [
            -64.165202,
            -31.468707
          ],
          [
            -64.165584,
            -31.468749
          ],
          [
            -64.165965,
            -31.468786
          ],
          [
            -64.166339,
            -31.468819
          ],
          [
            -64.16671,
            -31.468847
          ],
          [
            -64.167216,
            -31.468876
          ],
          [
            -64.167714,
            -31.46889
          ],
          [
            -64.168143,
            -31.468897
          ],
          [
            -64.168185,
            -31.468897
          ],
          [
            -64.1686,
            -31.468895
          ],
          [
            -64.169113,
            -31.468884
          ],
          [
            -64.169496,
            -31.468868
          ],
          [
            -64.169866,
            -31.468853
          ],
          [
            -64.170245,
            -31.468837
          ],
          [
            -64.170628,
            -31.468821
          ],
          [
            -64.171003,
            -31.468807
          ],
          [
            -64.171384,
            -31.468791
          ],
          [
            -64.171763,
            -31.468775
          ],
          [
            -64.172139,
            -31.46876
          ],
          [
            -64.172517,
            -31.468744
          ],
          [
            -64.173145,
            -31.468718
          ],
          [
            -64.173774,
            -31.468688
          ],
          [
            -64.174401,
            -31.468649
          ],
          [
            -64.175037,
            -31.468608
          ],
          [
            -64.175668,
            -31.468568
          ],
          [
            -64.176853,
            -31.468492
          ],
          [
            -64.17814,
            -31.468407
          ],
          [
            -64.179468,
            -31.468318
          ],
          [
            -64.180978,
            -31.46822
          ],
          [
            -64.181728,
            -31.468172
          ],
          [
            -64.183267,
            -31.468068
          ],
          [
            -64.183898,
            -31.468026
          ],
          [
            -64.185129,
            -31.467949
          ],
          [
            -64.186072,
            -31.467883
          ],
          [
            -64.187228,
            -31.467809
          ],
          [
            -64.187313,
            -31.467803
          ],
          [
            -64.188139,
            -31.467743
          ],
          [
            -64.188833,
            -31.46769
          ],
          [
            -64.189519,
            -31.467632
          ],
          [
            -64.190079,
            -31.467576
          ],
          [
            -64.190701,
            -31.467509
          ],
          [
            -64.192027,
            -31.467358
          ],
          [
            -64.193217,
            -31.467209
          ],
          [
            -64.194579,
            -31.467041
          ],
          [
            -64.195352,
            -31.466947
          ],
          [
            -64.196112,
            -31.466847
          ],
          [
            -64.198016,
            -31.466602
          ],
          [
            -64.198841,
            -31.466495
          ],
          [
            -64.199871,
            -31.466365
          ],
          [
            -64.200866,
            -31.466234
          ],
          [
            -64.201897,
            -31.466109
          ],
          [
            -64.202984,
            -31.465987
          ],
          [
            -64.203571,
            -31.465911
          ],
          [
            -64.204594,
            -31.465759
          ],
          [
            -64.208269,
            -31.46529
          ],
          [
            -64.208758,
            -31.465226
          ],
          [
            -64.20986,
            -31.465085
          ],
          [
            -64.210636,
            -31.464988
          ],
          [
            -64.211362,
            -31.46489
          ],
          [
            -64.212358,
            -31.464762
          ],
          [
            -64.213503,
            -31.464614
          ],
          [
            -64.215102,
            -31.464411
          ],
          [
            -64.216472,
            -31.464237
          ],
          [
            -64.216974,
            -31.464101
          ],
          [
            -64.217089,
            -31.464086
          ],
          [
            -64.21735,
            -31.46405
          ],
          [
            -64.217494,
            -31.464025
          ],
          [
            -64.21761,
            -31.463997
          ],
          [
            -64.217713,
            -31.463965
          ],
          [
            -64.217835,
            -31.463918
          ],
          [
            -64.21793,
            -31.463872
          ],
          [
            -64.218038,
            -31.463814
          ],
          [
            -64.21814,
            -31.463747
          ],
          [
            -64.218236,
            -31.463675
          ],
          [
            -64.218322,
            -31.463594
          ],
          [
            -64.218385,
            -31.463525
          ],
          [
            -64.218449,
            -31.463446
          ],
          [
            -64.218501,
            -31.463364
          ],
          [
            -64.218552,
            -31.463269
          ],
          [
            -64.218592,
            -31.463181
          ],
          [
            -64.218628,
            -31.463081
          ],
          [
            -64.218652,
            -31.462991
          ],
          [
            -64.218667,
            -31.462899
          ],
          [
            -64.218674,
            -31.4628
          ],
          [
            -64.218676,
            -31.462715
          ],
          [
            -64.21867,
            -31.462632
          ],
          [
            -64.218657,
            -31.462565
          ],
          [
            -64.218638,
            -31.462496
          ],
          [
            -64.218606,
            -31.462416
          ],
          [
            -64.218459,
            -31.46213
          ],
          [
            -64.218439,
            -31.462106
          ],
          [
            -64.218405,
            -31.462013
          ],
          [
            -64.218388,
            -31.461947
          ],
          [
            -64.218386,
            -31.461874
          ],
          [
            -64.218401,
            -31.461818
          ],
          [
            -64.218434,
            -31.461758
          ],
          [
            -64.218478,
            -31.461718
          ],
          [
            -64.218537,
            -31.46168
          ],
          [
            -64.218607,
            -31.461656
          ],
          [
            -64.218675,
            -31.461646
          ],
          [
            -64.218756,
            -31.461645
          ],
          [
            -64.218859,
            -31.461655
          ],
          [
            -64.218926,
            -31.461672
          ],
          [
            -64.219115,
            -31.461713
          ],
          [
            -64.219206,
            -31.461734
          ],
          [
            -64.219294,
            -31.461736
          ],
          [
            -64.219393,
            -31.461718
          ],
          [
            -64.219471,
            -31.461676
          ],
          [
            -64.219514,
            -31.461631
          ],
          [
            -64.219541,
            -31.461587
          ],
          [
            -64.219562,
            -31.461508
          ],
          [
            -64.219564,
            -31.461426
          ],
          [
            -64.219537,
            -31.461191
          ],
          [
            -64.219437,
            -31.460809
          ],
          [
            -64.219101,
            -31.459545
          ],
          [
            -64.218933,
            -31.458948
          ],
          [
            -64.218908,
            -31.458858
          ],
          [
            -64.218806,
            -31.458468
          ],
          [
            -64.218667,
            -31.457893
          ],
          [
            -64.218535,
            -31.45731
          ],
          [
            -64.218442,
            -31.45694
          ],
          [
            -64.218394,
            -31.456745
          ],
          [
            -64.218358,
            -31.456624
          ],
          [
            -64.218336,
            -31.456552
          ],
          [
            -64.218645,
            -31.456198
          ],
          [
            -64.218793,
            -31.456069
          ],
          [
            -64.219074,
            -31.455782
          ],
          [
            -64.219498,
            -31.455307
          ],
          [
            -64.219834,
            -31.454929
          ],
          [
            -64.220329,
            -31.454345
          ],
          [
            -64.220427,
            -31.454099
          ],
          [
            -64.220416,
            -31.454067
          ],
          [
            -64.220316,
            -31.454004
          ],
          [
            -64.220234,
            -31.453951
          ],
          [
            -64.219938,
            -31.453814
          ],
          [
            -64.219854,
            -31.453767
          ],
          [
            -64.219759,
            -31.453745
          ],
          [
            -64.219697,
            -31.453745
          ],
          [
            -64.219645,
            -31.45373
          ],
          [
            -64.219548,
            -31.453652
          ],
          [
            -64.219507,
            -31.453634
          ],
          [
            -64.219467,
            -31.453628
          ],
          [
            -64.219426,
            -31.453637
          ],
          [
            -64.219337,
            -31.453677
          ],
          [
            -64.219275,
            -31.453599
          ],
          [
            -64.219222,
            -31.453478
          ],
          [
            -64.217679,
            -31.45396
          ],
          [
            -64.217605,
            -31.453976
          ],
          [
            -64.217981,
            -31.455366
          ],
          [
            -64.218336,
            -31.456552
          ],
          [
            -64.218358,
            -31.456624
          ],
          [
            -64.218394,
            -31.456745
          ],
          [
            -64.218442,
            -31.45694
          ],
          [
            -64.218535,
            -31.45731
          ],
          [
            -64.218667,
            -31.457893
          ],
          [
            -64.218806,
            -31.458468
          ],
          [
            -64.218908,
            -31.458858
          ],
          [
            -64.218933,
            -31.458948
          ],
          [
            -64.219101,
            -31.459545
          ],
          [
            -64.219437,
            -31.460809
          ],
          [
            -64.219537,
            -31.461191
          ],
          [
            -64.219606,
            -31.461368
          ],
          [
            -64.219626,
            -31.461426
          ],
          [
            -64.219635,
            -31.461512
          ],
          [
            -64.219624,
            -31.461594
          ],
          [
            -64.219575,
            -31.461686
          ],
          [
            -64.219525,
            -31.46177
          ],
          [
            -64.219493,
            -31.461846
          ],
          [
            -64.21949,
            -31.461927
          ],
          [
            -64.219513,
            -31.462039
          ],
          [
            -64.219551,
            -31.462083
          ],
          [
            -64.219583,
            -31.462128
          ],
          [
            -64.219679,
            -31.462282
          ],
          [
            -64.21973,
            -31.462358
          ],
          [
            -64.219791,
            -31.462437
          ],
          [
            -64.219861,
            -31.46251
          ],
          [
            -64.219963,
            -31.462605
          ],
          [
            -64.220075,
            -31.462703
          ],
          [
            -64.220206,
            -31.462818
          ],
          [
            -64.220313,
            -31.462921
          ],
          [
            -64.220414,
            -31.463024
          ],
          [
            -64.220513,
            -31.463128
          ],
          [
            -64.220725,
            -31.463368
          ],
          [
            -64.22086,
            -31.46353
          ],
          [
            -64.220996,
            -31.463739
          ],
          [
            -64.221127,
            -31.463908
          ],
          [
            -64.221226,
            -31.464028
          ],
          [
            -64.221276,
            -31.464088
          ],
          [
            -64.22159,
            -31.464356
          ],
          [
            -64.221692,
            -31.464469
          ],
          [
            -64.221759,
            -31.464538
          ],
          [
            -64.221859,
            -31.464617
          ],
          [
            -64.221953,
            -31.46468
          ],
          [
            -64.222053,
            -31.464741
          ],
          [
            -64.222165,
            -31.464797
          ],
          [
            -64.222247,
            -31.464831
          ],
          [
            -64.222333,
            -31.464857
          ],
          [
            -64.222433,
            -31.464877
          ],
          [
            -64.222534,
            -31.464886
          ],
          [
            -64.222627,
            -31.464885
          ],
          [
            -64.222722,
            -31.464869
          ],
          [
            -64.222807,
            -31.464843
          ],
          [
            -64.222885,
            -31.464809
          ],
          [
            -64.222954,
            -31.464765
          ],
          [
            -64.223007,
            -31.464717
          ],
          [
            -64.223052,
            -31.464663
          ],
          [
            -64.223088,
            -31.464605
          ],
          [
            -64.223117,
            -31.46453
          ],
          [
            -64.22313,
            -31.46446
          ],
          [
            -64.223132,
            -31.464387
          ],
          [
            -64.223119,
            -31.464305
          ],
          [
            -64.22309,
            -31.464236
          ],
          [
            -64.223046,
            -31.464166
          ],
          [
            -64.222985,
            -31.464096
          ],
          [
            -64.222923,
            -31.464045
          ],
          [
            -64.222858,
            -31.464001
          ],
          [
            -64.222783,
            -31.463962
          ],
          [
            -64.222701,
            -31.463926
          ],
          [
            -64.222604,
            -31.463894
          ],
          [
            -64.222485,
            -31.463866
          ],
          [
            -64.222367,
            -31.463849
          ],
          [
            -64.22224,
            -31.46384
          ],
          [
            -64.222105,
            -31.463835
          ],
          [
            -64.221943,
            -31.463837
          ],
          [
            -64.221805,
            -31.463845
          ],
          [
            -64.221674,
            -31.463859
          ],
          [
            -64.221444,
            -31.463884
          ],
          [
            -64.220678,
            -31.463929
          ],
          [
            -64.219698,
            -31.464058
          ],
          [
            -64.218909,
            -31.464162
          ],
          [
            -64.218145,
            -31.464262
          ],
          [
            -64.217359,
            -31.464366
          ],
          [
            -64.216723,
            -31.464447
          ],
          [
            -64.215709,
            -31.464575
          ],
          [
            -64.214752,
            -31.464697
          ],
          [
            -64.213745,
            -31.464824
          ],
          [
            -64.208639,
            -31.465483
          ],
          [
            -64.207863,
            -31.46558
          ],
          [
            -64.207189,
            -31.46574
          ],
          [
            -64.206774,
            -31.465822
          ],
          [
            -64.206481,
            -31.46588
          ],
          [
            -64.206062,
            -31.465969
          ],
          [
            -64.205789,
            -31.466081
          ],
          [
            -64.205606,
            -31.466169
          ],
          [
            -64.205456,
            -31.466258
          ],
          [
            -64.205325,
            -31.46635
          ],
          [
            -64.205228,
            -31.466432
          ],
          [
            -64.20511,
            -31.466546
          ],
          [
            -64.204984,
            -31.466698
          ],
          [
            -64.204762,
            -31.466991
          ],
          [
            -64.204651,
            -31.467129
          ],
          [
            -64.204623,
            -31.467256
          ],
          [
            -64.204653,
            -31.467391
          ],
          [
            -64.204789,
            -31.4676
          ],
          [
            -64.20438,
            -31.468108
          ],
          [
            -64.204307,
            -31.468216
          ],
          [
            -64.204261,
            -31.468296
          ],
          [
            -64.204236,
            -31.468363
          ],
          [
            -64.204224,
            -31.468419
          ],
          [
            -64.204211,
            -31.468531
          ],
          [
            -64.204205,
            -31.468649
          ],
          [
            -64.204216,
            -31.468761
          ],
          [
            -64.204273,
            -31.468989
          ],
          [
            -64.20428,
            -31.469048
          ],
          [
            -64.204273,
            -31.469099
          ],
          [
            -64.20426,
            -31.469135
          ],
          [
            -64.204238,
            -31.469162
          ],
          [
            -64.204205,
            -31.469189
          ],
          [
            -64.204137,
            -31.469219
          ],
          [
            -64.203939,
            -31.46927
          ],
          [
            -64.204036,
            -31.46967
          ],
          [
            -64.204111,
            -31.469983
          ],
          [
            -64.204128,
            -31.470049
          ],
          [
            -64.204307,
            -31.470734
          ],
          [
            -64.204493,
            -31.471424
          ],
          [
            -64.20452,
            -31.471552
          ],
          [
            -64.204537,
            -31.471648
          ],
          [
            -64.204543,
            -31.471724
          ],
          [
            -64.20454,
            -31.471819
          ],
          [
            -64.204528,
            -31.471908
          ],
          [
            -64.204509,
            -31.472004
          ],
          [
            -64.204485,
            -31.472109
          ],
          [
            -64.204447,
            -31.472205
          ],
          [
            -64.204404,
            -31.472299
          ],
          [
            -64.204355,
            -31.472378
          ],
          [
            -64.204314,
            -31.472433
          ],
          [
            -64.204292,
            -31.472461
          ],
          [
            -64.204271,
            -31.472487
          ],
          [
            -64.20422,
            -31.472545
          ],
          [
            -64.204092,
            -31.472679
          ],
          [
            -64.204077,
            -31.472695
          ],
          [
            -64.203611,
            -31.473144
          ],
          [
            -64.203132,
            -31.473602
          ],
          [
            -64.20306,
            -31.473679
          ],
          [
            -64.202995,
            -31.473751
          ],
          [
            -64.202891,
            -31.473887
          ],
          [
            -64.202814,
            -31.474002
          ],
          [
            -64.202747,
            -31.474119
          ],
          [
            -64.202682,
            -31.47425
          ],
          [
            -64.202658,
            -31.474318
          ],
          [
            -64.202635,
            -31.474386
          ],
          [
            -64.202599,
            -31.474518
          ],
          [
            -64.202579,
            -31.474603
          ],
          [
            -64.202559,
            -31.474758
          ],
          [
            -64.202547,
            -31.474902
          ],
          [
            -64.202538,
            -31.475058
          ],
          [
            -64.20254,
            -31.475175
          ],
          [
            -64.20255,
            -31.475314
          ],
          [
            -64.202599,
            -31.476101
          ],
          [
            -64.202668,
            -31.477496
          ],
          [
            -64.202709,
            -31.478274
          ],
          [
            -64.202754,
            -31.4788
          ],
          [
            -64.202809,
            -31.47986
          ],
          [
            -64.202814,
            -31.479934
          ],
          [
            -64.202822,
            -31.480003
          ],
          [
            -64.202831,
            -31.480054
          ],
          [
            -64.202853,
            -31.480169
          ],
          [
            -64.202965,
            -31.48062
          ],
          [
            -64.202993,
            -31.480721
          ],
          [
            -64.20314,
            -31.481262
          ],
          [
            -64.203259,
            -31.481677
          ],
          [
            -64.203385,
            -31.482121
          ],
          [
            -64.203553,
            -31.482587
          ],
          [
            -64.203612,
            -31.482747
          ],
          [
            -64.203973,
            -31.483677
          ],
          [
            -64.204039,
            -31.483668
          ],
          [
            -64.204827,
            -31.483653
          ],
          [
            -64.205466,
            -31.483642
          ],
          [
            -64.206102,
            -31.483633
          ],
          [
            -64.206728,
            -31.483621
          ],
          [
            -64.207351,
            -31.483605
          ],
          [
            -64.207841,
            -31.483595
          ],
          [
            -64.207989,
            -31.483592
          ],
          [
            -64.208629,
            -31.483582
          ],
          [
            -64.208652,
            -31.48461
          ],
          [
            -64.209273,
            -31.484601
          ],
          [
            -64.209269,
            -31.484346
          ],
          [
            -64.209255,
            -31.483572
          ],
          [
            -64.208629,
            -31.483582
          ],
          [
            -64.207989,
            -31.483592
          ],
          [
            -64.207841,
            -31.483595
          ],
          [
            -64.207351,
            -31.483605
          ],
          [
            -64.206728,
            -31.483621
          ],
          [
            -64.206102,
            -31.483633
          ],
          [
            -64.205466,
            -31.483642
          ],
          [
            -64.204827,
            -31.483653
          ],
          [
            -64.204039,
            -31.483668
          ],
          [
            -64.203973,
            -31.483677
          ],
          [
            -64.203903,
            -31.48369
          ],
          [
            -64.203531,
            -31.482768
          ],
          [
            -64.203354,
            -31.482306
          ],
          [
            -64.203279,
            -31.482079
          ],
          [
            -64.203172,
            -31.481692
          ],
          [
            -64.203045,
            -31.481265
          ],
          [
            -64.202898,
            -31.480723
          ],
          [
            -64.202872,
            -31.48063
          ],
          [
            -64.202766,
            -31.480208
          ],
          [
            -64.20275,
            -31.480137
          ],
          [
            -64.202737,
            -31.480045
          ],
          [
            -64.202725,
            -31.479938
          ],
          [
            -64.202716,
            -31.479822
          ],
          [
            -64.202709,
            -31.479587
          ],
          [
            -64.202676,
            -31.478958
          ],
          [
            -64.202641,
            -31.478384
          ],
          [
            -64.202629,
            -31.478312
          ],
          [
            -64.202627,
            -31.47827
          ],
          [
            -64.202603,
            -31.477619
          ],
          [
            -64.2026,
            -31.4775
          ],
          [
            -64.202585,
            -31.477041
          ],
          [
            -64.202534,
            -31.476102
          ],
          [
            -64.202479,
            -31.475176
          ],
          [
            -64.202474,
            -31.475058
          ],
          [
            -64.202472,
            -31.475005
          ],
          [
            -64.202471,
            -31.474994
          ],
          [
            -64.202473,
            -31.474859
          ],
          [
            -64.20248,
            -31.474768
          ],
          [
            -64.202488,
            -31.474686
          ],
          [
            -64.202508,
            -31.474582
          ],
          [
            -64.202527,
            -31.474494
          ],
          [
            -64.202549,
            -31.474398
          ],
          [
            -64.202581,
            -31.474309
          ],
          [
            -64.202623,
            -31.474223
          ],
          [
            -64.202655,
            -31.474154
          ],
          [
            -64.202714,
            -31.474036
          ],
          [
            -64.202787,
            -31.473913
          ],
          [
            -64.20284,
            -31.473833
          ],
          [
            -64.202906,
            -31.473744
          ],
          [
            -64.203003,
            -31.473638
          ],
          [
            -64.203079,
            -31.473561
          ],
          [
            -64.203307,
            -31.473335
          ],
          [
            -64.204047,
            -31.472623
          ],
          [
            -64.204149,
            -31.472517
          ],
          [
            -64.204211,
            -31.472444
          ],
          [
            -64.204291,
            -31.472336
          ],
          [
            -64.204353,
            -31.472213
          ],
          [
            -64.204403,
            -31.472088
          ],
          [
            -64.204435,
            -31.471988
          ],
          [
            -64.204457,
            -31.47189
          ],
          [
            -64.20447,
            -31.471798
          ],
          [
            -64.20447,
            -31.471716
          ],
          [
            -64.204464,
            -31.471627
          ],
          [
            -64.20445,
            -31.471539
          ],
          [
            -64.204425,
            -31.471438
          ],
          [
            -64.20414,
            -31.470381
          ],
          [
            -64.204021,
            -31.469905
          ],
          [
            -64.204008,
            -31.469852
          ],
          [
            -64.203976,
            -31.469757
          ],
          [
            -64.203894,
            -31.469515
          ],
          [
            -64.203833,
            -31.469298
          ],
          [
            -64.203768,
            -31.469052
          ],
          [
            -64.203693,
            -31.468784
          ],
          [
            -64.203614,
            -31.468503
          ],
          [
            -64.203066,
            -31.466515
          ],
          [
            -64.202834,
            -31.465663
          ],
          [
            -64.20272,
            -31.465438
          ],
          [
            -64.202682,
            -31.465363
          ],
          [
            -64.202628,
            -31.465274
          ],
          [
            -64.202567,
            -31.465192
          ],
          [
            -64.202512,
            -31.465126
          ],
          [
            -64.202454,
            -31.465066
          ],
          [
            -64.202392,
            -31.465013
          ],
          [
            -64.202331,
            -31.464972
          ],
          [
            -64.202256,
            -31.464931
          ],
          [
            -64.202176,
            -31.464898
          ],
          [
            -64.202097,
            -31.464879
          ],
          [
            -64.202006,
            -31.46487
          ],
          [
            -64.201914,
            -31.464876
          ],
          [
            -64.201826,
            -31.464893
          ],
          [
            -64.201744,
            -31.464922
          ],
          [
            -64.201678,
            -31.464958
          ],
          [
            -64.201614,
            -31.465005
          ],
          [
            -64.201551,
            -31.46507
          ],
          [
            -64.201503,
            -31.465141
          ],
          [
            -64.20147,
            -31.465223
          ],
          [
            -64.201454,
            -31.465304
          ],
          [
            -64.201455,
            -31.465395
          ],
          [
            -64.201477,
            -31.465484
          ],
          [
            -64.201517,
            -31.465567
          ],
          [
            -64.201577,
            -31.465638
          ],
          [
            -64.201661,
            -31.465705
          ],
          [
            -64.20176,
            -31.465759
          ],
          [
            -64.201884,
            -31.465808
          ],
          [
            -64.202011,
            -31.465841
          ],
          [
            -64.202149,
            -31.46586
          ],
          [
            -64.202279,
            -31.465867
          ],
          [
            -64.202497,
            -31.465869
          ],
          [
            -64.202928,
            -31.465846
          ],
          [
            -64.202965,
            -31.465842
          ],
          [
            -64.203166,
            -31.465821
          ],
          [
            -64.203363,
            -31.465794
          ],
          [
            -64.203553,
            -31.465761
          ],
          [
            -64.203733,
            -31.465722
          ],
          [
            -64.20403,
            -31.465644
          ],
          [
            -64.204282,
            -31.465588
          ],
          [
            -64.204455,
            -31.465552
          ],
          [
            -64.204632,
            -31.465525
          ],
          [
            -64.204852,
            -31.465504
          ],
          [
            -64.205156,
            -31.465486
          ],
          [
            -64.205527,
            -31.46547
          ],
          [
            -64.205719,
            -31.465464
          ],
          [
            -64.205912,
            -31.465458
          ],
          [
            -64.206367,
            -31.465428
          ],
          [
            -64.206614,
            -31.46541
          ],
          [
            -64.206861,
            -31.465391
          ],
          [
            -64.207143,
            -31.465365
          ],
          [
            -64.208269,
            -31.46529
          ],
          [
            -64.208758,
            -31.465226
          ],
          [
            -64.20986,
            -31.465085
          ],
          [
            -64.210636,
            -31.464988
          ],
          [
            -64.211362,
            -31.46489
          ],
          [
            -64.212358,
            -31.464762
          ],
          [
            -64.213503,
            -31.464614
          ],
          [
            -64.215102,
            -31.464411
          ],
          [
            -64.216472,
            -31.464237
          ],
          [
            -64.217309,
            -31.464132
          ],
          [
            -64.218097,
            -31.464028
          ],
          [
            -64.219689,
            -31.463826
          ],
          [
            -64.220489,
            -31.463719
          ],
          [
            -64.220844,
            -31.463674
          ],
          [
            -64.220879,
            -31.46367
          ],
          [
            -64.221222,
            -31.463627
          ],
          [
            -64.222548,
            -31.463456
          ],
          [
            -64.223842,
            -31.463286
          ],
          [
            -64.224778,
            -31.463162
          ],
          [
            -64.22578,
            -31.463027
          ],
          [
            -64.226838,
            -31.462871
          ],
          [
            -64.227631,
            -31.462752
          ],
          [
            -64.229368,
            -31.462485
          ],
          [
            -64.231458,
            -31.462161
          ],
          [
            -64.232332,
            -31.46202
          ],
          [
            -64.233791,
            -31.461793
          ],
          [
            -64.236603,
            -31.461339
          ],
          [
            -64.240678,
            -31.460703
          ],
          [
            -64.241461,
            -31.460567
          ],
          [
            -64.241932,
            -31.460493
          ],
          [
            -64.242746,
            -31.460377
          ],
          [
            -64.244034,
            -31.460187
          ],
          [
            -64.244653,
            -31.460096
          ],
          [
            -64.244964,
            -31.460047
          ],
          [
            -64.245271,
            -31.459997
          ],
          [
            -64.24554,
            -31.459946
          ],
          [
            -64.245834,
            -31.459881
          ],
          [
            -64.246149,
            -31.459801
          ],
          [
            -64.246545,
            -31.459696
          ],
          [
            -64.246868,
            -31.459592
          ],
          [
            -64.247164,
            -31.459486
          ],
          [
            -64.247441,
            -31.459374
          ],
          [
            -64.247809,
            -31.459208
          ],
          [
            -64.24807,
            -31.459077
          ],
          [
            -64.248296,
            -31.458952
          ],
          [
            -64.248632,
            -31.458761
          ],
          [
            -64.248961,
            -31.458548
          ],
          [
            -64.249288,
            -31.458327
          ],
          [
            -64.249596,
            -31.458093
          ],
          [
            -64.24985,
            -31.457885
          ],
          [
            -64.250108,
            -31.457659
          ],
          [
            -64.25035,
            -31.457424
          ],
          [
            -64.25056,
            -31.457203
          ],
          [
            -64.250756,
            -31.45698
          ],
          [
            -64.250927,
            -31.456775
          ],
          [
            -64.251209,
            -31.45641
          ],
          [
            -64.251383,
            -31.456158
          ],
          [
            -64.251529,
            -31.455927
          ],
          [
            -64.251664,
            -31.455694
          ],
          [
            -64.251814,
            -31.455416
          ],
          [
            -64.251936,
            -31.455155
          ],
          [
            -64.252029,
            -31.454944
          ],
          [
            -64.252133,
            -31.454677
          ],
          [
            -64.252241,
            -31.454364
          ],
          [
            -64.252319,
            -31.454099
          ],
          [
            -64.252399,
            -31.453775
          ],
          [
            -64.252453,
            -31.453522
          ],
          [
            -64.252482,
            -31.453346
          ],
          [
            -64.252512,
            -31.453146
          ],
          [
            -64.252543,
            -31.452885
          ],
          [
            -64.252561,
            -31.452641
          ],
          [
            -64.252574,
            -31.452365
          ],
          [
            -64.252581,
            -31.452031
          ],
          [
            -64.252584,
            -31.451284
          ],
          [
            -64.252591,
            -31.450393
          ],
          [
            -64.252593,
            -31.449918
          ],
          [
            -64.252594,
            -31.449473
          ],
          [
            -64.252604,
            -31.446373
          ],
          [
            -64.252613,
            -31.444389
          ],
          [
            -64.252612,
            -31.443787
          ],
          [
            -64.252616,
            -31.443449
          ],
          [
            -64.252625,
            -31.443149
          ],
          [
            -64.25265,
            -31.442852
          ],
          [
            -64.252683,
            -31.44254
          ],
          [
            -64.252723,
            -31.442254
          ],
          [
            -64.252765,
            -31.442018
          ],
          [
            -64.252817,
            -31.441777
          ],
          [
            -64.252901,
            -31.441452
          ],
          [
            -64.252975,
            -31.441196
          ],
          [
            -64.253049,
            -31.440968
          ],
          [
            -64.253142,
            -31.440714
          ],
          [
            -64.253245,
            -31.440474
          ],
          [
            -64.253357,
            -31.440215
          ],
          [
            -64.253476,
            -31.439979
          ],
          [
            -64.253594,
            -31.439757
          ],
          [
            -64.253734,
            -31.439521
          ],
          [
            -64.253859,
            -31.439317
          ],
          [
            -64.25402,
            -31.439073
          ],
          [
            -64.254166,
            -31.438867
          ],
          [
            -64.254348,
            -31.438626
          ],
          [
            -64.254538,
            -31.43839
          ],
          [
            -64.254733,
            -31.43816
          ],
          [
            -64.254944,
            -31.437936
          ],
          [
            -64.255221,
            -31.437662
          ],
          [
            -64.255524,
            -31.43738
          ],
          [
            -64.255836,
            -31.437116
          ],
          [
            -64.256142,
            -31.436866
          ],
          [
            -64.256693,
            -31.43642
          ],
          [
            -64.257528,
            -31.435753
          ],
          [
            -64.257866,
            -31.435401
          ],
          [
            -64.258035,
            -31.435248
          ],
          [
            -64.258141,
            -31.435133
          ],
          [
            -64.258217,
            -31.435046
          ],
          [
            -64.258279,
            -31.434957
          ],
          [
            -64.258342,
            -31.434858
          ],
          [
            -64.258399,
            -31.434745
          ],
          [
            -64.258448,
            -31.43463
          ],
          [
            -64.258483,
            -31.434536
          ],
          [
            -64.258512,
            -31.43444
          ],
          [
            -64.25853,
            -31.434337
          ],
          [
            -64.258544,
            -31.434216
          ],
          [
            -64.258549,
            -31.434106
          ],
          [
            -64.25854,
            -31.43401
          ],
          [
            -64.258521,
            -31.433922
          ],
          [
            -64.258501,
            -31.433856
          ],
          [
            -64.258471,
            -31.433788
          ],
          [
            -64.258433,
            -31.433724
          ],
          [
            -64.258393,
            -31.43367
          ],
          [
            -64.258341,
            -31.433619
          ],
          [
            -64.258294,
            -31.433579
          ],
          [
            -64.258232,
            -31.433535
          ],
          [
            -64.258174,
            -31.433502
          ],
          [
            -64.258123,
            -31.433476
          ],
          [
            -64.258067,
            -31.433455
          ],
          [
            -64.258011,
            -31.433434
          ],
          [
            -64.257939,
            -31.433416
          ],
          [
            -64.257871,
            -31.433403
          ],
          [
            -64.257724,
            -31.433378
          ],
          [
            -64.257409,
            -31.433337
          ],
          [
            -64.256703,
            -31.433291
          ],
          [
            -64.256135,
            -31.433253
          ],
          [
            -64.256001,
            -31.433244
          ],
          [
            -64.255852,
            -31.433235
          ],
          [
            -64.254903,
            -31.43316
          ],
          [
            -64.254267,
            -31.433107
          ],
          [
            -64.254021,
            -31.433089
          ],
          [
            -64.253812,
            -31.433079
          ],
          [
            -64.253655,
            -31.433075
          ],
          [
            -64.253542,
            -31.433088
          ],
          [
            -64.253484,
            -31.433107
          ],
          [
            -64.25343,
            -31.433127
          ],
          [
            -64.253362,
            -31.43316
          ],
          [
            -64.253316,
            -31.433187
          ],
          [
            -64.253273,
            -31.43321
          ],
          [
            -64.25321,
            -31.433244
          ],
          [
            -64.253017,
            -31.43329
          ],
          [
            -64.25291,
            -31.433293
          ],
          [
            -64.252806,
            -31.433284
          ],
          [
            -64.252744,
            -31.433276
          ],
          [
            -64.252701,
            -31.43327
          ],
          [
            -64.252604,
            -31.433243
          ],
          [
            -64.252508,
            -31.43321
          ],
          [
            -64.252289,
            -31.433116
          ],
          [
            -64.252203,
            -31.433083
          ],
          [
            -64.252127,
            -31.433061
          ],
          [
            -64.251984,
            -31.433032
          ],
          [
            -64.251756,
            -31.433001
          ],
          [
            -64.251406,
            -31.432978
          ],
          [
            -64.250294,
            -31.432906
          ],
          [
            -64.250248,
            -31.432903
          ],
          [
            -64.249166,
            -31.432833
          ],
          [
            -64.248449,
            -31.432782
          ],
          [
            -64.248103,
            -31.432766
          ],
          [
            -64.248042,
            -31.432762
          ],
          [
            -64.247997,
            -31.432759
          ],
          [
            -64.24715,
            -31.432703
          ],
          [
            -64.246978,
            -31.432692
          ],
          [
            -64.246883,
            -31.432685
          ],
          [
            -64.246786,
            -31.432678
          ],
          [
            -64.245924,
            -31.432623
          ],
          [
            -64.245847,
            -31.432618
          ],
          [
            -64.245727,
            -31.43261
          ],
          [
            -64.245338,
            -31.432585
          ],
          [
            -64.244913,
            -31.432557
          ],
          [
            -64.24445,
            -31.432527
          ],
          [
            -64.243948,
            -31.432495
          ],
          [
            -64.243866,
            -31.432489
          ],
          [
            -64.242759,
            -31.432409
          ],
          [
            -64.24269,
            -31.432348
          ],
          [
            -64.242645,
            -31.432298
          ],
          [
            -64.24261,
            -31.432213
          ],
          [
            -64.24241,
            -31.431461
          ],
          [
            -64.242385,
            -31.431371
          ],
          [
            -64.242131,
            -31.430462
          ],
          [
            -64.242099,
            -31.430351
          ],
          [
            -64.24198,
            -31.429945
          ],
          [
            -64.241853,
            -31.429422
          ],
          [
            -64.241835,
            -31.429353
          ],
          [
            -64.241718,
            -31.428963
          ],
          [
            -64.241566,
            -31.428367
          ],
          [
            -64.241441,
            -31.427887
          ],
          [
            -64.241318,
            -31.427408
          ],
          [
            -64.241298,
            -31.427349
          ],
          [
            -64.24103,
            -31.426302
          ],
          [
            -64.240936,
            -31.425953
          ],
          [
            -64.24087,
            -31.42571
          ],
          [
            -64.240814,
            -31.425524
          ],
          [
            -64.240726,
            -31.425183
          ],
          [
            -64.240696,
            -31.425067
          ],
          [
            -64.240578,
            -31.424632
          ],
          [
            -64.240453,
            -31.42418
          ],
          [
            -64.240434,
            -31.424104
          ],
          [
            -64.240384,
            -31.423923
          ],
          [
            -64.240313,
            -31.423661
          ],
          [
            -64.24028,
            -31.42354
          ],
          [
            -64.240185,
            -31.423174
          ],
          [
            -64.240139,
            -31.423002
          ],
          [
            -64.240116,
            -31.42291
          ],
          [
            -64.239994,
            -31.42245
          ],
          [
            -64.239859,
            -31.421916
          ],
          [
            -64.239753,
            -31.421432
          ],
          [
            -64.239735,
            -31.421373
          ],
          [
            -64.239566,
            -31.420797
          ],
          [
            -64.239531,
            -31.420684
          ],
          [
            -64.239476,
            -31.420498
          ],
          [
            -64.23944,
            -31.420373
          ],
          [
            -64.239421,
            -31.420303
          ],
          [
            -64.24036,
            -31.419762
          ],
          [
            -64.241186,
            -31.419297
          ],
          [
            -64.241267,
            -31.419241
          ],
          [
            -64.241333,
            -31.419184
          ],
          [
            -64.241367,
            -31.419137
          ],
          [
            -64.2414,
            -31.419072
          ],
          [
            -64.241415,
            -31.419023
          ],
          [
            -64.241424,
            -31.418962
          ],
          [
            -64.241438,
            -31.417651
          ],
          [
            -64.241449,
            -31.416617
          ],
          [
            -64.24146,
            -31.415465
          ],
          [
            -64.241449,
            -31.41431
          ],
          [
            -64.241441,
            -31.414216
          ],
          [
            -64.241419,
            -31.414115
          ],
          [
            -64.241399,
            -31.414064
          ],
          [
            -64.241366,
            -31.41401
          ],
          [
            -64.241178,
            -31.413721
          ],
          [
            -64.241132,
            -31.413623
          ],
          [
            -64.241111,
            -31.41354
          ],
          [
            -64.241097,
            -31.413417
          ],
          [
            -64.241084,
            -31.413212
          ],
          [
            -64.24103,
            -31.412349
          ],
          [
            -64.240994,
            -31.411936
          ],
          [
            -64.240994,
            -31.411883
          ],
          [
            -64.241005,
            -31.4118
          ],
          [
            -64.241013,
            -31.411742
          ],
          [
            -64.241019,
            -31.411685
          ],
          [
            -64.241015,
            -31.411639
          ],
          [
            -64.240893,
            -31.411177
          ],
          [
            -64.240545,
            -31.40987
          ],
          [
            -64.240228,
            -31.408676
          ],
          [
            -64.240211,
            -31.408632
          ],
          [
            -64.240276,
            -31.408623
          ],
          [
            -64.240844,
            -31.408431
          ],
          [
            -64.240936,
            -31.408403
          ],
          [
            -64.24203,
            -31.408209
          ],
          [
            -64.242265,
            -31.40911
          ],
          [
            -64.242359,
            -31.40946
          ],
          [
            -64.242407,
            -31.409649
          ],
          [
            -64.241538,
            -31.409812
          ],
          [
            -64.241869,
            -31.40975
          ],
          [
            -64.242407,
            -31.409649
          ],
          [
            -64.24255,
            -31.410137
          ],
          [
            -64.242679,
            -31.410633
          ],
          [
            -64.242805,
            -31.411118
          ],
          [
            -64.242951,
            -31.41169
          ],
          [
            -64.242479,
            -31.411722
          ],
          [
            -64.241863,
            -31.411755
          ],
          [
            -64.24133,
            -31.411783
          ],
          [
            -64.241222,
            -31.411789
          ],
          [
            -64.2411,
            -31.411796
          ],
          [
            -64.241083,
            -31.411876
          ],
          [
            -64.241076,
            -31.411919
          ],
          [
            -64.24111,
            -31.412345
          ],
          [
            -64.24116,
            -31.413201
          ],
          [
            -64.241179,
            -31.41347
          ],
          [
            -64.241192,
            -31.413553
          ],
          [
            -64.241211,
            -31.413619
          ],
          [
            -64.241243,
            -31.41369
          ],
          [
            -64.241454,
            -31.414001
          ],
          [
            -64.241491,
            -31.414074
          ],
          [
            -64.241509,
            -31.414135
          ],
          [
            -64.241521,
            -31.41421
          ],
          [
            -64.241526,
            -31.4143
          ],
          [
            -64.241533,
            -31.414873
          ],
          [
            -64.241526,
            -31.416612
          ],
          [
            -64.241525,
            -31.417653
          ],
          [
            -64.241496,
            -31.418979
          ],
          [
            -64.24148,
            -31.41908
          ],
          [
            -64.241462,
            -31.419133
          ],
          [
            -64.241439,
            -31.419178
          ],
          [
            -64.241402,
            -31.419225
          ],
          [
            -64.241357,
            -31.419264
          ],
          [
            -64.241245,
            -31.419341
          ],
          [
            -64.240218,
            -31.419922
          ],
          [
            -64.23944,
            -31.420373
          ],
          [
            -64.239135,
            -31.420537
          ],
          [
            -64.23876,
            -31.420743
          ],
          [
            -64.238712,
            -31.420774
          ],
          [
            -64.23869,
            -31.420799
          ],
          [
            -64.238606,
            -31.420905
          ],
          [
            -64.238538,
            -31.421003
          ],
          [
            -64.238279,
            -31.421396
          ],
          [
            -64.237692,
            -31.422292
          ],
          [
            -64.237644,
            -31.42235
          ],
          [
            -64.237591,
            -31.4224
          ],
          [
            -64.237199,
            -31.422701
          ],
          [
            -64.237133,
            -31.422759
          ],
          [
            -64.237064,
            -31.422818
          ],
          [
            -64.236431,
            -31.423435
          ],
          [
            -64.236371,
            -31.42339
          ],
          [
            -64.235894,
            -31.422996
          ],
          [
            -64.235567,
            -31.422721
          ],
          [
            -64.2346,
            -31.422901
          ],
          [
            -64.234469,
            -31.422926
          ],
          [
            -64.233683,
            -31.423082
          ],
          [
            -64.232846,
            -31.42325
          ],
          [
            -64.23199,
            -31.423422
          ],
          [
            -64.231099,
            -31.4236
          ],
          [
            -64.230258,
            -31.42377
          ],
          [
            -64.229427,
            -31.423937
          ],
          [
            -64.228554,
            -31.424112
          ],
          [
            -64.227356,
            -31.424347
          ],
          [
            -64.226129,
            -31.424582
          ],
          [
            -64.225367,
            -31.424727
          ],
          [
            -64.224928,
            -31.424814
          ],
          [
            -64.224202,
            -31.424956
          ],
          [
            -64.223429,
            -31.425101
          ],
          [
            -64.222765,
            -31.425231
          ],
          [
            -64.221993,
            -31.425384
          ],
          [
            -64.221259,
            -31.425526
          ],
          [
            -64.220521,
            -31.425669
          ],
          [
            -64.219769,
            -31.425813
          ],
          [
            -64.219042,
            -31.425955
          ],
          [
            -64.218287,
            -31.426102
          ],
          [
            -64.217649,
            -31.426226
          ],
          [
            -64.217327,
            -31.426288
          ],
          [
            -64.217017,
            -31.426348
          ],
          [
            -64.216671,
            -31.426408
          ],
          [
            -64.216315,
            -31.426484
          ],
          [
            -64.2159,
            -31.426567
          ],
          [
            -64.215662,
            -31.426611
          ],
          [
            -64.215017,
            -31.426734
          ],
          [
            -64.213216,
            -31.427048
          ],
          [
            -64.213131,
            -31.427065
          ],
          [
            -64.212522,
            -31.427176
          ],
          [
            -64.212437,
            -31.427191
          ],
          [
            -64.212407,
            -31.427196
          ],
          [
            -64.212341,
            -31.427208
          ],
          [
            -64.211808,
            -31.427305
          ],
          [
            -64.211743,
            -31.427317
          ],
          [
            -64.211663,
            -31.427331
          ],
          [
            -64.211105,
            -31.427433
          ],
          [
            -64.211043,
            -31.427444
          ],
          [
            -64.210427,
            -31.42756
          ],
          [
            -64.210334,
            -31.427578
          ],
          [
            -64.210227,
            -31.427596
          ],
          [
            -64.208754,
            -31.427879
          ],
          [
            -64.208649,
            -31.427984
          ],
          [
            -64.208463,
            -31.427883
          ],
          [
            -64.208279,
            -31.427796
          ],
          [
            -64.208146,
            -31.427755
          ],
          [
            -64.208038,
            -31.427736
          ],
          [
            -64.207912,
            -31.427727
          ],
          [
            -64.207804,
            -31.427721
          ],
          [
            -64.207695,
            -31.427718
          ],
          [
            -64.207553,
            -31.427731
          ],
          [
            -64.207446,
            -31.427747
          ],
          [
            -64.207277,
            -31.427785
          ],
          [
            -64.206246,
            -31.428042
          ],
          [
            -64.20444,
            -31.428475
          ],
          [
            -64.204201,
            -31.428531
          ],
          [
            -64.204057,
            -31.42855
          ],
          [
            -64.203855,
            -31.428576
          ],
          [
            -64.203081,
            -31.428627
          ],
          [
            -64.202943,
            -31.428634
          ],
          [
            -64.202205,
            -31.428681
          ],
          [
            -64.201566,
            -31.428731
          ],
          [
            -64.201252,
            -31.428756
          ],
          [
            -64.200677,
            -31.428802
          ],
          [
            -64.200619,
            -31.428809
          ],
          [
            -64.200024,
            -31.428863
          ],
          [
            -64.199805,
            -31.428859
          ],
          [
            -64.199682,
            -31.428836
          ],
          [
            -64.198513,
            -31.428558
          ],
          [
            -64.197892,
            -31.428419
          ],
          [
            -64.197755,
            -31.428385
          ],
          [
            -64.19764,
            -31.428351
          ],
          [
            -64.197483,
            -31.428302
          ],
          [
            -64.197381,
            -31.42827
          ],
          [
            -64.197254,
            -31.428218
          ],
          [
            -64.196639,
            -31.42792
          ],
          [
            -64.195274,
            -31.427165
          ],
          [
            -64.194872,
            -31.427
          ],
          [
            -64.194509,
            -31.426863
          ],
          [
            -64.194478,
            -31.426787
          ],
          [
            -64.194469,
            -31.426766
          ],
          [
            -64.194257,
            -31.426227
          ],
          [
            -64.194255,
            -31.426221
          ],
          [
            -64.194239,
            -31.42618
          ],
          [
            -64.19422,
            -31.426133
          ],
          [
            -64.194217,
            -31.426124
          ],
          [
            -64.194076,
            -31.425803
          ],
          [
            -64.194072,
            -31.425793
          ],
          [
            -64.194044,
            -31.425728
          ],
          [
            -64.194016,
            -31.425659
          ],
          [
            -64.194012,
            -31.425649
          ],
          [
            -64.193799,
            -31.425129
          ],
          [
            -64.193794,
            -31.425118
          ],
          [
            -64.193764,
            -31.425045
          ],
          [
            -64.193737,
            -31.424979
          ],
          [
            -64.193732,
            -31.424969
          ],
          [
            -64.193303,
            -31.423935
          ],
          [
            -64.1933,
            -31.423927
          ],
          [
            -64.19328,
            -31.423877
          ],
          [
            -64.193257,
            -31.423821
          ],
          [
            -64.193252,
            -31.423808
          ],
          [
            -64.193046,
            -31.423323
          ],
          [
            -64.19301,
            -31.423229
          ],
          [
            -64.192822,
            -31.422835
          ],
          [
            -64.192817,
            -31.422826
          ],
          [
            -64.192787,
            -31.422763
          ],
          [
            -64.192763,
            -31.42271
          ],
          [
            -64.192758,
            -31.422699
          ],
          [
            -64.192698,
            -31.422564
          ],
          [
            -64.192573,
            -31.422383
          ],
          [
            -64.192455,
            -31.422273
          ],
          [
            -64.192403,
            -31.42223
          ],
          [
            -64.192332,
            -31.42218
          ],
          [
            -64.191757,
            -31.421847
          ],
          [
            -64.191748,
            -31.421842
          ],
          [
            -64.191681,
            -31.421802
          ],
          [
            -64.19163,
            -31.421772
          ],
          [
            -64.191615,
            -31.421762
          ],
          [
            -64.190716,
            -31.421211
          ],
          [
            -64.190627,
            -31.421142
          ],
          [
            -64.190514,
            -31.42103
          ],
          [
            -64.190452,
            -31.420938
          ],
          [
            -64.19044,
            -31.420922
          ],
          [
            -64.190435,
            -31.420913
          ],
          [
            -64.19041,
            -31.420877
          ],
          [
            -64.19039,
            -31.420832
          ],
          [
            -64.190385,
            -31.420821
          ],
          [
            -64.190038,
            -31.420001
          ],
          [
            -64.190031,
            -31.419983
          ],
          [
            -64.190007,
            -31.419899
          ],
          [
            -64.189976,
            -31.419802
          ],
          [
            -64.189956,
            -31.419714
          ],
          [
            -64.189951,
            -31.419695
          ],
          [
            -64.189855,
            -31.419325
          ],
          [
            -64.189817,
            -31.419043
          ],
          [
            -64.18966,
            -31.418461
          ],
          [
            -64.189595,
            -31.418267
          ],
          [
            -64.189097,
            -31.417094
          ],
          [
            -64.189089,
            -31.417076
          ],
          [
            -64.189049,
            -31.417087
          ],
          [
            -64.18777,
            -31.417441
          ],
          [
            -64.187673,
            -31.417469
          ],
          [
            -64.18769,
            -31.41751
          ],
          [
            -64.188184,
            -31.418665
          ],
          [
            -64.188568,
            -31.419564
          ],
          [
            -64.188701,
            -31.419841
          ],
          [
            -64.188713,
            -31.419861
          ],
          [
            -64.188728,
            -31.419891
          ],
          [
            -64.188735,
            -31.419927
          ],
          [
            -64.188737,
            -31.419959
          ],
          [
            -64.188733,
            -31.419976
          ],
          [
            -64.188728,
            -31.419991
          ],
          [
            -64.188709,
            -31.420032
          ],
          [
            -64.188708,
            -31.420086
          ],
          [
            -64.188709,
            -31.420103
          ]
        ]
      }
    },
    {
      "type": "Feature",
      "id": "route-cordoba-2026-08-27-v3-what-if-balanced-load-v1-04",
      "properties": {
        "truckId": "vehicle-04",
        "waypointDistancesKm": [
          0,
          1.5088399975599671,
          3.794330495611891,
          6.5433533307262985,
          10.883211037867694,
          12.992236831415314,
          20.749840815263163,
          33.248601605088695,
          37.516262704473,
          47.89369835078931,
          56.2989669898243
        ]
      },
      "geometry": {
        "type": "LineString",
        "coordinates": [
          [
            -64.188709,
            -31.420109
          ],
          [
            -64.18871,
            -31.420127
          ],
          [
            -64.188717,
            -31.420178
          ],
          [
            -64.188727,
            -31.42023
          ],
          [
            -64.188737,
            -31.420284
          ],
          [
            -64.188734,
            -31.420338
          ],
          [
            -64.188686,
            -31.420476
          ],
          [
            -64.188614,
            -31.420637
          ],
          [
            -64.188602,
            -31.420666
          ],
          [
            -64.188216,
            -31.421509
          ],
          [
            -64.188139,
            -31.421536
          ],
          [
            -64.187971,
            -31.421596
          ],
          [
            -64.187883,
            -31.421621
          ],
          [
            -64.186582,
            -31.422025
          ],
          [
            -64.187051,
            -31.423184
          ],
          [
            -64.187348,
            -31.423089
          ],
          [
            -64.187455,
            -31.423057
          ],
          [
            -64.18837,
            -31.422766
          ],
          [
            -64.189743,
            -31.422336
          ],
          [
            -64.191026,
            -31.421953
          ],
          [
            -64.191681,
            -31.421802
          ],
          [
            -64.192042,
            -31.421714
          ],
          [
            -64.192103,
            -31.421747
          ],
          [
            -64.192116,
            -31.421753
          ],
          [
            -64.192669,
            -31.422089
          ],
          [
            -64.192782,
            -31.422189
          ],
          [
            -64.192844,
            -31.422266
          ],
          [
            -64.192874,
            -31.422319
          ],
          [
            -64.193034,
            -31.422629
          ],
          [
            -64.193039,
            -31.422638
          ],
          [
            -64.193065,
            -31.422687
          ],
          [
            -64.19309,
            -31.422744
          ],
          [
            -64.193094,
            -31.422754
          ],
          [
            -64.193529,
            -31.423727
          ],
          [
            -64.193534,
            -31.423741
          ],
          [
            -64.193557,
            -31.423803
          ],
          [
            -64.193576,
            -31.423844
          ],
          [
            -64.19358,
            -31.423853
          ],
          [
            -64.194015,
            -31.424875
          ],
          [
            -64.194019,
            -31.424886
          ],
          [
            -64.194046,
            -31.424949
          ],
          [
            -64.193997,
            -31.424966
          ],
          [
            -64.193798,
            -31.425034
          ],
          [
            -64.193764,
            -31.425045
          ],
          [
            -64.192833,
            -31.425338
          ],
          [
            -64.192652,
            -31.425395
          ],
          [
            -64.192179,
            -31.424202
          ],
          [
            -64.192136,
            -31.424099
          ],
          [
            -64.191946,
            -31.423643
          ],
          [
            -64.191694,
            -31.423072
          ],
          [
            -64.191429,
            -31.422419
          ],
          [
            -64.191326,
            -31.42225
          ],
          [
            -64.191189,
            -31.422118
          ],
          [
            -64.191026,
            -31.421953
          ],
          [
            -64.190613,
            -31.421516
          ],
          [
            -64.190113,
            -31.421069
          ],
          [
            -64.190082,
            -31.420974
          ],
          [
            -64.19,
            -31.420834
          ],
          [
            -64.189978,
            -31.420712
          ],
          [
            -64.18997,
            -31.420554
          ],
          [
            -64.189962,
            -31.420073
          ],
          [
            -64.189978,
            -31.419996
          ],
          [
            -64.190007,
            -31.419899
          ],
          [
            -64.189976,
            -31.419802
          ],
          [
            -64.189956,
            -31.419714
          ],
          [
            -64.189951,
            -31.419695
          ],
          [
            -64.189855,
            -31.419325
          ],
          [
            -64.189817,
            -31.419043
          ],
          [
            -64.189817,
            -31.418845
          ],
          [
            -64.189827,
            -31.418696
          ],
          [
            -64.189856,
            -31.418532
          ],
          [
            -64.189885,
            -31.418373
          ],
          [
            -64.189918,
            -31.418231
          ],
          [
            -64.18992,
            -31.418223
          ],
          [
            -64.189931,
            -31.418171
          ],
          [
            -64.189955,
            -31.418097
          ],
          [
            -64.189959,
            -31.418085
          ],
          [
            -64.190416,
            -31.416687
          ],
          [
            -64.190422,
            -31.416663
          ],
          [
            -64.190453,
            -31.416566
          ],
          [
            -64.190822,
            -31.41525
          ],
          [
            -64.191018,
            -31.414692
          ],
          [
            -64.191275,
            -31.413871
          ],
          [
            -64.191422,
            -31.413415
          ],
          [
            -64.191519,
            -31.413096
          ],
          [
            -64.191568,
            -31.412897
          ],
          [
            -64.191573,
            -31.412792
          ],
          [
            -64.191572,
            -31.412682
          ],
          [
            -64.191561,
            -31.412558
          ],
          [
            -64.191559,
            -31.412534
          ],
          [
            -64.191861,
            -31.412443
          ],
          [
            -64.19309,
            -31.412079
          ],
          [
            -64.194383,
            -31.411696
          ],
          [
            -64.195741,
            -31.411282
          ],
          [
            -64.197087,
            -31.410895
          ],
          [
            -64.198498,
            -31.410478
          ],
          [
            -64.19898,
            -31.410335
          ],
          [
            -64.199837,
            -31.410081
          ],
          [
            -64.199376,
            -31.40886
          ],
          [
            -64.198046,
            -31.409258
          ],
          [
            -64.197272,
            -31.409487
          ],
          [
            -64.196673,
            -31.409666
          ],
          [
            -64.195439,
            -31.41001
          ],
          [
            -64.195287,
            -31.410021
          ],
          [
            -64.19391,
            -31.410425
          ],
          [
            -64.193691,
            -31.41049
          ],
          [
            -64.193225,
            -31.410626
          ],
          [
            -64.19263,
            -31.410801
          ],
          [
            -64.191328,
            -31.411203
          ],
          [
            -64.191069,
            -31.411286
          ],
          [
            -64.190641,
            -31.411408
          ],
          [
            -64.19029,
            -31.411512
          ],
          [
            -64.189801,
            -31.411651
          ],
          [
            -64.188461,
            -31.412038
          ],
          [
            -64.188414,
            -31.412053
          ],
          [
            -64.18783,
            -31.412229
          ],
          [
            -64.187675,
            -31.412279
          ],
          [
            -64.187176,
            -31.412446
          ],
          [
            -64.187127,
            -31.412461
          ],
          [
            -64.185737,
            -31.412882
          ],
          [
            -64.185687,
            -31.412897
          ],
          [
            -64.185375,
            -31.412988
          ],
          [
            -64.18518,
            -31.413046
          ],
          [
            -64.185128,
            -31.413061
          ],
          [
            -64.185038,
            -31.413087
          ],
          [
            -64.184988,
            -31.413102
          ],
          [
            -64.184883,
            -31.413133
          ],
          [
            -64.184383,
            -31.413279
          ],
          [
            -64.184349,
            -31.413289
          ],
          [
            -64.183851,
            -31.413435
          ],
          [
            -64.183045,
            -31.413671
          ],
          [
            -64.182846,
            -31.41373
          ],
          [
            -64.18243,
            -31.413853
          ],
          [
            -64.181724,
            -31.414065
          ],
          [
            -64.181685,
            -31.414077
          ],
          [
            -64.181359,
            -31.414174
          ],
          [
            -64.181022,
            -31.414275
          ],
          [
            -64.180387,
            -31.414464
          ],
          [
            -64.180033,
            -31.41457
          ],
          [
            -64.179101,
            -31.414847
          ],
          [
            -64.179061,
            -31.414859
          ],
          [
            -64.17902,
            -31.41487
          ],
          [
            -64.179001,
            -31.414876
          ],
          [
            -64.178233,
            -31.415127
          ],
          [
            -64.178093,
            -31.415172
          ],
          [
            -64.177774,
            -31.415275
          ],
          [
            -64.176467,
            -31.415664
          ],
          [
            -64.176184,
            -31.415764
          ],
          [
            -64.176043,
            -31.415814
          ],
          [
            -64.175744,
            -31.41592
          ],
          [
            -64.175585,
            -31.415975
          ],
          [
            -64.175537,
            -31.415873
          ],
          [
            -64.175499,
            -31.415814
          ],
          [
            -64.17564,
            -31.415768
          ],
          [
            -64.175454,
            -31.415205
          ],
          [
            -64.175299,
            -31.415246
          ],
          [
            -64.175336,
            -31.415356
          ],
          [
            -64.175484,
            -31.415791
          ],
          [
            -64.175499,
            -31.415814
          ],
          [
            -64.175537,
            -31.415873
          ],
          [
            -64.175585,
            -31.415975
          ],
          [
            -64.17545,
            -31.416022
          ],
          [
            -64.175207,
            -31.416089
          ],
          [
            -64.174904,
            -31.416136
          ],
          [
            -64.174646,
            -31.416086
          ],
          [
            -64.173295,
            -31.415758
          ],
          [
            -64.173248,
            -31.415759
          ],
          [
            -64.173217,
            -31.415765
          ],
          [
            -64.173194,
            -31.41578
          ],
          [
            -64.173174,
            -31.415806
          ],
          [
            -64.172804,
            -31.416776
          ],
          [
            -64.172611,
            -31.417293
          ],
          [
            -64.172427,
            -31.417796
          ],
          [
            -64.172362,
            -31.417972
          ],
          [
            -64.172035,
            -31.418849
          ],
          [
            -64.171933,
            -31.419136
          ],
          [
            -64.171764,
            -31.419611
          ],
          [
            -64.171744,
            -31.420189
          ],
          [
            -64.171635,
            -31.420581
          ],
          [
            -64.171451,
            -31.421176
          ],
          [
            -64.171419,
            -31.421293
          ],
          [
            -64.171403,
            -31.421392
          ],
          [
            -64.171398,
            -31.421495
          ],
          [
            -64.171413,
            -31.421643
          ],
          [
            -64.171436,
            -31.421756
          ],
          [
            -64.171474,
            -31.421878
          ],
          [
            -64.171511,
            -31.421974
          ],
          [
            -64.171544,
            -31.422028
          ],
          [
            -64.171607,
            -31.422123
          ],
          [
            -64.17169,
            -31.422218
          ],
          [
            -64.171753,
            -31.422279
          ],
          [
            -64.171873,
            -31.422368
          ],
          [
            -64.172049,
            -31.422478
          ],
          [
            -64.172179,
            -31.422543
          ],
          [
            -64.172217,
            -31.422555
          ],
          [
            -64.172251,
            -31.422558
          ],
          [
            -64.172303,
            -31.422559
          ],
          [
            -64.172341,
            -31.422558
          ],
          [
            -64.172408,
            -31.422546
          ],
          [
            -64.172453,
            -31.422518
          ],
          [
            -64.172502,
            -31.422497
          ],
          [
            -64.172555,
            -31.422483
          ],
          [
            -64.172605,
            -31.422476
          ],
          [
            -64.172655,
            -31.422476
          ],
          [
            -64.172704,
            -31.422481
          ],
          [
            -64.172753,
            -31.422492
          ],
          [
            -64.172799,
            -31.422509
          ],
          [
            -64.172841,
            -31.422531
          ],
          [
            -64.172875,
            -31.422551
          ],
          [
            -64.172916,
            -31.422593
          ],
          [
            -64.172946,
            -31.422632
          ],
          [
            -64.172969,
            -31.422675
          ],
          [
            -64.172983,
            -31.422719
          ],
          [
            -64.17299,
            -31.422766
          ],
          [
            -64.173027,
            -31.422809
          ],
          [
            -64.173068,
            -31.422843
          ],
          [
            -64.173131,
            -31.42288
          ],
          [
            -64.173226,
            -31.422927
          ],
          [
            -64.173575,
            -31.423079
          ],
          [
            -64.173675,
            -31.423127
          ],
          [
            -64.173745,
            -31.423168
          ],
          [
            -64.173846,
            -31.423237
          ],
          [
            -64.173959,
            -31.423325
          ],
          [
            -64.174232,
            -31.423555
          ],
          [
            -64.174297,
            -31.423609
          ],
          [
            -64.174368,
            -31.423671
          ],
          [
            -64.174466,
            -31.423746
          ],
          [
            -64.17457,
            -31.423819
          ],
          [
            -64.174661,
            -31.423877
          ],
          [
            -64.175029,
            -31.424061
          ],
          [
            -64.175532,
            -31.424279
          ],
          [
            -64.177038,
            -31.424981
          ],
          [
            -64.177508,
            -31.425192
          ],
          [
            -64.177649,
            -31.425253
          ],
          [
            -64.178707,
            -31.425727
          ],
          [
            -64.179133,
            -31.425894
          ],
          [
            -64.179274,
            -31.425952
          ],
          [
            -64.18047,
            -31.4265
          ],
          [
            -64.180576,
            -31.426548
          ],
          [
            -64.180868,
            -31.426683
          ],
          [
            -64.181031,
            -31.426761
          ],
          [
            -64.181257,
            -31.426871
          ],
          [
            -64.182083,
            -31.427258
          ],
          [
            -64.182246,
            -31.427334
          ],
          [
            -64.182404,
            -31.427407
          ],
          [
            -64.182954,
            -31.42766
          ],
          [
            -64.183767,
            -31.428021
          ],
          [
            -64.183945,
            -31.428094
          ],
          [
            -64.184055,
            -31.428141
          ],
          [
            -64.184111,
            -31.428164
          ],
          [
            -64.184177,
            -31.428179
          ],
          [
            -64.184263,
            -31.428197
          ],
          [
            -64.184308,
            -31.4282
          ],
          [
            -64.184334,
            -31.428202
          ],
          [
            -64.184403,
            -31.428203
          ],
          [
            -64.184459,
            -31.428191
          ],
          [
            -64.184477,
            -31.428178
          ],
          [
            -64.184538,
            -31.428139
          ],
          [
            -64.184604,
            -31.428106
          ],
          [
            -64.184675,
            -31.428081
          ],
          [
            -64.184748,
            -31.428063
          ],
          [
            -64.184824,
            -31.428054
          ],
          [
            -64.184901,
            -31.428052
          ],
          [
            -64.184977,
            -31.428059
          ],
          [
            -64.184985,
            -31.42806
          ],
          [
            -64.185041,
            -31.428071
          ],
          [
            -64.185051,
            -31.428073
          ],
          [
            -64.185123,
            -31.428096
          ],
          [
            -64.18516,
            -31.428111
          ],
          [
            -64.185196,
            -31.428128
          ],
          [
            -64.18523,
            -31.428147
          ],
          [
            -64.185282,
            -31.428181
          ],
          [
            -64.18533,
            -31.428221
          ],
          [
            -64.185372,
            -31.428265
          ],
          [
            -64.185414,
            -31.42832
          ],
          [
            -64.185448,
            -31.42838
          ],
          [
            -64.185473,
            -31.428443
          ],
          [
            -64.185488,
            -31.428508
          ],
          [
            -64.185494,
            -31.428577
          ],
          [
            -64.185489,
            -31.428647
          ],
          [
            -64.185473,
            -31.428715
          ],
          [
            -64.185452,
            -31.428769
          ],
          [
            -64.185425,
            -31.42882
          ],
          [
            -64.185392,
            -31.428868
          ],
          [
            -64.185374,
            -31.42889
          ],
          [
            -64.185353,
            -31.428914
          ],
          [
            -64.18529,
            -31.42897
          ],
          [
            -64.185242,
            -31.429003
          ],
          [
            -64.185187,
            -31.429034
          ],
          [
            -64.185128,
            -31.429059
          ],
          [
            -64.185067,
            -31.429079
          ],
          [
            -64.185004,
            -31.429094
          ],
          [
            -64.184939,
            -31.429102
          ],
          [
            -64.184873,
            -31.429105
          ],
          [
            -64.18483,
            -31.429103
          ],
          [
            -64.184805,
            -31.429145
          ],
          [
            -64.184753,
            -31.429227
          ],
          [
            -64.184332,
            -31.430003
          ],
          [
            -64.184281,
            -31.430136
          ],
          [
            -64.184245,
            -31.430271
          ],
          [
            -64.184228,
            -31.430396
          ],
          [
            -64.184225,
            -31.430483
          ],
          [
            -64.18423,
            -31.430592
          ],
          [
            -64.184247,
            -31.430714
          ],
          [
            -64.184268,
            -31.430787
          ],
          [
            -64.184316,
            -31.430954
          ],
          [
            -64.184353,
            -31.431137
          ],
          [
            -64.184358,
            -31.431233
          ],
          [
            -64.18436,
            -31.431315
          ],
          [
            -64.184338,
            -31.431459
          ],
          [
            -64.184307,
            -31.431573
          ],
          [
            -64.18424,
            -31.431772
          ],
          [
            -64.18419,
            -31.431892
          ],
          [
            -64.184139,
            -31.432077
          ],
          [
            -64.184045,
            -31.432431
          ],
          [
            -64.184058,
            -31.432462
          ],
          [
            -64.184143,
            -31.432559
          ],
          [
            -64.184298,
            -31.432716
          ],
          [
            -64.184347,
            -31.432842
          ],
          [
            -64.184388,
            -31.432944
          ],
          [
            -64.184422,
            -31.433004
          ],
          [
            -64.184467,
            -31.433062
          ],
          [
            -64.184496,
            -31.433096
          ],
          [
            -64.184546,
            -31.433154
          ],
          [
            -64.184571,
            -31.433161
          ],
          [
            -64.184594,
            -31.433172
          ],
          [
            -64.184615,
            -31.433187
          ],
          [
            -64.184633,
            -31.433204
          ],
          [
            -64.184648,
            -31.433223
          ],
          [
            -64.184658,
            -31.433244
          ],
          [
            -64.184664,
            -31.433266
          ],
          [
            -64.184666,
            -31.433289
          ],
          [
            -64.184663,
            -31.433311
          ],
          [
            -64.184657,
            -31.433332
          ],
          [
            -64.184646,
            -31.433353
          ],
          [
            -64.184632,
            -31.433371
          ],
          [
            -64.184614,
            -31.433387
          ],
          [
            -64.184602,
            -31.433436
          ],
          [
            -64.184608,
            -31.433467
          ],
          [
            -64.184627,
            -31.43352
          ],
          [
            -64.184653,
            -31.433563
          ],
          [
            -64.184704,
            -31.433666
          ],
          [
            -64.184756,
            -31.433796
          ],
          [
            -64.184818,
            -31.433998
          ],
          [
            -64.184886,
            -31.434259
          ],
          [
            -64.184969,
            -31.434549
          ],
          [
            -64.184993,
            -31.434611
          ],
          [
            -64.185016,
            -31.434673
          ],
          [
            -64.185034,
            -31.434698
          ],
          [
            -64.185059,
            -31.434721
          ],
          [
            -64.185124,
            -31.434764
          ],
          [
            -64.185159,
            -31.434775
          ],
          [
            -64.185188,
            -31.434795
          ],
          [
            -64.18521,
            -31.434821
          ],
          [
            -64.185221,
            -31.434851
          ],
          [
            -64.185221,
            -31.434887
          ],
          [
            -64.185206,
            -31.434921
          ],
          [
            -64.185202,
            -31.434986
          ],
          [
            -64.185203,
            -31.435036
          ],
          [
            -64.185206,
            -31.435073
          ],
          [
            -64.185382,
            -31.435745
          ],
          [
            -64.185563,
            -31.436608
          ],
          [
            -64.185596,
            -31.436771
          ],
          [
            -64.185922,
            -31.438327
          ],
          [
            -64.186004,
            -31.438721
          ],
          [
            -64.186019,
            -31.438764
          ],
          [
            -64.186033,
            -31.438805
          ],
          [
            -64.186058,
            -31.43885
          ],
          [
            -64.186077,
            -31.438875
          ],
          [
            -64.186086,
            -31.438888
          ],
          [
            -64.186108,
            -31.438919
          ],
          [
            -64.186133,
            -31.438942
          ],
          [
            -64.186157,
            -31.438951
          ],
          [
            -64.186179,
            -31.438963
          ],
          [
            -64.186198,
            -31.438979
          ],
          [
            -64.186219,
            -31.439004
          ],
          [
            -64.186232,
            -31.439034
          ],
          [
            -64.186235,
            -31.439065
          ],
          [
            -64.18623,
            -31.439096
          ],
          [
            -64.186216,
            -31.439125
          ],
          [
            -64.1862,
            -31.439143
          ],
          [
            -64.186182,
            -31.439159
          ],
          [
            -64.186159,
            -31.439187
          ],
          [
            -64.186146,
            -31.439206
          ],
          [
            -64.186137,
            -31.439239
          ],
          [
            -64.186137,
            -31.439286
          ],
          [
            -64.186137,
            -31.4393
          ],
          [
            -64.186137,
            -31.439309
          ],
          [
            -64.186138,
            -31.439366
          ],
          [
            -64.186144,
            -31.439411
          ],
          [
            -64.18615,
            -31.439451
          ],
          [
            -64.186271,
            -31.44005
          ],
          [
            -64.186331,
            -31.440342
          ],
          [
            -64.186415,
            -31.440748
          ],
          [
            -64.186343,
            -31.440797
          ],
          [
            -64.186217,
            -31.440885
          ],
          [
            -64.185952,
            -31.44109
          ],
          [
            -64.185867,
            -31.441138
          ],
          [
            -64.185741,
            -31.441187
          ],
          [
            -64.185437,
            -31.441256
          ],
          [
            -64.185213,
            -31.441292
          ],
          [
            -64.185125,
            -31.441295
          ],
          [
            -64.184893,
            -31.441291
          ],
          [
            -64.184652,
            -31.441286
          ],
          [
            -64.184583,
            -31.441284
          ],
          [
            -64.184495,
            -31.441298
          ],
          [
            -64.18456,
            -31.441639
          ],
          [
            -64.184584,
            -31.441711
          ],
          [
            -64.184729,
            -31.441942
          ],
          [
            -64.184758,
            -31.442006
          ],
          [
            -64.184753,
            -31.442175
          ],
          [
            -64.185564,
            -31.442318
          ],
          [
            -64.186045,
            -31.442374
          ],
          [
            -64.186164,
            -31.442376
          ],
          [
            -64.18624,
            -31.442368
          ],
          [
            -64.186337,
            -31.442346
          ],
          [
            -64.186465,
            -31.442304
          ],
          [
            -64.18652,
            -31.44228
          ],
          [
            -64.186573,
            -31.44225
          ],
          [
            -64.186605,
            -31.442224
          ],
          [
            -64.186644,
            -31.442206
          ],
          [
            -64.186687,
            -31.442195
          ],
          [
            -64.18673,
            -31.442192
          ],
          [
            -64.186772,
            -31.442197
          ],
          [
            -64.186812,
            -31.44221
          ],
          [
            -64.186848,
            -31.442231
          ],
          [
            -64.186877,
            -31.442257
          ],
          [
            -64.186941,
            -31.442303
          ],
          [
            -64.187033,
            -31.442355
          ],
          [
            -64.187108,
            -31.442398
          ],
          [
            -64.187301,
            -31.44248
          ],
          [
            -64.187504,
            -31.442552
          ],
          [
            -64.187811,
            -31.442636
          ],
          [
            -64.188131,
            -31.442674
          ],
          [
            -64.189985,
            -31.442894
          ],
          [
            -64.190327,
            -31.442935
          ],
          [
            -64.191982,
            -31.443132
          ],
          [
            -64.192111,
            -31.443148
          ],
          [
            -64.193522,
            -31.44331
          ],
          [
            -64.193696,
            -31.443329
          ],
          [
            -64.193979,
            -31.443344
          ],
          [
            -64.194051,
            -31.443343
          ],
          [
            -64.194177,
            -31.443326
          ],
          [
            -64.194253,
            -31.443313
          ],
          [
            -64.194324,
            -31.443282
          ],
          [
            -64.194427,
            -31.443299
          ],
          [
            -64.194438,
            -31.443289
          ],
          [
            -64.19446,
            -31.443277
          ],
          [
            -64.19449,
            -31.443267
          ],
          [
            -64.19452,
            -31.443265
          ],
          [
            -64.19455,
            -31.443269
          ],
          [
            -64.194577,
            -31.44328
          ],
          [
            -64.194588,
            -31.443288
          ],
          [
            -64.195415,
            -31.443576
          ],
          [
            -64.19608,
            -31.443649
          ],
          [
            -64.196675,
            -31.443676
          ],
          [
            -64.197311,
            -31.443726
          ],
          [
            -64.197378,
            -31.443724
          ],
          [
            -64.197458,
            -31.443709
          ],
          [
            -64.197503,
            -31.44369
          ],
          [
            -64.197527,
            -31.443667
          ],
          [
            -64.197541,
            -31.443641
          ],
          [
            -64.197558,
            -31.4436
          ],
          [
            -64.197561,
            -31.443559
          ],
          [
            -64.197532,
            -31.443453
          ],
          [
            -64.197263,
            -31.442566
          ],
          [
            -64.197112,
            -31.441948
          ],
          [
            -64.196813,
            -31.440991
          ],
          [
            -64.196607,
            -31.440357
          ],
          [
            -64.196321,
            -31.439474
          ],
          [
            -64.196168,
            -31.439002
          ],
          [
            -64.195995,
            -31.439042
          ],
          [
            -64.195909,
            -31.439062
          ],
          [
            -64.195741,
            -31.439033
          ],
          [
            -64.195603,
            -31.439033
          ],
          [
            -64.195562,
            -31.439072
          ],
          [
            -64.195512,
            -31.43919
          ],
          [
            -64.195494,
            -31.439284
          ],
          [
            -64.195506,
            -31.43932
          ],
          [
            -64.195559,
            -31.439476
          ],
          [
            -64.19561,
            -31.439626
          ],
          [
            -64.195663,
            -31.439783
          ],
          [
            -64.195699,
            -31.439893
          ],
          [
            -64.194736,
            -31.440117
          ],
          [
            -64.194441,
            -31.440188
          ],
          [
            -64.194397,
            -31.440197
          ],
          [
            -64.194253,
            -31.440225
          ],
          [
            -64.194207,
            -31.440196
          ],
          [
            -64.193831,
            -31.438995
          ],
          [
            -64.193917,
            -31.438958
          ],
          [
            -64.194009,
            -31.438948
          ],
          [
            -64.194283,
            -31.438918
          ],
          [
            -64.195217,
            -31.43885
          ],
          [
            -64.195443,
            -31.438866
          ],
          [
            -64.195477,
            -31.438903
          ],
          [
            -64.195538,
            -31.438904
          ],
          [
            -64.195589,
            -31.438933
          ],
          [
            -64.195603,
            -31.438961
          ],
          [
            -64.195741,
            -31.439033
          ],
          [
            -64.195909,
            -31.439062
          ],
          [
            -64.195995,
            -31.439042
          ],
          [
            -64.196168,
            -31.439002
          ],
          [
            -64.195954,
            -31.438343
          ],
          [
            -64.19582,
            -31.437935
          ],
          [
            -64.195438,
            -31.436768
          ],
          [
            -64.195306,
            -31.436335
          ],
          [
            -64.194681,
            -31.434456
          ],
          [
            -64.19465,
            -31.434379
          ],
          [
            -64.194603,
            -31.4343
          ],
          [
            -64.194544,
            -31.434211
          ],
          [
            -64.194498,
            -31.434146
          ],
          [
            -64.194414,
            -31.434049
          ],
          [
            -64.1943,
            -31.433935
          ],
          [
            -64.194173,
            -31.433822
          ],
          [
            -64.19411,
            -31.433771
          ],
          [
            -64.193767,
            -31.433475
          ],
          [
            -64.193658,
            -31.433384
          ],
          [
            -64.193563,
            -31.433243
          ],
          [
            -64.19353,
            -31.433149
          ],
          [
            -64.193518,
            -31.433035
          ],
          [
            -64.193533,
            -31.432921
          ],
          [
            -64.193576,
            -31.432812
          ],
          [
            -64.193644,
            -31.432713
          ],
          [
            -64.193656,
            -31.432702
          ],
          [
            -64.193685,
            -31.432675
          ],
          [
            -64.193705,
            -31.432656
          ],
          [
            -64.193774,
            -31.432598
          ],
          [
            -64.193815,
            -31.432577
          ],
          [
            -64.193903,
            -31.432536
          ],
          [
            -64.193957,
            -31.432523
          ],
          [
            -64.19402,
            -31.432507
          ],
          [
            -64.194157,
            -31.43249
          ],
          [
            -64.194317,
            -31.432506
          ],
          [
            -64.194467,
            -31.432554
          ],
          [
            -64.194646,
            -31.432498
          ],
          [
            -64.194757,
            -31.432462
          ],
          [
            -64.194816,
            -31.432443
          ],
          [
            -64.195463,
            -31.432218
          ],
          [
            -64.196627,
            -31.431855
          ],
          [
            -64.196802,
            -31.431801
          ],
          [
            -64.198256,
            -31.43136
          ],
          [
            -64.198305,
            -31.431344
          ],
          [
            -64.198459,
            -31.431302
          ],
          [
            -64.198534,
            -31.431278
          ],
          [
            -64.198583,
            -31.431335
          ],
          [
            -64.198659,
            -31.431396
          ],
          [
            -64.198761,
            -31.431446
          ],
          [
            -64.198866,
            -31.431488
          ],
          [
            -64.198997,
            -31.431528
          ],
          [
            -64.199125,
            -31.431558
          ],
          [
            -64.199746,
            -31.431662
          ],
          [
            -64.199876,
            -31.431681
          ],
          [
            -64.200256,
            -31.43159
          ],
          [
            -64.200622,
            -31.431514
          ],
          [
            -64.201333,
            -31.431373
          ],
          [
            -64.202271,
            -31.431188
          ],
          [
            -64.20189,
            -31.429755
          ],
          [
            -64.201816,
            -31.42951
          ],
          [
            -64.201787,
            -31.429451
          ],
          [
            -64.201657,
            -31.42924
          ],
          [
            -64.201623,
            -31.429158
          ],
          [
            -64.201617,
            -31.429137
          ],
          [
            -64.201612,
            -31.429118
          ],
          [
            -64.201566,
            -31.428731
          ],
          [
            -64.202205,
            -31.428681
          ],
          [
            -64.202943,
            -31.428634
          ],
          [
            -64.203081,
            -31.428627
          ],
          [
            -64.203855,
            -31.428576
          ],
          [
            -64.204057,
            -31.42855
          ],
          [
            -64.204201,
            -31.428531
          ],
          [
            -64.20444,
            -31.428475
          ],
          [
            -64.206246,
            -31.428042
          ],
          [
            -64.207277,
            -31.427785
          ],
          [
            -64.207446,
            -31.427747
          ],
          [
            -64.207553,
            -31.427731
          ],
          [
            -64.207695,
            -31.427718
          ],
          [
            -64.207804,
            -31.427721
          ],
          [
            -64.207912,
            -31.427727
          ],
          [
            -64.208038,
            -31.427736
          ],
          [
            -64.208146,
            -31.427755
          ],
          [
            -64.208279,
            -31.427796
          ],
          [
            -64.208463,
            -31.427883
          ],
          [
            -64.208649,
            -31.427984
          ],
          [
            -64.209399,
            -31.428463
          ],
          [
            -64.20959,
            -31.428582
          ],
          [
            -64.209621,
            -31.428605
          ],
          [
            -64.209938,
            -31.428838
          ],
          [
            -64.210108,
            -31.428956
          ],
          [
            -64.210247,
            -31.429055
          ],
          [
            -64.210354,
            -31.429114
          ],
          [
            -64.210393,
            -31.429125
          ],
          [
            -64.210432,
            -31.429125
          ],
          [
            -64.210468,
            -31.429122
          ],
          [
            -64.210505,
            -31.429114
          ],
          [
            -64.210534,
            -31.4291
          ],
          [
            -64.210638,
            -31.429051
          ],
          [
            -64.21071,
            -31.429016
          ],
          [
            -64.210788,
            -31.428992
          ],
          [
            -64.210899,
            -31.42898
          ],
          [
            -64.21101,
            -31.428991
          ],
          [
            -64.211114,
            -31.429025
          ],
          [
            -64.211206,
            -31.42908
          ],
          [
            -64.211278,
            -31.429152
          ],
          [
            -64.211328,
            -31.429238
          ],
          [
            -64.211431,
            -31.429282
          ],
          [
            -64.211484,
            -31.429301
          ],
          [
            -64.211547,
            -31.429317
          ],
          [
            -64.211603,
            -31.429322
          ],
          [
            -64.211669,
            -31.429324
          ],
          [
            -64.211729,
            -31.429325
          ],
          [
            -64.211785,
            -31.429328
          ],
          [
            -64.211871,
            -31.429345
          ],
          [
            -64.211969,
            -31.429369
          ],
          [
            -64.212046,
            -31.429393
          ],
          [
            -64.212118,
            -31.42942
          ],
          [
            -64.212187,
            -31.42945
          ],
          [
            -64.212261,
            -31.429483
          ],
          [
            -64.212335,
            -31.429525
          ],
          [
            -64.212404,
            -31.429569
          ],
          [
            -64.212463,
            -31.429611
          ],
          [
            -64.212511,
            -31.429646
          ],
          [
            -64.212598,
            -31.429727
          ],
          [
            -64.212671,
            -31.429801
          ],
          [
            -64.212891,
            -31.430032
          ],
          [
            -64.212974,
            -31.430101
          ],
          [
            -64.21305,
            -31.430154
          ],
          [
            -64.213112,
            -31.430192
          ],
          [
            -64.213217,
            -31.430241
          ],
          [
            -64.213308,
            -31.430279
          ],
          [
            -64.21333,
            -31.430285
          ],
          [
            -64.21342,
            -31.430312
          ],
          [
            -64.213527,
            -31.430335
          ],
          [
            -64.21356,
            -31.430339
          ],
          [
            -64.213671,
            -31.430351
          ],
          [
            -64.213876,
            -31.430359
          ],
          [
            -64.213999,
            -31.430364
          ],
          [
            -64.214114,
            -31.43037
          ],
          [
            -64.214637,
            -31.430396
          ],
          [
            -64.214774,
            -31.430406
          ],
          [
            -64.214906,
            -31.430415
          ],
          [
            -64.215567,
            -31.430461
          ],
          [
            -64.216397,
            -31.430517
          ],
          [
            -64.217392,
            -31.430585
          ],
          [
            -64.218181,
            -31.430652
          ],
          [
            -64.219052,
            -31.430715
          ],
          [
            -64.219517,
            -31.430748
          ],
          [
            -64.219399,
            -31.430304
          ],
          [
            -64.219087,
            -31.42913
          ],
          [
            -64.218923,
            -31.428512
          ],
          [
            -64.218786,
            -31.427993
          ],
          [
            -64.218674,
            -31.427571
          ],
          [
            -64.218647,
            -31.427457
          ],
          [
            -64.218287,
            -31.426102
          ],
          [
            -64.219042,
            -31.425955
          ],
          [
            -64.219769,
            -31.425813
          ],
          [
            -64.220521,
            -31.425669
          ],
          [
            -64.221259,
            -31.425526
          ],
          [
            -64.221993,
            -31.425384
          ],
          [
            -64.222765,
            -31.425231
          ],
          [
            -64.223429,
            -31.425101
          ],
          [
            -64.224202,
            -31.424956
          ],
          [
            -64.224928,
            -31.424814
          ],
          [
            -64.225367,
            -31.424727
          ],
          [
            -64.226129,
            -31.424582
          ],
          [
            -64.227356,
            -31.424347
          ],
          [
            -64.228554,
            -31.424112
          ],
          [
            -64.229427,
            -31.423937
          ],
          [
            -64.230258,
            -31.42377
          ],
          [
            -64.231099,
            -31.4236
          ],
          [
            -64.23199,
            -31.423422
          ],
          [
            -64.232846,
            -31.42325
          ],
          [
            -64.233683,
            -31.423082
          ],
          [
            -64.233619,
            -31.422831
          ],
          [
            -64.233552,
            -31.422568
          ],
          [
            -64.233414,
            -31.422036
          ],
          [
            -64.233335,
            -31.421739
          ],
          [
            -64.233285,
            -31.421556
          ],
          [
            -64.23297,
            -31.420381
          ],
          [
            -64.232694,
            -31.419349
          ],
          [
            -64.232568,
            -31.418878
          ],
          [
            -64.232289,
            -31.417824
          ],
          [
            -64.23215,
            -31.417315
          ],
          [
            -64.232021,
            -31.416833
          ],
          [
            -64.231979,
            -31.416677
          ],
          [
            -64.231712,
            -31.415677
          ],
          [
            -64.231693,
            -31.415609
          ],
          [
            -64.232737,
            -31.415402
          ],
          [
            -64.233432,
            -31.41527
          ],
          [
            -64.233548,
            -31.415253
          ],
          [
            -64.234296,
            -31.415154
          ],
          [
            -64.234487,
            -31.415121
          ],
          [
            -64.235822,
            -31.414867
          ],
          [
            -64.236492,
            -31.414742
          ],
          [
            -64.236158,
            -31.413469
          ],
          [
            -64.23668,
            -31.413364
          ],
          [
            -64.236729,
            -31.41337
          ],
          [
            -64.236785,
            -31.413391
          ],
          [
            -64.237195,
            -31.413508
          ],
          [
            -64.237075,
            -31.413077
          ],
          [
            -64.237049,
            -31.412983
          ],
          [
            -64.237195,
            -31.413508
          ],
          [
            -64.236785,
            -31.413391
          ],
          [
            -64.236729,
            -31.41337
          ],
          [
            -64.23668,
            -31.413364
          ],
          [
            -64.236158,
            -31.413469
          ],
          [
            -64.236492,
            -31.414742
          ],
          [
            -64.235822,
            -31.414867
          ],
          [
            -64.234487,
            -31.415121
          ],
          [
            -64.234296,
            -31.415154
          ],
          [
            -64.233548,
            -31.415253
          ],
          [
            -64.233432,
            -31.41527
          ],
          [
            -64.232737,
            -31.415402
          ],
          [
            -64.231693,
            -31.415609
          ],
          [
            -64.231712,
            -31.415677
          ],
          [
            -64.231979,
            -31.416677
          ],
          [
            -64.232021,
            -31.416833
          ],
          [
            -64.23215,
            -31.417315
          ],
          [
            -64.232289,
            -31.417824
          ],
          [
            -64.232568,
            -31.418878
          ],
          [
            -64.232694,
            -31.419349
          ],
          [
            -64.23297,
            -31.420381
          ],
          [
            -64.233285,
            -31.421556
          ],
          [
            -64.233335,
            -31.421739
          ],
          [
            -64.233414,
            -31.422036
          ],
          [
            -64.233552,
            -31.422568
          ],
          [
            -64.233619,
            -31.422831
          ],
          [
            -64.233683,
            -31.423082
          ],
          [
            -64.232846,
            -31.42325
          ],
          [
            -64.23199,
            -31.423422
          ],
          [
            -64.231099,
            -31.4236
          ],
          [
            -64.230258,
            -31.42377
          ],
          [
            -64.229427,
            -31.423937
          ],
          [
            -64.228554,
            -31.424112
          ],
          [
            -64.227356,
            -31.424347
          ],
          [
            -64.226129,
            -31.424582
          ],
          [
            -64.225367,
            -31.424727
          ],
          [
            -64.224928,
            -31.424814
          ],
          [
            -64.224202,
            -31.424956
          ],
          [
            -64.223429,
            -31.425101
          ],
          [
            -64.222765,
            -31.425231
          ],
          [
            -64.221993,
            -31.425384
          ],
          [
            -64.221259,
            -31.425526
          ],
          [
            -64.220521,
            -31.425669
          ],
          [
            -64.219769,
            -31.425813
          ],
          [
            -64.219042,
            -31.425955
          ],
          [
            -64.218287,
            -31.426102
          ],
          [
            -64.217649,
            -31.426226
          ],
          [
            -64.217327,
            -31.426288
          ],
          [
            -64.217017,
            -31.426348
          ],
          [
            -64.216671,
            -31.426408
          ],
          [
            -64.216315,
            -31.426484
          ],
          [
            -64.2159,
            -31.426567
          ],
          [
            -64.215662,
            -31.426611
          ],
          [
            -64.215017,
            -31.426734
          ],
          [
            -64.213216,
            -31.427048
          ],
          [
            -64.213131,
            -31.427065
          ],
          [
            -64.212522,
            -31.427176
          ],
          [
            -64.212437,
            -31.427191
          ],
          [
            -64.212407,
            -31.427196
          ],
          [
            -64.212341,
            -31.427208
          ],
          [
            -64.211808,
            -31.427305
          ],
          [
            -64.211743,
            -31.427317
          ],
          [
            -64.211663,
            -31.427331
          ],
          [
            -64.211105,
            -31.427433
          ],
          [
            -64.211043,
            -31.427444
          ],
          [
            -64.210427,
            -31.42756
          ],
          [
            -64.210334,
            -31.427578
          ],
          [
            -64.210227,
            -31.427596
          ],
          [
            -64.208754,
            -31.427879
          ],
          [
            -64.208649,
            -31.427984
          ],
          [
            -64.208463,
            -31.427883
          ],
          [
            -64.208279,
            -31.427796
          ],
          [
            -64.208146,
            -31.427755
          ],
          [
            -64.208038,
            -31.427736
          ],
          [
            -64.207912,
            -31.427727
          ],
          [
            -64.207804,
            -31.427721
          ],
          [
            -64.207695,
            -31.427718
          ],
          [
            -64.207553,
            -31.427731
          ],
          [
            -64.207446,
            -31.427747
          ],
          [
            -64.207277,
            -31.427785
          ],
          [
            -64.206246,
            -31.428042
          ],
          [
            -64.20444,
            -31.428475
          ],
          [
            -64.204201,
            -31.428531
          ],
          [
            -64.204057,
            -31.42855
          ],
          [
            -64.203855,
            -31.428576
          ],
          [
            -64.203081,
            -31.428627
          ],
          [
            -64.202943,
            -31.428634
          ],
          [
            -64.202205,
            -31.428681
          ],
          [
            -64.201566,
            -31.428731
          ],
          [
            -64.201252,
            -31.428756
          ],
          [
            -64.200677,
            -31.428802
          ],
          [
            -64.200619,
            -31.428809
          ],
          [
            -64.200024,
            -31.428863
          ],
          [
            -64.199805,
            -31.428859
          ],
          [
            -64.199682,
            -31.428836
          ],
          [
            -64.198513,
            -31.428558
          ],
          [
            -64.197892,
            -31.428419
          ],
          [
            -64.197755,
            -31.428385
          ],
          [
            -64.19764,
            -31.428351
          ],
          [
            -64.197483,
            -31.428302
          ],
          [
            -64.197381,
            -31.42827
          ],
          [
            -64.197254,
            -31.428218
          ],
          [
            -64.196639,
            -31.42792
          ],
          [
            -64.195274,
            -31.427165
          ],
          [
            -64.194872,
            -31.427
          ],
          [
            -64.194509,
            -31.426863
          ],
          [
            -64.194478,
            -31.426787
          ],
          [
            -64.194469,
            -31.426766
          ],
          [
            -64.194257,
            -31.426227
          ],
          [
            -64.194255,
            -31.426221
          ],
          [
            -64.194239,
            -31.42618
          ],
          [
            -64.19422,
            -31.426133
          ],
          [
            -64.194217,
            -31.426124
          ],
          [
            -64.194076,
            -31.425803
          ],
          [
            -64.194072,
            -31.425793
          ],
          [
            -64.194044,
            -31.425728
          ],
          [
            -64.192925,
            -31.426075
          ],
          [
            -64.192241,
            -31.42627
          ],
          [
            -64.191496,
            -31.426511
          ],
          [
            -64.190123,
            -31.426939
          ],
          [
            -64.188835,
            -31.427327
          ],
          [
            -64.187467,
            -31.427745
          ],
          [
            -64.186154,
            -31.428159
          ],
          [
            -64.185712,
            -31.428299
          ],
          [
            -64.185646,
            -31.428354
          ],
          [
            -64.185594,
            -31.428399
          ],
          [
            -64.185569,
            -31.428423
          ],
          [
            -64.185539,
            -31.428455
          ],
          [
            -64.185488,
            -31.428508
          ],
          [
            -64.185494,
            -31.428577
          ],
          [
            -64.185489,
            -31.428647
          ],
          [
            -64.185473,
            -31.428715
          ],
          [
            -64.185452,
            -31.428769
          ],
          [
            -64.185425,
            -31.42882
          ],
          [
            -64.185392,
            -31.428868
          ],
          [
            -64.185374,
            -31.42889
          ],
          [
            -64.185353,
            -31.428914
          ],
          [
            -64.18529,
            -31.42897
          ],
          [
            -64.185242,
            -31.429003
          ],
          [
            -64.185187,
            -31.429034
          ],
          [
            -64.185128,
            -31.429059
          ],
          [
            -64.185067,
            -31.429079
          ],
          [
            -64.185004,
            -31.429094
          ],
          [
            -64.184939,
            -31.429102
          ],
          [
            -64.184873,
            -31.429105
          ],
          [
            -64.18483,
            -31.429103
          ],
          [
            -64.184758,
            -31.429095
          ],
          [
            -64.184688,
            -31.42908
          ],
          [
            -64.18462,
            -31.429055
          ],
          [
            -64.184557,
            -31.429028
          ],
          [
            -64.184479,
            -31.428983
          ],
          [
            -64.184455,
            -31.428963
          ],
          [
            -64.184435,
            -31.428946
          ],
          [
            -64.184419,
            -31.428931
          ],
          [
            -64.184372,
            -31.428881
          ],
          [
            -64.184333,
            -31.428827
          ],
          [
            -64.184302,
            -31.428769
          ],
          [
            -64.184279,
            -31.428708
          ],
          [
            -64.184278,
            -31.428704
          ],
          [
            -64.184265,
            -31.428646
          ],
          [
            -64.18426,
            -31.428582
          ],
          [
            -64.184264,
            -31.428516
          ],
          [
            -64.184201,
            -31.428445
          ],
          [
            -64.184143,
            -31.428395
          ],
          [
            -64.184086,
            -31.428347
          ],
          [
            -64.184058,
            -31.428322
          ],
          [
            -64.183985,
            -31.42828
          ],
          [
            -64.183911,
            -31.428244
          ],
          [
            -64.182874,
            -31.427778
          ],
          [
            -64.18233,
            -31.427529
          ],
          [
            -64.182003,
            -31.427379
          ],
          [
            -64.181176,
            -31.427
          ],
          [
            -64.181153,
            -31.42699
          ],
          [
            -64.181,
            -31.42692
          ],
          [
            -64.180779,
            -31.426815
          ],
          [
            -64.180392,
            -31.426629
          ],
          [
            -64.179216,
            -31.426068
          ],
          [
            -64.179202,
            -31.426061
          ],
          [
            -64.17888,
            -31.425917
          ],
          [
            -64.178464,
            -31.425731
          ],
          [
            -64.177704,
            -31.425392
          ],
          [
            -64.177641,
            -31.425364
          ],
          [
            -64.177532,
            -31.425314
          ],
          [
            -64.177466,
            -31.425285
          ],
          [
            -64.176944,
            -31.425046
          ],
          [
            -64.176902,
            -31.425026
          ],
          [
            -64.176656,
            -31.42491
          ],
          [
            -64.176612,
            -31.42489
          ],
          [
            -64.175619,
            -31.424434
          ],
          [
            -64.175471,
            -31.424366
          ],
          [
            -64.17482,
            -31.424104
          ],
          [
            -64.174766,
            -31.424077
          ],
          [
            -64.174564,
            -31.423987
          ],
          [
            -64.174476,
            -31.423932
          ],
          [
            -64.17426,
            -31.423751
          ],
          [
            -64.174219,
            -31.42372
          ],
          [
            -64.17418,
            -31.423693
          ],
          [
            -64.174062,
            -31.423629
          ],
          [
            -64.174049,
            -31.423621
          ],
          [
            -64.173959,
            -31.423593
          ],
          [
            -64.173886,
            -31.42359
          ],
          [
            -64.173798,
            -31.423598
          ],
          [
            -64.173636,
            -31.423724
          ],
          [
            -64.173436,
            -31.423875
          ],
          [
            -64.173183,
            -31.424032
          ],
          [
            -64.172972,
            -31.424151
          ],
          [
            -64.172919,
            -31.424181
          ],
          [
            -64.172509,
            -31.424412
          ],
          [
            -64.172225,
            -31.424549
          ],
          [
            -64.171993,
            -31.42465
          ],
          [
            -64.171628,
            -31.424784
          ],
          [
            -64.171037,
            -31.424981
          ],
          [
            -64.170866,
            -31.425028
          ],
          [
            -64.170769,
            -31.425051
          ],
          [
            -64.170722,
            -31.42506
          ],
          [
            -64.17049,
            -31.425121
          ],
          [
            -64.170263,
            -31.425165
          ],
          [
            -64.170078,
            -31.425193
          ],
          [
            -64.169971,
            -31.425203
          ],
          [
            -64.169853,
            -31.425218
          ],
          [
            -64.169717,
            -31.42524
          ],
          [
            -64.169419,
            -31.425293
          ],
          [
            -64.169341,
            -31.425306
          ],
          [
            -64.169296,
            -31.425309
          ],
          [
            -64.169265,
            -31.42531
          ],
          [
            -64.169224,
            -31.425303
          ],
          [
            -64.169173,
            -31.425288
          ],
          [
            -64.169123,
            -31.425281
          ],
          [
            -64.169075,
            -31.425279
          ],
          [
            -64.168999,
            -31.425281
          ],
          [
            -64.168965,
            -31.425291
          ],
          [
            -64.168933,
            -31.425301
          ],
          [
            -64.16844,
            -31.425386
          ],
          [
            -64.168398,
            -31.425376
          ],
          [
            -64.168366,
            -31.42536
          ],
          [
            -64.168338,
            -31.425337
          ],
          [
            -64.168319,
            -31.425311
          ],
          [
            -64.168312,
            -31.425297
          ],
          [
            -64.168302,
            -31.425278
          ],
          [
            -64.168287,
            -31.425237
          ],
          [
            -64.168276,
            -31.425205
          ],
          [
            -64.168274,
            -31.425193
          ],
          [
            -64.168282,
            -31.425165
          ],
          [
            -64.168292,
            -31.425141
          ],
          [
            -64.168306,
            -31.42511
          ],
          [
            -64.16832,
            -31.425083
          ],
          [
            -64.168342,
            -31.425061
          ],
          [
            -64.168386,
            -31.425033
          ],
          [
            -64.168449,
            -31.425005
          ],
          [
            -64.168534,
            -31.424985
          ],
          [
            -64.168689,
            -31.42496
          ],
          [
            -64.168768,
            -31.42492
          ],
          [
            -64.168793,
            -31.424894
          ],
          [
            -64.168805,
            -31.424871
          ],
          [
            -64.168808,
            -31.424848
          ],
          [
            -64.168799,
            -31.424812
          ],
          [
            -64.16878,
            -31.424785
          ],
          [
            -64.168744,
            -31.424761
          ],
          [
            -64.167496,
            -31.424058
          ],
          [
            -64.16746,
            -31.424042
          ],
          [
            -64.1674,
            -31.424026
          ],
          [
            -64.167337,
            -31.424017
          ],
          [
            -64.16696,
            -31.424009
          ],
          [
            -64.166737,
            -31.423997
          ],
          [
            -64.166311,
            -31.423986
          ],
          [
            -64.166259,
            -31.423985
          ],
          [
            -64.165856,
            -31.423989
          ],
          [
            -64.165347,
            -31.424021
          ],
          [
            -64.164873,
            -31.424062
          ],
          [
            -64.164742,
            -31.42407
          ],
          [
            -64.164397,
            -31.424107
          ],
          [
            -64.163539,
            -31.424201
          ],
          [
            -64.163345,
            -31.424188
          ],
          [
            -64.162111,
            -31.424274
          ],
          [
            -64.161482,
            -31.424332
          ],
          [
            -64.160848,
            -31.424383
          ],
          [
            -64.159593,
            -31.42449
          ],
          [
            -64.158435,
            -31.424598
          ],
          [
            -64.15834,
            -31.424607
          ],
          [
            -64.157726,
            -31.424664
          ],
          [
            -64.157066,
            -31.424726
          ],
          [
            -64.155836,
            -31.42484
          ],
          [
            -64.154576,
            -31.424958
          ],
          [
            -64.153325,
            -31.425075
          ],
          [
            -64.152686,
            -31.425135
          ],
          [
            -64.152079,
            -31.425193
          ],
          [
            -64.150838,
            -31.425302
          ],
          [
            -64.149579,
            -31.425425
          ],
          [
            -64.148964,
            -31.425482
          ],
          [
            -64.148361,
            -31.425538
          ],
          [
            -64.147104,
            -31.425655
          ],
          [
            -64.145869,
            -31.425771
          ],
          [
            -64.14464,
            -31.425886
          ],
          [
            -64.14338,
            -31.426002
          ],
          [
            -64.14212,
            -31.42612
          ],
          [
            -64.140868,
            -31.426238
          ],
          [
            -64.140208,
            -31.4263
          ],
          [
            -64.13969,
            -31.426348
          ],
          [
            -64.138553,
            -31.426453
          ],
          [
            -64.138482,
            -31.426001
          ],
          [
            -64.138475,
            -31.425948
          ],
          [
            -64.138479,
            -31.425896
          ],
          [
            -64.138496,
            -31.425834
          ],
          [
            -64.138626,
            -31.425367
          ],
          [
            -64.1388,
            -31.424794
          ],
          [
            -64.138829,
            -31.424725
          ],
          [
            -64.138373,
            -31.424232
          ],
          [
            -64.137989,
            -31.423797
          ],
          [
            -64.137961,
            -31.423743
          ],
          [
            -64.137943,
            -31.423694
          ],
          [
            -64.137871,
            -31.423224
          ],
          [
            -64.137084,
            -31.423298
          ],
          [
            -64.136265,
            -31.423381
          ],
          [
            -64.135481,
            -31.423449
          ],
          [
            -64.134666,
            -31.423515
          ],
          [
            -64.133531,
            -31.423532
          ],
          [
            -64.132438,
            -31.423542
          ],
          [
            -64.131308,
            -31.423554
          ],
          [
            -64.131301,
            -31.422923
          ],
          [
            -64.1313,
            -31.422876
          ],
          [
            -64.131296,
            -31.422464
          ],
          [
            -64.13242,
            -31.422468
          ],
          [
            -64.132438,
            -31.423542
          ],
          [
            -64.132447,
            -31.424751
          ],
          [
            -64.132464,
            -31.425708
          ],
          [
            -64.132483,
            -31.426822
          ],
          [
            -64.132499,
            -31.427795
          ],
          [
            -64.132514,
            -31.428666
          ],
          [
            -64.132523,
            -31.429196
          ],
          [
            -64.132529,
            -31.429506
          ],
          [
            -64.13253,
            -31.429855
          ],
          [
            -64.132529,
            -31.430043
          ],
          [
            -64.132539,
            -31.430413
          ],
          [
            -64.132549,
            -31.430459
          ],
          [
            -64.132574,
            -31.430508
          ],
          [
            -64.132604,
            -31.43054
          ],
          [
            -64.132974,
            -31.43081
          ],
          [
            -64.132508,
            -31.431274
          ],
          [
            -64.133158,
            -31.431757
          ],
          [
            -64.133843,
            -31.432259
          ],
          [
            -64.13441,
            -31.432671
          ],
          [
            -64.13446,
            -31.432711
          ],
          [
            -64.134495,
            -31.43275
          ],
          [
            -64.134551,
            -31.43285
          ],
          [
            -64.134592,
            -31.43298
          ],
          [
            -64.13448,
            -31.433017
          ],
          [
            -64.134407,
            -31.433048
          ],
          [
            -64.133861,
            -31.433298
          ],
          [
            -64.133265,
            -31.433591
          ],
          [
            -64.132763,
            -31.433821
          ],
          [
            -64.132601,
            -31.433908
          ],
          [
            -64.132472,
            -31.433985
          ],
          [
            -64.132368,
            -31.434052
          ],
          [
            -64.132253,
            -31.434134
          ],
          [
            -64.132161,
            -31.434202
          ],
          [
            -64.131725,
            -31.434614
          ],
          [
            -64.131582,
            -31.43475
          ],
          [
            -64.131503,
            -31.434829
          ],
          [
            -64.130854,
            -31.435477
          ],
          [
            -64.130015,
            -31.436298
          ],
          [
            -64.129608,
            -31.436682
          ],
          [
            -64.129476,
            -31.436818
          ],
          [
            -64.129328,
            -31.436996
          ],
          [
            -64.129245,
            -31.437102
          ],
          [
            -64.129183,
            -31.437195
          ],
          [
            -64.129135,
            -31.437279
          ],
          [
            -64.128941,
            -31.437648
          ],
          [
            -64.128883,
            -31.437759
          ],
          [
            -64.12885,
            -31.437846
          ],
          [
            -64.128769,
            -31.438092
          ],
          [
            -64.128716,
            -31.438254
          ],
          [
            -64.128681,
            -31.438335
          ],
          [
            -64.128642,
            -31.438406
          ],
          [
            -64.128553,
            -31.438542
          ],
          [
            -64.128493,
            -31.438622
          ],
          [
            -64.12843,
            -31.438693
          ],
          [
            -64.128264,
            -31.438877
          ],
          [
            -64.128212,
            -31.438937
          ],
          [
            -64.128157,
            -31.438996
          ],
          [
            -64.128104,
            -31.439076
          ],
          [
            -64.128043,
            -31.439193
          ],
          [
            -64.127932,
            -31.439404
          ],
          [
            -64.127712,
            -31.439818
          ],
          [
            -64.127663,
            -31.439923
          ],
          [
            -64.127616,
            -31.440029
          ],
          [
            -64.127578,
            -31.440125
          ],
          [
            -64.127541,
            -31.440225
          ],
          [
            -64.127504,
            -31.440336
          ],
          [
            -64.12747,
            -31.440465
          ],
          [
            -64.127436,
            -31.4406
          ],
          [
            -64.12738,
            -31.440838
          ],
          [
            -64.127354,
            -31.44096
          ],
          [
            -64.127333,
            -31.441044
          ],
          [
            -64.127309,
            -31.441122
          ],
          [
            -64.127281,
            -31.4412
          ],
          [
            -64.127235,
            -31.441299
          ],
          [
            -64.127175,
            -31.441395
          ],
          [
            -64.127112,
            -31.441478
          ],
          [
            -64.127019,
            -31.441589
          ],
          [
            -64.12688,
            -31.441733
          ],
          [
            -64.126494,
            -31.442109
          ],
          [
            -64.125996,
            -31.442597
          ],
          [
            -64.125619,
            -31.44295
          ],
          [
            -64.125351,
            -31.443206
          ],
          [
            -64.125078,
            -31.443459
          ],
          [
            -64.1246,
            -31.443928
          ],
          [
            -64.124473,
            -31.444051
          ],
          [
            -64.123943,
            -31.444586
          ],
          [
            -64.123487,
            -31.445033
          ],
          [
            -64.122962,
            -31.445538
          ],
          [
            -64.122325,
            -31.446151
          ],
          [
            -64.122044,
            -31.446428
          ],
          [
            -64.120917,
            -31.447534
          ],
          [
            -64.120492,
            -31.447955
          ],
          [
            -64.120112,
            -31.448349
          ],
          [
            -64.11999,
            -31.448456
          ],
          [
            -64.119842,
            -31.448578
          ],
          [
            -64.119352,
            -31.448933
          ],
          [
            -64.119288,
            -31.448866
          ],
          [
            -64.119188,
            -31.44877
          ],
          [
            -64.119908,
            -31.448261
          ],
          [
            -64.119978,
            -31.448206
          ],
          [
            -64.120041,
            -31.448151
          ],
          [
            -64.120372,
            -31.447846
          ],
          [
            -64.120806,
            -31.447431
          ],
          [
            -64.120442,
            -31.447165
          ],
          [
            -64.120422,
            -31.447154
          ],
          [
            -64.120363,
            -31.447131
          ],
          [
            -64.120352,
            -31.446574
          ],
          [
            -64.120344,
            -31.446014
          ],
          [
            -64.119571,
            -31.446014
          ],
          [
            -64.118677,
            -31.446014
          ],
          [
            -64.118692,
            -31.446588
          ],
          [
            -64.118702,
            -31.447145
          ],
          [
            -64.118708,
            -31.447692
          ],
          [
            -64.118715,
            -31.448215
          ],
          [
            -64.118724,
            -31.448264
          ],
          [
            -64.118742,
            -31.448297
          ],
          [
            -64.118758,
            -31.448314
          ],
          [
            -64.119188,
            -31.44877
          ],
          [
            -64.119288,
            -31.448866
          ],
          [
            -64.119401,
            -31.448781
          ],
          [
            -64.11983,
            -31.448464
          ],
          [
            -64.119984,
            -31.448343
          ],
          [
            -64.120142,
            -31.448192
          ],
          [
            -64.120417,
            -31.447916
          ],
          [
            -64.120856,
            -31.4475
          ],
          [
            -64.121991,
            -31.446364
          ],
          [
            -64.122065,
            -31.446289
          ],
          [
            -64.122127,
            -31.446211
          ],
          [
            -64.122184,
            -31.446129
          ],
          [
            -64.12225,
            -31.446023
          ],
          [
            -64.122305,
            -31.445917
          ],
          [
            -64.122341,
            -31.445823
          ],
          [
            -64.122376,
            -31.445709
          ],
          [
            -64.122398,
            -31.445596
          ],
          [
            -64.122409,
            -31.445472
          ],
          [
            -64.12241,
            -31.445356
          ],
          [
            -64.122402,
            -31.445199
          ],
          [
            -64.122376,
            -31.444724
          ],
          [
            -64.12235,
            -31.444214
          ],
          [
            -64.12231,
            -31.443543
          ],
          [
            -64.122287,
            -31.443252
          ],
          [
            -64.122274,
            -31.442913
          ],
          [
            -64.122257,
            -31.442561
          ],
          [
            -64.122253,
            -31.442412
          ],
          [
            -64.122243,
            -31.442323
          ],
          [
            -64.122228,
            -31.442242
          ],
          [
            -64.122211,
            -31.442159
          ],
          [
            -64.122187,
            -31.442077
          ],
          [
            -64.122154,
            -31.441988
          ],
          [
            -64.122117,
            -31.441908
          ],
          [
            -64.122076,
            -31.44183
          ],
          [
            -64.122019,
            -31.441734
          ],
          [
            -64.121963,
            -31.441649
          ],
          [
            -64.121902,
            -31.441558
          ],
          [
            -64.12184,
            -31.44147
          ],
          [
            -64.121757,
            -31.441356
          ],
          [
            -64.121667,
            -31.44124
          ],
          [
            -64.121572,
            -31.44112
          ],
          [
            -64.121477,
            -31.441009
          ],
          [
            -64.12129,
            -31.440799
          ],
          [
            -64.12097,
            -31.440363
          ],
          [
            -64.120808,
            -31.440192
          ],
          [
            -64.120502,
            -31.439855
          ],
          [
            -64.120267,
            -31.439595
          ],
          [
            -64.120035,
            -31.43935
          ],
          [
            -64.1198,
            -31.439104
          ],
          [
            -64.119635,
            -31.438933
          ],
          [
            -64.11946,
            -31.438764
          ],
          [
            -64.119215,
            -31.438524
          ],
          [
            -64.118956,
            -31.438284
          ],
          [
            -64.118618,
            -31.437974
          ],
          [
            -64.118356,
            -31.437741
          ],
          [
            -64.117827,
            -31.437264
          ],
          [
            -64.117138,
            -31.436639
          ],
          [
            -64.116609,
            -31.436163
          ],
          [
            -64.116259,
            -31.435849
          ],
          [
            -64.115911,
            -31.435537
          ],
          [
            -64.115124,
            -31.434828
          ],
          [
            -64.114362,
            -31.434139
          ],
          [
            -64.113995,
            -31.433808
          ],
          [
            -64.113612,
            -31.433452
          ],
          [
            -64.113218,
            -31.433109
          ],
          [
            -64.112782,
            -31.432717
          ],
          [
            -64.11251,
            -31.432472
          ],
          [
            -64.112352,
            -31.432325
          ],
          [
            -64.112175,
            -31.432163
          ],
          [
            -64.112008,
            -31.431996
          ],
          [
            -64.111852,
            -31.431829
          ],
          [
            -64.111691,
            -31.431659
          ],
          [
            -64.111461,
            -31.431397
          ],
          [
            -64.111253,
            -31.431142
          ],
          [
            -64.1111,
            -31.430948
          ],
          [
            -64.110961,
            -31.430761
          ],
          [
            -64.110766,
            -31.430498
          ],
          [
            -64.110629,
            -31.430298
          ],
          [
            -64.110511,
            -31.43011
          ],
          [
            -64.110398,
            -31.429929
          ],
          [
            -64.110285,
            -31.42974
          ],
          [
            -64.110164,
            -31.429526
          ],
          [
            -64.110066,
            -31.429333
          ],
          [
            -64.109964,
            -31.429132
          ],
          [
            -64.109869,
            -31.428924
          ],
          [
            -64.10979,
            -31.42874
          ],
          [
            -64.109706,
            -31.42854
          ],
          [
            -64.109624,
            -31.428337
          ],
          [
            -64.109547,
            -31.428125
          ],
          [
            -64.109473,
            -31.427911
          ],
          [
            -64.109407,
            -31.427704
          ],
          [
            -64.109346,
            -31.42749
          ],
          [
            -64.109293,
            -31.427287
          ],
          [
            -64.109237,
            -31.427073
          ],
          [
            -64.109192,
            -31.426856
          ],
          [
            -64.109144,
            -31.426628
          ],
          [
            -64.109107,
            -31.426415
          ],
          [
            -64.109075,
            -31.426207
          ],
          [
            -64.109046,
            -31.425998
          ],
          [
            -64.109025,
            -31.425789
          ],
          [
            -64.109008,
            -31.425579
          ],
          [
            -64.108994,
            -31.425398
          ],
          [
            -64.10899,
            -31.425258
          ],
          [
            -64.108979,
            -31.424968
          ],
          [
            -64.108976,
            -31.424742
          ],
          [
            -64.108975,
            -31.424511
          ],
          [
            -64.108985,
            -31.424208
          ],
          [
            -64.108994,
            -31.42398
          ],
          [
            -64.109011,
            -31.423767
          ],
          [
            -64.10903,
            -31.423556
          ],
          [
            -64.109057,
            -31.423339
          ],
          [
            -64.109093,
            -31.42311
          ],
          [
            -64.109131,
            -31.422904
          ],
          [
            -64.109174,
            -31.422701
          ],
          [
            -64.109226,
            -31.422475
          ],
          [
            -64.109279,
            -31.422266
          ],
          [
            -64.109333,
            -31.422058
          ],
          [
            -64.109418,
            -31.421767
          ],
          [
            -64.1095,
            -31.421539
          ],
          [
            -64.109584,
            -31.42133
          ],
          [
            -64.10967,
            -31.421125
          ],
          [
            -64.109765,
            -31.420924
          ],
          [
            -64.109858,
            -31.420721
          ],
          [
            -64.110006,
            -31.420427
          ],
          [
            -64.110159,
            -31.42012
          ],
          [
            -64.110316,
            -31.419839
          ],
          [
            -64.110438,
            -31.419634
          ],
          [
            -64.110558,
            -31.419442
          ],
          [
            -64.11068,
            -31.419256
          ],
          [
            -64.110806,
            -31.419065
          ],
          [
            -64.110944,
            -31.418876
          ],
          [
            -64.111148,
            -31.41861
          ],
          [
            -64.111359,
            -31.418351
          ],
          [
            -64.111507,
            -31.41817
          ],
          [
            -64.111663,
            -31.417997
          ],
          [
            -64.111824,
            -31.417825
          ],
          [
            -64.111988,
            -31.41766
          ],
          [
            -64.112156,
            -31.417495
          ],
          [
            -64.112344,
            -31.417324
          ],
          [
            -64.112589,
            -31.417105
          ],
          [
            -64.112853,
            -31.416871
          ],
          [
            -64.113136,
            -31.416645
          ],
          [
            -64.113317,
            -31.416504
          ],
          [
            -64.113513,
            -31.416357
          ],
          [
            -64.113807,
            -31.416146
          ],
          [
            -64.114093,
            -31.415936
          ],
          [
            -64.114376,
            -31.41573
          ],
          [
            -64.114663,
            -31.415518
          ],
          [
            -64.114963,
            -31.415301
          ],
          [
            -64.115242,
            -31.4151
          ],
          [
            -64.115535,
            -31.414886
          ],
          [
            -64.115917,
            -31.414604
          ],
          [
            -64.116208,
            -31.414394
          ],
          [
            -64.116501,
            -31.414176
          ],
          [
            -64.116784,
            -31.413967
          ],
          [
            -64.116994,
            -31.413812
          ],
          [
            -64.117261,
            -31.413605
          ],
          [
            -64.117532,
            -31.413388
          ],
          [
            -64.117725,
            -31.413232
          ],
          [
            -64.117903,
            -31.413083
          ],
          [
            -64.11808,
            -31.412929
          ],
          [
            -64.118266,
            -31.412768
          ],
          [
            -64.118444,
            -31.412606
          ],
          [
            -64.118693,
            -31.412381
          ],
          [
            -64.118944,
            -31.41214
          ],
          [
            -64.119192,
            -31.411897
          ],
          [
            -64.119359,
            -31.411726
          ],
          [
            -64.119526,
            -31.411553
          ],
          [
            -64.119684,
            -31.41139
          ],
          [
            -64.119839,
            -31.411219
          ],
          [
            -64.12007,
            -31.410964
          ],
          [
            -64.120232,
            -31.410782
          ],
          [
            -64.120452,
            -31.410524
          ],
          [
            -64.120816,
            -31.410078
          ],
          [
            -64.121025,
            -31.409814
          ],
          [
            -64.121239,
            -31.409544
          ],
          [
            -64.121453,
            -31.409273
          ],
          [
            -64.121663,
            -31.409006
          ],
          [
            -64.121877,
            -31.408735
          ],
          [
            -64.122084,
            -31.408466
          ],
          [
            -64.122302,
            -31.408192
          ],
          [
            -64.122516,
            -31.407917
          ],
          [
            -64.123252,
            -31.406972
          ],
          [
            -64.123801,
            -31.406273
          ],
          [
            -64.123987,
            -31.406037
          ],
          [
            -64.124272,
            -31.405667
          ],
          [
            -64.12441,
            -31.405485
          ],
          [
            -64.124546,
            -31.405296
          ],
          [
            -64.124672,
            -31.405115
          ],
          [
            -64.124799,
            -31.40493
          ],
          [
            -64.124929,
            -31.404736
          ],
          [
            -64.12505,
            -31.404547
          ],
          [
            -64.125165,
            -31.404362
          ],
          [
            -64.125336,
            -31.404079
          ],
          [
            -64.125558,
            -31.403687
          ],
          [
            -64.125675,
            -31.403471
          ],
          [
            -64.125775,
            -31.40328
          ],
          [
            -64.125868,
            -31.403089
          ],
          [
            -64.126054,
            -31.402707
          ],
          [
            -64.126202,
            -31.402374
          ],
          [
            -64.126331,
            -31.402077
          ],
          [
            -64.126419,
            -31.401865
          ],
          [
            -64.126525,
            -31.401592
          ],
          [
            -64.126617,
            -31.401341
          ],
          [
            -64.126689,
            -31.401132
          ],
          [
            -64.126791,
            -31.400828
          ],
          [
            -64.126855,
            -31.400617
          ],
          [
            -64.126919,
            -31.400407
          ],
          [
            -64.126983,
            -31.400186
          ],
          [
            -64.127037,
            -31.399973
          ],
          [
            -64.127112,
            -31.399662
          ],
          [
            -64.127162,
            -31.399451
          ],
          [
            -64.127209,
            -31.399251
          ],
          [
            -64.127249,
            -31.399036
          ],
          [
            -64.127287,
            -31.398821
          ],
          [
            -64.127321,
            -31.398608
          ],
          [
            -64.127356,
            -31.398397
          ],
          [
            -64.127383,
            -31.398179
          ],
          [
            -64.127433,
            -31.397728
          ],
          [
            -64.127437,
            -31.397686
          ],
          [
            -64.127458,
            -31.397429
          ],
          [
            -64.12748,
            -31.397209
          ],
          [
            -64.127513,
            -31.396878
          ],
          [
            -64.127532,
            -31.396567
          ],
          [
            -64.127543,
            -31.396328
          ],
          [
            -64.127547,
            -31.3961
          ],
          [
            -64.127547,
            -31.395813
          ],
          [
            -64.127541,
            -31.39558
          ],
          [
            -64.127528,
            -31.395334
          ],
          [
            -64.127511,
            -31.395048
          ],
          [
            -64.127489,
            -31.394824
          ],
          [
            -64.127464,
            -31.394606
          ],
          [
            -64.127435,
            -31.394383
          ],
          [
            -64.127396,
            -31.394077
          ],
          [
            -64.127367,
            -31.393859
          ],
          [
            -64.127333,
            -31.393639
          ],
          [
            -64.127301,
            -31.393433
          ],
          [
            -64.127254,
            -31.393157
          ],
          [
            -64.127204,
            -31.392902
          ],
          [
            -64.127158,
            -31.392678
          ],
          [
            -64.127107,
            -31.392476
          ],
          [
            -64.12705,
            -31.392271
          ],
          [
            -64.126835,
            -31.391703
          ],
          [
            -64.126741,
            -31.391347
          ],
          [
            -64.126664,
            -31.391023
          ],
          [
            -64.126588,
            -31.390692
          ],
          [
            -64.126536,
            -31.390462
          ],
          [
            -64.126487,
            -31.390266
          ],
          [
            -64.12633,
            -31.3897
          ],
          [
            -64.126273,
            -31.389488
          ],
          [
            -64.126227,
            -31.389281
          ],
          [
            -64.12618,
            -31.389086
          ],
          [
            -64.126134,
            -31.388847
          ],
          [
            -64.126062,
            -31.388398
          ],
          [
            -64.125935,
            -31.38761
          ],
          [
            -64.125929,
            -31.387545
          ],
          [
            -64.125915,
            -31.387504
          ],
          [
            -64.125883,
            -31.387469
          ],
          [
            -64.125825,
            -31.38744
          ],
          [
            -64.124888,
            -31.387215
          ],
          [
            -64.124354,
            -31.387088
          ],
          [
            -64.124396,
            -31.386862
          ],
          [
            -64.124411,
            -31.386798
          ],
          [
            -64.124441,
            -31.386665
          ],
          [
            -64.12475,
            -31.386731
          ],
          [
            -64.125638,
            -31.386939
          ],
          [
            -64.12593,
            -31.387012
          ],
          [
            -64.126048,
            -31.387038
          ],
          [
            -64.1269,
            -31.387231
          ],
          [
            -64.127006,
            -31.387254
          ],
          [
            -64.127173,
            -31.38729
          ],
          [
            -64.128065,
            -31.387482
          ],
          [
            -64.128167,
            -31.387506
          ],
          [
            -64.128632,
            -31.387614
          ],
          [
            -64.129288,
            -31.387767
          ],
          [
            -64.130422,
            -31.388051
          ],
          [
            -64.131097,
            -31.38821
          ],
          [
            -64.131859,
            -31.388389
          ],
          [
            -64.13234,
            -31.388495
          ],
          [
            -64.132623,
            -31.388568
          ],
          [
            -64.133377,
            -31.388754
          ],
          [
            -64.134099,
            -31.388914
          ],
          [
            -64.134138,
            -31.388923
          ],
          [
            -64.13414,
            -31.389076
          ],
          [
            -64.134146,
            -31.38914
          ],
          [
            -64.13415,
            -31.389397
          ],
          [
            -64.133955,
            -31.389344
          ],
          [
            -64.133418,
            -31.389221
          ],
          [
            -64.132669,
            -31.389037
          ],
          [
            -64.131933,
            -31.388862
          ],
          [
            -64.131309,
            -31.388716
          ],
          [
            -64.131293,
            -31.38879
          ],
          [
            -64.131288,
            -31.389795
          ],
          [
            -64.131301,
            -31.39134
          ],
          [
            -64.131294,
            -31.392896
          ],
          [
            -64.131296,
            -31.393277
          ],
          [
            -64.131301,
            -31.394441
          ],
          [
            -64.131829,
            -31.394445
          ],
          [
            -64.131852,
            -31.392908
          ],
          [
            -64.13188,
            -31.39135
          ],
          [
            -64.131909,
            -31.389812
          ],
          [
            -64.131921,
            -31.388926
          ],
          [
            -64.131933,
            -31.388862
          ],
          [
            -64.132669,
            -31.389037
          ],
          [
            -64.133418,
            -31.389221
          ],
          [
            -64.133955,
            -31.389344
          ],
          [
            -64.134034,
            -31.389116
          ],
          [
            -64.134053,
            -31.389055
          ],
          [
            -64.134101,
            -31.388959
          ],
          [
            -64.134138,
            -31.388923
          ],
          [
            -64.13493,
            -31.389112
          ],
          [
            -64.135699,
            -31.389293
          ],
          [
            -64.136444,
            -31.389463
          ],
          [
            -64.137229,
            -31.389651
          ],
          [
            -64.138631,
            -31.389987
          ],
          [
            -64.140015,
            -31.390311
          ],
          [
            -64.140954,
            -31.39052
          ],
          [
            -64.14189,
            -31.390747
          ],
          [
            -64.142433,
            -31.390873
          ],
          [
            -64.142802,
            -31.390957
          ],
          [
            -64.144072,
            -31.391242
          ],
          [
            -64.145352,
            -31.391542
          ],
          [
            -64.146622,
            -31.391842
          ],
          [
            -64.147917,
            -31.392144
          ],
          [
            -64.148511,
            -31.392283
          ],
          [
            -64.148981,
            -31.3924
          ],
          [
            -64.149479,
            -31.392516
          ],
          [
            -64.149754,
            -31.392583
          ],
          [
            -64.150003,
            -31.392654
          ],
          [
            -64.151317,
            -31.39304
          ],
          [
            -64.151394,
            -31.393062
          ],
          [
            -64.15145,
            -31.393081
          ],
          [
            -64.15204,
            -31.393283
          ],
          [
            -64.152703,
            -31.39349
          ],
          [
            -64.152796,
            -31.39352
          ],
          [
            -64.153113,
            -31.393619
          ],
          [
            -64.154317,
            -31.394006
          ],
          [
            -64.154601,
            -31.394095
          ],
          [
            -64.155458,
            -31.394351
          ],
          [
            -64.155717,
            -31.394428
          ],
          [
            -64.156019,
            -31.394516
          ],
          [
            -64.156215,
            -31.394577
          ],
          [
            -64.157831,
            -31.395095
          ],
          [
            -64.158157,
            -31.395202
          ],
          [
            -64.158346,
            -31.395262
          ],
          [
            -64.158501,
            -31.395309
          ],
          [
            -64.159211,
            -31.395546
          ],
          [
            -64.159248,
            -31.395571
          ],
          [
            -64.159264,
            -31.395588
          ],
          [
            -64.159277,
            -31.395613
          ],
          [
            -64.159275,
            -31.395657
          ],
          [
            -64.159249,
            -31.395798
          ],
          [
            -64.159245,
            -31.395821
          ],
          [
            -64.159203,
            -31.395967
          ],
          [
            -64.16,
            -31.396208
          ],
          [
            -64.16205,
            -31.396853
          ],
          [
            -64.162986,
            -31.397137
          ],
          [
            -64.16397,
            -31.39744
          ],
          [
            -64.165965,
            -31.398056
          ],
          [
            -64.167215,
            -31.398453
          ],
          [
            -64.167863,
            -31.398662
          ],
          [
            -64.168815,
            -31.398958
          ],
          [
            -64.169179,
            -31.39907
          ],
          [
            -64.169939,
            -31.399306
          ],
          [
            -64.170757,
            -31.399541
          ],
          [
            -64.171128,
            -31.399608
          ],
          [
            -64.171643,
            -31.399695
          ],
          [
            -64.171667,
            -31.399698
          ],
          [
            -64.172425,
            -31.3998
          ],
          [
            -64.17291,
            -31.399818
          ],
          [
            -64.173636,
            -31.399839
          ],
          [
            -64.173673,
            -31.399891
          ],
          [
            -64.173679,
            -31.399925
          ],
          [
            -64.173343,
            -31.400861
          ],
          [
            -64.174535,
            -31.401185
          ],
          [
            -64.175843,
            -31.4015
          ],
          [
            -64.175851,
            -31.401781
          ],
          [
            -64.175858,
            -31.402535
          ],
          [
            -64.175858,
            -31.402643
          ],
          [
            -64.175855,
            -31.403778
          ],
          [
            -64.175852,
            -31.404964
          ],
          [
            -64.175855,
            -31.405408
          ],
          [
            -64.175877,
            -31.405521
          ],
          [
            -64.175895,
            -31.405559
          ],
          [
            -64.175928,
            -31.405615
          ],
          [
            -64.175984,
            -31.405695
          ],
          [
            -64.176041,
            -31.405745
          ],
          [
            -64.176092,
            -31.405785
          ],
          [
            -64.177134,
            -31.405165
          ],
          [
            -64.177349,
            -31.405045
          ],
          [
            -64.177457,
            -31.405007
          ],
          [
            -64.178265,
            -31.404711
          ],
          [
            -64.178601,
            -31.404609
          ],
          [
            -64.178817,
            -31.404551
          ],
          [
            -64.179068,
            -31.404494
          ],
          [
            -64.179472,
            -31.40443
          ],
          [
            -64.179721,
            -31.404403
          ],
          [
            -64.179991,
            -31.404375
          ],
          [
            -64.180409,
            -31.404348
          ],
          [
            -64.181686,
            -31.404274
          ],
          [
            -64.182614,
            -31.404246
          ],
          [
            -64.182626,
            -31.404381
          ],
          [
            -64.182656,
            -31.404595
          ],
          [
            -64.182701,
            -31.404839
          ],
          [
            -64.182719,
            -31.40491
          ],
          [
            -64.182879,
            -31.405545
          ],
          [
            -64.182932,
            -31.405738
          ],
          [
            -64.18294,
            -31.405766
          ],
          [
            -64.183201,
            -31.40677
          ],
          [
            -64.183212,
            -31.406813
          ],
          [
            -64.183262,
            -31.406951
          ],
          [
            -64.183339,
            -31.40717
          ],
          [
            -64.183389,
            -31.407298
          ],
          [
            -64.183645,
            -31.407908
          ],
          [
            -64.183726,
            -31.408102
          ],
          [
            -64.183788,
            -31.408253
          ],
          [
            -64.183949,
            -31.408629
          ],
          [
            -64.184257,
            -31.409361
          ],
          [
            -64.184637,
            -31.410262
          ],
          [
            -64.184804,
            -31.410657
          ],
          [
            -64.185292,
            -31.411809
          ],
          [
            -64.185718,
            -31.412838
          ],
          [
            -64.185737,
            -31.412882
          ],
          [
            -64.185762,
            -31.412943
          ],
          [
            -64.185948,
            -31.413383
          ],
          [
            -64.186125,
            -31.413802
          ],
          [
            -64.186243,
            -31.414082
          ],
          [
            -64.186591,
            -31.414907
          ],
          [
            -64.186704,
            -31.415175
          ],
          [
            -64.186715,
            -31.415201
          ],
          [
            -64.186739,
            -31.415256
          ],
          [
            -64.186794,
            -31.415387
          ],
          [
            -64.186829,
            -31.41547
          ],
          [
            -64.187167,
            -31.416272
          ],
          [
            -64.187176,
            -31.416293
          ],
          [
            -64.187381,
            -31.41678
          ],
          [
            -64.187392,
            -31.416806
          ],
          [
            -64.187665,
            -31.417451
          ],
          [
            -64.187673,
            -31.417469
          ],
          [
            -64.18769,
            -31.41751
          ],
          [
            -64.188184,
            -31.418665
          ],
          [
            -64.188568,
            -31.419564
          ],
          [
            -64.188701,
            -31.419841
          ],
          [
            -64.188713,
            -31.419861
          ],
          [
            -64.188728,
            -31.419891
          ],
          [
            -64.188735,
            -31.419927
          ],
          [
            -64.188737,
            -31.419959
          ],
          [
            -64.188733,
            -31.419976
          ],
          [
            -64.188728,
            -31.419991
          ],
          [
            -64.188709,
            -31.420032
          ],
          [
            -64.188708,
            -31.420086
          ],
          [
            -64.188709,
            -31.420103
          ]
        ]
      }
    },
    {
      "type": "Feature",
      "id": "route-cordoba-2026-08-27-v3-what-if-balanced-load-v1-05",
      "properties": {
        "truckId": "vehicle-05",
        "waypointDistancesKm": [
          0,
          1.3478945594403124,
          3.419365777430937,
          7.079399291446487,
          9.784054845798693,
          15.258432173781353,
          19.747043043396243,
          25.399787525344244,
          31.941234878618573,
          38.937222474747564,
          48.656830561515584,
          60.84137502048022
        ]
      },
      "geometry": {
        "type": "LineString",
        "coordinates": [
          [
            -64.188709,
            -31.420109
          ],
          [
            -64.18871,
            -31.420127
          ],
          [
            -64.188717,
            -31.420178
          ],
          [
            -64.188727,
            -31.42023
          ],
          [
            -64.188737,
            -31.420284
          ],
          [
            -64.188734,
            -31.420338
          ],
          [
            -64.188686,
            -31.420476
          ],
          [
            -64.188614,
            -31.420637
          ],
          [
            -64.188602,
            -31.420666
          ],
          [
            -64.188216,
            -31.421509
          ],
          [
            -64.188139,
            -31.421536
          ],
          [
            -64.187971,
            -31.421596
          ],
          [
            -64.187883,
            -31.421621
          ],
          [
            -64.186582,
            -31.422025
          ],
          [
            -64.185253,
            -31.422438
          ],
          [
            -64.184746,
            -31.421253
          ],
          [
            -64.184705,
            -31.421154
          ],
          [
            -64.184491,
            -31.420636
          ],
          [
            -64.184265,
            -31.420104
          ],
          [
            -64.184136,
            -31.419798
          ],
          [
            -64.184126,
            -31.419775
          ],
          [
            -64.183666,
            -31.418688
          ],
          [
            -64.183648,
            -31.418647
          ],
          [
            -64.183639,
            -31.418623
          ],
          [
            -64.183179,
            -31.4175
          ],
          [
            -64.183168,
            -31.417471
          ],
          [
            -64.183201,
            -31.417461
          ],
          [
            -64.18323,
            -31.417452
          ],
          [
            -64.183806,
            -31.417276
          ],
          [
            -64.184023,
            -31.417213
          ],
          [
            -64.184439,
            -31.417092
          ],
          [
            -64.185796,
            -31.416696
          ],
          [
            -64.186124,
            -31.4166
          ],
          [
            -64.186555,
            -31.416474
          ],
          [
            -64.187132,
            -31.416306
          ],
          [
            -64.187153,
            -31.416299
          ],
          [
            -64.187176,
            -31.416293
          ],
          [
            -64.187381,
            -31.41678
          ],
          [
            -64.187392,
            -31.416806
          ],
          [
            -64.187665,
            -31.417451
          ],
          [
            -64.187673,
            -31.417469
          ],
          [
            -64.18769,
            -31.41751
          ],
          [
            -64.188184,
            -31.418665
          ],
          [
            -64.188568,
            -31.419564
          ],
          [
            -64.188701,
            -31.419841
          ],
          [
            -64.188713,
            -31.419861
          ],
          [
            -64.188728,
            -31.419891
          ],
          [
            -64.188735,
            -31.419927
          ],
          [
            -64.188737,
            -31.419959
          ],
          [
            -64.188733,
            -31.419976
          ],
          [
            -64.188728,
            -31.419991
          ],
          [
            -64.188709,
            -31.420032
          ],
          [
            -64.188708,
            -31.420086
          ],
          [
            -64.188709,
            -31.420109
          ],
          [
            -64.18871,
            -31.420127
          ],
          [
            -64.188717,
            -31.420178
          ],
          [
            -64.188727,
            -31.42023
          ],
          [
            -64.188737,
            -31.420284
          ],
          [
            -64.188734,
            -31.420338
          ],
          [
            -64.188686,
            -31.420476
          ],
          [
            -64.188614,
            -31.420637
          ],
          [
            -64.188602,
            -31.420666
          ],
          [
            -64.188216,
            -31.421509
          ],
          [
            -64.188139,
            -31.421536
          ],
          [
            -64.187971,
            -31.421596
          ],
          [
            -64.187883,
            -31.421621
          ],
          [
            -64.186582,
            -31.422025
          ],
          [
            -64.185253,
            -31.422438
          ],
          [
            -64.185197,
            -31.422455
          ],
          [
            -64.183898,
            -31.422858
          ],
          [
            -64.182631,
            -31.423252
          ],
          [
            -64.182565,
            -31.423271
          ],
          [
            -64.18253,
            -31.423283
          ],
          [
            -64.182506,
            -31.42329
          ],
          [
            -64.182219,
            -31.422615
          ],
          [
            -64.181948,
            -31.421985
          ],
          [
            -64.181908,
            -31.421886
          ],
          [
            -64.181858,
            -31.42176
          ],
          [
            -64.181401,
            -31.420612
          ],
          [
            -64.180946,
            -31.419465
          ],
          [
            -64.179696,
            -31.419842
          ],
          [
            -64.180036,
            -31.42065
          ],
          [
            -64.180178,
            -31.420989
          ],
          [
            -64.180395,
            -31.421509
          ],
          [
            -64.180685,
            -31.422206
          ],
          [
            -64.180726,
            -31.422306
          ],
          [
            -64.179365,
            -31.422693
          ],
          [
            -64.177897,
            -31.423051
          ],
          [
            -64.176787,
            -31.423339
          ],
          [
            -64.176741,
            -31.423226
          ],
          [
            -64.176601,
            -31.422834
          ],
          [
            -64.176535,
            -31.422648
          ],
          [
            -64.176522,
            -31.422612
          ],
          [
            -64.176516,
            -31.4226
          ],
          [
            -64.176511,
            -31.422587
          ],
          [
            -64.17648,
            -31.422515
          ],
          [
            -64.176422,
            -31.422382
          ],
          [
            -64.17638,
            -31.422285
          ],
          [
            -64.176333,
            -31.422185
          ],
          [
            -64.176291,
            -31.422122
          ],
          [
            -64.176232,
            -31.422059
          ],
          [
            -64.176178,
            -31.422006
          ],
          [
            -64.176086,
            -31.421933
          ],
          [
            -64.175942,
            -31.421822
          ],
          [
            -64.175796,
            -31.421709
          ],
          [
            -64.175687,
            -31.421628
          ],
          [
            -64.175653,
            -31.421602
          ],
          [
            -64.17562,
            -31.421578
          ],
          [
            -64.17558,
            -31.421548
          ],
          [
            -64.175271,
            -31.421365
          ],
          [
            -64.175075,
            -31.421762
          ],
          [
            -64.175051,
            -31.42181
          ],
          [
            -64.174797,
            -31.422321
          ],
          [
            -64.174679,
            -31.422565
          ],
          [
            -64.174555,
            -31.42279
          ],
          [
            -64.174349,
            -31.423083
          ],
          [
            -64.1743,
            -31.42314
          ],
          [
            -64.174187,
            -31.423245
          ],
          [
            -64.174115,
            -31.423319
          ],
          [
            -64.173965,
            -31.423464
          ],
          [
            -64.173798,
            -31.423598
          ],
          [
            -64.173636,
            -31.423724
          ],
          [
            -64.173436,
            -31.423875
          ],
          [
            -64.173183,
            -31.424032
          ],
          [
            -64.172972,
            -31.424151
          ],
          [
            -64.172919,
            -31.424181
          ],
          [
            -64.172509,
            -31.424412
          ],
          [
            -64.172225,
            -31.424549
          ],
          [
            -64.171993,
            -31.42465
          ],
          [
            -64.171628,
            -31.424784
          ],
          [
            -64.171037,
            -31.424981
          ],
          [
            -64.170866,
            -31.425028
          ],
          [
            -64.170769,
            -31.425051
          ],
          [
            -64.170722,
            -31.42506
          ],
          [
            -64.17049,
            -31.425121
          ],
          [
            -64.170263,
            -31.425165
          ],
          [
            -64.170078,
            -31.425193
          ],
          [
            -64.169971,
            -31.425203
          ],
          [
            -64.169853,
            -31.425218
          ],
          [
            -64.169717,
            -31.42524
          ],
          [
            -64.169419,
            -31.425293
          ],
          [
            -64.169341,
            -31.425306
          ],
          [
            -64.169296,
            -31.425309
          ],
          [
            -64.169265,
            -31.42531
          ],
          [
            -64.169224,
            -31.425303
          ],
          [
            -64.169173,
            -31.425288
          ],
          [
            -64.169123,
            -31.425281
          ],
          [
            -64.169075,
            -31.425279
          ],
          [
            -64.168999,
            -31.425281
          ],
          [
            -64.168965,
            -31.425291
          ],
          [
            -64.168933,
            -31.425301
          ],
          [
            -64.16844,
            -31.425386
          ],
          [
            -64.168398,
            -31.425376
          ],
          [
            -64.168366,
            -31.42536
          ],
          [
            -64.168338,
            -31.425337
          ],
          [
            -64.168319,
            -31.425311
          ],
          [
            -64.168312,
            -31.425297
          ],
          [
            -64.168302,
            -31.425278
          ],
          [
            -64.168287,
            -31.425237
          ],
          [
            -64.168276,
            -31.425205
          ],
          [
            -64.168274,
            -31.425193
          ],
          [
            -64.168282,
            -31.425165
          ],
          [
            -64.168292,
            -31.425141
          ],
          [
            -64.168306,
            -31.42511
          ],
          [
            -64.16832,
            -31.425083
          ],
          [
            -64.168342,
            -31.425061
          ],
          [
            -64.168386,
            -31.425033
          ],
          [
            -64.168449,
            -31.425005
          ],
          [
            -64.168534,
            -31.424985
          ],
          [
            -64.168689,
            -31.42496
          ],
          [
            -64.168768,
            -31.42492
          ],
          [
            -64.168793,
            -31.424894
          ],
          [
            -64.168805,
            -31.424871
          ],
          [
            -64.168808,
            -31.424848
          ],
          [
            -64.168799,
            -31.424812
          ],
          [
            -64.16878,
            -31.424785
          ],
          [
            -64.168744,
            -31.424761
          ],
          [
            -64.167496,
            -31.424058
          ],
          [
            -64.16746,
            -31.424042
          ],
          [
            -64.1674,
            -31.424026
          ],
          [
            -64.167337,
            -31.424017
          ],
          [
            -64.16696,
            -31.424009
          ],
          [
            -64.166737,
            -31.423997
          ],
          [
            -64.166311,
            -31.423986
          ],
          [
            -64.166259,
            -31.423985
          ],
          [
            -64.165856,
            -31.423989
          ],
          [
            -64.165347,
            -31.424021
          ],
          [
            -64.164873,
            -31.424062
          ],
          [
            -64.164742,
            -31.42407
          ],
          [
            -64.164397,
            -31.424107
          ],
          [
            -64.163539,
            -31.424201
          ],
          [
            -64.163345,
            -31.424188
          ],
          [
            -64.162111,
            -31.424274
          ],
          [
            -64.161482,
            -31.424332
          ],
          [
            -64.160848,
            -31.424383
          ],
          [
            -64.159593,
            -31.42449
          ],
          [
            -64.158435,
            -31.424598
          ],
          [
            -64.15834,
            -31.424607
          ],
          [
            -64.157726,
            -31.424664
          ],
          [
            -64.157066,
            -31.424726
          ],
          [
            -64.155836,
            -31.42484
          ],
          [
            -64.154576,
            -31.424958
          ],
          [
            -64.153325,
            -31.425075
          ],
          [
            -64.15346,
            -31.426167
          ],
          [
            -64.153594,
            -31.42721
          ],
          [
            -64.153668,
            -31.427799
          ],
          [
            -64.152976,
            -31.427856
          ],
          [
            -64.152452,
            -31.427918
          ],
          [
            -64.152415,
            -31.427636
          ],
          [
            -64.152374,
            -31.427324
          ],
          [
            -64.15177,
            -31.42738
          ],
          [
            -64.151129,
            -31.427442
          ],
          [
            -64.151372,
            -31.429191
          ],
          [
            -64.151375,
            -31.429246
          ],
          [
            -64.151382,
            -31.429294
          ],
          [
            -64.151402,
            -31.429425
          ],
          [
            -64.151527,
            -31.430391
          ],
          [
            -64.151646,
            -31.431311
          ],
          [
            -64.151742,
            -31.432262
          ],
          [
            -64.151832,
            -31.43304
          ],
          [
            -64.151853,
            -31.433177
          ],
          [
            -64.151875,
            -31.433373
          ],
          [
            -64.151901,
            -31.433607
          ],
          [
            -64.151934,
            -31.43418
          ],
          [
            -64.151946,
            -31.435426
          ],
          [
            -64.151981,
            -31.437881
          ],
          [
            -64.151984,
            -31.438474
          ],
          [
            -64.152002,
            -31.439022
          ],
          [
            -64.152016,
            -31.439813
          ],
          [
            -64.151234,
            -31.439804
          ],
          [
            -64.149878,
            -31.439789
          ],
          [
            -64.148536,
            -31.439774
          ],
          [
            -64.148519,
            -31.440041
          ],
          [
            -64.148517,
            -31.44026
          ],
          [
            -64.148513,
            -31.440511
          ],
          [
            -64.14852,
            -31.440589
          ],
          [
            -64.148545,
            -31.440653
          ],
          [
            -64.148586,
            -31.440716
          ],
          [
            -64.14864,
            -31.440776
          ],
          [
            -64.149448,
            -31.441424
          ],
          [
            -64.149513,
            -31.441482
          ],
          [
            -64.149533,
            -31.441508
          ],
          [
            -64.149608,
            -31.441605
          ],
          [
            -64.149522,
            -31.441638
          ],
          [
            -64.149245,
            -31.441739
          ],
          [
            -64.149202,
            -31.441755
          ],
          [
            -64.149153,
            -31.441773
          ],
          [
            -64.149104,
            -31.441791
          ],
          [
            -64.149038,
            -31.441816
          ],
          [
            -64.148712,
            -31.441939
          ],
          [
            -64.148569,
            -31.441993
          ],
          [
            -64.148542,
            -31.443415
          ],
          [
            -64.148537,
            -31.443519
          ],
          [
            -64.148527,
            -31.443857
          ],
          [
            -64.148525,
            -31.443967
          ],
          [
            -64.14849,
            -31.445268
          ],
          [
            -64.148494,
            -31.445387
          ],
          [
            -64.149164,
            -31.445393
          ],
          [
            -64.149662,
            -31.445395
          ],
          [
            -64.149826,
            -31.445396
          ],
          [
            -64.149858,
            -31.444302
          ],
          [
            -64.149867,
            -31.443997
          ],
          [
            -64.149874,
            -31.443742
          ],
          [
            -64.149907,
            -31.44263
          ],
          [
            -64.149726,
            -31.442401
          ],
          [
            -64.149269,
            -31.44188
          ],
          [
            -64.149153,
            -31.441773
          ],
          [
            -64.149202,
            -31.441755
          ],
          [
            -64.149245,
            -31.441739
          ],
          [
            -64.149522,
            -31.441638
          ],
          [
            -64.149608,
            -31.441605
          ],
          [
            -64.149533,
            -31.441508
          ],
          [
            -64.149513,
            -31.441482
          ],
          [
            -64.149448,
            -31.441424
          ],
          [
            -64.14864,
            -31.440776
          ],
          [
            -64.148586,
            -31.440716
          ],
          [
            -64.148545,
            -31.440653
          ],
          [
            -64.14852,
            -31.440589
          ],
          [
            -64.148513,
            -31.440511
          ],
          [
            -64.148517,
            -31.44026
          ],
          [
            -64.148519,
            -31.440041
          ],
          [
            -64.148536,
            -31.439774
          ],
          [
            -64.148518,
            -31.439235
          ],
          [
            -64.148518,
            -31.439129
          ],
          [
            -64.148518,
            -31.438591
          ],
          [
            -64.148518,
            -31.438475
          ],
          [
            -64.148518,
            -31.437984
          ],
          [
            -64.148518,
            -31.437795
          ],
          [
            -64.148518,
            -31.437301
          ],
          [
            -64.14852,
            -31.436683
          ],
          [
            -64.148519,
            -31.436586
          ],
          [
            -64.148518,
            -31.436006
          ],
          [
            -64.148522,
            -31.43534
          ],
          [
            -64.149144,
            -31.435344
          ],
          [
            -64.149866,
            -31.43536
          ],
          [
            -64.150001,
            -31.435363
          ],
          [
            -64.151181,
            -31.435389
          ],
          [
            -64.151846,
            -31.435403
          ],
          [
            -64.151946,
            -31.435426
          ],
          [
            -64.151934,
            -31.43418
          ],
          [
            -64.151901,
            -31.433607
          ],
          [
            -64.151875,
            -31.433373
          ],
          [
            -64.151853,
            -31.433177
          ],
          [
            -64.151832,
            -31.43304
          ],
          [
            -64.151742,
            -31.432262
          ],
          [
            -64.151646,
            -31.431311
          ],
          [
            -64.151527,
            -31.430391
          ],
          [
            -64.151402,
            -31.429425
          ],
          [
            -64.151382,
            -31.429294
          ],
          [
            -64.151375,
            -31.429246
          ],
          [
            -64.151372,
            -31.429191
          ],
          [
            -64.151129,
            -31.427442
          ],
          [
            -64.150987,
            -31.426393
          ],
          [
            -64.150838,
            -31.425302
          ],
          [
            -64.150694,
            -31.424255
          ],
          [
            -64.150563,
            -31.423173
          ],
          [
            -64.150557,
            -31.423117
          ],
          [
            -64.150433,
            -31.422035
          ],
          [
            -64.150283,
            -31.420965
          ],
          [
            -64.150219,
            -31.42044
          ],
          [
            -64.150145,
            -31.419928
          ],
          [
            -64.150084,
            -31.419431
          ],
          [
            -64.150009,
            -31.418965
          ],
          [
            -64.149984,
            -31.418876
          ],
          [
            -64.149941,
            -31.418772
          ],
          [
            -64.149912,
            -31.41871
          ],
          [
            -64.149891,
            -31.418665
          ],
          [
            -64.149671,
            -31.418173
          ],
          [
            -64.149655,
            -31.418123
          ],
          [
            -64.14965,
            -31.418113
          ],
          [
            -64.149627,
            -31.418041
          ],
          [
            -64.149172,
            -31.418099
          ],
          [
            -64.148792,
            -31.418129
          ],
          [
            -64.148741,
            -31.418126
          ],
          [
            -64.148692,
            -31.418111
          ],
          [
            -64.148647,
            -31.418081
          ],
          [
            -64.148615,
            -31.418039
          ],
          [
            -64.148601,
            -31.417991
          ],
          [
            -64.148606,
            -31.417941
          ],
          [
            -64.14863,
            -31.417896
          ],
          [
            -64.14867,
            -31.41786
          ],
          [
            -64.148721,
            -31.417837
          ],
          [
            -64.148778,
            -31.417829
          ],
          [
            -64.14882,
            -31.417834
          ],
          [
            -64.14886,
            -31.417847
          ],
          [
            -64.148894,
            -31.417868
          ],
          [
            -64.148978,
            -31.417904
          ],
          [
            -64.149049,
            -31.417929
          ],
          [
            -64.149117,
            -31.417948
          ],
          [
            -64.149203,
            -31.417967
          ],
          [
            -64.149262,
            -31.417979
          ],
          [
            -64.149317,
            -31.417987
          ],
          [
            -64.149375,
            -31.417984
          ],
          [
            -64.149462,
            -31.41797
          ],
          [
            -64.149515,
            -31.417962
          ],
          [
            -64.149598,
            -31.417939
          ],
          [
            -64.149647,
            -31.417932
          ],
          [
            -64.150324,
            -31.417869
          ],
          [
            -64.150375,
            -31.417859
          ],
          [
            -64.150435,
            -31.417838
          ],
          [
            -64.150472,
            -31.417823
          ],
          [
            -64.150505,
            -31.417805
          ],
          [
            -64.150534,
            -31.417778
          ],
          [
            -64.150553,
            -31.417753
          ],
          [
            -64.150589,
            -31.417701
          ],
          [
            -64.150615,
            -31.417666
          ],
          [
            -64.150636,
            -31.417646
          ],
          [
            -64.150662,
            -31.41763
          ],
          [
            -64.150689,
            -31.417601
          ],
          [
            -64.150726,
            -31.417579
          ],
          [
            -64.150769,
            -31.417567
          ],
          [
            -64.150814,
            -31.417566
          ],
          [
            -64.150857,
            -31.417577
          ],
          [
            -64.150895,
            -31.417598
          ],
          [
            -64.151024,
            -31.417638
          ],
          [
            -64.15108,
            -31.417647
          ],
          [
            -64.151125,
            -31.417649
          ],
          [
            -64.151179,
            -31.417644
          ],
          [
            -64.151235,
            -31.417626
          ],
          [
            -64.151346,
            -31.417585
          ],
          [
            -64.151367,
            -31.417566
          ],
          [
            -64.15138,
            -31.417549
          ],
          [
            -64.15165,
            -31.416814
          ],
          [
            -64.151681,
            -31.416764
          ],
          [
            -64.151789,
            -31.416647
          ],
          [
            -64.152163,
            -31.415626
          ],
          [
            -64.152545,
            -31.414598
          ],
          [
            -64.15293,
            -31.413565
          ],
          [
            -64.153326,
            -31.412504
          ],
          [
            -64.153692,
            -31.411523
          ],
          [
            -64.154055,
            -31.410507
          ],
          [
            -64.154082,
            -31.410443
          ],
          [
            -64.154442,
            -31.410539
          ],
          [
            -64.154629,
            -31.410014
          ],
          [
            -64.154805,
            -31.409517
          ],
          [
            -64.154998,
            -31.408991
          ],
          [
            -64.155206,
            -31.408472
          ],
          [
            -64.155417,
            -31.407874
          ],
          [
            -64.155661,
            -31.407213
          ],
          [
            -64.155909,
            -31.406557
          ],
          [
            -64.156162,
            -31.405873
          ],
          [
            -64.157317,
            -31.406202
          ],
          [
            -64.157254,
            -31.40637
          ],
          [
            -64.157186,
            -31.40655
          ],
          [
            -64.157057,
            -31.406895
          ],
          [
            -64.156818,
            -31.407542
          ],
          [
            -64.156688,
            -31.407895
          ],
          [
            -64.156797,
            -31.407926
          ],
          [
            -64.156873,
            -31.407943
          ],
          [
            -64.157618,
            -31.408073
          ],
          [
            -64.1582,
            -31.408177
          ],
          [
            -64.15822,
            -31.408127
          ],
          [
            -64.158581,
            -31.407128
          ],
          [
            -64.158603,
            -31.40707
          ],
          [
            -64.158788,
            -31.406574
          ],
          [
            -64.158806,
            -31.406528
          ],
          [
            -64.158826,
            -31.406475
          ],
          [
            -64.158971,
            -31.406087
          ],
          [
            -64.159009,
            -31.40597
          ],
          [
            -64.159035,
            -31.405899
          ],
          [
            -64.159345,
            -31.405078
          ],
          [
            -64.159724,
            -31.404027
          ],
          [
            -64.16021,
            -31.402709
          ],
          [
            -64.160633,
            -31.40157
          ],
          [
            -64.160989,
            -31.400577
          ],
          [
            -64.161317,
            -31.399671
          ],
          [
            -64.161583,
            -31.398972
          ],
          [
            -64.161593,
            -31.398877
          ],
          [
            -64.161575,
            -31.398782
          ],
          [
            -64.161555,
            -31.398722
          ],
          [
            -64.161441,
            -31.398287
          ],
          [
            -64.161436,
            -31.398267
          ],
          [
            -64.161428,
            -31.398201
          ],
          [
            -64.161435,
            -31.398129
          ],
          [
            -64.161462,
            -31.398028
          ],
          [
            -64.161598,
            -31.397738
          ],
          [
            -64.161958,
            -31.396967
          ],
          [
            -64.16205,
            -31.396853
          ],
          [
            -64.162986,
            -31.397137
          ],
          [
            -64.16397,
            -31.39744
          ],
          [
            -64.165965,
            -31.398056
          ],
          [
            -64.167215,
            -31.398453
          ],
          [
            -64.167863,
            -31.398662
          ],
          [
            -64.168815,
            -31.398958
          ],
          [
            -64.169179,
            -31.39907
          ],
          [
            -64.169939,
            -31.399306
          ],
          [
            -64.170757,
            -31.399541
          ],
          [
            -64.171128,
            -31.399608
          ],
          [
            -64.171137,
            -31.399524
          ],
          [
            -64.171134,
            -31.399493
          ],
          [
            -64.171133,
            -31.399483
          ],
          [
            -64.171123,
            -31.399453
          ],
          [
            -64.171114,
            -31.399413
          ],
          [
            -64.171077,
            -31.399239
          ],
          [
            -64.171055,
            -31.399137
          ],
          [
            -64.171071,
            -31.399091
          ],
          [
            -64.171094,
            -31.399038
          ],
          [
            -64.171134,
            -31.398984
          ],
          [
            -64.171162,
            -31.398965
          ],
          [
            -64.171234,
            -31.398933
          ],
          [
            -64.171819,
            -31.398725
          ],
          [
            -64.172922,
            -31.398391
          ],
          [
            -64.174083,
            -31.398037
          ],
          [
            -64.17522,
            -31.397678
          ],
          [
            -64.175851,
            -31.39749
          ],
          [
            -64.175876,
            -31.396298
          ],
          [
            -64.177237,
            -31.395878
          ],
          [
            -64.178492,
            -31.395467
          ],
          [
            -64.178041,
            -31.394392
          ],
          [
            -64.177901,
            -31.394098
          ],
          [
            -64.178382,
            -31.393844
          ],
          [
            -64.179186,
            -31.393399
          ],
          [
            -64.179713,
            -31.393114
          ],
          [
            -64.179886,
            -31.393023
          ],
          [
            -64.180255,
            -31.392828
          ],
          [
            -64.18118,
            -31.392327
          ],
          [
            -64.181362,
            -31.392229
          ],
          [
            -64.182514,
            -31.391657
          ],
          [
            -64.182974,
            -31.391406
          ],
          [
            -64.183501,
            -31.391114
          ],
          [
            -64.18384,
            -31.390933
          ],
          [
            -64.185017,
            -31.390355
          ],
          [
            -64.18518,
            -31.390264
          ],
          [
            -64.185413,
            -31.390136
          ],
          [
            -64.185769,
            -31.389942
          ],
          [
            -64.185612,
            -31.389913
          ],
          [
            -64.185177,
            -31.389912
          ],
          [
            -64.18518,
            -31.390264
          ],
          [
            -64.185017,
            -31.390355
          ],
          [
            -64.18384,
            -31.390933
          ],
          [
            -64.183866,
            -31.391012
          ],
          [
            -64.183968,
            -31.391274
          ],
          [
            -64.184431,
            -31.39239
          ],
          [
            -64.184798,
            -31.393284
          ],
          [
            -64.184892,
            -31.393501
          ],
          [
            -64.185318,
            -31.394528
          ],
          [
            -64.185802,
            -31.395694
          ],
          [
            -64.186036,
            -31.396262
          ],
          [
            -64.186043,
            -31.396284
          ],
          [
            -64.18605,
            -31.396301
          ],
          [
            -64.18626,
            -31.396825
          ],
          [
            -64.18662,
            -31.397697
          ],
          [
            -64.18671,
            -31.397922
          ],
          [
            -64.186994,
            -31.397834
          ],
          [
            -64.187986,
            -31.397526
          ],
          [
            -64.189285,
            -31.397122
          ],
          [
            -64.190589,
            -31.396718
          ],
          [
            -64.191852,
            -31.396325
          ],
          [
            -64.19315,
            -31.395935
          ],
          [
            -64.193415,
            -31.395868
          ],
          [
            -64.193494,
            -31.395833
          ],
          [
            -64.193558,
            -31.395807
          ],
          [
            -64.193649,
            -31.395769
          ],
          [
            -64.193612,
            -31.395612
          ],
          [
            -64.193737,
            -31.395603
          ],
          [
            -64.193777,
            -31.395605
          ],
          [
            -64.193817,
            -31.395615
          ],
          [
            -64.194438,
            -31.395897
          ],
          [
            -64.194968,
            -31.396174
          ],
          [
            -64.195463,
            -31.3964
          ],
          [
            -64.196013,
            -31.39667
          ],
          [
            -64.196493,
            -31.396903
          ],
          [
            -64.197525,
            -31.397395
          ],
          [
            -64.197836,
            -31.397542
          ],
          [
            -64.198683,
            -31.397944
          ],
          [
            -64.198521,
            -31.398111
          ],
          [
            -64.198387,
            -31.398269
          ],
          [
            -64.198275,
            -31.398419
          ],
          [
            -64.198158,
            -31.398597
          ],
          [
            -64.198047,
            -31.398786
          ],
          [
            -64.197829,
            -31.399233
          ],
          [
            -64.197759,
            -31.399369
          ],
          [
            -64.19758,
            -31.399725
          ],
          [
            -64.197499,
            -31.399885
          ],
          [
            -64.197425,
            -31.400005
          ],
          [
            -64.197235,
            -31.400285
          ],
          [
            -64.197009,
            -31.400575
          ],
          [
            -64.197116,
            -31.400644
          ],
          [
            -64.197178,
            -31.4007
          ],
          [
            -64.197242,
            -31.40079
          ],
          [
            -64.197709,
            -31.40154
          ],
          [
            -64.198266,
            -31.402477
          ],
          [
            -64.198601,
            -31.403072
          ],
          [
            -64.198647,
            -31.403158
          ],
          [
            -64.198776,
            -31.403418
          ],
          [
            -64.199161,
            -31.404368
          ],
          [
            -64.199193,
            -31.404448
          ],
          [
            -64.199214,
            -31.404496
          ],
          [
            -64.199223,
            -31.404517
          ],
          [
            -64.199479,
            -31.40517
          ],
          [
            -64.199504,
            -31.405233
          ],
          [
            -64.199533,
            -31.4053
          ],
          [
            -64.199642,
            -31.40527
          ],
          [
            -64.199726,
            -31.405248
          ],
          [
            -64.199831,
            -31.405206
          ],
          [
            -64.200357,
            -31.405013
          ],
          [
            -64.200472,
            -31.404968
          ],
          [
            -64.200637,
            -31.404913
          ],
          [
            -64.201009,
            -31.40481
          ],
          [
            -64.202072,
            -31.404501
          ],
          [
            -64.202977,
            -31.404233
          ],
          [
            -64.20318,
            -31.404168
          ],
          [
            -64.203521,
            -31.404034
          ],
          [
            -64.203984,
            -31.403837
          ],
          [
            -64.204329,
            -31.403701
          ],
          [
            -64.204479,
            -31.403599
          ],
          [
            -64.204689,
            -31.403423
          ],
          [
            -64.204757,
            -31.403352
          ],
          [
            -64.204807,
            -31.403286
          ],
          [
            -64.204913,
            -31.403098
          ],
          [
            -64.20499,
            -31.402878
          ],
          [
            -64.205011,
            -31.402786
          ],
          [
            -64.20514,
            -31.402689
          ],
          [
            -64.205201,
            -31.402662
          ],
          [
            -64.206047,
            -31.402393
          ],
          [
            -64.206531,
            -31.402249
          ],
          [
            -64.206749,
            -31.402777
          ],
          [
            -64.206941,
            -31.403231
          ],
          [
            -64.208258,
            -31.402791
          ],
          [
            -64.209038,
            -31.402545
          ],
          [
            -64.210183,
            -31.402187
          ],
          [
            -64.210611,
            -31.403182
          ],
          [
            -64.211023,
            -31.404138
          ],
          [
            -64.211494,
            -31.405233
          ],
          [
            -64.211525,
            -31.405302
          ],
          [
            -64.211932,
            -31.40629
          ],
          [
            -64.212442,
            -31.40613
          ],
          [
            -64.213071,
            -31.405933
          ],
          [
            -64.214201,
            -31.405572
          ],
          [
            -64.21462,
            -31.406512
          ],
          [
            -64.215051,
            -31.407516
          ],
          [
            -64.215455,
            -31.408457
          ],
          [
            -64.214567,
            -31.408739
          ],
          [
            -64.214318,
            -31.408818
          ],
          [
            -64.213193,
            -31.409175
          ],
          [
            -64.213644,
            -31.4102
          ],
          [
            -64.214063,
            -31.410065
          ],
          [
            -64.214762,
            -31.409847
          ],
          [
            -64.215897,
            -31.409486
          ],
          [
            -64.216435,
            -31.409315
          ],
          [
            -64.216466,
            -31.409402
          ],
          [
            -64.21659,
            -31.409879
          ],
          [
            -64.217934,
            -31.409602
          ],
          [
            -64.218607,
            -31.409466
          ],
          [
            -64.21926,
            -31.409339
          ],
          [
            -64.219501,
            -31.410314
          ],
          [
            -64.219748,
            -31.411247
          ],
          [
            -64.219978,
            -31.412113
          ],
          [
            -64.22019,
            -31.412971
          ],
          [
            -64.220379,
            -31.41372
          ],
          [
            -64.220584,
            -31.414554
          ],
          [
            -64.22072,
            -31.415061
          ],
          [
            -64.220852,
            -31.415539
          ],
          [
            -64.220935,
            -31.415839
          ],
          [
            -64.221016,
            -31.41615
          ],
          [
            -64.221212,
            -31.41684
          ],
          [
            -64.2214,
            -31.417516
          ],
          [
            -64.221494,
            -31.417873
          ],
          [
            -64.221572,
            -31.41817
          ],
          [
            -64.221647,
            -31.41846
          ],
          [
            -64.221723,
            -31.418743
          ],
          [
            -64.221811,
            -31.419093
          ],
          [
            -64.221861,
            -31.419267
          ],
          [
            -64.222007,
            -31.419817
          ],
          [
            -64.222656,
            -31.419686
          ],
          [
            -64.223543,
            -31.419508
          ],
          [
            -64.224417,
            -31.419352
          ],
          [
            -64.224679,
            -31.419302
          ],
          [
            -64.225058,
            -31.41923
          ],
          [
            -64.226535,
            -31.418949
          ],
          [
            -64.22715,
            -31.418832
          ],
          [
            -64.228001,
            -31.418663
          ],
          [
            -64.228859,
            -31.418494
          ],
          [
            -64.229694,
            -31.418329
          ],
          [
            -64.230628,
            -31.418147
          ],
          [
            -64.231462,
            -31.417985
          ],
          [
            -64.232289,
            -31.417824
          ],
          [
            -64.232568,
            -31.418878
          ],
          [
            -64.232694,
            -31.419349
          ],
          [
            -64.23297,
            -31.420381
          ],
          [
            -64.233285,
            -31.421556
          ],
          [
            -64.233335,
            -31.421739
          ],
          [
            -64.233414,
            -31.422036
          ],
          [
            -64.233552,
            -31.422568
          ],
          [
            -64.233619,
            -31.422831
          ],
          [
            -64.233683,
            -31.423082
          ],
          [
            -64.233824,
            -31.423139
          ],
          [
            -64.233846,
            -31.423169
          ],
          [
            -64.234196,
            -31.424407
          ],
          [
            -64.234245,
            -31.424596
          ],
          [
            -64.234373,
            -31.425106
          ],
          [
            -64.234396,
            -31.425248
          ],
          [
            -64.234393,
            -31.425356
          ],
          [
            -64.234373,
            -31.425471
          ],
          [
            -64.234366,
            -31.425535
          ],
          [
            -64.234419,
            -31.425775
          ],
          [
            -64.234483,
            -31.426068
          ],
          [
            -64.234733,
            -31.427206
          ],
          [
            -64.234796,
            -31.42748
          ],
          [
            -64.234875,
            -31.427801
          ],
          [
            -64.234925,
            -31.427974
          ],
          [
            -64.235072,
            -31.428538
          ],
          [
            -64.235179,
            -31.428936
          ],
          [
            -64.235263,
            -31.429284
          ],
          [
            -64.235434,
            -31.42993
          ],
          [
            -64.235457,
            -31.430005
          ],
          [
            -64.23566,
            -31.43075
          ],
          [
            -64.235696,
            -31.430893
          ],
          [
            -64.235919,
            -31.431761
          ],
          [
            -64.235923,
            -31.431809
          ],
          [
            -64.235917,
            -31.431863
          ],
          [
            -64.2359,
            -31.43197
          ],
          [
            -64.23588,
            -31.432855
          ],
          [
            -64.235877,
            -31.433877
          ],
          [
            -64.235874,
            -31.434893
          ],
          [
            -64.235871,
            -31.435925
          ],
          [
            -64.235868,
            -31.436857
          ],
          [
            -64.237044,
            -31.436862
          ],
          [
            -64.237638,
            -31.436865
          ],
          [
            -64.238214,
            -31.436868
          ],
          [
            -64.239407,
            -31.436873
          ],
          [
            -64.239845,
            -31.436875
          ],
          [
            -64.240163,
            -31.436876
          ],
          [
            -64.240608,
            -31.436878
          ],
          [
            -64.240604,
            -31.437628
          ],
          [
            -64.240604,
            -31.438383
          ],
          [
            -64.240601,
            -31.439134
          ],
          [
            -64.240599,
            -31.439892
          ],
          [
            -64.240597,
            -31.440633
          ],
          [
            -64.240595,
            -31.441377
          ],
          [
            -64.240594,
            -31.441688
          ],
          [
            -64.240592,
            -31.442152
          ],
          [
            -64.240589,
            -31.442925
          ],
          [
            -64.240589,
            -31.4432
          ],
          [
            -64.240589,
            -31.443272
          ],
          [
            -64.24059,
            -31.443842
          ],
          [
            -64.240694,
            -31.443841
          ],
          [
            -64.240767,
            -31.443842
          ],
          [
            -64.240762,
            -31.44378
          ],
          [
            -64.240731,
            -31.443739
          ],
          [
            -64.240703,
            -31.443686
          ],
          [
            -64.240688,
            -31.443318
          ],
          [
            -64.240699,
            -31.443299
          ],
          [
            -64.24072,
            -31.443292
          ],
          [
            -64.240841,
            -31.443292
          ],
          [
            -64.242164,
            -31.44329
          ],
          [
            -64.242181,
            -31.443296
          ],
          [
            -64.242191,
            -31.443311
          ],
          [
            -64.242188,
            -31.443762
          ],
          [
            -64.240936,
            -31.443758
          ],
          [
            -64.240762,
            -31.44378
          ],
          [
            -64.240767,
            -31.443842
          ],
          [
            -64.240694,
            -31.443841
          ],
          [
            -64.24059,
            -31.443842
          ],
          [
            -64.240589,
            -31.443272
          ],
          [
            -64.240589,
            -31.4432
          ],
          [
            -64.240589,
            -31.442925
          ],
          [
            -64.241414,
            -31.442931
          ],
          [
            -64.242204,
            -31.442937
          ],
          [
            -64.242792,
            -31.442941
          ],
          [
            -64.242884,
            -31.442944
          ],
          [
            -64.242955,
            -31.442959
          ],
          [
            -64.243276,
            -31.443069
          ],
          [
            -64.243342,
            -31.443079
          ],
          [
            -64.243452,
            -31.44308
          ],
          [
            -64.244046,
            -31.443092
          ],
          [
            -64.244599,
            -31.443092
          ],
          [
            -64.245206,
            -31.443103
          ],
          [
            -64.245779,
            -31.443111
          ],
          [
            -64.246373,
            -31.443112
          ],
          [
            -64.246512,
            -31.443129
          ],
          [
            -64.246984,
            -31.443236
          ],
          [
            -64.247071,
            -31.443248
          ],
          [
            -64.248088,
            -31.443241
          ],
          [
            -64.248085,
            -31.442121
          ],
          [
            -64.24808,
            -31.441037
          ],
          [
            -64.248078,
            -31.440468
          ],
          [
            -64.248075,
            -31.439961
          ],
          [
            -64.248071,
            -31.438996
          ],
          [
            -64.24807,
            -31.438724
          ],
          [
            -64.248066,
            -31.437813
          ],
          [
            -64.248062,
            -31.436963
          ],
          [
            -64.248061,
            -31.436797
          ],
          [
            -64.248057,
            -31.435789
          ],
          [
            -64.248055,
            -31.435366
          ],
          [
            -64.248053,
            -31.434801
          ],
          [
            -64.248048,
            -31.433765
          ],
          [
            -64.248042,
            -31.432762
          ],
          [
            -64.248058,
            -31.432635
          ],
          [
            -64.248102,
            -31.432638
          ],
          [
            -64.248437,
            -31.432671
          ],
          [
            -64.249326,
            -31.432724
          ],
          [
            -64.250501,
            -31.432812
          ],
          [
            -64.251057,
            -31.432845
          ],
          [
            -64.251699,
            -31.432878
          ],
          [
            -64.251759,
            -31.432882
          ],
          [
            -64.252762,
            -31.432956
          ],
          [
            -64.252906,
            -31.432961
          ],
          [
            -64.253394,
            -31.432983
          ],
          [
            -64.253801,
            -31.432982
          ],
          [
            -64.254266,
            -31.433006
          ],
          [
            -64.254915,
            -31.433053
          ],
          [
            -64.255863,
            -31.433121
          ],
          [
            -64.256014,
            -31.433129
          ],
          [
            -64.256148,
            -31.43314
          ],
          [
            -64.258224,
            -31.433289
          ],
          [
            -64.258265,
            -31.433292
          ],
          [
            -64.259776,
            -31.433398
          ],
          [
            -64.260177,
            -31.433426
          ],
          [
            -64.261003,
            -31.433479
          ],
          [
            -64.262582,
            -31.433584
          ],
          [
            -64.262814,
            -31.433597
          ],
          [
            -64.263835,
            -31.433658
          ],
          [
            -64.263941,
            -31.433665
          ],
          [
            -64.26398,
            -31.433197
          ],
          [
            -64.263942,
            -31.433085
          ],
          [
            -64.263931,
            -31.432901
          ],
          [
            -64.263925,
            -31.432372
          ],
          [
            -64.263913,
            -31.431868
          ],
          [
            -64.263916,
            -31.431398
          ],
          [
            -64.263918,
            -31.431312
          ],
          [
            -64.263909,
            -31.430407
          ],
          [
            -64.263909,
            -31.429559
          ],
          [
            -64.263911,
            -31.429156
          ],
          [
            -64.263907,
            -31.427912
          ],
          [
            -64.263907,
            -31.426666
          ],
          [
            -64.263884,
            -31.425552
          ],
          [
            -64.263888,
            -31.425462
          ],
          [
            -64.263889,
            -31.425411
          ],
          [
            -64.263878,
            -31.424279
          ],
          [
            -64.263877,
            -31.424141
          ],
          [
            -64.263877,
            -31.423873
          ],
          [
            -64.263883,
            -31.423017
          ],
          [
            -64.263884,
            -31.422945
          ],
          [
            -64.263874,
            -31.42208
          ],
          [
            -64.263873,
            -31.421804
          ],
          [
            -64.263874,
            -31.421633
          ],
          [
            -64.263866,
            -31.420477
          ],
          [
            -64.263856,
            -31.419487
          ],
          [
            -64.263853,
            -31.419246
          ],
          [
            -64.263854,
            -31.41849
          ],
          [
            -64.26385,
            -31.418093
          ],
          [
            -64.263842,
            -31.417496
          ],
          [
            -64.263846,
            -31.4169
          ],
          [
            -64.263844,
            -31.416503
          ],
          [
            -64.263841,
            -31.41576
          ],
          [
            -64.263838,
            -31.415517
          ],
          [
            -64.263844,
            -31.414524
          ],
          [
            -64.263839,
            -31.413539
          ],
          [
            -64.263845,
            -31.41304
          ],
          [
            -64.263851,
            -31.412539
          ],
          [
            -64.263862,
            -31.411528
          ],
          [
            -64.263887,
            -31.411431
          ],
          [
            -64.263892,
            -31.411375
          ],
          [
            -64.263892,
            -31.41134
          ],
          [
            -64.263896,
            -31.410371
          ],
          [
            -64.263895,
            -31.409234
          ],
          [
            -64.263896,
            -31.40803
          ],
          [
            -64.26391,
            -31.406944
          ],
          [
            -64.264138,
            -31.406944
          ],
          [
            -64.264699,
            -31.406943
          ],
          [
            -64.264691,
            -31.407856
          ],
          [
            -64.264689,
            -31.408031
          ],
          [
            -64.264689,
            -31.409236
          ],
          [
            -64.265425,
            -31.409236
          ],
          [
            -64.266151,
            -31.409236
          ],
          [
            -64.266896,
            -31.409234
          ],
          [
            -64.267623,
            -31.409235
          ],
          [
            -64.268371,
            -31.409232
          ],
          [
            -64.269118,
            -31.409236
          ],
          [
            -64.269449,
            -31.409224
          ],
          [
            -64.269469,
            -31.408835
          ],
          [
            -64.269503,
            -31.408446
          ],
          [
            -64.269542,
            -31.408056
          ],
          [
            -64.269562,
            -31.407817
          ],
          [
            -64.269587,
            -31.40757
          ],
          [
            -64.269724,
            -31.406741
          ],
          [
            -64.269725,
            -31.406116
          ],
          [
            -64.269727,
            -31.405484
          ],
          [
            -64.269731,
            -31.405154
          ],
          [
            -64.26973,
            -31.404555
          ],
          [
            -64.269732,
            -31.404346
          ],
          [
            -64.269724,
            -31.403862
          ],
          [
            -64.269715,
            -31.403558
          ],
          [
            -64.269695,
            -31.403262
          ],
          [
            -64.269678,
            -31.403074
          ],
          [
            -64.269654,
            -31.402865
          ],
          [
            -64.269628,
            -31.402686
          ],
          [
            -64.269597,
            -31.402488
          ],
          [
            -64.269555,
            -31.402274
          ],
          [
            -64.269497,
            -31.402011
          ],
          [
            -64.269439,
            -31.401791
          ],
          [
            -64.269376,
            -31.401575
          ],
          [
            -64.269307,
            -31.401357
          ],
          [
            -64.269238,
            -31.401156
          ],
          [
            -64.269159,
            -31.400938
          ],
          [
            -64.269049,
            -31.400662
          ],
          [
            -64.268944,
            -31.400412
          ],
          [
            -64.268843,
            -31.400179
          ],
          [
            -64.268676,
            -31.399798
          ],
          [
            -64.268447,
            -31.399289
          ],
          [
            -64.268236,
            -31.398806
          ],
          [
            -64.268057,
            -31.398408
          ],
          [
            -64.267666,
            -31.397527
          ],
          [
            -64.267475,
            -31.397097
          ],
          [
            -64.267321,
            -31.396748
          ],
          [
            -64.267158,
            -31.396376
          ],
          [
            -64.267047,
            -31.396124
          ],
          [
            -64.266924,
            -31.395849
          ],
          [
            -64.266762,
            -31.395488
          ],
          [
            -64.26661,
            -31.395149
          ],
          [
            -64.266469,
            -31.394831
          ],
          [
            -64.266377,
            -31.394636
          ],
          [
            -64.266222,
            -31.394309
          ],
          [
            -64.26606,
            -31.39396
          ],
          [
            -64.265787,
            -31.39337
          ],
          [
            -64.265547,
            -31.39285
          ],
          [
            -64.265306,
            -31.392341
          ],
          [
            -64.265214,
            -31.392148
          ],
          [
            -64.264993,
            -31.391689
          ],
          [
            -64.264735,
            -31.391157
          ],
          [
            -64.264576,
            -31.390832
          ],
          [
            -64.264391,
            -31.390479
          ],
          [
            -64.264185,
            -31.390108
          ],
          [
            -64.263886,
            -31.389602
          ],
          [
            -64.26369,
            -31.389279
          ],
          [
            -64.263478,
            -31.388937
          ],
          [
            -64.263256,
            -31.388575
          ],
          [
            -64.262979,
            -31.388129
          ],
          [
            -64.262704,
            -31.387683
          ],
          [
            -64.262439,
            -31.387256
          ],
          [
            -64.262176,
            -31.386832
          ],
          [
            -64.261712,
            -31.386077
          ],
          [
            -64.261175,
            -31.385208
          ],
          [
            -64.260878,
            -31.384728
          ],
          [
            -64.259956,
            -31.383244
          ],
          [
            -64.259593,
            -31.382677
          ],
          [
            -64.259206,
            -31.382105
          ],
          [
            -64.258972,
            -31.381775
          ],
          [
            -64.258736,
            -31.381452
          ],
          [
            -64.258433,
            -31.381048
          ],
          [
            -64.258145,
            -31.380678
          ],
          [
            -64.257918,
            -31.380395
          ],
          [
            -64.257677,
            -31.380107
          ],
          [
            -64.257443,
            -31.379832
          ],
          [
            -64.257192,
            -31.37954
          ],
          [
            -64.25683,
            -31.379136
          ],
          [
            -64.256259,
            -31.378514
          ],
          [
            -64.255859,
            -31.378082
          ],
          [
            -64.255387,
            -31.377548
          ],
          [
            -64.255043,
            -31.377146
          ],
          [
            -64.254744,
            -31.376785
          ],
          [
            -64.254487,
            -31.376469
          ],
          [
            -64.254252,
            -31.376167
          ],
          [
            -64.254041,
            -31.375884
          ],
          [
            -64.253831,
            -31.375594
          ],
          [
            -64.253569,
            -31.375226
          ],
          [
            -64.253329,
            -31.374859
          ],
          [
            -64.252964,
            -31.374276
          ],
          [
            -64.25268,
            -31.373787
          ],
          [
            -64.252401,
            -31.373274
          ],
          [
            -64.252208,
            -31.372907
          ],
          [
            -64.252006,
            -31.372506
          ],
          [
            -64.251903,
            -31.372288
          ],
          [
            -64.251807,
            -31.372075
          ],
          [
            -64.251691,
            -31.371818
          ],
          [
            -64.251618,
            -31.371654
          ],
          [
            -64.251508,
            -31.371392
          ],
          [
            -64.25138,
            -31.371072
          ],
          [
            -64.251253,
            -31.370749
          ],
          [
            -64.251134,
            -31.370421
          ],
          [
            -64.25102,
            -31.370104
          ],
          [
            -64.25092,
            -31.369809
          ],
          [
            -64.250799,
            -31.369458
          ],
          [
            -64.25071,
            -31.369199
          ],
          [
            -64.250564,
            -31.368767
          ],
          [
            -64.250336,
            -31.368124
          ],
          [
            -64.25024,
            -31.367872
          ],
          [
            -64.250152,
            -31.367659
          ],
          [
            -64.250043,
            -31.367425
          ],
          [
            -64.24995,
            -31.367236
          ],
          [
            -64.249853,
            -31.367053
          ],
          [
            -64.249737,
            -31.366856
          ],
          [
            -64.24959,
            -31.366629
          ],
          [
            -64.249444,
            -31.366424
          ],
          [
            -64.24931,
            -31.366246
          ],
          [
            -64.249161,
            -31.366061
          ],
          [
            -64.249053,
            -31.365935
          ],
          [
            -64.248933,
            -31.365802
          ],
          [
            -64.248755,
            -31.365615
          ],
          [
            -64.248575,
            -31.365443
          ],
          [
            -64.248389,
            -31.365274
          ],
          [
            -64.248248,
            -31.365154
          ],
          [
            -64.248074,
            -31.365017
          ],
          [
            -64.247868,
            -31.364863
          ],
          [
            -64.247663,
            -31.364721
          ],
          [
            -64.247435,
            -31.364569
          ],
          [
            -64.247254,
            -31.364462
          ],
          [
            -64.247044,
            -31.364344
          ],
          [
            -64.246828,
            -31.364229
          ],
          [
            -64.246553,
            -31.364093
          ],
          [
            -64.246314,
            -31.363982
          ],
          [
            -64.246072,
            -31.363876
          ],
          [
            -64.245805,
            -31.363766
          ],
          [
            -64.245559,
            -31.363665
          ],
          [
            -64.245321,
            -31.36357
          ],
          [
            -64.244865,
            -31.363386
          ],
          [
            -64.24458,
            -31.363268
          ],
          [
            -64.244343,
            -31.363155
          ],
          [
            -64.244155,
            -31.363058
          ],
          [
            -64.243915,
            -31.36293
          ],
          [
            -64.243707,
            -31.362814
          ],
          [
            -64.243528,
            -31.362708
          ],
          [
            -64.243369,
            -31.362603
          ],
          [
            -64.243224,
            -31.362509
          ],
          [
            -64.243023,
            -31.362368
          ],
          [
            -64.242534,
            -31.362082
          ],
          [
            -64.242406,
            -31.361976
          ],
          [
            -64.242262,
            -31.361849
          ],
          [
            -64.242137,
            -31.361733
          ],
          [
            -64.241989,
            -31.361587
          ],
          [
            -64.241885,
            -31.361481
          ],
          [
            -64.241774,
            -31.361363
          ],
          [
            -64.241578,
            -31.361178
          ],
          [
            -64.241468,
            -31.361069
          ],
          [
            -64.24135,
            -31.360946
          ],
          [
            -64.241253,
            -31.360849
          ],
          [
            -64.241188,
            -31.360776
          ],
          [
            -64.241135,
            -31.360711
          ],
          [
            -64.241087,
            -31.360651
          ],
          [
            -64.241031,
            -31.360575
          ],
          [
            -64.240972,
            -31.360486
          ],
          [
            -64.240915,
            -31.360396
          ],
          [
            -64.24087,
            -31.360318
          ],
          [
            -64.240827,
            -31.36023
          ],
          [
            -64.240614,
            -31.359798
          ],
          [
            -64.240393,
            -31.359368
          ],
          [
            -64.240244,
            -31.359076
          ],
          [
            -64.240222,
            -31.359026
          ],
          [
            -64.24021,
            -31.358988
          ],
          [
            -64.240203,
            -31.358945
          ],
          [
            -64.240202,
            -31.358905
          ],
          [
            -64.240205,
            -31.358866
          ],
          [
            -64.240217,
            -31.358814
          ],
          [
            -64.24024,
            -31.358735
          ],
          [
            -64.240271,
            -31.358654
          ],
          [
            -64.240285,
            -31.358597
          ],
          [
            -64.240291,
            -31.35856
          ],
          [
            -64.240289,
            -31.358529
          ],
          [
            -64.240277,
            -31.358502
          ],
          [
            -64.240258,
            -31.358475
          ],
          [
            -64.240238,
            -31.358454
          ],
          [
            -64.240204,
            -31.35843
          ],
          [
            -64.240156,
            -31.358406
          ],
          [
            -64.240101,
            -31.358383
          ],
          [
            -64.239978,
            -31.358334
          ],
          [
            -64.239925,
            -31.358329
          ],
          [
            -64.23987,
            -31.358319
          ],
          [
            -64.239816,
            -31.3583
          ],
          [
            -64.239769,
            -31.358275
          ],
          [
            -64.239729,
            -31.358244
          ],
          [
            -64.23969,
            -31.358206
          ],
          [
            -64.239655,
            -31.358161
          ],
          [
            -64.239637,
            -31.35813
          ],
          [
            -64.239614,
            -31.358067
          ],
          [
            -64.23961,
            -31.358034
          ],
          [
            -64.239608,
            -31.357987
          ],
          [
            -64.239612,
            -31.357942
          ],
          [
            -64.239623,
            -31.357897
          ],
          [
            -64.239638,
            -31.357862
          ],
          [
            -64.239644,
            -31.357851
          ],
          [
            -64.239662,
            -31.357823
          ],
          [
            -64.239682,
            -31.357798
          ],
          [
            -64.239721,
            -31.357762
          ],
          [
            -64.239765,
            -31.357732
          ],
          [
            -64.239813,
            -31.357709
          ],
          [
            -64.239861,
            -31.357689
          ],
          [
            -64.239908,
            -31.357675
          ],
          [
            -64.239964,
            -31.357668
          ],
          [
            -64.240024,
            -31.357665
          ],
          [
            -64.24008,
            -31.357669
          ],
          [
            -64.240149,
            -31.357684
          ],
          [
            -64.240196,
            -31.357705
          ],
          [
            -64.24024,
            -31.35773
          ],
          [
            -64.240298,
            -31.357745
          ],
          [
            -64.240344,
            -31.357755
          ],
          [
            -64.240391,
            -31.357755
          ],
          [
            -64.240436,
            -31.357751
          ],
          [
            -64.240479,
            -31.357742
          ],
          [
            -64.240531,
            -31.357724
          ],
          [
            -64.240575,
            -31.35769
          ],
          [
            -64.240636,
            -31.35763
          ],
          [
            -64.240701,
            -31.357562
          ],
          [
            -64.24074,
            -31.357526
          ],
          [
            -64.240936,
            -31.357344
          ],
          [
            -64.241168,
            -31.357126
          ],
          [
            -64.241282,
            -31.357022
          ],
          [
            -64.241553,
            -31.356776
          ],
          [
            -64.241793,
            -31.356556
          ],
          [
            -64.241936,
            -31.35644
          ],
          [
            -64.242053,
            -31.356366
          ],
          [
            -64.242193,
            -31.356281
          ],
          [
            -64.242498,
            -31.35598
          ],
          [
            -64.242602,
            -31.355881
          ],
          [
            -64.243028,
            -31.355483
          ],
          [
            -64.243639,
            -31.354913
          ],
          [
            -64.243695,
            -31.354861
          ],
          [
            -64.243815,
            -31.354757
          ],
          [
            -64.243957,
            -31.354618
          ],
          [
            -64.244344,
            -31.354252
          ],
          [
            -64.244773,
            -31.353851
          ],
          [
            -64.245078,
            -31.353564
          ],
          [
            -64.245382,
            -31.353279
          ],
          [
            -64.246053,
            -31.352663
          ],
          [
            -64.246399,
            -31.352336
          ],
          [
            -64.246677,
            -31.352081
          ],
          [
            -64.246823,
            -31.351945
          ],
          [
            -64.246927,
            -31.351849
          ],
          [
            -64.247033,
            -31.351737
          ],
          [
            -64.247125,
            -31.351641
          ],
          [
            -64.247283,
            -31.351471
          ],
          [
            -64.247344,
            -31.3514
          ],
          [
            -64.247425,
            -31.351304
          ],
          [
            -64.247365,
            -31.351238
          ],
          [
            -64.246983,
            -31.35082
          ],
          [
            -64.246826,
            -31.350633
          ],
          [
            -64.246629,
            -31.350405
          ],
          [
            -64.2462,
            -31.349902
          ],
          [
            -64.245509,
            -31.349106
          ],
          [
            -64.245235,
            -31.348789
          ],
          [
            -64.244353,
            -31.347762
          ],
          [
            -64.244272,
            -31.347672
          ],
          [
            -64.244226,
            -31.347617
          ],
          [
            -64.24417,
            -31.34755
          ],
          [
            -64.244106,
            -31.347477
          ],
          [
            -64.243032,
            -31.346319
          ],
          [
            -64.242521,
            -31.345794
          ],
          [
            -64.241951,
            -31.345192
          ],
          [
            -64.241913,
            -31.345122
          ],
          [
            -64.2419,
            -31.34508
          ],
          [
            -64.241887,
            -31.345015
          ],
          [
            -64.241929,
            -31.343361
          ],
          [
            -64.240969,
            -31.343359
          ],
          [
            -64.240396,
            -31.343353
          ],
          [
            -64.240394,
            -31.343898
          ],
          [
            -64.241075,
            -31.343898
          ],
          [
            -64.24107,
            -31.344746
          ],
          [
            -64.241068,
            -31.344982
          ],
          [
            -64.241074,
            -31.345445
          ],
          [
            -64.241069,
            -31.345854
          ],
          [
            -64.241217,
            -31.345743
          ],
          [
            -64.241951,
            -31.345192
          ],
          [
            -64.242521,
            -31.345794
          ],
          [
            -64.243032,
            -31.346319
          ],
          [
            -64.244106,
            -31.347477
          ],
          [
            -64.24417,
            -31.34755
          ],
          [
            -64.244226,
            -31.347617
          ],
          [
            -64.244272,
            -31.347672
          ],
          [
            -64.244353,
            -31.347762
          ],
          [
            -64.245235,
            -31.348789
          ],
          [
            -64.245509,
            -31.349106
          ],
          [
            -64.2462,
            -31.349902
          ],
          [
            -64.246629,
            -31.350405
          ],
          [
            -64.246826,
            -31.350633
          ],
          [
            -64.246983,
            -31.35082
          ],
          [
            -64.247365,
            -31.351238
          ],
          [
            -64.247425,
            -31.351304
          ],
          [
            -64.247439,
            -31.35133
          ],
          [
            -64.24745,
            -31.351359
          ],
          [
            -64.247456,
            -31.35139
          ],
          [
            -64.247454,
            -31.351429
          ],
          [
            -64.24742,
            -31.351471
          ],
          [
            -64.247309,
            -31.351604
          ],
          [
            -64.247057,
            -31.351881
          ],
          [
            -64.246933,
            -31.352005
          ],
          [
            -64.24674,
            -31.352181
          ],
          [
            -64.246379,
            -31.352496
          ],
          [
            -64.245791,
            -31.353048
          ],
          [
            -64.24519,
            -31.353608
          ],
          [
            -64.244421,
            -31.354332
          ],
          [
            -64.244327,
            -31.35442
          ],
          [
            -64.244028,
            -31.354702
          ],
          [
            -64.243902,
            -31.354823
          ],
          [
            -64.243706,
            -31.355001
          ],
          [
            -64.243399,
            -31.35529
          ],
          [
            -64.243116,
            -31.355563
          ],
          [
            -64.242677,
            -31.355961
          ],
          [
            -64.242583,
            -31.356044
          ],
          [
            -64.242244,
            -31.356342
          ],
          [
            -64.241554,
            -31.356956
          ],
          [
            -64.241395,
            -31.3571
          ],
          [
            -64.241234,
            -31.357245
          ],
          [
            -64.2411,
            -31.357365
          ],
          [
            -64.240968,
            -31.357486
          ],
          [
            -64.23993,
            -31.358431
          ],
          [
            -64.239787,
            -31.358564
          ],
          [
            -64.239648,
            -31.358696
          ],
          [
            -64.239535,
            -31.358804
          ],
          [
            -64.23943,
            -31.358918
          ],
          [
            -64.239343,
            -31.35902
          ],
          [
            -64.239294,
            -31.35908
          ],
          [
            -64.239231,
            -31.359159
          ],
          [
            -64.239171,
            -31.359244
          ],
          [
            -64.239076,
            -31.35939
          ],
          [
            -64.239005,
            -31.359511
          ],
          [
            -64.238828,
            -31.35982
          ],
          [
            -64.238621,
            -31.360211
          ],
          [
            -64.238462,
            -31.360519
          ],
          [
            -64.23811,
            -31.361173
          ],
          [
            -64.238015,
            -31.361352
          ],
          [
            -64.237931,
            -31.361498
          ],
          [
            -64.237869,
            -31.361606
          ],
          [
            -64.237506,
            -31.362308
          ],
          [
            -64.237442,
            -31.362422
          ],
          [
            -64.237373,
            -31.362538
          ],
          [
            -64.237296,
            -31.362662
          ],
          [
            -64.237176,
            -31.362849
          ],
          [
            -64.237147,
            -31.362893
          ],
          [
            -64.236907,
            -31.363265
          ],
          [
            -64.236875,
            -31.363313
          ],
          [
            -64.236361,
            -31.364087
          ],
          [
            -64.236323,
            -31.364144
          ],
          [
            -64.235727,
            -31.365019
          ],
          [
            -64.235543,
            -31.365288
          ],
          [
            -64.235126,
            -31.365897
          ],
          [
            -64.234789,
            -31.366388
          ],
          [
            -64.234753,
            -31.366445
          ],
          [
            -64.234548,
            -31.366767
          ],
          [
            -64.234293,
            -31.367137
          ],
          [
            -64.234225,
            -31.367232
          ],
          [
            -64.234148,
            -31.367333
          ],
          [
            -64.233545,
            -31.368042
          ],
          [
            -64.233385,
            -31.368227
          ],
          [
            -64.232627,
            -31.369118
          ],
          [
            -64.231987,
            -31.369873
          ],
          [
            -64.231686,
            -31.370224
          ],
          [
            -64.231386,
            -31.370579
          ],
          [
            -64.231347,
            -31.370627
          ],
          [
            -64.231241,
            -31.370747
          ],
          [
            -64.231059,
            -31.370961
          ],
          [
            -64.230703,
            -31.37138
          ],
          [
            -64.230624,
            -31.37147
          ],
          [
            -64.230499,
            -31.371621
          ],
          [
            -64.230082,
            -31.372124
          ],
          [
            -64.229762,
            -31.372479
          ],
          [
            -64.229283,
            -31.373028
          ],
          [
            -64.228928,
            -31.373436
          ],
          [
            -64.228894,
            -31.373474
          ],
          [
            -64.228486,
            -31.373939
          ],
          [
            -64.227888,
            -31.374621
          ],
          [
            -64.227175,
            -31.375412
          ],
          [
            -64.226476,
            -31.3762
          ],
          [
            -64.225963,
            -31.376788
          ],
          [
            -64.225856,
            -31.376904
          ],
          [
            -64.225678,
            -31.377112
          ],
          [
            -64.225129,
            -31.377739
          ],
          [
            -64.224494,
            -31.378468
          ],
          [
            -64.224434,
            -31.378538
          ],
          [
            -64.224312,
            -31.378675
          ],
          [
            -64.223731,
            -31.379335
          ],
          [
            -64.223579,
            -31.379503
          ],
          [
            -64.223298,
            -31.379825
          ],
          [
            -64.223251,
            -31.37989
          ],
          [
            -64.223206,
            -31.379966
          ],
          [
            -64.223168,
            -31.380058
          ],
          [
            -64.223136,
            -31.380167
          ],
          [
            -64.223118,
            -31.380304
          ],
          [
            -64.223117,
            -31.380377
          ],
          [
            -64.22312,
            -31.380454
          ],
          [
            -64.223134,
            -31.380543
          ],
          [
            -64.223158,
            -31.380648
          ],
          [
            -64.223186,
            -31.380723
          ],
          [
            -64.22322,
            -31.380793
          ],
          [
            -64.22327,
            -31.380873
          ],
          [
            -64.223322,
            -31.380939
          ],
          [
            -64.2235,
            -31.381154
          ],
          [
            -64.223579,
            -31.381254
          ],
          [
            -64.223629,
            -31.381331
          ],
          [
            -64.223661,
            -31.381395
          ],
          [
            -64.223706,
            -31.38149
          ],
          [
            -64.223738,
            -31.381586
          ],
          [
            -64.22375,
            -31.381658
          ],
          [
            -64.223756,
            -31.381755
          ],
          [
            -64.22375,
            -31.381837
          ],
          [
            -64.223742,
            -31.381923
          ],
          [
            -64.223723,
            -31.382067
          ],
          [
            -64.223704,
            -31.382144
          ],
          [
            -64.223684,
            -31.382221
          ],
          [
            -64.223652,
            -31.382315
          ],
          [
            -64.223576,
            -31.382464
          ],
          [
            -64.223506,
            -31.382571
          ],
          [
            -64.223424,
            -31.382683
          ],
          [
            -64.223372,
            -31.382722
          ],
          [
            -64.223091,
            -31.382921
          ],
          [
            -64.222569,
            -31.383272
          ],
          [
            -64.222478,
            -31.383335
          ],
          [
            -64.222008,
            -31.38366
          ],
          [
            -64.221489,
            -31.384028
          ],
          [
            -64.220494,
            -31.384811
          ],
          [
            -64.22004,
            -31.385165
          ],
          [
            -64.219573,
            -31.385557
          ],
          [
            -64.219414,
            -31.385692
          ],
          [
            -64.219259,
            -31.385768
          ],
          [
            -64.219202,
            -31.385793
          ],
          [
            -64.219149,
            -31.385808
          ],
          [
            -64.219055,
            -31.385819
          ],
          [
            -64.218604,
            -31.386001
          ],
          [
            -64.218211,
            -31.38612
          ],
          [
            -64.218049,
            -31.386145
          ],
          [
            -64.217736,
            -31.386245
          ],
          [
            -64.216462,
            -31.386653
          ],
          [
            -64.215832,
            -31.386854
          ],
          [
            -64.215168,
            -31.387067
          ],
          [
            -64.214548,
            -31.387272
          ],
          [
            -64.213892,
            -31.387491
          ],
          [
            -64.212616,
            -31.387893
          ],
          [
            -64.211338,
            -31.388313
          ],
          [
            -64.210587,
            -31.388547
          ],
          [
            -64.210047,
            -31.388712
          ],
          [
            -64.209714,
            -31.388813
          ],
          [
            -64.20877,
            -31.389108
          ],
          [
            -64.208122,
            -31.389314
          ],
          [
            -64.20746,
            -31.389525
          ],
          [
            -64.207015,
            -31.389666
          ],
          [
            -64.206794,
            -31.389736
          ],
          [
            -64.206182,
            -31.389931
          ],
          [
            -64.205798,
            -31.390053
          ],
          [
            -64.20492,
            -31.390338
          ],
          [
            -64.204655,
            -31.390417
          ],
          [
            -64.204262,
            -31.390542
          ],
          [
            -64.204032,
            -31.390694
          ],
          [
            -64.20392,
            -31.390788
          ],
          [
            -64.203823,
            -31.390905
          ],
          [
            -64.203703,
            -31.391098
          ],
          [
            -64.203397,
            -31.391672
          ],
          [
            -64.203074,
            -31.392275
          ],
          [
            -64.202969,
            -31.392469
          ],
          [
            -64.202783,
            -31.392811
          ],
          [
            -64.202737,
            -31.392895
          ],
          [
            -64.20271,
            -31.392944
          ],
          [
            -64.202577,
            -31.393181
          ],
          [
            -64.201799,
            -31.394593
          ],
          [
            -64.202403,
            -31.394832
          ],
          [
            -64.202331,
            -31.39499
          ],
          [
            -64.202281,
            -31.395122
          ],
          [
            -64.202248,
            -31.39524
          ],
          [
            -64.202099,
            -31.395859
          ],
          [
            -64.202074,
            -31.395972
          ],
          [
            -64.20201,
            -31.396537
          ],
          [
            -64.202009,
            -31.39659
          ],
          [
            -64.202008,
            -31.396668
          ],
          [
            -64.202018,
            -31.396767
          ],
          [
            -64.202088,
            -31.39747
          ],
          [
            -64.202115,
            -31.397632
          ],
          [
            -64.202169,
            -31.397822
          ],
          [
            -64.202193,
            -31.397891
          ],
          [
            -64.202227,
            -31.397968
          ],
          [
            -64.202278,
            -31.398054
          ],
          [
            -64.202321,
            -31.398119
          ],
          [
            -64.202388,
            -31.398204
          ],
          [
            -64.202576,
            -31.398404
          ],
          [
            -64.202657,
            -31.398482
          ],
          [
            -64.202754,
            -31.398548
          ],
          [
            -64.202867,
            -31.398624
          ],
          [
            -64.202938,
            -31.398678
          ],
          [
            -64.20304,
            -31.398771
          ],
          [
            -64.203254,
            -31.39902
          ],
          [
            -64.203455,
            -31.399256
          ],
          [
            -64.203561,
            -31.399402
          ],
          [
            -64.20362,
            -31.399487
          ],
          [
            -64.203656,
            -31.399572
          ],
          [
            -64.203683,
            -31.399643
          ],
          [
            -64.203772,
            -31.40015
          ],
          [
            -64.203783,
            -31.40112
          ],
          [
            -64.203769,
            -31.401226
          ],
          [
            -64.203748,
            -31.401338
          ],
          [
            -64.203635,
            -31.401789
          ],
          [
            -64.203603,
            -31.40189
          ],
          [
            -64.203565,
            -31.401993
          ],
          [
            -64.203508,
            -31.402115
          ],
          [
            -64.203388,
            -31.40232
          ],
          [
            -64.203241,
            -31.402545
          ],
          [
            -64.203008,
            -31.402831
          ],
          [
            -64.202808,
            -31.403024
          ],
          [
            -64.202543,
            -31.403247
          ],
          [
            -64.202238,
            -31.403444
          ],
          [
            -64.201903,
            -31.403647
          ],
          [
            -64.201657,
            -31.403772
          ],
          [
            -64.200544,
            -31.404137
          ],
          [
            -64.199585,
            -31.404431
          ],
          [
            -64.197753,
            -31.404977
          ],
          [
            -64.197596,
            -31.405024
          ],
          [
            -64.196823,
            -31.405211
          ],
          [
            -64.195498,
            -31.40545
          ],
          [
            -64.194805,
            -31.405555
          ],
          [
            -64.194195,
            -31.405628
          ],
          [
            -64.193599,
            -31.405724
          ],
          [
            -64.193059,
            -31.4058
          ],
          [
            -64.192812,
            -31.405821
          ],
          [
            -64.192707,
            -31.405825
          ],
          [
            -64.192555,
            -31.405818
          ],
          [
            -64.191211,
            -31.405718
          ],
          [
            -64.190902,
            -31.405716
          ],
          [
            -64.190401,
            -31.405748
          ],
          [
            -64.19028,
            -31.405759
          ],
          [
            -64.190147,
            -31.405779
          ],
          [
            -64.189804,
            -31.405855
          ],
          [
            -64.189559,
            -31.405922
          ],
          [
            -64.189465,
            -31.405961
          ],
          [
            -64.189352,
            -31.406035
          ],
          [
            -64.189317,
            -31.406076
          ],
          [
            -64.189274,
            -31.406141
          ],
          [
            -64.189237,
            -31.406218
          ],
          [
            -64.189218,
            -31.406307
          ],
          [
            -64.189225,
            -31.406398
          ],
          [
            -64.189263,
            -31.406522
          ],
          [
            -64.189301,
            -31.406579
          ],
          [
            -64.189359,
            -31.406632
          ],
          [
            -64.189657,
            -31.406902
          ],
          [
            -64.189736,
            -31.406978
          ],
          [
            -64.189813,
            -31.407055
          ],
          [
            -64.189859,
            -31.40711
          ],
          [
            -64.189904,
            -31.40718
          ],
          [
            -64.189942,
            -31.407251
          ],
          [
            -64.189979,
            -31.407335
          ],
          [
            -64.190016,
            -31.407553
          ],
          [
            -64.190031,
            -31.407679
          ],
          [
            -64.190043,
            -31.407759
          ],
          [
            -64.190467,
            -31.40897
          ],
          [
            -64.190904,
            -31.410127
          ],
          [
            -64.191328,
            -31.411203
          ],
          [
            -64.191516,
            -31.411587
          ],
          [
            -64.191631,
            -31.411801
          ],
          [
            -64.191676,
            -31.411898
          ],
          [
            -64.191721,
            -31.412009
          ],
          [
            -64.191795,
            -31.412224
          ],
          [
            -64.191861,
            -31.412443
          ],
          [
            -64.191886,
            -31.412605
          ],
          [
            -64.191905,
            -31.412812
          ],
          [
            -64.191899,
            -31.412906
          ],
          [
            -64.191783,
            -31.413258
          ],
          [
            -64.191709,
            -31.413482
          ],
          [
            -64.191618,
            -31.413773
          ],
          [
            -64.191161,
            -31.41514
          ],
          [
            -64.190694,
            -31.416604
          ],
          [
            -64.190416,
            -31.416687
          ],
          [
            -64.189089,
            -31.417076
          ],
          [
            -64.189049,
            -31.417087
          ],
          [
            -64.18777,
            -31.417441
          ],
          [
            -64.187673,
            -31.417469
          ],
          [
            -64.18769,
            -31.41751
          ],
          [
            -64.188184,
            -31.418665
          ],
          [
            -64.188568,
            -31.419564
          ],
          [
            -64.188701,
            -31.419841
          ],
          [
            -64.188713,
            -31.419861
          ],
          [
            -64.188728,
            -31.419891
          ],
          [
            -64.188735,
            -31.419927
          ],
          [
            -64.188737,
            -31.419959
          ],
          [
            -64.188733,
            -31.419976
          ],
          [
            -64.188728,
            -31.419991
          ],
          [
            -64.188709,
            -31.420032
          ],
          [
            -64.188708,
            -31.420086
          ],
          [
            -64.188709,
            -31.420103
          ]
        ]
      }
    },
    {
      "type": "Feature",
      "id": "route-cordoba-2026-08-27-v3-what-if-balanced-load-v1-06",
      "properties": {
        "truckId": "vehicle-06",
        "waypointDistancesKm": [
          0,
          2.1954728689071117,
          4.083269866772743,
          7.459797398505315,
          11.321643883611934,
          18.403903910791797,
          34.07016253448039,
          41.186815909856946,
          51.613279466388555,
          66.81862841399656,
          75.32098848947467
        ]
      },
      "geometry": {
        "type": "LineString",
        "coordinates": [
          [
            -64.188709,
            -31.420109
          ],
          [
            -64.18871,
            -31.420127
          ],
          [
            -64.188717,
            -31.420178
          ],
          [
            -64.188727,
            -31.42023
          ],
          [
            -64.188737,
            -31.420284
          ],
          [
            -64.188734,
            -31.420338
          ],
          [
            -64.188686,
            -31.420476
          ],
          [
            -64.188614,
            -31.420637
          ],
          [
            -64.188602,
            -31.420666
          ],
          [
            -64.188216,
            -31.421509
          ],
          [
            -64.188139,
            -31.421536
          ],
          [
            -64.187971,
            -31.421596
          ],
          [
            -64.187883,
            -31.421621
          ],
          [
            -64.186582,
            -31.422025
          ],
          [
            -64.187051,
            -31.423184
          ],
          [
            -64.187348,
            -31.423089
          ],
          [
            -64.187455,
            -31.423057
          ],
          [
            -64.18837,
            -31.422766
          ],
          [
            -64.189743,
            -31.422336
          ],
          [
            -64.191026,
            -31.421953
          ],
          [
            -64.190613,
            -31.421516
          ],
          [
            -64.190113,
            -31.421069
          ],
          [
            -64.190082,
            -31.420974
          ],
          [
            -64.19,
            -31.420834
          ],
          [
            -64.189978,
            -31.420712
          ],
          [
            -64.18997,
            -31.420554
          ],
          [
            -64.189962,
            -31.420073
          ],
          [
            -64.189978,
            -31.419996
          ],
          [
            -64.190007,
            -31.419899
          ],
          [
            -64.189976,
            -31.419802
          ],
          [
            -64.189956,
            -31.419714
          ],
          [
            -64.189951,
            -31.419695
          ],
          [
            -64.189855,
            -31.419325
          ],
          [
            -64.189817,
            -31.419043
          ],
          [
            -64.189817,
            -31.418845
          ],
          [
            -64.189827,
            -31.418696
          ],
          [
            -64.189856,
            -31.418532
          ],
          [
            -64.189885,
            -31.418373
          ],
          [
            -64.189918,
            -31.418231
          ],
          [
            -64.18992,
            -31.418223
          ],
          [
            -64.189931,
            -31.418171
          ],
          [
            -64.189955,
            -31.418097
          ],
          [
            -64.189959,
            -31.418085
          ],
          [
            -64.190416,
            -31.416687
          ],
          [
            -64.190422,
            -31.416663
          ],
          [
            -64.190453,
            -31.416566
          ],
          [
            -64.190822,
            -31.41525
          ],
          [
            -64.191018,
            -31.414692
          ],
          [
            -64.191275,
            -31.413871
          ],
          [
            -64.191422,
            -31.413415
          ],
          [
            -64.191519,
            -31.413096
          ],
          [
            -64.191568,
            -31.412897
          ],
          [
            -64.191573,
            -31.412792
          ],
          [
            -64.191572,
            -31.412682
          ],
          [
            -64.191561,
            -31.412558
          ],
          [
            -64.191559,
            -31.412534
          ],
          [
            -64.191861,
            -31.412443
          ],
          [
            -64.19309,
            -31.412079
          ],
          [
            -64.192881,
            -31.411498
          ],
          [
            -64.19263,
            -31.410801
          ],
          [
            -64.191328,
            -31.411203
          ],
          [
            -64.191069,
            -31.411286
          ],
          [
            -64.190641,
            -31.411408
          ],
          [
            -64.19029,
            -31.411512
          ],
          [
            -64.189801,
            -31.411651
          ],
          [
            -64.189773,
            -31.411576
          ],
          [
            -64.189392,
            -31.410554
          ],
          [
            -64.189004,
            -31.409416
          ],
          [
            -64.188509,
            -31.408133
          ],
          [
            -64.188397,
            -31.407846
          ],
          [
            -64.188295,
            -31.40759
          ],
          [
            -64.188209,
            -31.407376
          ],
          [
            -64.188164,
            -31.407265
          ],
          [
            -64.188152,
            -31.407231
          ],
          [
            -64.188132,
            -31.40717
          ],
          [
            -64.188096,
            -31.407062
          ],
          [
            -64.18802,
            -31.406838
          ],
          [
            -64.188,
            -31.406773
          ],
          [
            -64.187791,
            -31.406
          ],
          [
            -64.187758,
            -31.405879
          ],
          [
            -64.187743,
            -31.40565
          ],
          [
            -64.187738,
            -31.405576
          ],
          [
            -64.18773,
            -31.40551
          ],
          [
            -64.187711,
            -31.405367
          ],
          [
            -64.187608,
            -31.404405
          ],
          [
            -64.187525,
            -31.403846
          ],
          [
            -64.187187,
            -31.402764
          ],
          [
            -64.186827,
            -31.401612
          ],
          [
            -64.186169,
            -31.401818
          ],
          [
            -64.185541,
            -31.402013
          ],
          [
            -64.185106,
            -31.400968
          ],
          [
            -64.185447,
            -31.400874
          ],
          [
            -64.185523,
            -31.40084
          ],
          [
            -64.185659,
            -31.400754
          ],
          [
            -64.185713,
            -31.400728
          ],
          [
            -64.185889,
            -31.401148
          ],
          [
            -64.186169,
            -31.401818
          ],
          [
            -64.185541,
            -31.402013
          ],
          [
            -64.184883,
            -31.402218
          ],
          [
            -64.184254,
            -31.402413
          ],
          [
            -64.18394,
            -31.40251
          ],
          [
            -64.183263,
            -31.40272
          ],
          [
            -64.182762,
            -31.402876
          ],
          [
            -64.182701,
            -31.402982
          ],
          [
            -64.182651,
            -31.403105
          ],
          [
            -64.182618,
            -31.403213
          ],
          [
            -64.182586,
            -31.403394
          ],
          [
            -64.18255,
            -31.403744
          ],
          [
            -64.182593,
            -31.40395
          ],
          [
            -64.182602,
            -31.404002
          ],
          [
            -64.182614,
            -31.404246
          ],
          [
            -64.182626,
            -31.404381
          ],
          [
            -64.182656,
            -31.404595
          ],
          [
            -64.182701,
            -31.404839
          ],
          [
            -64.182719,
            -31.40491
          ],
          [
            -64.182707,
            -31.405138
          ],
          [
            -64.182699,
            -31.405207
          ],
          [
            -64.182685,
            -31.405265
          ],
          [
            -64.182671,
            -31.405309
          ],
          [
            -64.182649,
            -31.405339
          ],
          [
            -64.182626,
            -31.405361
          ],
          [
            -64.182595,
            -31.405383
          ],
          [
            -64.18255,
            -31.405402
          ],
          [
            -64.182506,
            -31.405415
          ],
          [
            -64.182456,
            -31.405424
          ],
          [
            -64.182382,
            -31.405421
          ],
          [
            -64.181508,
            -31.405299
          ],
          [
            -64.180836,
            -31.405253
          ],
          [
            -64.18055,
            -31.405252
          ],
          [
            -64.180483,
            -31.405258
          ],
          [
            -64.180357,
            -31.405268
          ],
          [
            -64.180142,
            -31.405304
          ],
          [
            -64.179772,
            -31.40539
          ],
          [
            -64.179564,
            -31.405456
          ],
          [
            -64.177419,
            -31.406158
          ],
          [
            -64.177342,
            -31.406179
          ],
          [
            -64.177066,
            -31.406279
          ],
          [
            -64.176988,
            -31.406308
          ],
          [
            -64.176883,
            -31.406354
          ],
          [
            -64.176461,
            -31.406541
          ],
          [
            -64.176066,
            -31.406755
          ],
          [
            -64.175749,
            -31.40695
          ],
          [
            -64.175465,
            -31.407153
          ],
          [
            -64.175403,
            -31.407211
          ],
          [
            -64.175313,
            -31.407296
          ],
          [
            -64.175097,
            -31.40754
          ],
          [
            -64.174983,
            -31.407682
          ],
          [
            -64.174907,
            -31.407796
          ],
          [
            -64.174855,
            -31.40791
          ],
          [
            -64.174827,
            -31.408021
          ],
          [
            -64.174806,
            -31.408117
          ],
          [
            -64.174155,
            -31.407907
          ],
          [
            -64.17404,
            -31.40787
          ],
          [
            -64.173954,
            -31.407847
          ],
          [
            -64.173473,
            -31.407717
          ],
          [
            -64.17227,
            -31.407397
          ],
          [
            -64.171897,
            -31.408422
          ],
          [
            -64.170705,
            -31.408118
          ],
          [
            -64.169493,
            -31.407802
          ],
          [
            -64.169134,
            -31.408776
          ],
          [
            -64.16894,
            -31.409247
          ],
          [
            -64.168702,
            -31.409879
          ],
          [
            -64.168331,
            -31.410928
          ],
          [
            -64.167947,
            -31.411954
          ],
          [
            -64.167567,
            -31.412982
          ],
          [
            -64.167173,
            -31.414046
          ],
          [
            -64.165965,
            -31.413715
          ],
          [
            -64.165599,
            -31.413615
          ],
          [
            -64.1648,
            -31.413396
          ],
          [
            -64.164391,
            -31.414448
          ],
          [
            -64.165528,
            -31.41476
          ],
          [
            -64.16557,
            -31.414771
          ],
          [
            -64.166782,
            -31.415105
          ],
          [
            -64.167534,
            -31.415313
          ],
          [
            -64.167999,
            -31.415441
          ],
          [
            -64.168594,
            -31.415607
          ],
          [
            -64.169199,
            -31.415775
          ],
          [
            -64.170385,
            -31.416104
          ],
          [
            -64.170425,
            -31.416115
          ],
          [
            -64.171602,
            -31.416442
          ],
          [
            -64.172804,
            -31.416776
          ],
          [
            -64.172611,
            -31.417293
          ],
          [
            -64.172427,
            -31.417796
          ],
          [
            -64.172362,
            -31.417972
          ],
          [
            -64.172035,
            -31.418849
          ],
          [
            -64.171933,
            -31.419136
          ],
          [
            -64.171764,
            -31.419611
          ],
          [
            -64.171744,
            -31.420189
          ],
          [
            -64.171635,
            -31.420581
          ],
          [
            -64.171451,
            -31.421176
          ],
          [
            -64.171419,
            -31.421293
          ],
          [
            -64.171403,
            -31.421392
          ],
          [
            -64.171398,
            -31.421495
          ],
          [
            -64.171413,
            -31.421643
          ],
          [
            -64.171436,
            -31.421756
          ],
          [
            -64.171474,
            -31.421878
          ],
          [
            -64.171511,
            -31.421974
          ],
          [
            -64.171544,
            -31.422028
          ],
          [
            -64.171607,
            -31.422123
          ],
          [
            -64.17169,
            -31.422218
          ],
          [
            -64.171753,
            -31.422279
          ],
          [
            -64.171873,
            -31.422368
          ],
          [
            -64.172049,
            -31.422478
          ],
          [
            -64.172179,
            -31.422543
          ],
          [
            -64.172217,
            -31.422555
          ],
          [
            -64.172251,
            -31.422558
          ],
          [
            -64.172303,
            -31.422559
          ],
          [
            -64.172341,
            -31.422558
          ],
          [
            -64.172408,
            -31.422546
          ],
          [
            -64.172453,
            -31.422518
          ],
          [
            -64.172502,
            -31.422497
          ],
          [
            -64.172555,
            -31.422483
          ],
          [
            -64.172605,
            -31.422476
          ],
          [
            -64.172655,
            -31.422476
          ],
          [
            -64.172704,
            -31.422481
          ],
          [
            -64.172753,
            -31.422492
          ],
          [
            -64.172799,
            -31.422509
          ],
          [
            -64.172841,
            -31.422531
          ],
          [
            -64.172875,
            -31.422551
          ],
          [
            -64.172916,
            -31.422593
          ],
          [
            -64.172946,
            -31.422632
          ],
          [
            -64.172969,
            -31.422675
          ],
          [
            -64.172983,
            -31.422719
          ],
          [
            -64.17299,
            -31.422766
          ],
          [
            -64.172988,
            -31.422812
          ],
          [
            -64.172977,
            -31.422858
          ],
          [
            -64.172959,
            -31.422902
          ],
          [
            -64.172933,
            -31.422943
          ],
          [
            -64.1729,
            -31.42298
          ],
          [
            -64.17286,
            -31.423012
          ],
          [
            -64.172816,
            -31.423038
          ],
          [
            -64.172767,
            -31.423059
          ],
          [
            -64.172715,
            -31.423073
          ],
          [
            -64.172661,
            -31.42308
          ],
          [
            -64.172606,
            -31.423079
          ],
          [
            -64.172544,
            -31.423089
          ],
          [
            -64.172507,
            -31.423096
          ],
          [
            -64.172462,
            -31.423109
          ],
          [
            -64.172435,
            -31.423121
          ],
          [
            -64.172406,
            -31.423138
          ],
          [
            -64.172367,
            -31.423164
          ],
          [
            -64.171469,
            -31.423973
          ],
          [
            -64.171242,
            -31.42419
          ],
          [
            -64.171052,
            -31.4244
          ],
          [
            -64.17093,
            -31.424567
          ],
          [
            -64.170858,
            -31.424679
          ],
          [
            -64.170811,
            -31.424761
          ],
          [
            -64.170771,
            -31.42484
          ],
          [
            -64.170697,
            -31.424984
          ],
          [
            -64.170524,
            -31.425331
          ],
          [
            -64.17046,
            -31.425459
          ],
          [
            -64.170318,
            -31.425741
          ],
          [
            -64.170087,
            -31.42618
          ],
          [
            -64.169805,
            -31.426679
          ],
          [
            -64.169653,
            -31.426949
          ],
          [
            -64.169596,
            -31.427067
          ],
          [
            -64.169557,
            -31.427171
          ],
          [
            -64.169531,
            -31.427253
          ],
          [
            -64.16952,
            -31.427324
          ],
          [
            -64.169505,
            -31.427423
          ],
          [
            -64.169498,
            -31.427526
          ],
          [
            -64.169505,
            -31.427632
          ],
          [
            -64.169512,
            -31.427685
          ],
          [
            -64.169522,
            -31.427751
          ],
          [
            -64.169534,
            -31.427816
          ],
          [
            -64.16955,
            -31.427895
          ],
          [
            -64.169572,
            -31.427979
          ],
          [
            -64.169651,
            -31.428259
          ],
          [
            -64.16968,
            -31.428347
          ],
          [
            -64.169716,
            -31.428437
          ],
          [
            -64.169777,
            -31.428566
          ],
          [
            -64.169854,
            -31.42873
          ],
          [
            -64.169895,
            -31.428836
          ],
          [
            -64.169905,
            -31.428864
          ],
          [
            -64.169995,
            -31.429131
          ],
          [
            -64.170083,
            -31.429409
          ],
          [
            -64.170146,
            -31.429578
          ],
          [
            -64.170206,
            -31.429714
          ],
          [
            -64.170224,
            -31.42975
          ],
          [
            -64.170269,
            -31.429821
          ],
          [
            -64.170383,
            -31.429989
          ],
          [
            -64.170416,
            -31.430052
          ],
          [
            -64.170442,
            -31.430119
          ],
          [
            -64.170471,
            -31.430203
          ],
          [
            -64.170466,
            -31.430241
          ],
          [
            -64.170457,
            -31.430294
          ],
          [
            -64.170438,
            -31.43034
          ],
          [
            -64.170402,
            -31.430392
          ],
          [
            -64.170344,
            -31.430449
          ],
          [
            -64.17023,
            -31.43059
          ],
          [
            -64.170171,
            -31.430668
          ],
          [
            -64.17013,
            -31.430739
          ],
          [
            -64.170093,
            -31.430812
          ],
          [
            -64.170051,
            -31.430922
          ],
          [
            -64.169998,
            -31.43112
          ],
          [
            -64.169981,
            -31.431207
          ],
          [
            -64.169978,
            -31.431266
          ],
          [
            -64.169979,
            -31.431335
          ],
          [
            -64.169989,
            -31.431417
          ],
          [
            -64.170038,
            -31.431595
          ],
          [
            -64.170048,
            -31.43163
          ],
          [
            -64.170055,
            -31.431665
          ],
          [
            -64.170062,
            -31.431716
          ],
          [
            -64.170068,
            -31.43176
          ],
          [
            -64.170072,
            -31.431801
          ],
          [
            -64.170073,
            -31.431856
          ],
          [
            -64.17007,
            -31.431911
          ],
          [
            -64.170065,
            -31.431959
          ],
          [
            -64.170055,
            -31.432008
          ],
          [
            -64.170035,
            -31.432078
          ],
          [
            -64.170012,
            -31.432143
          ],
          [
            -64.169989,
            -31.432197
          ],
          [
            -64.169959,
            -31.432249
          ],
          [
            -64.16992,
            -31.432375
          ],
          [
            -64.169856,
            -31.432581
          ],
          [
            -64.169836,
            -31.432656
          ],
          [
            -64.169819,
            -31.432754
          ],
          [
            -64.169771,
            -31.432973
          ],
          [
            -64.169735,
            -31.4331
          ],
          [
            -64.169687,
            -31.433256
          ],
          [
            -64.169631,
            -31.433412
          ],
          [
            -64.169535,
            -31.433575
          ],
          [
            -64.169507,
            -31.433624
          ],
          [
            -64.169417,
            -31.433786
          ],
          [
            -64.169016,
            -31.434482
          ],
          [
            -64.168962,
            -31.434553
          ],
          [
            -64.168898,
            -31.434625
          ],
          [
            -64.168796,
            -31.434707
          ],
          [
            -64.168703,
            -31.434748
          ],
          [
            -64.167949,
            -31.435242
          ],
          [
            -64.167606,
            -31.435485
          ],
          [
            -64.167045,
            -31.435873
          ],
          [
            -64.166667,
            -31.436135
          ],
          [
            -64.166434,
            -31.436297
          ],
          [
            -64.166119,
            -31.436515
          ],
          [
            -64.165552,
            -31.436905
          ],
          [
            -64.165028,
            -31.437264
          ],
          [
            -64.164553,
            -31.437582
          ],
          [
            -64.163923,
            -31.438002
          ],
          [
            -64.163795,
            -31.438083
          ],
          [
            -64.163438,
            -31.438325
          ],
          [
            -64.163015,
            -31.438607
          ],
          [
            -64.162954,
            -31.438648
          ],
          [
            -64.162953,
            -31.437953
          ],
          [
            -64.162272,
            -31.437955
          ],
          [
            -64.162047,
            -31.437956
          ],
          [
            -64.161966,
            -31.437945
          ],
          [
            -64.161949,
            -31.438752
          ],
          [
            -64.161936,
            -31.439327
          ],
          [
            -64.161714,
            -31.439487
          ],
          [
            -64.161401,
            -31.439732
          ],
          [
            -64.161342,
            -31.439781
          ],
          [
            -64.161255,
            -31.439872
          ],
          [
            -64.160963,
            -31.440219
          ],
          [
            -64.160928,
            -31.440278
          ],
          [
            -64.160892,
            -31.440361
          ],
          [
            -64.160866,
            -31.440396
          ],
          [
            -64.160849,
            -31.440421
          ],
          [
            -64.160811,
            -31.44045
          ],
          [
            -64.160691,
            -31.440509
          ],
          [
            -64.160654,
            -31.440541
          ],
          [
            -64.15974,
            -31.44054
          ],
          [
            -64.159176,
            -31.44054
          ],
          [
            -64.156908,
            -31.440534
          ],
          [
            -64.155494,
            -31.440534
          ],
          [
            -64.155106,
            -31.440554
          ],
          [
            -64.154545,
            -31.440593
          ],
          [
            -64.153795,
            -31.440669
          ],
          [
            -64.153103,
            -31.440756
          ],
          [
            -64.152475,
            -31.440854
          ],
          [
            -64.151765,
            -31.440994
          ],
          [
            -64.151225,
            -31.441129
          ],
          [
            -64.15073,
            -31.441264
          ],
          [
            -64.150304,
            -31.441385
          ],
          [
            -64.149608,
            -31.441605
          ],
          [
            -64.149522,
            -31.441638
          ],
          [
            -64.149245,
            -31.441739
          ],
          [
            -64.149202,
            -31.441755
          ],
          [
            -64.149153,
            -31.441773
          ],
          [
            -64.149104,
            -31.441791
          ],
          [
            -64.149038,
            -31.441816
          ],
          [
            -64.148712,
            -31.441939
          ],
          [
            -64.148569,
            -31.441993
          ],
          [
            -64.148542,
            -31.443415
          ],
          [
            -64.148537,
            -31.443519
          ],
          [
            -64.148527,
            -31.443857
          ],
          [
            -64.148525,
            -31.443967
          ],
          [
            -64.14849,
            -31.445268
          ],
          [
            -64.148494,
            -31.445387
          ],
          [
            -64.148476,
            -31.44582
          ],
          [
            -64.148477,
            -31.445878
          ],
          [
            -64.148475,
            -31.446089
          ],
          [
            -64.148471,
            -31.446461
          ],
          [
            -64.148462,
            -31.447315
          ],
          [
            -64.14846,
            -31.448161
          ],
          [
            -64.148453,
            -31.448389
          ],
          [
            -64.148427,
            -31.449786
          ],
          [
            -64.148414,
            -31.450197
          ],
          [
            -64.148398,
            -31.450648
          ],
          [
            -64.148398,
            -31.450711
          ],
          [
            -64.148388,
            -31.451158
          ],
          [
            -64.148369,
            -31.451797
          ],
          [
            -64.148337,
            -31.453057
          ],
          [
            -64.148335,
            -31.453158
          ],
          [
            -64.148321,
            -31.453592
          ],
          [
            -64.148286,
            -31.454898
          ],
          [
            -64.148272,
            -31.455377
          ],
          [
            -64.148237,
            -31.456124
          ],
          [
            -64.148215,
            -31.456595
          ],
          [
            -64.148205,
            -31.456672
          ],
          [
            -64.148191,
            -31.45672
          ],
          [
            -64.148155,
            -31.456761
          ],
          [
            -64.148138,
            -31.456856
          ],
          [
            -64.148127,
            -31.456988
          ],
          [
            -64.148082,
            -31.457957
          ],
          [
            -64.148104,
            -31.458161
          ],
          [
            -64.148101,
            -31.458322
          ],
          [
            -64.148106,
            -31.458434
          ],
          [
            -64.148118,
            -31.458541
          ],
          [
            -64.148137,
            -31.458643
          ],
          [
            -64.148168,
            -31.458754
          ],
          [
            -64.148203,
            -31.458861
          ],
          [
            -64.148247,
            -31.458968
          ],
          [
            -64.148329,
            -31.459124
          ],
          [
            -64.148459,
            -31.459351
          ],
          [
            -64.148526,
            -31.459432
          ],
          [
            -64.14859,
            -31.459539
          ],
          [
            -64.148647,
            -31.459661
          ],
          [
            -64.148686,
            -31.459772
          ],
          [
            -64.148703,
            -31.459859
          ],
          [
            -64.148709,
            -31.459938
          ],
          [
            -64.148707,
            -31.460021
          ],
          [
            -64.148695,
            -31.460094
          ],
          [
            -64.148672,
            -31.460165
          ],
          [
            -64.148635,
            -31.460244
          ],
          [
            -64.148568,
            -31.460354
          ],
          [
            -64.148514,
            -31.460429
          ],
          [
            -64.148447,
            -31.4605
          ],
          [
            -64.148376,
            -31.460559
          ],
          [
            -64.148284,
            -31.460613
          ],
          [
            -64.148203,
            -31.460655
          ],
          [
            -64.148121,
            -31.460686
          ],
          [
            -64.148025,
            -31.460713
          ],
          [
            -64.147931,
            -31.460728
          ],
          [
            -64.147871,
            -31.460731
          ],
          [
            -64.147757,
            -31.460769
          ],
          [
            -64.147652,
            -31.46081
          ],
          [
            -64.147587,
            -31.460842
          ],
          [
            -64.147532,
            -31.460877
          ],
          [
            -64.147489,
            -31.460917
          ],
          [
            -64.147453,
            -31.460959
          ],
          [
            -64.147427,
            -31.460998
          ],
          [
            -64.147405,
            -31.461043
          ],
          [
            -64.147393,
            -31.46109
          ],
          [
            -64.147389,
            -31.461129
          ],
          [
            -64.147395,
            -31.461168
          ],
          [
            -64.147407,
            -31.461202
          ],
          [
            -64.147428,
            -31.461235
          ],
          [
            -64.147453,
            -31.461261
          ],
          [
            -64.147487,
            -31.461287
          ],
          [
            -64.147553,
            -31.461325
          ],
          [
            -64.147594,
            -31.461341
          ],
          [
            -64.14763,
            -31.461362
          ],
          [
            -64.147662,
            -31.461388
          ],
          [
            -64.147688,
            -31.461418
          ],
          [
            -64.147705,
            -31.461447
          ],
          [
            -64.147717,
            -31.461477
          ],
          [
            -64.147724,
            -31.461509
          ],
          [
            -64.147725,
            -31.461541
          ],
          [
            -64.147721,
            -31.461572
          ],
          [
            -64.147711,
            -31.461603
          ],
          [
            -64.147702,
            -31.461628
          ],
          [
            -64.147681,
            -31.461655
          ],
          [
            -64.147663,
            -31.461675
          ],
          [
            -64.147665,
            -31.461788
          ],
          [
            -64.147671,
            -31.461862
          ],
          [
            -64.147693,
            -31.461946
          ],
          [
            -64.147716,
            -31.462009
          ],
          [
            -64.147745,
            -31.46209
          ],
          [
            -64.147859,
            -31.462363
          ],
          [
            -64.147903,
            -31.4625
          ],
          [
            -64.147934,
            -31.462654
          ],
          [
            -64.147949,
            -31.462775
          ],
          [
            -64.147962,
            -31.462909
          ],
          [
            -64.147966,
            -31.463101
          ],
          [
            -64.147966,
            -31.463294
          ],
          [
            -64.147967,
            -31.463554
          ],
          [
            -64.147964,
            -31.464266
          ],
          [
            -64.147962,
            -31.464689
          ],
          [
            -64.147949,
            -31.465956
          ],
          [
            -64.147947,
            -31.46717
          ],
          [
            -64.147942,
            -31.467464
          ],
          [
            -64.147937,
            -31.467901
          ],
          [
            -64.147935,
            -31.468193
          ],
          [
            -64.147933,
            -31.468353
          ],
          [
            -64.147929,
            -31.468717
          ],
          [
            -64.147921,
            -31.469353
          ],
          [
            -64.147933,
            -31.469565
          ],
          [
            -64.147921,
            -31.46961
          ],
          [
            -64.14789,
            -31.469661
          ],
          [
            -64.147853,
            -31.469722
          ],
          [
            -64.147808,
            -31.469807
          ],
          [
            -64.147833,
            -31.469867
          ],
          [
            -64.147834,
            -31.469932
          ],
          [
            -64.14781,
            -31.469993
          ],
          [
            -64.147791,
            -31.470014
          ],
          [
            -64.147841,
            -31.470163
          ],
          [
            -64.147855,
            -31.470187
          ],
          [
            -64.147909,
            -31.470282
          ],
          [
            -64.147928,
            -31.470373
          ],
          [
            -64.147903,
            -31.470441
          ],
          [
            -64.147901,
            -31.470549
          ],
          [
            -64.147898,
            -31.47065
          ],
          [
            -64.147893,
            -31.470968
          ],
          [
            -64.14789,
            -31.47135
          ],
          [
            -64.147878,
            -31.471905
          ],
          [
            -64.14787,
            -31.472373
          ],
          [
            -64.147858,
            -31.473187
          ],
          [
            -64.147858,
            -31.473413
          ],
          [
            -64.147857,
            -31.473489
          ],
          [
            -64.14785,
            -31.474335
          ],
          [
            -64.147845,
            -31.474948
          ],
          [
            -64.147834,
            -31.475497
          ],
          [
            -64.147831,
            -31.475909
          ],
          [
            -64.147813,
            -31.477052
          ],
          [
            -64.14781,
            -31.477189
          ],
          [
            -64.147795,
            -31.477788
          ],
          [
            -64.14778,
            -31.478525
          ],
          [
            -64.147776,
            -31.479043
          ],
          [
            -64.147449,
            -31.479047
          ],
          [
            -64.146966,
            -31.479053
          ],
          [
            -64.146181,
            -31.479055
          ],
          [
            -64.145397,
            -31.479056
          ],
          [
            -64.144665,
            -31.479059
          ],
          [
            -64.143889,
            -31.479059
          ],
          [
            -64.143101,
            -31.479062
          ],
          [
            -64.142357,
            -31.479068
          ],
          [
            -64.141553,
            -31.479074
          ],
          [
            -64.140789,
            -31.479082
          ],
          [
            -64.14001,
            -31.479088
          ],
          [
            -64.139265,
            -31.479095
          ],
          [
            -64.138497,
            -31.479102
          ],
          [
            -64.137717,
            -31.479109
          ],
          [
            -64.136945,
            -31.479116
          ],
          [
            -64.136188,
            -31.479122
          ],
          [
            -64.136204,
            -31.480822
          ],
          [
            -64.136534,
            -31.48082
          ],
          [
            -64.13695,
            -31.480817
          ],
          [
            -64.137722,
            -31.480811
          ],
          [
            -64.138518,
            -31.480805
          ],
          [
            -64.139272,
            -31.4808
          ],
          [
            -64.140024,
            -31.480794
          ],
          [
            -64.140812,
            -31.480789
          ],
          [
            -64.141556,
            -31.480783
          ],
          [
            -64.14228,
            -31.480778
          ],
          [
            -64.143111,
            -31.480772
          ],
          [
            -64.143891,
            -31.480766
          ],
          [
            -64.144674,
            -31.480759
          ],
          [
            -64.145411,
            -31.480755
          ],
          [
            -64.146195,
            -31.480749
          ],
          [
            -64.146988,
            -31.480744
          ],
          [
            -64.147765,
            -31.480725
          ],
          [
            -64.147763,
            -31.480851
          ],
          [
            -64.147753,
            -31.481609
          ],
          [
            -64.14817,
            -31.481613
          ],
          [
            -64.14914,
            -31.481593
          ],
          [
            -64.159168,
            -31.481551
          ],
          [
            -64.161243,
            -31.481537
          ],
          [
            -64.162045,
            -31.481543
          ],
          [
            -64.162112,
            -31.481542
          ],
          [
            -64.162445,
            -31.481542
          ],
          [
            -64.164461,
            -31.481557
          ],
          [
            -64.165631,
            -31.481574
          ],
          [
            -64.168123,
            -31.481616
          ],
          [
            -64.168237,
            -31.48157
          ],
          [
            -64.168347,
            -31.481528
          ],
          [
            -64.168488,
            -31.481459
          ],
          [
            -64.168491,
            -31.481434
          ],
          [
            -64.168499,
            -31.481411
          ],
          [
            -64.168564,
            -31.481277
          ],
          [
            -64.1686,
            -31.481209
          ],
          [
            -64.168618,
            -31.481158
          ],
          [
            -64.168638,
            -31.481071
          ],
          [
            -64.168644,
            -31.48102
          ],
          [
            -64.168646,
            -31.480935
          ],
          [
            -64.168644,
            -31.480869
          ],
          [
            -64.16864,
            -31.480606
          ],
          [
            -64.168632,
            -31.479869
          ],
          [
            -64.168632,
            -31.47975
          ],
          [
            -64.168625,
            -31.478746
          ],
          [
            -64.16862,
            -31.4782
          ],
          [
            -64.168621,
            -31.478142
          ],
          [
            -64.168635,
            -31.478074
          ],
          [
            -64.168663,
            -31.477996
          ],
          [
            -64.168696,
            -31.47791
          ],
          [
            -64.168713,
            -31.477872
          ],
          [
            -64.168738,
            -31.47782
          ],
          [
            -64.168763,
            -31.477759
          ],
          [
            -64.168783,
            -31.477693
          ],
          [
            -64.168794,
            -31.477616
          ],
          [
            -64.168811,
            -31.477493
          ],
          [
            -64.168807,
            -31.477063
          ],
          [
            -64.168811,
            -31.476268
          ],
          [
            -64.168814,
            -31.476056
          ],
          [
            -64.168813,
            -31.475991
          ],
          [
            -64.168775,
            -31.475846
          ],
          [
            -64.168777,
            -31.47573
          ],
          [
            -64.168772,
            -31.475655
          ],
          [
            -64.16876,
            -31.475589
          ],
          [
            -64.16874,
            -31.475532
          ],
          [
            -64.168717,
            -31.475465
          ],
          [
            -64.168679,
            -31.47539
          ],
          [
            -64.168632,
            -31.475318
          ],
          [
            -64.168593,
            -31.475275
          ],
          [
            -64.168549,
            -31.47523
          ],
          [
            -64.168513,
            -31.47518
          ],
          [
            -64.168493,
            -31.475127
          ],
          [
            -64.168483,
            -31.475072
          ],
          [
            -64.168483,
            -31.475014
          ],
          [
            -64.168493,
            -31.474965
          ],
          [
            -64.168507,
            -31.47493
          ],
          [
            -64.168534,
            -31.474888
          ],
          [
            -64.168595,
            -31.474794
          ],
          [
            -64.168713,
            -31.474615
          ],
          [
            -64.168743,
            -31.474545
          ],
          [
            -64.168765,
            -31.474459
          ],
          [
            -64.168774,
            -31.474396
          ],
          [
            -64.168777,
            -31.474328
          ],
          [
            -64.168782,
            -31.474175
          ],
          [
            -64.168764,
            -31.472379
          ],
          [
            -64.168764,
            -31.471888
          ],
          [
            -64.168761,
            -31.471826
          ],
          [
            -64.168751,
            -31.471737
          ],
          [
            -64.168742,
            -31.471668
          ],
          [
            -64.168729,
            -31.471591
          ],
          [
            -64.168709,
            -31.47152
          ],
          [
            -64.168678,
            -31.471449
          ],
          [
            -64.168637,
            -31.471382
          ],
          [
            -64.168608,
            -31.471349
          ],
          [
            -64.168562,
            -31.471312
          ],
          [
            -64.168524,
            -31.471283
          ],
          [
            -64.168496,
            -31.471262
          ],
          [
            -64.168472,
            -31.471236
          ],
          [
            -64.168455,
            -31.471205
          ],
          [
            -64.168445,
            -31.471172
          ],
          [
            -64.168443,
            -31.471137
          ],
          [
            -64.168447,
            -31.471107
          ],
          [
            -64.16846,
            -31.471079
          ],
          [
            -64.168475,
            -31.471007
          ],
          [
            -64.168487,
            -31.470937
          ],
          [
            -64.168493,
            -31.470878
          ],
          [
            -64.168492,
            -31.470831
          ],
          [
            -64.168486,
            -31.470791
          ],
          [
            -64.168472,
            -31.470732
          ],
          [
            -64.168452,
            -31.470656
          ],
          [
            -64.16842,
            -31.470536
          ],
          [
            -64.168387,
            -31.4704
          ],
          [
            -64.168356,
            -31.470264
          ],
          [
            -64.168296,
            -31.469986
          ],
          [
            -64.168271,
            -31.469872
          ],
          [
            -64.168245,
            -31.469748
          ],
          [
            -64.168189,
            -31.469501
          ],
          [
            -64.168158,
            -31.469364
          ],
          [
            -64.168131,
            -31.469224
          ],
          [
            -64.168109,
            -31.469039
          ],
          [
            -64.168107,
            -31.469008
          ],
          [
            -64.168039,
            -31.468664
          ],
          [
            -64.168039,
            -31.468606
          ],
          [
            -64.168037,
            -31.468534
          ],
          [
            -64.168038,
            -31.468465
          ],
          [
            -64.168032,
            -31.468415
          ],
          [
            -64.168024,
            -31.468363
          ],
          [
            -64.16801,
            -31.468318
          ],
          [
            -64.16799,
            -31.46827
          ],
          [
            -64.167963,
            -31.468226
          ],
          [
            -64.167927,
            -31.468182
          ],
          [
            -64.167886,
            -31.468142
          ],
          [
            -64.16783,
            -31.468105
          ],
          [
            -64.167772,
            -31.468078
          ],
          [
            -64.16771,
            -31.468058
          ],
          [
            -64.167647,
            -31.468045
          ],
          [
            -64.16758,
            -31.468039
          ],
          [
            -64.167503,
            -31.468044
          ],
          [
            -64.167435,
            -31.468059
          ],
          [
            -64.167365,
            -31.468083
          ],
          [
            -64.167301,
            -31.468118
          ],
          [
            -64.167248,
            -31.468159
          ],
          [
            -64.167196,
            -31.468208
          ],
          [
            -64.167162,
            -31.46826
          ],
          [
            -64.167138,
            -31.468314
          ],
          [
            -64.167121,
            -31.468376
          ],
          [
            -64.167118,
            -31.468437
          ],
          [
            -64.167129,
            -31.468502
          ],
          [
            -64.167151,
            -31.468566
          ],
          [
            -64.167188,
            -31.468627
          ],
          [
            -64.167238,
            -31.468682
          ],
          [
            -64.167299,
            -31.468729
          ],
          [
            -64.167363,
            -31.468765
          ],
          [
            -64.167428,
            -31.468789
          ],
          [
            -64.167524,
            -31.468806
          ],
          [
            -64.167637,
            -31.468821
          ],
          [
            -64.168143,
            -31.468897
          ],
          [
            -64.168185,
            -31.468897
          ],
          [
            -64.1686,
            -31.468895
          ],
          [
            -64.169113,
            -31.468884
          ],
          [
            -64.169496,
            -31.468868
          ],
          [
            -64.169866,
            -31.468853
          ],
          [
            -64.170245,
            -31.468837
          ],
          [
            -64.170628,
            -31.468821
          ],
          [
            -64.171003,
            -31.468807
          ],
          [
            -64.171384,
            -31.468791
          ],
          [
            -64.171763,
            -31.468775
          ],
          [
            -64.172139,
            -31.46876
          ],
          [
            -64.172517,
            -31.468744
          ],
          [
            -64.173145,
            -31.468718
          ],
          [
            -64.173774,
            -31.468688
          ],
          [
            -64.174401,
            -31.468649
          ],
          [
            -64.175037,
            -31.468608
          ],
          [
            -64.175668,
            -31.468568
          ],
          [
            -64.176853,
            -31.468492
          ],
          [
            -64.17814,
            -31.468407
          ],
          [
            -64.179468,
            -31.468318
          ],
          [
            -64.180978,
            -31.46822
          ],
          [
            -64.181728,
            -31.468172
          ],
          [
            -64.183267,
            -31.468068
          ],
          [
            -64.183898,
            -31.468026
          ],
          [
            -64.185129,
            -31.467949
          ],
          [
            -64.186072,
            -31.467883
          ],
          [
            -64.187228,
            -31.467809
          ],
          [
            -64.187313,
            -31.467803
          ],
          [
            -64.188139,
            -31.467743
          ],
          [
            -64.188833,
            -31.46769
          ],
          [
            -64.189519,
            -31.467632
          ],
          [
            -64.190079,
            -31.467576
          ],
          [
            -64.190701,
            -31.467509
          ],
          [
            -64.192027,
            -31.467358
          ],
          [
            -64.193217,
            -31.467209
          ],
          [
            -64.194579,
            -31.467041
          ],
          [
            -64.195352,
            -31.466947
          ],
          [
            -64.196112,
            -31.466847
          ],
          [
            -64.198016,
            -31.466602
          ],
          [
            -64.198841,
            -31.466495
          ],
          [
            -64.199871,
            -31.466365
          ],
          [
            -64.200866,
            -31.466234
          ],
          [
            -64.201897,
            -31.466109
          ],
          [
            -64.202984,
            -31.465987
          ],
          [
            -64.203571,
            -31.465911
          ],
          [
            -64.204594,
            -31.465759
          ],
          [
            -64.208269,
            -31.46529
          ],
          [
            -64.208758,
            -31.465226
          ],
          [
            -64.20986,
            -31.465085
          ],
          [
            -64.210636,
            -31.464988
          ],
          [
            -64.211362,
            -31.46489
          ],
          [
            -64.212358,
            -31.464762
          ],
          [
            -64.213503,
            -31.464614
          ],
          [
            -64.215102,
            -31.464411
          ],
          [
            -64.216472,
            -31.464237
          ],
          [
            -64.217309,
            -31.464132
          ],
          [
            -64.218097,
            -31.464028
          ],
          [
            -64.219689,
            -31.463826
          ],
          [
            -64.220489,
            -31.463719
          ],
          [
            -64.220844,
            -31.463674
          ],
          [
            -64.220879,
            -31.46367
          ],
          [
            -64.221222,
            -31.463627
          ],
          [
            -64.222548,
            -31.463456
          ],
          [
            -64.223842,
            -31.463286
          ],
          [
            -64.224778,
            -31.463162
          ],
          [
            -64.22578,
            -31.463027
          ],
          [
            -64.226838,
            -31.462871
          ],
          [
            -64.227631,
            -31.462752
          ],
          [
            -64.229368,
            -31.462485
          ],
          [
            -64.231458,
            -31.462161
          ],
          [
            -64.232332,
            -31.46202
          ],
          [
            -64.233791,
            -31.461793
          ],
          [
            -64.236603,
            -31.461339
          ],
          [
            -64.237282,
            -31.461167
          ],
          [
            -64.238243,
            -31.46101
          ],
          [
            -64.238446,
            -31.460971
          ],
          [
            -64.238579,
            -31.460939
          ],
          [
            -64.238701,
            -31.460901
          ],
          [
            -64.238817,
            -31.46086
          ],
          [
            -64.238926,
            -31.460816
          ],
          [
            -64.239028,
            -31.460766
          ],
          [
            -64.239125,
            -31.460712
          ],
          [
            -64.239225,
            -31.460646
          ],
          [
            -64.239309,
            -31.460582
          ],
          [
            -64.239381,
            -31.460523
          ],
          [
            -64.23946,
            -31.46045
          ],
          [
            -64.239564,
            -31.460344
          ],
          [
            -64.239703,
            -31.46019
          ],
          [
            -64.239979,
            -31.459874
          ],
          [
            -64.240224,
            -31.459596
          ],
          [
            -64.24046,
            -31.459326
          ],
          [
            -64.240504,
            -31.459274
          ],
          [
            -64.24054,
            -31.459228
          ],
          [
            -64.240569,
            -31.459183
          ],
          [
            -64.240591,
            -31.45914
          ],
          [
            -64.240607,
            -31.459083
          ],
          [
            -64.240612,
            -31.459035
          ],
          [
            -64.240612,
            -31.459005
          ],
          [
            -64.240603,
            -31.458958
          ],
          [
            -64.240586,
            -31.458923
          ],
          [
            -64.240557,
            -31.458894
          ],
          [
            -64.240525,
            -31.45886
          ],
          [
            -64.240491,
            -31.458807
          ],
          [
            -64.24047,
            -31.458755
          ],
          [
            -64.240461,
            -31.458703
          ],
          [
            -64.240461,
            -31.45865
          ],
          [
            -64.240471,
            -31.458603
          ],
          [
            -64.240492,
            -31.45855
          ],
          [
            -64.240522,
            -31.458505
          ],
          [
            -64.240557,
            -31.458466
          ],
          [
            -64.240581,
            -31.458377
          ],
          [
            -64.240583,
            -31.458332
          ],
          [
            -64.240578,
            -31.458288
          ],
          [
            -64.240564,
            -31.458245
          ],
          [
            -64.240315,
            -31.457661
          ],
          [
            -64.240259,
            -31.457559
          ],
          [
            -64.240202,
            -31.457492
          ],
          [
            -64.240122,
            -31.457418
          ],
          [
            -64.240036,
            -31.45736
          ],
          [
            -64.239907,
            -31.457302
          ],
          [
            -64.239792,
            -31.457267
          ],
          [
            -64.239638,
            -31.457249
          ],
          [
            -64.239187,
            -31.457241
          ],
          [
            -64.238598,
            -31.457242
          ],
          [
            -64.23852,
            -31.457247
          ],
          [
            -64.238454,
            -31.457259
          ],
          [
            -64.238327,
            -31.457293
          ],
          [
            -64.238284,
            -31.457339
          ],
          [
            -64.238228,
            -31.457373
          ],
          [
            -64.23816,
            -31.457392
          ],
          [
            -64.238088,
            -31.457393
          ],
          [
            -64.238019,
            -31.457376
          ],
          [
            -64.237959,
            -31.457343
          ],
          [
            -64.237913,
            -31.457295
          ],
          [
            -64.237882,
            -31.457225
          ],
          [
            -64.237883,
            -31.45715
          ],
          [
            -64.237899,
            -31.457106
          ],
          [
            -64.237861,
            -31.457004
          ],
          [
            -64.237871,
            -31.456069
          ],
          [
            -64.237873,
            -31.455833
          ],
          [
            -64.237894,
            -31.45507
          ],
          [
            -64.237895,
            -31.45499
          ],
          [
            -64.237897,
            -31.454849
          ],
          [
            -64.237905,
            -31.454788
          ],
          [
            -64.237916,
            -31.454679
          ],
          [
            -64.237912,
            -31.454496
          ],
          [
            -64.237932,
            -31.454363
          ],
          [
            -64.23792,
            -31.454304
          ],
          [
            -64.237868,
            -31.453737
          ],
          [
            -64.237857,
            -31.45363
          ],
          [
            -64.237841,
            -31.453511
          ],
          [
            -64.237804,
            -31.453294
          ],
          [
            -64.237699,
            -31.452684
          ],
          [
            -64.237686,
            -31.452571
          ],
          [
            -64.237679,
            -31.452471
          ],
          [
            -64.237677,
            -31.452292
          ],
          [
            -64.237656,
            -31.452167
          ],
          [
            -64.237633,
            -31.452102
          ],
          [
            -64.237603,
            -31.452047
          ],
          [
            -64.237551,
            -31.451973
          ],
          [
            -64.237497,
            -31.451949
          ],
          [
            -64.237457,
            -31.451921
          ],
          [
            -64.237416,
            -31.451869
          ],
          [
            -64.237407,
            -31.451813
          ],
          [
            -64.237421,
            -31.45177
          ],
          [
            -64.237444,
            -31.451746
          ],
          [
            -64.237506,
            -31.451712
          ],
          [
            -64.237575,
            -31.451701
          ],
          [
            -64.237651,
            -31.4517
          ],
          [
            -64.237707,
            -31.451702
          ],
          [
            -64.237764,
            -31.451712
          ],
          [
            -64.237885,
            -31.451717
          ],
          [
            -64.238237,
            -31.451739
          ],
          [
            -64.238433,
            -31.451755
          ],
          [
            -64.23895,
            -31.451775
          ],
          [
            -64.239819,
            -31.451808
          ],
          [
            -64.240174,
            -31.451822
          ],
          [
            -64.240548,
            -31.451836
          ],
          [
            -64.241447,
            -31.451869
          ],
          [
            -64.242769,
            -31.451917
          ],
          [
            -64.245107,
            -31.452
          ],
          [
            -64.246557,
            -31.452051
          ],
          [
            -64.247972,
            -31.452103
          ],
          [
            -64.248132,
            -31.452107
          ],
          [
            -64.248135,
            -31.451946
          ],
          [
            -64.248133,
            -31.4518
          ],
          [
            -64.248137,
            -31.4508
          ],
          [
            -64.248141,
            -31.449706
          ],
          [
            -64.248149,
            -31.449004
          ],
          [
            -64.248149,
            -31.448948
          ],
          [
            -64.24799,
            -31.448939
          ],
          [
            -64.247845,
            -31.448914
          ],
          [
            -64.247737,
            -31.448885
          ],
          [
            -64.247646,
            -31.448849
          ],
          [
            -64.247534,
            -31.448788
          ],
          [
            -64.247433,
            -31.448723
          ],
          [
            -64.247384,
            -31.448674
          ],
          [
            -64.24735,
            -31.448615
          ],
          [
            -64.247325,
            -31.448534
          ],
          [
            -64.247336,
            -31.448475
          ],
          [
            -64.247363,
            -31.448418
          ],
          [
            -64.247427,
            -31.448343
          ],
          [
            -64.246782,
            -31.447885
          ],
          [
            -64.246054,
            -31.447369
          ],
          [
            -64.245472,
            -31.446955
          ],
          [
            -64.244494,
            -31.446262
          ],
          [
            -64.244167,
            -31.446261
          ],
          [
            -64.242849,
            -31.446261
          ],
          [
            -64.242819,
            -31.445903
          ],
          [
            -64.240581,
            -31.445895
          ],
          [
            -64.239393,
            -31.445891
          ],
          [
            -64.238255,
            -31.445887
          ],
          [
            -64.237596,
            -31.445885
          ],
          [
            -64.236996,
            -31.445883
          ],
          [
            -64.236999,
            -31.445132
          ],
          [
            -64.237,
            -31.44493
          ],
          [
            -64.237004,
            -31.444384
          ],
          [
            -64.237008,
            -31.443623
          ],
          [
            -64.237011,
            -31.44289
          ],
          [
            -64.237016,
            -31.442144
          ],
          [
            -64.23702,
            -31.441375
          ],
          [
            -64.237024,
            -31.440618
          ],
          [
            -64.237028,
            -31.439877
          ],
          [
            -64.237032,
            -31.439116
          ],
          [
            -64.237036,
            -31.438376
          ],
          [
            -64.23704,
            -31.437617
          ],
          [
            -64.237044,
            -31.436862
          ],
          [
            -64.237638,
            -31.436865
          ],
          [
            -64.238214,
            -31.436868
          ],
          [
            -64.239407,
            -31.436873
          ],
          [
            -64.239845,
            -31.436875
          ],
          [
            -64.240163,
            -31.436876
          ],
          [
            -64.240608,
            -31.436878
          ],
          [
            -64.241789,
            -31.436883
          ],
          [
            -64.242824,
            -31.436894
          ],
          [
            -64.243753,
            -31.436933
          ],
          [
            -64.243803,
            -31.436939
          ],
          [
            -64.243891,
            -31.436971
          ],
          [
            -64.244004,
            -31.437007
          ],
          [
            -64.24409,
            -31.437016
          ],
          [
            -64.244906,
            -31.43702
          ],
          [
            -64.245959,
            -31.437024
          ],
          [
            -64.246978,
            -31.437026
          ],
          [
            -64.246978,
            -31.436795
          ],
          [
            -64.248061,
            -31.436797
          ],
          [
            -64.248057,
            -31.435789
          ],
          [
            -64.248055,
            -31.435366
          ],
          [
            -64.248053,
            -31.434801
          ],
          [
            -64.248048,
            -31.433765
          ],
          [
            -64.248042,
            -31.432762
          ],
          [
            -64.248058,
            -31.432635
          ],
          [
            -64.248102,
            -31.432638
          ],
          [
            -64.248437,
            -31.432671
          ],
          [
            -64.249326,
            -31.432724
          ],
          [
            -64.250501,
            -31.432812
          ],
          [
            -64.251057,
            -31.432845
          ],
          [
            -64.251699,
            -31.432878
          ],
          [
            -64.251759,
            -31.432882
          ],
          [
            -64.252762,
            -31.432956
          ],
          [
            -64.252906,
            -31.432961
          ],
          [
            -64.253394,
            -31.432983
          ],
          [
            -64.253801,
            -31.432982
          ],
          [
            -64.254266,
            -31.433006
          ],
          [
            -64.254915,
            -31.433053
          ],
          [
            -64.255863,
            -31.433121
          ],
          [
            -64.256014,
            -31.433129
          ],
          [
            -64.256148,
            -31.43314
          ],
          [
            -64.258224,
            -31.433289
          ],
          [
            -64.258265,
            -31.433292
          ],
          [
            -64.259776,
            -31.433398
          ],
          [
            -64.260177,
            -31.433426
          ],
          [
            -64.261003,
            -31.433479
          ],
          [
            -64.262582,
            -31.433584
          ],
          [
            -64.262814,
            -31.433597
          ],
          [
            -64.263835,
            -31.433658
          ],
          [
            -64.263941,
            -31.433665
          ],
          [
            -64.26398,
            -31.433197
          ],
          [
            -64.263942,
            -31.433085
          ],
          [
            -64.263931,
            -31.432901
          ],
          [
            -64.263925,
            -31.432372
          ],
          [
            -64.263913,
            -31.431868
          ],
          [
            -64.263916,
            -31.431398
          ],
          [
            -64.263918,
            -31.431312
          ],
          [
            -64.263909,
            -31.430407
          ],
          [
            -64.263909,
            -31.429559
          ],
          [
            -64.263911,
            -31.429156
          ],
          [
            -64.263907,
            -31.427912
          ],
          [
            -64.263907,
            -31.426666
          ],
          [
            -64.263884,
            -31.425552
          ],
          [
            -64.263888,
            -31.425462
          ],
          [
            -64.263889,
            -31.425411
          ],
          [
            -64.263878,
            -31.424279
          ],
          [
            -64.263877,
            -31.424141
          ],
          [
            -64.263877,
            -31.423873
          ],
          [
            -64.263883,
            -31.423017
          ],
          [
            -64.263884,
            -31.422945
          ],
          [
            -64.263874,
            -31.42208
          ],
          [
            -64.263873,
            -31.421804
          ],
          [
            -64.263874,
            -31.421633
          ],
          [
            -64.263866,
            -31.420477
          ],
          [
            -64.263856,
            -31.419487
          ],
          [
            -64.263853,
            -31.419246
          ],
          [
            -64.263854,
            -31.41849
          ],
          [
            -64.26385,
            -31.418093
          ],
          [
            -64.263842,
            -31.417496
          ],
          [
            -64.263846,
            -31.4169
          ],
          [
            -64.263844,
            -31.416503
          ],
          [
            -64.263841,
            -31.41576
          ],
          [
            -64.263838,
            -31.415517
          ],
          [
            -64.263844,
            -31.414524
          ],
          [
            -64.263839,
            -31.413539
          ],
          [
            -64.263845,
            -31.41304
          ],
          [
            -64.263851,
            -31.412539
          ],
          [
            -64.263862,
            -31.411528
          ],
          [
            -64.264391,
            -31.411531
          ],
          [
            -64.264687,
            -31.411537
          ],
          [
            -64.26491,
            -31.411541
          ],
          [
            -64.265415,
            -31.411549
          ],
          [
            -64.265959,
            -31.411549
          ],
          [
            -64.266144,
            -31.411551
          ],
          [
            -64.266482,
            -31.411555
          ],
          [
            -64.266887,
            -31.411558
          ],
          [
            -64.266884,
            -31.411617
          ],
          [
            -64.266881,
            -31.411715
          ],
          [
            -64.266936,
            -31.411715
          ],
          [
            -64.266935,
            -31.411854
          ],
          [
            -64.266935,
            -31.411985
          ],
          [
            -64.266934,
            -31.412124
          ],
          [
            -64.266934,
            -31.412257
          ],
          [
            -64.266933,
            -31.412389
          ],
          [
            -64.266933,
            -31.412517
          ],
          [
            -64.266932,
            -31.412644
          ],
          [
            -64.266932,
            -31.412778
          ],
          [
            -64.266932,
            -31.412912
          ],
          [
            -64.266932,
            -31.41305
          ],
          [
            -64.266932,
            -31.413191
          ],
          [
            -64.266839,
            -31.413191
          ],
          [
            -64.266839,
            -31.413653
          ],
          [
            -64.266884,
            -31.413653
          ],
          [
            -64.266987,
            -31.413654
          ],
          [
            -64.266993,
            -31.412196
          ],
          [
            -64.266994,
            -31.411823
          ],
          [
            -64.267001,
            -31.411794
          ],
          [
            -64.267025,
            -31.411773
          ],
          [
            -64.267059,
            -31.411766
          ],
          [
            -64.267092,
            -31.411776
          ],
          [
            -64.267113,
            -31.411799
          ],
          [
            -64.267116,
            -31.411828
          ],
          [
            -64.2671,
            -31.411855
          ],
          [
            -64.26707,
            -31.41188
          ],
          [
            -64.267048,
            -31.411905
          ],
          [
            -64.267039,
            -31.411931
          ],
          [
            -64.267028,
            -31.414023
          ],
          [
            -64.267032,
            -31.41405
          ],
          [
            -64.267047,
            -31.414081
          ],
          [
            -64.267074,
            -31.414104
          ],
          [
            -64.267095,
            -31.41412
          ],
          [
            -64.267107,
            -31.414148
          ],
          [
            -64.267099,
            -31.414177
          ],
          [
            -64.267074,
            -31.414197
          ],
          [
            -64.26704,
            -31.414203
          ],
          [
            -64.267036,
            -31.414523
          ],
          [
            -64.267057,
            -31.41451
          ],
          [
            -64.267083,
            -31.414504
          ],
          [
            -64.267109,
            -31.414504
          ],
          [
            -64.267134,
            -31.414513
          ],
          [
            -64.267144,
            -31.41452
          ],
          [
            -64.267154,
            -31.414527
          ],
          [
            -64.267168,
            -31.414547
          ],
          [
            -64.267718,
            -31.414565
          ],
          [
            -64.267785,
            -31.414566
          ],
          [
            -64.267998,
            -31.414567
          ],
          [
            -64.268442,
            -31.414569
          ],
          [
            -64.268633,
            -31.41457
          ],
          [
            -64.268863,
            -31.414572
          ],
          [
            -64.26894,
            -31.41457
          ],
          [
            -64.269012,
            -31.414561
          ],
          [
            -64.2691,
            -31.414532
          ],
          [
            -64.269102,
            -31.414204
          ],
          [
            -64.269102,
            -31.414162
          ],
          [
            -64.269105,
            -31.413505
          ],
          [
            -64.26911,
            -31.412407
          ],
          [
            -64.269113,
            -31.411726
          ],
          [
            -64.269116,
            -31.411577
          ],
          [
            -64.26944,
            -31.411559
          ],
          [
            -64.269437,
            -31.411293
          ],
          [
            -64.269425,
            -31.411119
          ],
          [
            -64.269426,
            -31.410194
          ],
          [
            -64.269442,
            -31.409605
          ],
          [
            -64.269449,
            -31.409224
          ],
          [
            -64.269469,
            -31.408835
          ],
          [
            -64.269503,
            -31.408446
          ],
          [
            -64.269542,
            -31.408056
          ],
          [
            -64.269562,
            -31.407817
          ],
          [
            -64.269587,
            -31.40757
          ],
          [
            -64.269724,
            -31.406741
          ],
          [
            -64.269725,
            -31.406116
          ],
          [
            -64.269727,
            -31.405484
          ],
          [
            -64.269731,
            -31.405154
          ],
          [
            -64.26973,
            -31.404555
          ],
          [
            -64.269732,
            -31.404346
          ],
          [
            -64.269724,
            -31.403862
          ],
          [
            -64.269715,
            -31.403558
          ],
          [
            -64.269695,
            -31.403262
          ],
          [
            -64.269678,
            -31.403074
          ],
          [
            -64.269654,
            -31.402865
          ],
          [
            -64.269628,
            -31.402686
          ],
          [
            -64.269597,
            -31.402488
          ],
          [
            -64.269555,
            -31.402274
          ],
          [
            -64.269497,
            -31.402011
          ],
          [
            -64.269439,
            -31.401791
          ],
          [
            -64.269376,
            -31.401575
          ],
          [
            -64.269307,
            -31.401357
          ],
          [
            -64.269238,
            -31.401156
          ],
          [
            -64.269159,
            -31.400938
          ],
          [
            -64.269049,
            -31.400662
          ],
          [
            -64.268944,
            -31.400412
          ],
          [
            -64.268843,
            -31.400179
          ],
          [
            -64.268676,
            -31.399798
          ],
          [
            -64.268447,
            -31.399289
          ],
          [
            -64.268236,
            -31.398806
          ],
          [
            -64.268057,
            -31.398408
          ],
          [
            -64.267666,
            -31.397527
          ],
          [
            -64.267475,
            -31.397097
          ],
          [
            -64.267321,
            -31.396748
          ],
          [
            -64.267158,
            -31.396376
          ],
          [
            -64.267047,
            -31.396124
          ],
          [
            -64.266924,
            -31.395849
          ],
          [
            -64.266762,
            -31.395488
          ],
          [
            -64.26661,
            -31.395149
          ],
          [
            -64.266469,
            -31.394831
          ],
          [
            -64.266377,
            -31.394636
          ],
          [
            -64.266222,
            -31.394309
          ],
          [
            -64.26606,
            -31.39396
          ],
          [
            -64.265787,
            -31.39337
          ],
          [
            -64.265547,
            -31.39285
          ],
          [
            -64.265306,
            -31.392341
          ],
          [
            -64.265214,
            -31.392148
          ],
          [
            -64.264993,
            -31.391689
          ],
          [
            -64.264735,
            -31.391157
          ],
          [
            -64.264576,
            -31.390832
          ],
          [
            -64.264391,
            -31.390479
          ],
          [
            -64.264185,
            -31.390108
          ],
          [
            -64.263886,
            -31.389602
          ],
          [
            -64.26369,
            -31.389279
          ],
          [
            -64.263478,
            -31.388937
          ],
          [
            -64.263256,
            -31.388575
          ],
          [
            -64.262979,
            -31.388129
          ],
          [
            -64.262704,
            -31.387683
          ],
          [
            -64.262439,
            -31.387256
          ],
          [
            -64.262176,
            -31.386832
          ],
          [
            -64.261712,
            -31.386077
          ],
          [
            -64.261175,
            -31.385208
          ],
          [
            -64.260878,
            -31.384728
          ],
          [
            -64.259956,
            -31.383244
          ],
          [
            -64.259593,
            -31.382677
          ],
          [
            -64.259206,
            -31.382105
          ],
          [
            -64.258972,
            -31.381775
          ],
          [
            -64.258736,
            -31.381452
          ],
          [
            -64.258433,
            -31.381048
          ],
          [
            -64.258145,
            -31.380678
          ],
          [
            -64.257918,
            -31.380395
          ],
          [
            -64.257677,
            -31.380107
          ],
          [
            -64.257443,
            -31.379832
          ],
          [
            -64.257192,
            -31.37954
          ],
          [
            -64.25683,
            -31.379136
          ],
          [
            -64.256259,
            -31.378514
          ],
          [
            -64.255859,
            -31.378082
          ],
          [
            -64.255387,
            -31.377548
          ],
          [
            -64.255043,
            -31.377146
          ],
          [
            -64.254744,
            -31.376785
          ],
          [
            -64.254487,
            -31.376469
          ],
          [
            -64.254252,
            -31.376167
          ],
          [
            -64.254041,
            -31.375884
          ],
          [
            -64.253831,
            -31.375594
          ],
          [
            -64.253569,
            -31.375226
          ],
          [
            -64.253329,
            -31.374859
          ],
          [
            -64.252964,
            -31.374276
          ],
          [
            -64.25268,
            -31.373787
          ],
          [
            -64.252401,
            -31.373274
          ],
          [
            -64.252208,
            -31.372907
          ],
          [
            -64.252006,
            -31.372506
          ],
          [
            -64.251903,
            -31.372288
          ],
          [
            -64.251807,
            -31.372075
          ],
          [
            -64.251691,
            -31.371818
          ],
          [
            -64.251618,
            -31.371654
          ],
          [
            -64.251508,
            -31.371392
          ],
          [
            -64.25138,
            -31.371072
          ],
          [
            -64.251253,
            -31.370749
          ],
          [
            -64.251134,
            -31.370421
          ],
          [
            -64.25102,
            -31.370104
          ],
          [
            -64.25092,
            -31.369809
          ],
          [
            -64.250799,
            -31.369458
          ],
          [
            -64.25071,
            -31.369199
          ],
          [
            -64.250564,
            -31.368767
          ],
          [
            -64.250336,
            -31.368124
          ],
          [
            -64.25024,
            -31.367872
          ],
          [
            -64.250152,
            -31.367659
          ],
          [
            -64.250043,
            -31.367425
          ],
          [
            -64.24995,
            -31.367236
          ],
          [
            -64.249853,
            -31.367053
          ],
          [
            -64.249737,
            -31.366856
          ],
          [
            -64.24959,
            -31.366629
          ],
          [
            -64.249444,
            -31.366424
          ],
          [
            -64.24931,
            -31.366246
          ],
          [
            -64.249161,
            -31.366061
          ],
          [
            -64.249053,
            -31.365935
          ],
          [
            -64.248933,
            -31.365802
          ],
          [
            -64.248755,
            -31.365615
          ],
          [
            -64.248575,
            -31.365443
          ],
          [
            -64.248389,
            -31.365274
          ],
          [
            -64.248248,
            -31.365154
          ],
          [
            -64.248074,
            -31.365017
          ],
          [
            -64.247868,
            -31.364863
          ],
          [
            -64.247663,
            -31.364721
          ],
          [
            -64.247435,
            -31.364569
          ],
          [
            -64.247254,
            -31.364462
          ],
          [
            -64.247044,
            -31.364344
          ],
          [
            -64.246828,
            -31.364229
          ],
          [
            -64.246553,
            -31.364093
          ],
          [
            -64.246314,
            -31.363982
          ],
          [
            -64.246072,
            -31.363876
          ],
          [
            -64.245805,
            -31.363766
          ],
          [
            -64.245559,
            -31.363665
          ],
          [
            -64.245321,
            -31.36357
          ],
          [
            -64.244865,
            -31.363386
          ],
          [
            -64.24458,
            -31.363268
          ],
          [
            -64.244343,
            -31.363155
          ],
          [
            -64.244155,
            -31.363058
          ],
          [
            -64.243915,
            -31.36293
          ],
          [
            -64.243707,
            -31.362814
          ],
          [
            -64.243528,
            -31.362708
          ],
          [
            -64.243369,
            -31.362603
          ],
          [
            -64.243224,
            -31.362509
          ],
          [
            -64.243023,
            -31.362368
          ],
          [
            -64.242534,
            -31.362082
          ],
          [
            -64.242406,
            -31.361976
          ],
          [
            -64.242262,
            -31.361849
          ],
          [
            -64.242137,
            -31.361733
          ],
          [
            -64.241989,
            -31.361587
          ],
          [
            -64.241885,
            -31.361481
          ],
          [
            -64.241774,
            -31.361363
          ],
          [
            -64.241578,
            -31.361178
          ],
          [
            -64.241468,
            -31.361069
          ],
          [
            -64.24135,
            -31.360946
          ],
          [
            -64.241253,
            -31.360849
          ],
          [
            -64.241188,
            -31.360776
          ],
          [
            -64.241135,
            -31.360711
          ],
          [
            -64.241087,
            -31.360651
          ],
          [
            -64.241031,
            -31.360575
          ],
          [
            -64.240972,
            -31.360486
          ],
          [
            -64.240915,
            -31.360396
          ],
          [
            -64.24087,
            -31.360318
          ],
          [
            -64.240827,
            -31.36023
          ],
          [
            -64.240614,
            -31.359798
          ],
          [
            -64.240393,
            -31.359368
          ],
          [
            -64.240244,
            -31.359076
          ],
          [
            -64.240222,
            -31.359026
          ],
          [
            -64.24021,
            -31.358988
          ],
          [
            -64.240203,
            -31.358945
          ],
          [
            -64.240202,
            -31.358905
          ],
          [
            -64.240205,
            -31.358866
          ],
          [
            -64.240217,
            -31.358814
          ],
          [
            -64.24024,
            -31.358735
          ],
          [
            -64.240271,
            -31.358654
          ],
          [
            -64.240285,
            -31.358597
          ],
          [
            -64.240291,
            -31.35856
          ],
          [
            -64.240289,
            -31.358529
          ],
          [
            -64.240277,
            -31.358502
          ],
          [
            -64.240258,
            -31.358475
          ],
          [
            -64.240238,
            -31.358454
          ],
          [
            -64.240204,
            -31.35843
          ],
          [
            -64.240156,
            -31.358406
          ],
          [
            -64.240101,
            -31.358383
          ],
          [
            -64.239978,
            -31.358334
          ],
          [
            -64.239925,
            -31.358329
          ],
          [
            -64.23987,
            -31.358319
          ],
          [
            -64.239816,
            -31.3583
          ],
          [
            -64.239769,
            -31.358275
          ],
          [
            -64.239729,
            -31.358244
          ],
          [
            -64.23969,
            -31.358206
          ],
          [
            -64.239655,
            -31.358161
          ],
          [
            -64.239637,
            -31.35813
          ],
          [
            -64.239614,
            -31.358067
          ],
          [
            -64.23961,
            -31.358034
          ],
          [
            -64.239608,
            -31.357987
          ],
          [
            -64.239612,
            -31.357942
          ],
          [
            -64.239623,
            -31.357897
          ],
          [
            -64.239638,
            -31.357862
          ],
          [
            -64.239644,
            -31.357851
          ],
          [
            -64.239662,
            -31.357823
          ],
          [
            -64.239682,
            -31.357798
          ],
          [
            -64.239721,
            -31.357762
          ],
          [
            -64.239765,
            -31.357732
          ],
          [
            -64.239813,
            -31.357709
          ],
          [
            -64.239861,
            -31.357689
          ],
          [
            -64.239908,
            -31.357675
          ],
          [
            -64.239964,
            -31.357668
          ],
          [
            -64.240024,
            -31.357665
          ],
          [
            -64.24008,
            -31.357669
          ],
          [
            -64.240149,
            -31.357684
          ],
          [
            -64.240196,
            -31.357705
          ],
          [
            -64.24024,
            -31.35773
          ],
          [
            -64.240298,
            -31.357745
          ],
          [
            -64.240344,
            -31.357755
          ],
          [
            -64.240391,
            -31.357755
          ],
          [
            -64.240436,
            -31.357751
          ],
          [
            -64.240479,
            -31.357742
          ],
          [
            -64.240531,
            -31.357724
          ],
          [
            -64.240575,
            -31.35769
          ],
          [
            -64.240636,
            -31.35763
          ],
          [
            -64.240701,
            -31.357562
          ],
          [
            -64.24074,
            -31.357526
          ],
          [
            -64.240936,
            -31.357344
          ],
          [
            -64.241168,
            -31.357126
          ],
          [
            -64.241282,
            -31.357022
          ],
          [
            -64.241553,
            -31.356776
          ],
          [
            -64.241793,
            -31.356556
          ],
          [
            -64.241936,
            -31.35644
          ],
          [
            -64.242053,
            -31.356366
          ],
          [
            -64.242193,
            -31.356281
          ],
          [
            -64.242498,
            -31.35598
          ],
          [
            -64.242602,
            -31.355881
          ],
          [
            -64.243028,
            -31.355483
          ],
          [
            -64.243639,
            -31.354913
          ],
          [
            -64.243695,
            -31.354861
          ],
          [
            -64.243815,
            -31.354757
          ],
          [
            -64.243957,
            -31.354618
          ],
          [
            -64.244344,
            -31.354252
          ],
          [
            -64.244773,
            -31.353851
          ],
          [
            -64.245078,
            -31.353564
          ],
          [
            -64.245382,
            -31.353279
          ],
          [
            -64.246053,
            -31.352663
          ],
          [
            -64.246399,
            -31.352336
          ],
          [
            -64.246677,
            -31.352081
          ],
          [
            -64.246823,
            -31.351945
          ],
          [
            -64.246927,
            -31.351849
          ],
          [
            -64.247033,
            -31.351737
          ],
          [
            -64.247125,
            -31.351641
          ],
          [
            -64.247283,
            -31.351471
          ],
          [
            -64.247344,
            -31.3514
          ],
          [
            -64.247425,
            -31.351304
          ],
          [
            -64.247365,
            -31.351238
          ],
          [
            -64.246983,
            -31.35082
          ],
          [
            -64.246826,
            -31.350633
          ],
          [
            -64.246629,
            -31.350405
          ],
          [
            -64.2462,
            -31.349902
          ],
          [
            -64.245509,
            -31.349106
          ],
          [
            -64.245235,
            -31.348789
          ],
          [
            -64.244353,
            -31.347762
          ],
          [
            -64.244272,
            -31.347672
          ],
          [
            -64.244226,
            -31.347617
          ],
          [
            -64.24417,
            -31.34755
          ],
          [
            -64.244106,
            -31.347477
          ],
          [
            -64.243032,
            -31.346319
          ],
          [
            -64.242521,
            -31.345794
          ],
          [
            -64.241951,
            -31.345192
          ],
          [
            -64.241913,
            -31.345122
          ],
          [
            -64.2419,
            -31.34508
          ],
          [
            -64.241887,
            -31.345015
          ],
          [
            -64.241929,
            -31.343361
          ],
          [
            -64.242514,
            -31.343358
          ],
          [
            -64.243472,
            -31.343355
          ],
          [
            -64.244313,
            -31.343353
          ],
          [
            -64.244409,
            -31.34329
          ],
          [
            -64.245478,
            -31.342582
          ],
          [
            -64.245194,
            -31.342257
          ],
          [
            -64.245074,
            -31.34212
          ],
          [
            -64.244701,
            -31.341695
          ],
          [
            -64.244699,
            -31.341693
          ],
          [
            -64.243658,
            -31.342382
          ],
          [
            -64.244022,
            -31.342816
          ],
          [
            -64.244409,
            -31.34329
          ],
          [
            -64.244458,
            -31.343351
          ],
          [
            -64.244313,
            -31.343353
          ],
          [
            -64.243472,
            -31.343355
          ],
          [
            -64.242514,
            -31.343358
          ],
          [
            -64.241929,
            -31.343361
          ],
          [
            -64.240969,
            -31.343359
          ],
          [
            -64.240396,
            -31.343353
          ],
          [
            -64.239737,
            -31.34335
          ],
          [
            -64.238579,
            -31.343357
          ],
          [
            -64.237421,
            -31.343365
          ],
          [
            -64.236275,
            -31.343348
          ],
          [
            -64.236105,
            -31.343376
          ],
          [
            -64.235928,
            -31.343412
          ],
          [
            -64.23579,
            -31.343442
          ],
          [
            -64.235697,
            -31.343461
          ],
          [
            -64.235639,
            -31.343473
          ],
          [
            -64.23553,
            -31.343481
          ],
          [
            -64.235441,
            -31.34348
          ],
          [
            -64.235364,
            -31.343467
          ],
          [
            -64.235296,
            -31.343445
          ],
          [
            -64.235164,
            -31.3434
          ],
          [
            -64.235111,
            -31.343389
          ],
          [
            -64.234998,
            -31.343366
          ],
          [
            -64.234832,
            -31.34335
          ],
          [
            -64.233958,
            -31.343345
          ],
          [
            -64.233568,
            -31.343347
          ],
          [
            -64.232798,
            -31.343351
          ],
          [
            -64.231644,
            -31.343356
          ],
          [
            -64.230492,
            -31.34336
          ],
          [
            -64.229311,
            -31.343354
          ],
          [
            -64.228169,
            -31.343351
          ],
          [
            -64.227933,
            -31.343351
          ],
          [
            -64.227021,
            -31.343354
          ],
          [
            -64.225809,
            -31.343354
          ],
          [
            -64.225805,
            -31.34375
          ],
          [
            -64.22582,
            -31.344243
          ],
          [
            -64.225823,
            -31.344349
          ],
          [
            -64.225848,
            -31.345252
          ],
          [
            -64.225851,
            -31.345354
          ],
          [
            -64.225859,
            -31.346091
          ],
          [
            -64.225872,
            -31.346494
          ],
          [
            -64.225888,
            -31.346997
          ],
          [
            -64.225901,
            -31.347438
          ],
          [
            -64.225904,
            -31.34751
          ],
          [
            -64.225909,
            -31.347584
          ],
          [
            -64.225918,
            -31.347642
          ],
          [
            -64.225928,
            -31.347688
          ],
          [
            -64.225939,
            -31.347736
          ],
          [
            -64.225963,
            -31.347822
          ],
          [
            -64.22599,
            -31.347924
          ],
          [
            -64.22601,
            -31.347992
          ],
          [
            -64.226026,
            -31.348067
          ],
          [
            -64.226029,
            -31.348139
          ],
          [
            -64.226028,
            -31.348216
          ],
          [
            -64.226015,
            -31.34831
          ],
          [
            -64.225998,
            -31.348383
          ],
          [
            -64.225979,
            -31.348466
          ],
          [
            -64.225962,
            -31.34855
          ],
          [
            -64.225947,
            -31.348639
          ],
          [
            -64.225942,
            -31.348708
          ],
          [
            -64.225943,
            -31.348782
          ],
          [
            -64.225959,
            -31.349269
          ],
          [
            -64.225975,
            -31.34982
          ],
          [
            -64.226009,
            -31.35092
          ],
          [
            -64.226017,
            -31.351183
          ],
          [
            -64.22602,
            -31.351328
          ],
          [
            -64.226015,
            -31.351429
          ],
          [
            -64.226005,
            -31.351534
          ],
          [
            -64.225989,
            -31.351661
          ],
          [
            -64.225983,
            -31.351696
          ],
          [
            -64.225979,
            -31.351723
          ],
          [
            -64.225977,
            -31.351752
          ],
          [
            -64.225979,
            -31.351778
          ],
          [
            -64.225983,
            -31.351805
          ],
          [
            -64.22599,
            -31.351828
          ],
          [
            -64.225999,
            -31.351851
          ],
          [
            -64.226009,
            -31.351875
          ],
          [
            -64.226026,
            -31.351895
          ],
          [
            -64.226039,
            -31.351917
          ],
          [
            -64.226049,
            -31.35194
          ],
          [
            -64.226056,
            -31.351964
          ],
          [
            -64.226058,
            -31.351988
          ],
          [
            -64.226058,
            -31.352013
          ],
          [
            -64.226054,
            -31.352038
          ],
          [
            -64.226046,
            -31.352061
          ],
          [
            -64.226035,
            -31.352084
          ],
          [
            -64.226021,
            -31.352105
          ],
          [
            -64.226002,
            -31.352126
          ],
          [
            -64.22598,
            -31.352145
          ],
          [
            -64.225956,
            -31.352161
          ],
          [
            -64.225926,
            -31.352183
          ],
          [
            -64.225896,
            -31.352205
          ],
          [
            -64.22587,
            -31.35223
          ],
          [
            -64.225852,
            -31.352253
          ],
          [
            -64.225835,
            -31.352278
          ],
          [
            -64.225821,
            -31.352306
          ],
          [
            -64.225809,
            -31.352343
          ],
          [
            -64.225768,
            -31.352553
          ],
          [
            -64.225762,
            -31.352595
          ],
          [
            -64.225762,
            -31.352626
          ],
          [
            -64.225765,
            -31.352652
          ],
          [
            -64.225775,
            -31.352677
          ],
          [
            -64.22579,
            -31.352701
          ],
          [
            -64.225809,
            -31.352726
          ],
          [
            -64.225831,
            -31.352746
          ],
          [
            -64.22587,
            -31.352769
          ],
          [
            -64.225916,
            -31.352792
          ],
          [
            -64.22598,
            -31.352797
          ],
          [
            -64.226047,
            -31.352807
          ],
          [
            -64.226103,
            -31.352824
          ],
          [
            -64.22616,
            -31.352845
          ],
          [
            -64.226207,
            -31.352867
          ],
          [
            -64.226254,
            -31.352896
          ],
          [
            -64.226297,
            -31.352928
          ],
          [
            -64.226339,
            -31.352966
          ],
          [
            -64.226372,
            -31.353004
          ],
          [
            -64.226402,
            -31.353047
          ],
          [
            -64.226423,
            -31.353085
          ],
          [
            -64.226442,
            -31.353134
          ],
          [
            -64.226454,
            -31.353172
          ],
          [
            -64.226462,
            -31.353217
          ],
          [
            -64.226467,
            -31.353268
          ],
          [
            -64.226465,
            -31.353314
          ],
          [
            -64.226457,
            -31.353364
          ],
          [
            -64.226447,
            -31.3534
          ],
          [
            -64.226432,
            -31.353446
          ],
          [
            -64.226413,
            -31.353484
          ],
          [
            -64.226393,
            -31.353518
          ],
          [
            -64.226361,
            -31.353564
          ],
          [
            -64.226325,
            -31.353603
          ],
          [
            -64.226287,
            -31.353637
          ],
          [
            -64.226241,
            -31.35367
          ],
          [
            -64.226175,
            -31.353706
          ],
          [
            -64.226101,
            -31.35374
          ],
          [
            -64.226028,
            -31.353767
          ],
          [
            -64.225952,
            -31.353788
          ],
          [
            -64.225876,
            -31.353806
          ],
          [
            -64.225795,
            -31.353823
          ],
          [
            -64.225716,
            -31.353838
          ],
          [
            -64.22563,
            -31.353848
          ],
          [
            -64.225545,
            -31.353856
          ],
          [
            -64.225461,
            -31.353863
          ],
          [
            -64.225373,
            -31.353865
          ],
          [
            -64.225296,
            -31.353861
          ],
          [
            -64.225213,
            -31.353856
          ],
          [
            -64.225094,
            -31.353857
          ],
          [
            -64.224982,
            -31.353864
          ],
          [
            -64.224861,
            -31.353875
          ],
          [
            -64.224724,
            -31.353895
          ],
          [
            -64.224287,
            -31.353957
          ],
          [
            -64.224002,
            -31.353999
          ],
          [
            -64.223812,
            -31.354029
          ],
          [
            -64.223715,
            -31.35404
          ],
          [
            -64.223619,
            -31.354047
          ],
          [
            -64.223524,
            -31.354049
          ],
          [
            -64.223389,
            -31.354049
          ],
          [
            -64.223165,
            -31.354046
          ],
          [
            -64.222693,
            -31.354034
          ],
          [
            -64.222414,
            -31.354025
          ],
          [
            -64.222292,
            -31.354025
          ],
          [
            -64.222135,
            -31.354029
          ],
          [
            -64.221972,
            -31.354035
          ],
          [
            -64.221837,
            -31.354043
          ],
          [
            -64.221687,
            -31.354055
          ],
          [
            -64.221488,
            -31.354079
          ],
          [
            -64.220661,
            -31.354188
          ],
          [
            -64.220089,
            -31.354199
          ],
          [
            -64.219742,
            -31.354243
          ],
          [
            -64.219402,
            -31.354289
          ],
          [
            -64.218808,
            -31.35437
          ],
          [
            -64.218213,
            -31.35445
          ],
          [
            -64.217467,
            -31.354552
          ],
          [
            -64.216824,
            -31.354634
          ],
          [
            -64.216341,
            -31.354696
          ],
          [
            -64.215948,
            -31.354748
          ],
          [
            -64.215569,
            -31.354798
          ],
          [
            -64.215189,
            -31.354844
          ],
          [
            -64.214828,
            -31.354884
          ],
          [
            -64.214453,
            -31.35492
          ],
          [
            -64.214062,
            -31.354953
          ],
          [
            -64.213671,
            -31.354982
          ],
          [
            -64.213358,
            -31.355005
          ],
          [
            -64.213043,
            -31.355022
          ],
          [
            -64.212546,
            -31.355045
          ],
          [
            -64.212289,
            -31.355056
          ],
          [
            -64.212035,
            -31.355064
          ],
          [
            -64.211641,
            -31.355073
          ],
          [
            -64.211126,
            -31.355078
          ],
          [
            -64.21061,
            -31.355075
          ],
          [
            -64.210217,
            -31.355066
          ],
          [
            -64.209843,
            -31.355056
          ],
          [
            -64.209284,
            -31.355034
          ],
          [
            -64.208842,
            -31.355009
          ],
          [
            -64.208446,
            -31.354984
          ],
          [
            -64.208053,
            -31.354955
          ],
          [
            -64.20767,
            -31.354922
          ],
          [
            -64.207296,
            -31.354886
          ],
          [
            -64.207024,
            -31.354856
          ],
          [
            -64.206794,
            -31.35483
          ],
          [
            -64.206532,
            -31.354799
          ],
          [
            -64.206226,
            -31.354761
          ],
          [
            -64.205534,
            -31.354661
          ],
          [
            -64.205044,
            -31.354589
          ],
          [
            -64.20452,
            -31.354509
          ],
          [
            -64.204025,
            -31.354432
          ],
          [
            -64.203522,
            -31.354355
          ],
          [
            -64.20301,
            -31.354278
          ],
          [
            -64.202712,
            -31.354234
          ],
          [
            -64.202685,
            -31.35423
          ],
          [
            -64.202379,
            -31.354181
          ],
          [
            -64.20217,
            -31.354149
          ],
          [
            -64.201539,
            -31.354052
          ],
          [
            -64.201282,
            -31.354012
          ],
          [
            -64.200985,
            -31.353968
          ],
          [
            -64.20069,
            -31.353923
          ],
          [
            -64.200425,
            -31.353878
          ],
          [
            -64.20005,
            -31.353817
          ],
          [
            -64.199792,
            -31.353771
          ],
          [
            -64.199437,
            -31.353708
          ],
          [
            -64.199186,
            -31.353662
          ],
          [
            -64.198811,
            -31.353593
          ],
          [
            -64.198457,
            -31.353531
          ],
          [
            -64.198211,
            -31.353489
          ],
          [
            -64.197955,
            -31.353451
          ],
          [
            -64.197697,
            -31.353417
          ],
          [
            -64.197441,
            -31.353385
          ],
          [
            -64.197188,
            -31.353363
          ],
          [
            -64.19694,
            -31.353348
          ],
          [
            -64.196697,
            -31.353333
          ],
          [
            -64.19645,
            -31.353328
          ],
          [
            -64.19619,
            -31.353326
          ],
          [
            -64.195927,
            -31.35333
          ],
          [
            -64.195687,
            -31.353337
          ],
          [
            -64.195315,
            -31.353361
          ],
          [
            -64.195063,
            -31.353383
          ],
          [
            -64.194806,
            -31.35341
          ],
          [
            -64.194568,
            -31.35344
          ],
          [
            -64.19432,
            -31.353478
          ],
          [
            -64.194075,
            -31.353521
          ],
          [
            -64.193827,
            -31.353571
          ],
          [
            -64.193461,
            -31.353649
          ],
          [
            -64.193217,
            -31.353709
          ],
          [
            -64.192977,
            -31.353769
          ],
          [
            -64.192737,
            -31.353834
          ],
          [
            -64.192499,
            -31.353898
          ],
          [
            -64.192264,
            -31.353962
          ],
          [
            -64.19189,
            -31.354062
          ],
          [
            -64.191535,
            -31.354155
          ],
          [
            -64.191047,
            -31.354284
          ],
          [
            -64.190436,
            -31.354438
          ],
          [
            -64.189829,
            -31.354589
          ],
          [
            -64.189218,
            -31.354748
          ],
          [
            -64.188576,
            -31.354915
          ],
          [
            -64.187918,
            -31.355085
          ],
          [
            -64.186835,
            -31.355365
          ],
          [
            -64.186357,
            -31.355488
          ],
          [
            -64.185856,
            -31.355621
          ],
          [
            -64.185445,
            -31.355726
          ],
          [
            -64.185116,
            -31.35581
          ],
          [
            -64.184685,
            -31.355919
          ],
          [
            -64.184246,
            -31.35603
          ],
          [
            -64.183347,
            -31.35626
          ],
          [
            -64.182526,
            -31.356463
          ],
          [
            -64.181941,
            -31.356605
          ],
          [
            -64.181456,
            -31.356716
          ],
          [
            -64.180456,
            -31.356932
          ],
          [
            -64.179658,
            -31.357092
          ],
          [
            -64.179228,
            -31.357173
          ],
          [
            -64.178762,
            -31.357259
          ],
          [
            -64.177923,
            -31.357403
          ],
          [
            -64.177404,
            -31.357491
          ],
          [
            -64.176496,
            -31.357645
          ],
          [
            -64.176081,
            -31.357714
          ],
          [
            -64.176058,
            -31.357717
          ],
          [
            -64.175613,
            -31.357793
          ],
          [
            -64.175081,
            -31.357885
          ],
          [
            -64.174094,
            -31.358053
          ],
          [
            -64.172141,
            -31.358384
          ],
          [
            -64.17139,
            -31.358511
          ],
          [
            -64.168081,
            -31.359069
          ],
          [
            -64.166426,
            -31.359348
          ],
          [
            -64.164772,
            -31.359627
          ],
          [
            -64.163059,
            -31.359917
          ],
          [
            -64.161325,
            -31.360209
          ],
          [
            -64.160216,
            -31.360398
          ],
          [
            -64.158975,
            -31.360609
          ],
          [
            -64.15749,
            -31.360859
          ],
          [
            -64.156005,
            -31.361108
          ],
          [
            -64.153908,
            -31.361459
          ],
          [
            -64.151288,
            -31.361902
          ],
          [
            -64.150407,
            -31.362048
          ],
          [
            -64.14953,
            -31.362196
          ],
          [
            -64.14867,
            -31.362334
          ],
          [
            -64.148113,
            -31.362426
          ],
          [
            -64.147755,
            -31.362491
          ],
          [
            -64.147718,
            -31.362498
          ],
          [
            -64.147181,
            -31.362593
          ],
          [
            -64.146789,
            -31.362659
          ],
          [
            -64.146401,
            -31.362721
          ],
          [
            -64.145918,
            -31.362792
          ],
          [
            -64.145635,
            -31.362837
          ],
          [
            -64.145098,
            -31.362909
          ],
          [
            -64.144545,
            -31.362979
          ],
          [
            -64.144164,
            -31.363025
          ],
          [
            -64.143537,
            -31.363099
          ],
          [
            -64.143042,
            -31.363157
          ],
          [
            -64.142579,
            -31.363214
          ],
          [
            -64.142046,
            -31.363274
          ],
          [
            -64.140913,
            -31.363406
          ],
          [
            -64.140029,
            -31.363509
          ],
          [
            -64.139162,
            -31.36361
          ],
          [
            -64.13854,
            -31.363683
          ],
          [
            -64.138164,
            -31.363726
          ],
          [
            -64.137906,
            -31.363758
          ],
          [
            -64.137656,
            -31.363792
          ],
          [
            -64.13741,
            -31.363829
          ],
          [
            -64.137165,
            -31.363875
          ],
          [
            -64.136914,
            -31.363924
          ],
          [
            -64.136661,
            -31.363979
          ],
          [
            -64.136427,
            -31.364033
          ],
          [
            -64.13618,
            -31.364095
          ],
          [
            -64.135948,
            -31.364159
          ],
          [
            -64.13571,
            -31.364231
          ],
          [
            -64.135481,
            -31.364302
          ],
          [
            -64.135243,
            -31.36438
          ],
          [
            -64.135005,
            -31.364465
          ],
          [
            -64.134775,
            -31.36455
          ],
          [
            -64.134544,
            -31.364642
          ],
          [
            -64.134319,
            -31.364736
          ],
          [
            -64.1341,
            -31.364835
          ],
          [
            -64.133872,
            -31.36494
          ],
          [
            -64.133656,
            -31.365045
          ],
          [
            -64.133439,
            -31.365157
          ],
          [
            -64.133228,
            -31.365272
          ],
          [
            -64.13302,
            -31.365391
          ],
          [
            -64.132813,
            -31.365512
          ],
          [
            -64.132598,
            -31.365645
          ],
          [
            -64.132403,
            -31.365768
          ],
          [
            -64.132202,
            -31.365905
          ],
          [
            -64.13201,
            -31.366041
          ],
          [
            -64.131818,
            -31.366184
          ],
          [
            -64.131625,
            -31.366329
          ],
          [
            -64.131443,
            -31.366476
          ],
          [
            -64.131261,
            -31.366625
          ],
          [
            -64.131076,
            -31.366786
          ],
          [
            -64.130914,
            -31.366936
          ],
          [
            -64.130745,
            -31.367096
          ],
          [
            -64.130574,
            -31.367266
          ],
          [
            -64.130411,
            -31.367432
          ],
          [
            -64.130254,
            -31.367599
          ],
          [
            -64.130098,
            -31.367776
          ],
          [
            -64.129948,
            -31.367948
          ],
          [
            -64.1298,
            -31.368128
          ],
          [
            -64.129659,
            -31.368315
          ],
          [
            -64.129465,
            -31.368578
          ],
          [
            -64.129281,
            -31.368855
          ],
          [
            -64.129099,
            -31.36914
          ],
          [
            -64.128932,
            -31.369431
          ],
          [
            -64.12877,
            -31.369731
          ],
          [
            -64.128627,
            -31.370022
          ],
          [
            -64.128489,
            -31.370325
          ],
          [
            -64.12836,
            -31.370635
          ],
          [
            -64.128247,
            -31.370944
          ],
          [
            -64.128145,
            -31.371254
          ],
          [
            -64.128052,
            -31.371571
          ],
          [
            -64.127973,
            -31.371882
          ],
          [
            -64.127904,
            -31.372208
          ],
          [
            -64.127848,
            -31.37253
          ],
          [
            -64.127815,
            -31.372746
          ],
          [
            -64.12778,
            -31.373064
          ],
          [
            -64.127753,
            -31.373394
          ],
          [
            -64.127725,
            -31.373719
          ],
          [
            -64.127694,
            -31.374041
          ],
          [
            -64.127667,
            -31.374372
          ],
          [
            -64.127622,
            -31.374908
          ],
          [
            -64.127583,
            -31.375347
          ],
          [
            -64.127547,
            -31.375773
          ],
          [
            -64.127505,
            -31.376273
          ],
          [
            -64.127468,
            -31.376696
          ],
          [
            -64.127433,
            -31.377076
          ],
          [
            -64.127395,
            -31.377507
          ],
          [
            -64.127358,
            -31.377935
          ],
          [
            -64.127317,
            -31.378362
          ],
          [
            -64.127286,
            -31.378691
          ],
          [
            -64.127255,
            -31.379013
          ],
          [
            -64.127226,
            -31.379344
          ],
          [
            -64.127188,
            -31.379762
          ],
          [
            -64.127159,
            -31.380098
          ],
          [
            -64.127121,
            -31.380524
          ],
          [
            -64.127103,
            -31.380749
          ],
          [
            -64.127066,
            -31.381167
          ],
          [
            -64.127038,
            -31.381503
          ],
          [
            -64.126984,
            -31.382145
          ],
          [
            -64.126945,
            -31.382573
          ],
          [
            -64.126919,
            -31.382908
          ],
          [
            -64.126892,
            -31.383208
          ],
          [
            -64.126849,
            -31.383757
          ],
          [
            -64.126895,
            -31.384074
          ],
          [
            -64.126881,
            -31.384278
          ],
          [
            -64.126878,
            -31.384402
          ],
          [
            -64.126879,
            -31.384575
          ],
          [
            -64.126892,
            -31.384793
          ],
          [
            -64.12691,
            -31.385004
          ],
          [
            -64.126925,
            -31.385218
          ],
          [
            -64.126938,
            -31.385415
          ],
          [
            -64.126947,
            -31.385566
          ],
          [
            -64.126956,
            -31.385761
          ],
          [
            -64.126963,
            -31.385898
          ],
          [
            -64.126967,
            -31.385998
          ],
          [
            -64.126973,
            -31.386196
          ],
          [
            -64.126983,
            -31.386386
          ],
          [
            -64.127008,
            -31.386665
          ],
          [
            -64.127011,
            -31.387048
          ],
          [
            -64.126991,
            -31.38713
          ],
          [
            -64.126979,
            -31.387177
          ],
          [
            -64.126959,
            -31.38721
          ],
          [
            -64.12693,
            -31.387226
          ],
          [
            -64.1269,
            -31.387231
          ],
          [
            -64.126048,
            -31.387038
          ],
          [
            -64.12593,
            -31.387012
          ],
          [
            -64.125638,
            -31.386939
          ],
          [
            -64.12475,
            -31.386731
          ],
          [
            -64.124441,
            -31.386665
          ],
          [
            -64.124411,
            -31.386798
          ],
          [
            -64.124396,
            -31.386862
          ],
          [
            -64.124354,
            -31.387088
          ],
          [
            -64.124389,
            -31.387345
          ],
          [
            -64.124411,
            -31.38751
          ],
          [
            -64.12492,
            -31.387441
          ],
          [
            -64.124888,
            -31.387215
          ],
          [
            -64.124354,
            -31.387088
          ],
          [
            -64.124396,
            -31.386862
          ],
          [
            -64.124411,
            -31.386798
          ],
          [
            -64.124441,
            -31.386665
          ],
          [
            -64.12475,
            -31.386731
          ],
          [
            -64.125638,
            -31.386939
          ],
          [
            -64.12593,
            -31.387012
          ],
          [
            -64.126048,
            -31.387038
          ],
          [
            -64.1269,
            -31.387231
          ],
          [
            -64.127006,
            -31.387254
          ],
          [
            -64.127173,
            -31.38729
          ],
          [
            -64.128065,
            -31.387482
          ],
          [
            -64.128167,
            -31.387506
          ],
          [
            -64.128632,
            -31.387614
          ],
          [
            -64.129288,
            -31.387767
          ],
          [
            -64.130422,
            -31.388051
          ],
          [
            -64.131097,
            -31.38821
          ],
          [
            -64.131859,
            -31.388389
          ],
          [
            -64.13234,
            -31.388495
          ],
          [
            -64.132623,
            -31.388568
          ],
          [
            -64.133377,
            -31.388754
          ],
          [
            -64.134099,
            -31.388914
          ],
          [
            -64.134138,
            -31.388923
          ],
          [
            -64.13493,
            -31.389112
          ],
          [
            -64.135699,
            -31.389293
          ],
          [
            -64.136444,
            -31.389463
          ],
          [
            -64.137229,
            -31.389651
          ],
          [
            -64.138631,
            -31.389987
          ],
          [
            -64.140015,
            -31.390311
          ],
          [
            -64.140954,
            -31.39052
          ],
          [
            -64.14189,
            -31.390747
          ],
          [
            -64.142433,
            -31.390873
          ],
          [
            -64.142802,
            -31.390957
          ],
          [
            -64.144072,
            -31.391242
          ],
          [
            -64.145352,
            -31.391542
          ],
          [
            -64.146622,
            -31.391842
          ],
          [
            -64.147917,
            -31.392144
          ],
          [
            -64.148511,
            -31.392283
          ],
          [
            -64.148981,
            -31.3924
          ],
          [
            -64.149479,
            -31.392516
          ],
          [
            -64.149754,
            -31.392583
          ],
          [
            -64.150003,
            -31.392654
          ],
          [
            -64.151317,
            -31.39304
          ],
          [
            -64.151394,
            -31.393062
          ],
          [
            -64.15145,
            -31.393081
          ],
          [
            -64.15204,
            -31.393283
          ],
          [
            -64.152703,
            -31.39349
          ],
          [
            -64.152796,
            -31.39352
          ],
          [
            -64.153113,
            -31.393619
          ],
          [
            -64.154317,
            -31.394006
          ],
          [
            -64.154601,
            -31.394095
          ],
          [
            -64.155458,
            -31.394351
          ],
          [
            -64.155717,
            -31.394428
          ],
          [
            -64.156019,
            -31.394516
          ],
          [
            -64.156215,
            -31.394577
          ],
          [
            -64.157831,
            -31.395095
          ],
          [
            -64.158157,
            -31.395202
          ],
          [
            -64.158346,
            -31.395262
          ],
          [
            -64.158501,
            -31.395309
          ],
          [
            -64.159211,
            -31.395546
          ],
          [
            -64.159248,
            -31.395571
          ],
          [
            -64.159264,
            -31.395588
          ],
          [
            -64.159277,
            -31.395613
          ],
          [
            -64.159275,
            -31.395657
          ],
          [
            -64.159249,
            -31.395798
          ],
          [
            -64.159245,
            -31.395821
          ],
          [
            -64.159203,
            -31.395967
          ],
          [
            -64.16,
            -31.396208
          ],
          [
            -64.16205,
            -31.396853
          ],
          [
            -64.162986,
            -31.397137
          ],
          [
            -64.16397,
            -31.39744
          ],
          [
            -64.165965,
            -31.398056
          ],
          [
            -64.167215,
            -31.398453
          ],
          [
            -64.167863,
            -31.398662
          ],
          [
            -64.168815,
            -31.398958
          ],
          [
            -64.169179,
            -31.39907
          ],
          [
            -64.169939,
            -31.399306
          ],
          [
            -64.170757,
            -31.399541
          ],
          [
            -64.171128,
            -31.399608
          ],
          [
            -64.171643,
            -31.399695
          ],
          [
            -64.171667,
            -31.399698
          ],
          [
            -64.172425,
            -31.3998
          ],
          [
            -64.17291,
            -31.399818
          ],
          [
            -64.173636,
            -31.399839
          ],
          [
            -64.173673,
            -31.399891
          ],
          [
            -64.173679,
            -31.399925
          ],
          [
            -64.173343,
            -31.400861
          ],
          [
            -64.174535,
            -31.401185
          ],
          [
            -64.175843,
            -31.4015
          ],
          [
            -64.175851,
            -31.401781
          ],
          [
            -64.175858,
            -31.402535
          ],
          [
            -64.175858,
            -31.402643
          ],
          [
            -64.175855,
            -31.403778
          ],
          [
            -64.175852,
            -31.404964
          ],
          [
            -64.175855,
            -31.405408
          ],
          [
            -64.175877,
            -31.405521
          ],
          [
            -64.175895,
            -31.405559
          ],
          [
            -64.175928,
            -31.405615
          ],
          [
            -64.175984,
            -31.405695
          ],
          [
            -64.176041,
            -31.405745
          ],
          [
            -64.176092,
            -31.405785
          ],
          [
            -64.177134,
            -31.405165
          ],
          [
            -64.177349,
            -31.405045
          ],
          [
            -64.177457,
            -31.405007
          ],
          [
            -64.178265,
            -31.404711
          ],
          [
            -64.178601,
            -31.404609
          ],
          [
            -64.178817,
            -31.404551
          ],
          [
            -64.179068,
            -31.404494
          ],
          [
            -64.179472,
            -31.40443
          ],
          [
            -64.179721,
            -31.404403
          ],
          [
            -64.179991,
            -31.404375
          ],
          [
            -64.180409,
            -31.404348
          ],
          [
            -64.181686,
            -31.404274
          ],
          [
            -64.182614,
            -31.404246
          ],
          [
            -64.182626,
            -31.404381
          ],
          [
            -64.182656,
            -31.404595
          ],
          [
            -64.182701,
            -31.404839
          ],
          [
            -64.182719,
            -31.40491
          ],
          [
            -64.182879,
            -31.405545
          ],
          [
            -64.182932,
            -31.405738
          ],
          [
            -64.18294,
            -31.405766
          ],
          [
            -64.183201,
            -31.40677
          ],
          [
            -64.183212,
            -31.406813
          ],
          [
            -64.183262,
            -31.406951
          ],
          [
            -64.183339,
            -31.40717
          ],
          [
            -64.183389,
            -31.407298
          ],
          [
            -64.183645,
            -31.407908
          ],
          [
            -64.183726,
            -31.408102
          ],
          [
            -64.183788,
            -31.408253
          ],
          [
            -64.183949,
            -31.408629
          ],
          [
            -64.184257,
            -31.409361
          ],
          [
            -64.184637,
            -31.410262
          ],
          [
            -64.184804,
            -31.410657
          ],
          [
            -64.185292,
            -31.411809
          ],
          [
            -64.185718,
            -31.412838
          ],
          [
            -64.185737,
            -31.412882
          ],
          [
            -64.185762,
            -31.412943
          ],
          [
            -64.185948,
            -31.413383
          ],
          [
            -64.186125,
            -31.413802
          ],
          [
            -64.186243,
            -31.414082
          ],
          [
            -64.186591,
            -31.414907
          ],
          [
            -64.186704,
            -31.415175
          ],
          [
            -64.186715,
            -31.415201
          ],
          [
            -64.186739,
            -31.415256
          ],
          [
            -64.186794,
            -31.415387
          ],
          [
            -64.186829,
            -31.41547
          ],
          [
            -64.187167,
            -31.416272
          ],
          [
            -64.187176,
            -31.416293
          ],
          [
            -64.187381,
            -31.41678
          ],
          [
            -64.187392,
            -31.416806
          ],
          [
            -64.187665,
            -31.417451
          ],
          [
            -64.187673,
            -31.417469
          ],
          [
            -64.18769,
            -31.41751
          ],
          [
            -64.188184,
            -31.418665
          ],
          [
            -64.188568,
            -31.419564
          ],
          [
            -64.188701,
            -31.419841
          ],
          [
            -64.188713,
            -31.419861
          ],
          [
            -64.188728,
            -31.419891
          ],
          [
            -64.188735,
            -31.419927
          ],
          [
            -64.188737,
            -31.419959
          ],
          [
            -64.188733,
            -31.419976
          ],
          [
            -64.188728,
            -31.419991
          ],
          [
            -64.188709,
            -31.420032
          ],
          [
            -64.188708,
            -31.420086
          ],
          [
            -64.188709,
            -31.420103
          ]
        ]
      }
    },
    {
      "type": "Feature",
      "id": "route-cordoba-2026-08-27-v3-what-if-balanced-load-v1-07",
      "properties": {
        "truckId": "vehicle-07",
        "waypointDistancesKm": [
          0,
          2.6864977461376323,
          3.8463069519071884,
          8.202469666232496,
          13.988333597721205,
          19.972847906795412,
          22.38982222802103,
          24.619819999612023,
          31.615327711966057,
          56.94344787529531,
          67.65072018368771
        ]
      },
      "geometry": {
        "type": "LineString",
        "coordinates": [
          [
            -64.188709,
            -31.420109
          ],
          [
            -64.18871,
            -31.420127
          ],
          [
            -64.188717,
            -31.420178
          ],
          [
            -64.188727,
            -31.42023
          ],
          [
            -64.188737,
            -31.420284
          ],
          [
            -64.188734,
            -31.420338
          ],
          [
            -64.188686,
            -31.420476
          ],
          [
            -64.188614,
            -31.420637
          ],
          [
            -64.188602,
            -31.420666
          ],
          [
            -64.188216,
            -31.421509
          ],
          [
            -64.188139,
            -31.421536
          ],
          [
            -64.187971,
            -31.421596
          ],
          [
            -64.187883,
            -31.421621
          ],
          [
            -64.186582,
            -31.422025
          ],
          [
            -64.187051,
            -31.423184
          ],
          [
            -64.187348,
            -31.423089
          ],
          [
            -64.187455,
            -31.423057
          ],
          [
            -64.18837,
            -31.422766
          ],
          [
            -64.189743,
            -31.422336
          ],
          [
            -64.191026,
            -31.421953
          ],
          [
            -64.190613,
            -31.421516
          ],
          [
            -64.190113,
            -31.421069
          ],
          [
            -64.190082,
            -31.420974
          ],
          [
            -64.19,
            -31.420834
          ],
          [
            -64.189978,
            -31.420712
          ],
          [
            -64.18997,
            -31.420554
          ],
          [
            -64.189962,
            -31.420073
          ],
          [
            -64.189978,
            -31.419996
          ],
          [
            -64.190007,
            -31.419899
          ],
          [
            -64.189976,
            -31.419802
          ],
          [
            -64.189956,
            -31.419714
          ],
          [
            -64.189951,
            -31.419695
          ],
          [
            -64.189855,
            -31.419325
          ],
          [
            -64.189817,
            -31.419043
          ],
          [
            -64.189817,
            -31.418845
          ],
          [
            -64.189827,
            -31.418696
          ],
          [
            -64.189856,
            -31.418532
          ],
          [
            -64.189885,
            -31.418373
          ],
          [
            -64.189918,
            -31.418231
          ],
          [
            -64.18992,
            -31.418223
          ],
          [
            -64.189931,
            -31.418171
          ],
          [
            -64.189955,
            -31.418097
          ],
          [
            -64.189959,
            -31.418085
          ],
          [
            -64.190416,
            -31.416687
          ],
          [
            -64.190422,
            -31.416663
          ],
          [
            -64.190453,
            -31.416566
          ],
          [
            -64.190822,
            -31.41525
          ],
          [
            -64.191018,
            -31.414692
          ],
          [
            -64.190728,
            -31.414015
          ],
          [
            -64.190641,
            -31.413793
          ],
          [
            -64.190513,
            -31.413467
          ],
          [
            -64.190506,
            -31.413448
          ],
          [
            -64.190302,
            -31.412929
          ],
          [
            -64.190294,
            -31.412909
          ],
          [
            -64.190081,
            -31.412365
          ],
          [
            -64.190027,
            -31.412229
          ],
          [
            -64.189801,
            -31.411651
          ],
          [
            -64.189773,
            -31.411576
          ],
          [
            -64.189392,
            -31.410554
          ],
          [
            -64.189004,
            -31.409416
          ],
          [
            -64.18866,
            -31.409521
          ],
          [
            -64.188516,
            -31.409565
          ],
          [
            -64.188337,
            -31.409621
          ],
          [
            -64.187868,
            -31.409761
          ],
          [
            -64.187571,
            -31.40985
          ],
          [
            -64.188035,
            -31.410984
          ],
          [
            -64.188255,
            -31.41153
          ],
          [
            -64.188429,
            -31.411961
          ],
          [
            -64.188461,
            -31.412038
          ],
          [
            -64.188414,
            -31.412053
          ],
          [
            -64.18783,
            -31.412229
          ],
          [
            -64.187675,
            -31.412279
          ],
          [
            -64.187176,
            -31.412446
          ],
          [
            -64.187127,
            -31.412461
          ],
          [
            -64.185737,
            -31.412882
          ],
          [
            -64.185687,
            -31.412897
          ],
          [
            -64.185375,
            -31.412988
          ],
          [
            -64.18518,
            -31.413046
          ],
          [
            -64.185128,
            -31.413061
          ],
          [
            -64.185038,
            -31.413087
          ],
          [
            -64.184988,
            -31.413102
          ],
          [
            -64.184883,
            -31.413133
          ],
          [
            -64.184383,
            -31.413279
          ],
          [
            -64.184349,
            -31.413289
          ],
          [
            -64.183851,
            -31.413435
          ],
          [
            -64.183045,
            -31.413671
          ],
          [
            -64.182846,
            -31.41373
          ],
          [
            -64.18243,
            -31.413853
          ],
          [
            -64.181724,
            -31.414065
          ],
          [
            -64.181713,
            -31.414039
          ],
          [
            -64.18128,
            -31.41302
          ],
          [
            -64.181263,
            -31.412979
          ],
          [
            -64.181959,
            -31.412778
          ],
          [
            -64.18258,
            -31.412599
          ],
          [
            -64.182618,
            -31.412588
          ],
          [
            -64.183143,
            -31.412436
          ],
          [
            -64.183865,
            -31.412228
          ],
          [
            -64.183897,
            -31.412219
          ],
          [
            -64.183883,
            -31.412187
          ],
          [
            -64.183787,
            -31.411968
          ],
          [
            -64.183413,
            -31.411113
          ],
          [
            -64.183402,
            -31.411089
          ],
          [
            -64.18338,
            -31.411096
          ],
          [
            -64.182158,
            -31.411473
          ],
          [
            -64.182113,
            -31.411487
          ],
          [
            -64.181415,
            -31.411686
          ],
          [
            -64.18079,
            -31.411865
          ],
          [
            -64.179466,
            -31.412243
          ],
          [
            -64.179026,
            -31.412366
          ],
          [
            -64.178852,
            -31.412415
          ],
          [
            -64.178761,
            -31.412441
          ],
          [
            -64.178717,
            -31.412453
          ],
          [
            -64.17863,
            -31.412477
          ],
          [
            -64.178175,
            -31.412602
          ],
          [
            -64.177656,
            -31.411342
          ],
          [
            -64.177203,
            -31.410228
          ],
          [
            -64.176765,
            -31.409209
          ],
          [
            -64.176735,
            -31.409148
          ],
          [
            -64.176361,
            -31.408308
          ],
          [
            -64.176341,
            -31.408269
          ],
          [
            -64.176286,
            -31.408226
          ],
          [
            -64.176185,
            -31.4081
          ],
          [
            -64.176159,
            -31.408064
          ],
          [
            -64.175896,
            -31.407717
          ],
          [
            -64.175546,
            -31.40725
          ],
          [
            -64.175507,
            -31.407204
          ],
          [
            -64.175465,
            -31.407153
          ],
          [
            -64.175387,
            -31.407058
          ],
          [
            -64.175031,
            -31.40662
          ],
          [
            -64.174959,
            -31.406534
          ],
          [
            -64.174932,
            -31.406502
          ],
          [
            -64.174327,
            -31.405871
          ],
          [
            -64.174253,
            -31.405741
          ],
          [
            -64.174237,
            -31.405655
          ],
          [
            -64.174421,
            -31.40516
          ],
          [
            -64.174613,
            -31.404626
          ],
          [
            -64.174986,
            -31.403596
          ],
          [
            -64.175374,
            -31.402538
          ],
          [
            -64.17564,
            -31.401786
          ],
          [
            -64.17566,
            -31.401739
          ],
          [
            -64.175698,
            -31.401671
          ],
          [
            -64.175843,
            -31.4015
          ],
          [
            -64.175838,
            -31.401314
          ],
          [
            -64.175835,
            -31.400318
          ],
          [
            -64.175834,
            -31.400203
          ],
          [
            -64.175831,
            -31.400087
          ],
          [
            -64.17583,
            -31.399469
          ],
          [
            -64.175831,
            -31.399343
          ],
          [
            -64.175832,
            -31.3993
          ],
          [
            -64.175832,
            -31.399278
          ],
          [
            -64.175832,
            -31.399267
          ],
          [
            -64.175841,
            -31.398313
          ],
          [
            -64.175845,
            -31.39814
          ],
          [
            -64.175851,
            -31.39749
          ],
          [
            -64.17522,
            -31.397678
          ],
          [
            -64.174083,
            -31.398037
          ],
          [
            -64.173651,
            -31.396968
          ],
          [
            -64.173203,
            -31.395888
          ],
          [
            -64.172734,
            -31.394759
          ],
          [
            -64.172314,
            -31.393746
          ],
          [
            -64.171902,
            -31.392774
          ],
          [
            -64.171627,
            -31.392124
          ],
          [
            -64.171348,
            -31.391466
          ],
          [
            -64.170939,
            -31.390499
          ],
          [
            -64.170533,
            -31.389541
          ],
          [
            -64.170116,
            -31.388555
          ],
          [
            -64.169693,
            -31.387567
          ],
          [
            -64.169287,
            -31.38661
          ],
          [
            -64.168882,
            -31.385645
          ],
          [
            -64.16845,
            -31.384636
          ],
          [
            -64.169008,
            -31.38447
          ],
          [
            -64.169593,
            -31.384289
          ],
          [
            -64.169778,
            -31.384718
          ],
          [
            -64.170021,
            -31.385283
          ],
          [
            -64.170424,
            -31.386261
          ],
          [
            -64.170826,
            -31.387217
          ],
          [
            -64.171243,
            -31.388207
          ],
          [
            -64.17153,
            -31.388888
          ],
          [
            -64.17166,
            -31.389196
          ],
          [
            -64.172063,
            -31.390154
          ],
          [
            -64.17248,
            -31.39114
          ],
          [
            -64.171348,
            -31.391466
          ],
          [
            -64.170212,
            -31.391833
          ],
          [
            -64.169111,
            -31.392189
          ],
          [
            -64.168162,
            -31.392495
          ],
          [
            -64.167028,
            -31.392862
          ],
          [
            -64.16612,
            -31.393136
          ],
          [
            -64.165991,
            -31.39319
          ],
          [
            -64.16503,
            -31.393799
          ],
          [
            -64.164372,
            -31.394164
          ],
          [
            -64.164321,
            -31.394191
          ],
          [
            -64.164285,
            -31.394217
          ],
          [
            -64.164254,
            -31.394248
          ],
          [
            -64.163499,
            -31.395171
          ],
          [
            -64.162555,
            -31.396279
          ],
          [
            -64.162522,
            -31.396318
          ],
          [
            -64.162497,
            -31.396348
          ],
          [
            -64.162166,
            -31.396712
          ],
          [
            -64.16211,
            -31.396766
          ],
          [
            -64.162074,
            -31.396814
          ],
          [
            -64.16205,
            -31.396853
          ],
          [
            -64.16203,
            -31.396982
          ],
          [
            -64.161685,
            -31.397767
          ],
          [
            -64.161546,
            -31.398062
          ],
          [
            -64.161529,
            -31.398145
          ],
          [
            -64.161529,
            -31.398223
          ],
          [
            -64.161537,
            -31.398297
          ],
          [
            -64.161662,
            -31.398756
          ],
          [
            -64.161671,
            -31.398858
          ],
          [
            -64.161662,
            -31.398936
          ],
          [
            -64.161643,
            -31.398997
          ],
          [
            -64.161386,
            -31.399693
          ],
          [
            -64.161053,
            -31.400597
          ],
          [
            -64.160692,
            -31.401592
          ],
          [
            -64.160269,
            -31.402727
          ],
          [
            -64.159785,
            -31.404043
          ],
          [
            -64.15942,
            -31.405098
          ],
          [
            -64.159105,
            -31.405918
          ],
          [
            -64.15908,
            -31.405987
          ],
          [
            -64.15903,
            -31.406098
          ],
          [
            -64.158884,
            -31.406489
          ],
          [
            -64.158864,
            -31.406544
          ],
          [
            -64.158738,
            -31.406882
          ],
          [
            -64.158659,
            -31.407097
          ],
          [
            -64.158646,
            -31.407146
          ],
          [
            -64.158275,
            -31.40814
          ],
          [
            -64.158259,
            -31.408188
          ],
          [
            -64.157906,
            -31.40922
          ],
          [
            -64.157535,
            -31.410255
          ],
          [
            -64.157497,
            -31.410348
          ],
          [
            -64.157155,
            -31.411276
          ],
          [
            -64.157125,
            -31.411331
          ],
          [
            -64.157059,
            -31.411447
          ],
          [
            -64.156706,
            -31.412348
          ],
          [
            -64.156352,
            -31.413332
          ],
          [
            -64.155583,
            -31.413125
          ],
          [
            -64.154836,
            -31.41292
          ],
          [
            -64.154446,
            -31.413987
          ],
          [
            -64.154086,
            -31.414972
          ],
          [
            -64.154072,
            -31.415011
          ],
          [
            -64.153675,
            -31.416036
          ],
          [
            -64.153377,
            -31.416848
          ],
          [
            -64.153367,
            -31.416886
          ],
          [
            -64.153372,
            -31.416949
          ],
          [
            -64.153182,
            -31.417025
          ],
          [
            -64.15287,
            -31.417192
          ],
          [
            -64.152787,
            -31.417227
          ],
          [
            -64.151804,
            -31.417587
          ],
          [
            -64.151425,
            -31.417707
          ],
          [
            -64.151418,
            -31.417746
          ],
          [
            -64.15131,
            -31.418367
          ],
          [
            -64.151301,
            -31.418419
          ],
          [
            -64.151291,
            -31.418476
          ],
          [
            -64.151271,
            -31.418629
          ],
          [
            -64.151266,
            -31.418707
          ],
          [
            -64.151266,
            -31.41882
          ],
          [
            -64.151287,
            -31.419
          ],
          [
            -64.15139,
            -31.419828
          ],
          [
            -64.151448,
            -31.420319
          ],
          [
            -64.151519,
            -31.420851
          ],
          [
            -64.15166,
            -31.421921
          ],
          [
            -64.151792,
            -31.422998
          ],
          [
            -64.1518,
            -31.423063
          ],
          [
            -64.151928,
            -31.424139
          ],
          [
            -64.152079,
            -31.425193
          ],
          [
            -64.152224,
            -31.426281
          ],
          [
            -64.152707,
            -31.426231
          ],
          [
            -64.152781,
            -31.426766
          ],
          [
            -64.152851,
            -31.427279
          ],
          [
            -64.152374,
            -31.427324
          ],
          [
            -64.15177,
            -31.42738
          ],
          [
            -64.151129,
            -31.427442
          ],
          [
            -64.151372,
            -31.429191
          ],
          [
            -64.151375,
            -31.429246
          ],
          [
            -64.151382,
            -31.429294
          ],
          [
            -64.151402,
            -31.429425
          ],
          [
            -64.151527,
            -31.430391
          ],
          [
            -64.151646,
            -31.431311
          ],
          [
            -64.151742,
            -31.432262
          ],
          [
            -64.151832,
            -31.43304
          ],
          [
            -64.153013,
            -31.433052
          ],
          [
            -64.154139,
            -31.433047
          ],
          [
            -64.155463,
            -31.433044
          ],
          [
            -64.156185,
            -31.433043
          ],
          [
            -64.156754,
            -31.433042
          ],
          [
            -64.157146,
            -31.433035
          ],
          [
            -64.158757,
            -31.433038
          ],
          [
            -64.159772,
            -31.433062
          ],
          [
            -64.160113,
            -31.433062
          ],
          [
            -64.160304,
            -31.433057
          ],
          [
            -64.160494,
            -31.433042
          ],
          [
            -64.160717,
            -31.433014
          ],
          [
            -64.160906,
            -31.432989
          ],
          [
            -64.161094,
            -31.432954
          ],
          [
            -64.161392,
            -31.432878
          ],
          [
            -64.161506,
            -31.432841
          ],
          [
            -64.161705,
            -31.432776
          ],
          [
            -64.161884,
            -31.432713
          ],
          [
            -64.162088,
            -31.432626
          ],
          [
            -64.16227,
            -31.432542
          ],
          [
            -64.16311,
            -31.432082
          ],
          [
            -64.163381,
            -31.431933
          ],
          [
            -64.163693,
            -31.431762
          ],
          [
            -64.163898,
            -31.431656
          ],
          [
            -64.164122,
            -31.43154
          ],
          [
            -64.164282,
            -31.43147
          ],
          [
            -64.164505,
            -31.431378
          ],
          [
            -64.164719,
            -31.431294
          ],
          [
            -64.165003,
            -31.431213
          ],
          [
            -64.165169,
            -31.431172
          ],
          [
            -64.165356,
            -31.431132
          ],
          [
            -64.165639,
            -31.431087
          ],
          [
            -64.166364,
            -31.430964
          ],
          [
            -64.166538,
            -31.430864
          ],
          [
            -64.166593,
            -31.430828
          ],
          [
            -64.166661,
            -31.430771
          ],
          [
            -64.1674,
            -31.430545
          ],
          [
            -64.167483,
            -31.43052
          ],
          [
            -64.167522,
            -31.430591
          ],
          [
            -64.167562,
            -31.430644
          ],
          [
            -64.167664,
            -31.430791
          ],
          [
            -64.16769,
            -31.430836
          ],
          [
            -64.167697,
            -31.430873
          ],
          [
            -64.167707,
            -31.430991
          ],
          [
            -64.167722,
            -31.431044
          ],
          [
            -64.167751,
            -31.431097
          ],
          [
            -64.167795,
            -31.431149
          ],
          [
            -64.167835,
            -31.431189
          ],
          [
            -64.167887,
            -31.431228
          ],
          [
            -64.167962,
            -31.431271
          ],
          [
            -64.168494,
            -31.43148
          ],
          [
            -64.168554,
            -31.431503
          ],
          [
            -64.1686,
            -31.431521
          ],
          [
            -64.168938,
            -31.431653
          ],
          [
            -64.169011,
            -31.431667
          ],
          [
            -64.169093,
            -31.431673
          ],
          [
            -64.169209,
            -31.431672
          ],
          [
            -64.169386,
            -31.431665
          ],
          [
            -64.169477,
            -31.431654
          ],
          [
            -64.169685,
            -31.431603
          ],
          [
            -64.169705,
            -31.431583
          ],
          [
            -64.169725,
            -31.431563
          ],
          [
            -64.169757,
            -31.431547
          ],
          [
            -64.169791,
            -31.431534
          ],
          [
            -64.169828,
            -31.431525
          ],
          [
            -64.169856,
            -31.431521
          ],
          [
            -64.169883,
            -31.431522
          ],
          [
            -64.169928,
            -31.431532
          ],
          [
            -64.169956,
            -31.431542
          ],
          [
            -64.169986,
            -31.431557
          ],
          [
            -64.170007,
            -31.431571
          ],
          [
            -64.170038,
            -31.431595
          ],
          [
            -64.170048,
            -31.43163
          ],
          [
            -64.170055,
            -31.431665
          ],
          [
            -64.170122,
            -31.431769
          ],
          [
            -64.170177,
            -31.43183
          ],
          [
            -64.170254,
            -31.431879
          ],
          [
            -64.170336,
            -31.431903
          ],
          [
            -64.170432,
            -31.431906
          ],
          [
            -64.17143,
            -31.431754
          ],
          [
            -64.171461,
            -31.431747
          ],
          [
            -64.171526,
            -31.431708
          ],
          [
            -64.171555,
            -31.431688
          ],
          [
            -64.171588,
            -31.431676
          ],
          [
            -64.171625,
            -31.431673
          ],
          [
            -64.171661,
            -31.43168
          ],
          [
            -64.171693,
            -31.431695
          ],
          [
            -64.171716,
            -31.431716
          ],
          [
            -64.171733,
            -31.431742
          ],
          [
            -64.17174,
            -31.43177
          ],
          [
            -64.171738,
            -31.431799
          ],
          [
            -64.171726,
            -31.431826
          ],
          [
            -64.171701,
            -31.431854
          ],
          [
            -64.171667,
            -31.431874
          ],
          [
            -64.171627,
            -31.431882
          ],
          [
            -64.171585,
            -31.431879
          ],
          [
            -64.171575,
            -31.431969
          ],
          [
            -64.171557,
            -31.43208
          ],
          [
            -64.171551,
            -31.432268
          ],
          [
            -64.17156,
            -31.432495
          ],
          [
            -64.171587,
            -31.432711
          ],
          [
            -64.171629,
            -31.432906
          ],
          [
            -64.171711,
            -31.43319
          ],
          [
            -64.171794,
            -31.433387
          ],
          [
            -64.171834,
            -31.433461
          ],
          [
            -64.171895,
            -31.43356
          ],
          [
            -64.171963,
            -31.433643
          ],
          [
            -64.172059,
            -31.433743
          ],
          [
            -64.172176,
            -31.433844
          ],
          [
            -64.172267,
            -31.43391
          ],
          [
            -64.172393,
            -31.43398
          ],
          [
            -64.172488,
            -31.434025
          ],
          [
            -64.1726,
            -31.434071
          ],
          [
            -64.172754,
            -31.434117
          ],
          [
            -64.172943,
            -31.43416
          ],
          [
            -64.173055,
            -31.434181
          ],
          [
            -64.17321,
            -31.434192
          ],
          [
            -64.173352,
            -31.434189
          ],
          [
            -64.173532,
            -31.434167
          ],
          [
            -64.173688,
            -31.43414
          ],
          [
            -64.173858,
            -31.434098
          ],
          [
            -64.17399,
            -31.434052
          ],
          [
            -64.174133,
            -31.433983
          ],
          [
            -64.174401,
            -31.433829
          ],
          [
            -64.174695,
            -31.433651
          ],
          [
            -64.174878,
            -31.433526
          ],
          [
            -64.175055,
            -31.433417
          ],
          [
            -64.175251,
            -31.433318
          ],
          [
            -64.175299,
            -31.433293
          ],
          [
            -64.175369,
            -31.433255
          ],
          [
            -64.175358,
            -31.433384
          ],
          [
            -64.175363,
            -31.433453
          ],
          [
            -64.175658,
            -31.435122
          ],
          [
            -64.175664,
            -31.435153
          ],
          [
            -64.175673,
            -31.435209
          ],
          [
            -64.175677,
            -31.435247
          ],
          [
            -64.175693,
            -31.435344
          ],
          [
            -64.175821,
            -31.436081
          ],
          [
            -64.175974,
            -31.436964
          ],
          [
            -64.175978,
            -31.436991
          ],
          [
            -64.175988,
            -31.437041
          ],
          [
            -64.176052,
            -31.4374
          ],
          [
            -64.176159,
            -31.43799
          ],
          [
            -64.176203,
            -31.438236
          ],
          [
            -64.176408,
            -31.43937
          ],
          [
            -64.176648,
            -31.440806
          ],
          [
            -64.176709,
            -31.441189
          ],
          [
            -64.176706,
            -31.441312
          ],
          [
            -64.177767,
            -31.441417
          ],
          [
            -64.180343,
            -31.441736
          ],
          [
            -64.182443,
            -31.442012
          ],
          [
            -64.182591,
            -31.442005
          ],
          [
            -64.182661,
            -31.442011
          ],
          [
            -64.18305,
            -31.442049
          ],
          [
            -64.184095,
            -31.442167
          ],
          [
            -64.184675,
            -31.442231
          ],
          [
            -64.185564,
            -31.442318
          ],
          [
            -64.186045,
            -31.442374
          ],
          [
            -64.186164,
            -31.442376
          ],
          [
            -64.18624,
            -31.442368
          ],
          [
            -64.186337,
            -31.442346
          ],
          [
            -64.186465,
            -31.442304
          ],
          [
            -64.18652,
            -31.44228
          ],
          [
            -64.186573,
            -31.44225
          ],
          [
            -64.186605,
            -31.442224
          ],
          [
            -64.186644,
            -31.442206
          ],
          [
            -64.186687,
            -31.442195
          ],
          [
            -64.18673,
            -31.442192
          ],
          [
            -64.186772,
            -31.442197
          ],
          [
            -64.186812,
            -31.44221
          ],
          [
            -64.186848,
            -31.442231
          ],
          [
            -64.186877,
            -31.442257
          ],
          [
            -64.186941,
            -31.442303
          ],
          [
            -64.187033,
            -31.442355
          ],
          [
            -64.187108,
            -31.442398
          ],
          [
            -64.187301,
            -31.44248
          ],
          [
            -64.187504,
            -31.442552
          ],
          [
            -64.187811,
            -31.442636
          ],
          [
            -64.188131,
            -31.442674
          ],
          [
            -64.189985,
            -31.442894
          ],
          [
            -64.190327,
            -31.442935
          ],
          [
            -64.191982,
            -31.443132
          ],
          [
            -64.192008,
            -31.443024
          ],
          [
            -64.19203,
            -31.442936
          ],
          [
            -64.192055,
            -31.442839
          ],
          [
            -64.192064,
            -31.442801
          ],
          [
            -64.192069,
            -31.442781
          ],
          [
            -64.192073,
            -31.442762
          ],
          [
            -64.192194,
            -31.442775
          ],
          [
            -64.192389,
            -31.442797
          ],
          [
            -64.192435,
            -31.442519
          ],
          [
            -64.192389,
            -31.442797
          ],
          [
            -64.192194,
            -31.442775
          ],
          [
            -64.192163,
            -31.44293
          ],
          [
            -64.192138,
            -31.443034
          ],
          [
            -64.192111,
            -31.443148
          ],
          [
            -64.193522,
            -31.44331
          ],
          [
            -64.193696,
            -31.443329
          ],
          [
            -64.193979,
            -31.443344
          ],
          [
            -64.194051,
            -31.443343
          ],
          [
            -64.194177,
            -31.443326
          ],
          [
            -64.194253,
            -31.443313
          ],
          [
            -64.194324,
            -31.443282
          ],
          [
            -64.194427,
            -31.443299
          ],
          [
            -64.194438,
            -31.443289
          ],
          [
            -64.19446,
            -31.443277
          ],
          [
            -64.19449,
            -31.443267
          ],
          [
            -64.19452,
            -31.443265
          ],
          [
            -64.19455,
            -31.443269
          ],
          [
            -64.194577,
            -31.44328
          ],
          [
            -64.194588,
            -31.443288
          ],
          [
            -64.195415,
            -31.443576
          ],
          [
            -64.19608,
            -31.443649
          ],
          [
            -64.197869,
            -31.443859
          ],
          [
            -64.19795,
            -31.443847
          ],
          [
            -64.198025,
            -31.44384
          ],
          [
            -64.198194,
            -31.443843
          ],
          [
            -64.198754,
            -31.443912
          ],
          [
            -64.199466,
            -31.443991
          ],
          [
            -64.201707,
            -31.44424
          ],
          [
            -64.203903,
            -31.444499
          ],
          [
            -64.204265,
            -31.444546
          ],
          [
            -64.205793,
            -31.444735
          ],
          [
            -64.20716,
            -31.444902
          ],
          [
            -64.209329,
            -31.445164
          ],
          [
            -64.210244,
            -31.445276
          ],
          [
            -64.210814,
            -31.445345
          ],
          [
            -64.211118,
            -31.445382
          ],
          [
            -64.211296,
            -31.445404
          ],
          [
            -64.211376,
            -31.445413
          ],
          [
            -64.211568,
            -31.445437
          ],
          [
            -64.211838,
            -31.445467
          ],
          [
            -64.211952,
            -31.445479
          ],
          [
            -64.212087,
            -31.445493
          ],
          [
            -64.212295,
            -31.445517
          ],
          [
            -64.214248,
            -31.445749
          ],
          [
            -64.214342,
            -31.445748
          ],
          [
            -64.214396,
            -31.445741
          ],
          [
            -64.214451,
            -31.445729
          ],
          [
            -64.21451,
            -31.445706
          ],
          [
            -64.214552,
            -31.445679
          ],
          [
            -64.214597,
            -31.445647
          ],
          [
            -64.214681,
            -31.44557
          ],
          [
            -64.214712,
            -31.445524
          ],
          [
            -64.214756,
            -31.445486
          ],
          [
            -64.214834,
            -31.445384
          ],
          [
            -64.214862,
            -31.445346
          ],
          [
            -64.214929,
            -31.445232
          ],
          [
            -64.21496,
            -31.445124
          ],
          [
            -64.214975,
            -31.444938
          ],
          [
            -64.214917,
            -31.44469
          ],
          [
            -64.214906,
            -31.444642
          ],
          [
            -64.214995,
            -31.444624
          ],
          [
            -64.215296,
            -31.444562
          ],
          [
            -64.215563,
            -31.444506
          ],
          [
            -64.21543,
            -31.443971
          ],
          [
            -64.21529,
            -31.443411
          ],
          [
            -64.215151,
            -31.44286
          ],
          [
            -64.215017,
            -31.44232
          ],
          [
            -64.214879,
            -31.441769
          ],
          [
            -64.215524,
            -31.441648
          ],
          [
            -64.215405,
            -31.441189
          ],
          [
            -64.215326,
            -31.440875
          ],
          [
            -64.215276,
            -31.440679
          ],
          [
            -64.215218,
            -31.440381
          ],
          [
            -64.21519,
            -31.440084
          ],
          [
            -64.215189,
            -31.43993
          ],
          [
            -64.215187,
            -31.439744
          ],
          [
            -64.215186,
            -31.439706
          ],
          [
            -64.215183,
            -31.439614
          ],
          [
            -64.215178,
            -31.43875
          ],
          [
            -64.215148,
            -31.438248
          ],
          [
            -64.215093,
            -31.437372
          ],
          [
            -64.215085,
            -31.437263
          ],
          [
            -64.21503,
            -31.436864
          ],
          [
            -64.215021,
            -31.436765
          ],
          [
            -64.215019,
            -31.436647
          ],
          [
            -64.215113,
            -31.435412
          ],
          [
            -64.215248,
            -31.433894
          ],
          [
            -64.215284,
            -31.433811
          ],
          [
            -64.215339,
            -31.433729
          ],
          [
            -64.215413,
            -31.433664
          ],
          [
            -64.21551,
            -31.433608
          ],
          [
            -64.215596,
            -31.433577
          ],
          [
            -64.215732,
            -31.433549
          ],
          [
            -64.215851,
            -31.433533
          ],
          [
            -64.215993,
            -31.433504
          ],
          [
            -64.216061,
            -31.43347
          ],
          [
            -64.216151,
            -31.433399
          ],
          [
            -64.2162,
            -31.433346
          ],
          [
            -64.216241,
            -31.433264
          ],
          [
            -64.216289,
            -31.432756
          ],
          [
            -64.216357,
            -31.432031
          ],
          [
            -64.216424,
            -31.431322
          ],
          [
            -64.216473,
            -31.430706
          ],
          [
            -64.216459,
            -31.43062
          ],
          [
            -64.21643,
            -31.43057
          ],
          [
            -64.216397,
            -31.430517
          ],
          [
            -64.216364,
            -31.430445
          ],
          [
            -64.215978,
            -31.42899
          ],
          [
            -64.215735,
            -31.428007
          ],
          [
            -64.216017,
            -31.427953
          ],
          [
            -64.2164,
            -31.427879
          ],
          [
            -64.21705,
            -31.427757
          ],
          [
            -64.217359,
            -31.4277
          ],
          [
            -64.217274,
            -31.427359
          ],
          [
            -64.217168,
            -31.426943
          ],
          [
            -64.217017,
            -31.426348
          ],
          [
            -64.217327,
            -31.426288
          ],
          [
            -64.217649,
            -31.426226
          ],
          [
            -64.218287,
            -31.426102
          ],
          [
            -64.219042,
            -31.425955
          ],
          [
            -64.219769,
            -31.425813
          ],
          [
            -64.220521,
            -31.425669
          ],
          [
            -64.221259,
            -31.425526
          ],
          [
            -64.221993,
            -31.425384
          ],
          [
            -64.222765,
            -31.425231
          ],
          [
            -64.223429,
            -31.425101
          ],
          [
            -64.224202,
            -31.424956
          ],
          [
            -64.224928,
            -31.424814
          ],
          [
            -64.225367,
            -31.424727
          ],
          [
            -64.226129,
            -31.424582
          ],
          [
            -64.227356,
            -31.424347
          ],
          [
            -64.228554,
            -31.424112
          ],
          [
            -64.229427,
            -31.423937
          ],
          [
            -64.230258,
            -31.42377
          ],
          [
            -64.231099,
            -31.4236
          ],
          [
            -64.23199,
            -31.423422
          ],
          [
            -64.232846,
            -31.42325
          ],
          [
            -64.233683,
            -31.423082
          ],
          [
            -64.233619,
            -31.422831
          ],
          [
            -64.233552,
            -31.422568
          ],
          [
            -64.233414,
            -31.422036
          ],
          [
            -64.233335,
            -31.421739
          ],
          [
            -64.233285,
            -31.421556
          ],
          [
            -64.23297,
            -31.420381
          ],
          [
            -64.232694,
            -31.419349
          ],
          [
            -64.232568,
            -31.418878
          ],
          [
            -64.232289,
            -31.417824
          ],
          [
            -64.23215,
            -31.417315
          ],
          [
            -64.232021,
            -31.416833
          ],
          [
            -64.231979,
            -31.416677
          ],
          [
            -64.231712,
            -31.415677
          ],
          [
            -64.231693,
            -31.415609
          ],
          [
            -64.231447,
            -31.414689
          ],
          [
            -64.231257,
            -31.41398
          ],
          [
            -64.23112,
            -31.413463
          ],
          [
            -64.230994,
            -31.412993
          ],
          [
            -64.230868,
            -31.41252
          ],
          [
            -64.230714,
            -31.411933
          ],
          [
            -64.230564,
            -31.411384
          ],
          [
            -64.230426,
            -31.41081
          ],
          [
            -64.230298,
            -31.410334
          ],
          [
            -64.230165,
            -31.409825
          ],
          [
            -64.230063,
            -31.409433
          ],
          [
            -64.229931,
            -31.408928
          ],
          [
            -64.229804,
            -31.408437
          ],
          [
            -64.229655,
            -31.407863
          ],
          [
            -64.229525,
            -31.407335
          ],
          [
            -64.229401,
            -31.406857
          ],
          [
            -64.229264,
            -31.406315
          ],
          [
            -64.229087,
            -31.405681
          ],
          [
            -64.229055,
            -31.405579
          ],
          [
            -64.23041,
            -31.405311
          ],
          [
            -64.231089,
            -31.405177
          ],
          [
            -64.231272,
            -31.405197
          ],
          [
            -64.232212,
            -31.405018
          ],
          [
            -64.233164,
            -31.404819
          ],
          [
            -64.23386,
            -31.404694
          ],
          [
            -64.234371,
            -31.404592
          ],
          [
            -64.234459,
            -31.404567
          ],
          [
            -64.234525,
            -31.404542
          ],
          [
            -64.235244,
            -31.404137
          ],
          [
            -64.235958,
            -31.403729
          ],
          [
            -64.23663,
            -31.403342
          ],
          [
            -64.238017,
            -31.402537
          ],
          [
            -64.238127,
            -31.402478
          ],
          [
            -64.239459,
            -31.401735
          ],
          [
            -64.24045,
            -31.401177
          ],
          [
            -64.241494,
            -31.400585
          ],
          [
            -64.24224,
            -31.400139
          ],
          [
            -64.242296,
            -31.400102
          ],
          [
            -64.242527,
            -31.399996
          ],
          [
            -64.242786,
            -31.399894
          ],
          [
            -64.243306,
            -31.399704
          ],
          [
            -64.24338,
            -31.399677
          ],
          [
            -64.243444,
            -31.399625
          ],
          [
            -64.243564,
            -31.399569
          ],
          [
            -64.243662,
            -31.399521
          ],
          [
            -64.243755,
            -31.399464
          ],
          [
            -64.243844,
            -31.399408
          ],
          [
            -64.243923,
            -31.399362
          ],
          [
            -64.243998,
            -31.399328
          ],
          [
            -64.24409,
            -31.399292
          ],
          [
            -64.244529,
            -31.399141
          ],
          [
            -64.244595,
            -31.399119
          ],
          [
            -64.244794,
            -31.399052
          ],
          [
            -64.245223,
            -31.398908
          ],
          [
            -64.245484,
            -31.398819
          ],
          [
            -64.245611,
            -31.398776
          ],
          [
            -64.246256,
            -31.39856
          ],
          [
            -64.246791,
            -31.398379
          ],
          [
            -64.246889,
            -31.398345
          ],
          [
            -64.247862,
            -31.398014
          ],
          [
            -64.247917,
            -31.397995
          ],
          [
            -64.24873,
            -31.397712
          ],
          [
            -64.248835,
            -31.397675
          ],
          [
            -64.248915,
            -31.397646
          ],
          [
            -64.24967,
            -31.397364
          ],
          [
            -64.249724,
            -31.397345
          ],
          [
            -64.249807,
            -31.397315
          ],
          [
            -64.250674,
            -31.397007
          ],
          [
            -64.250814,
            -31.396958
          ],
          [
            -64.251086,
            -31.39686
          ],
          [
            -64.251136,
            -31.396839
          ],
          [
            -64.251179,
            -31.396815
          ],
          [
            -64.251219,
            -31.396781
          ],
          [
            -64.251245,
            -31.396744
          ],
          [
            -64.251265,
            -31.3967
          ],
          [
            -64.251283,
            -31.396647
          ],
          [
            -64.25131,
            -31.396557
          ],
          [
            -64.251321,
            -31.396514
          ],
          [
            -64.251326,
            -31.396461
          ],
          [
            -64.251327,
            -31.396409
          ],
          [
            -64.25138,
            -31.396397
          ],
          [
            -64.251429,
            -31.396383
          ],
          [
            -64.251478,
            -31.396368
          ],
          [
            -64.251528,
            -31.396355
          ],
          [
            -64.251582,
            -31.396345
          ],
          [
            -64.251631,
            -31.39634
          ],
          [
            -64.251682,
            -31.396337
          ],
          [
            -64.251732,
            -31.396338
          ],
          [
            -64.251779,
            -31.396342
          ],
          [
            -64.251816,
            -31.396346
          ],
          [
            -64.251921,
            -31.396356
          ],
          [
            -64.251988,
            -31.396361
          ],
          [
            -64.252052,
            -31.396363
          ],
          [
            -64.25212,
            -31.396365
          ],
          [
            -64.25222,
            -31.396364
          ],
          [
            -64.252349,
            -31.396359
          ],
          [
            -64.252479,
            -31.396342
          ],
          [
            -64.252577,
            -31.396325
          ],
          [
            -64.252663,
            -31.396306
          ],
          [
            -64.252857,
            -31.396254
          ],
          [
            -64.253063,
            -31.396192
          ],
          [
            -64.253252,
            -31.396127
          ],
          [
            -64.253203,
            -31.396025
          ],
          [
            -64.253094,
            -31.395801
          ],
          [
            -64.252965,
            -31.395536
          ],
          [
            -64.252672,
            -31.394932
          ],
          [
            -64.25251,
            -31.394597
          ],
          [
            -64.252365,
            -31.394299
          ],
          [
            -64.252063,
            -31.393677
          ],
          [
            -64.252021,
            -31.39359
          ],
          [
            -64.251791,
            -31.393054
          ],
          [
            -64.251757,
            -31.392986
          ],
          [
            -64.251487,
            -31.392444
          ],
          [
            -64.251189,
            -31.39183
          ],
          [
            -64.250893,
            -31.391233
          ],
          [
            -64.250707,
            -31.390853
          ],
          [
            -64.250582,
            -31.390593
          ],
          [
            -64.250545,
            -31.389994
          ],
          [
            -64.250582,
            -31.390593
          ],
          [
            -64.250707,
            -31.390853
          ],
          [
            -64.250893,
            -31.391233
          ],
          [
            -64.251189,
            -31.39183
          ],
          [
            -64.251665,
            -31.391658
          ],
          [
            -64.251684,
            -31.391651
          ],
          [
            -64.251758,
            -31.391625
          ],
          [
            -64.251809,
            -31.39171
          ],
          [
            -64.251874,
            -31.391769
          ],
          [
            -64.252351,
            -31.392098
          ],
          [
            -64.252777,
            -31.392382
          ],
          [
            -64.253266,
            -31.392199
          ],
          [
            -64.253933,
            -31.391969
          ],
          [
            -64.254016,
            -31.392138
          ],
          [
            -64.254258,
            -31.392643
          ],
          [
            -64.254316,
            -31.392764
          ],
          [
            -64.254368,
            -31.392862
          ],
          [
            -64.254658,
            -31.393476
          ],
          [
            -64.254703,
            -31.393569
          ],
          [
            -64.254905,
            -31.393983
          ],
          [
            -64.254968,
            -31.394112
          ],
          [
            -64.255244,
            -31.394727
          ],
          [
            -64.255481,
            -31.395218
          ],
          [
            -64.255523,
            -31.395301
          ],
          [
            -64.25563,
            -31.395263
          ],
          [
            -64.255901,
            -31.395167
          ],
          [
            -64.256188,
            -31.395065
          ],
          [
            -64.256472,
            -31.394965
          ],
          [
            -64.256689,
            -31.394888
          ],
          [
            -64.256876,
            -31.39482
          ],
          [
            -64.257083,
            -31.394742
          ],
          [
            -64.257258,
            -31.394679
          ],
          [
            -64.257547,
            -31.394574
          ],
          [
            -64.257748,
            -31.394506
          ],
          [
            -64.257816,
            -31.394482
          ],
          [
            -64.257923,
            -31.394443
          ],
          [
            -64.258068,
            -31.394392
          ],
          [
            -64.258203,
            -31.394349
          ],
          [
            -64.258343,
            -31.394311
          ],
          [
            -64.258494,
            -31.394275
          ],
          [
            -64.25865,
            -31.394246
          ],
          [
            -64.258811,
            -31.394221
          ],
          [
            -64.258974,
            -31.394202
          ],
          [
            -64.25912,
            -31.394191
          ],
          [
            -64.259266,
            -31.394185
          ],
          [
            -64.259397,
            -31.394182
          ],
          [
            -64.259536,
            -31.394187
          ],
          [
            -64.259646,
            -31.394194
          ],
          [
            -64.259743,
            -31.394203
          ],
          [
            -64.259863,
            -31.394215
          ],
          [
            -64.259977,
            -31.39423
          ],
          [
            -64.260127,
            -31.394257
          ],
          [
            -64.260317,
            -31.394291
          ],
          [
            -64.260489,
            -31.39432
          ],
          [
            -64.260659,
            -31.394349
          ],
          [
            -64.260742,
            -31.394363
          ],
          [
            -64.261502,
            -31.394495
          ],
          [
            -64.261889,
            -31.394552
          ],
          [
            -64.262312,
            -31.394571
          ],
          [
            -64.262663,
            -31.394554
          ],
          [
            -64.26291,
            -31.394538
          ],
          [
            -64.263087,
            -31.394516
          ],
          [
            -64.263325,
            -31.394474
          ],
          [
            -64.263512,
            -31.394449
          ],
          [
            -64.263643,
            -31.394432
          ],
          [
            -64.263719,
            -31.394426
          ],
          [
            -64.263786,
            -31.394422
          ],
          [
            -64.26385,
            -31.394421
          ],
          [
            -64.263924,
            -31.394421
          ],
          [
            -64.264,
            -31.394423
          ],
          [
            -64.264069,
            -31.394427
          ],
          [
            -64.264133,
            -31.394432
          ],
          [
            -64.264192,
            -31.39444
          ],
          [
            -64.264266,
            -31.394456
          ],
          [
            -64.264447,
            -31.394497
          ],
          [
            -64.264581,
            -31.39453
          ],
          [
            -64.264674,
            -31.394551
          ],
          [
            -64.264831,
            -31.394586
          ],
          [
            -64.265067,
            -31.39464
          ],
          [
            -64.265207,
            -31.394672
          ],
          [
            -64.265328,
            -31.394698
          ],
          [
            -64.265395,
            -31.394713
          ],
          [
            -64.265447,
            -31.394724
          ],
          [
            -64.265494,
            -31.394731
          ],
          [
            -64.26553,
            -31.394734
          ],
          [
            -64.265567,
            -31.394733
          ],
          [
            -64.265604,
            -31.394727
          ],
          [
            -64.265641,
            -31.394718
          ],
          [
            -64.265676,
            -31.394708
          ],
          [
            -64.265718,
            -31.394688
          ],
          [
            -64.265747,
            -31.394668
          ],
          [
            -64.265775,
            -31.394647
          ],
          [
            -64.265813,
            -31.394612
          ],
          [
            -64.265847,
            -31.394571
          ],
          [
            -64.265872,
            -31.39453
          ],
          [
            -64.265895,
            -31.394481
          ],
          [
            -64.265902,
            -31.394447
          ],
          [
            -64.265914,
            -31.394395
          ],
          [
            -64.265932,
            -31.394347
          ],
          [
            -64.26596,
            -31.3943
          ],
          [
            -64.26599,
            -31.394259
          ],
          [
            -64.26603,
            -31.394215
          ],
          [
            -64.266065,
            -31.394182
          ],
          [
            -64.266113,
            -31.394147
          ],
          [
            -64.266178,
            -31.394113
          ],
          [
            -64.266241,
            -31.39409
          ],
          [
            -64.26633,
            -31.394071
          ],
          [
            -64.266409,
            -31.394064
          ],
          [
            -64.266487,
            -31.394068
          ],
          [
            -64.266554,
            -31.394079
          ],
          [
            -64.26662,
            -31.394096
          ],
          [
            -64.266688,
            -31.394126
          ],
          [
            -64.26677,
            -31.394176
          ],
          [
            -64.266838,
            -31.394223
          ],
          [
            -64.266911,
            -31.394281
          ],
          [
            -64.266971,
            -31.394338
          ],
          [
            -64.267029,
            -31.394402
          ],
          [
            -64.267092,
            -31.394478
          ],
          [
            -64.267136,
            -31.39454
          ],
          [
            -64.267176,
            -31.394607
          ],
          [
            -64.267209,
            -31.394676
          ],
          [
            -64.267236,
            -31.394752
          ],
          [
            -64.267257,
            -31.394817
          ],
          [
            -64.267276,
            -31.394892
          ],
          [
            -64.267287,
            -31.39495
          ],
          [
            -64.267295,
            -31.395026
          ],
          [
            -64.267294,
            -31.395098
          ],
          [
            -64.267284,
            -31.395189
          ],
          [
            -64.26727,
            -31.395253
          ],
          [
            -64.267247,
            -31.395327
          ],
          [
            -64.267207,
            -31.395407
          ],
          [
            -64.267188,
            -31.395464
          ],
          [
            -64.267174,
            -31.395515
          ],
          [
            -64.267172,
            -31.395571
          ],
          [
            -64.267176,
            -31.395619
          ],
          [
            -64.267189,
            -31.395662
          ],
          [
            -64.267214,
            -31.395708
          ],
          [
            -64.267243,
            -31.395752
          ],
          [
            -64.267274,
            -31.395794
          ],
          [
            -64.267309,
            -31.395835
          ],
          [
            -64.267354,
            -31.395886
          ],
          [
            -64.267403,
            -31.395943
          ],
          [
            -64.267441,
            -31.395994
          ],
          [
            -64.267475,
            -31.396045
          ],
          [
            -64.267517,
            -31.396121
          ],
          [
            -64.267557,
            -31.396204
          ],
          [
            -64.267584,
            -31.396269
          ],
          [
            -64.267604,
            -31.396336
          ],
          [
            -64.267632,
            -31.39644
          ],
          [
            -64.267658,
            -31.396535
          ],
          [
            -64.267701,
            -31.396696
          ],
          [
            -64.267737,
            -31.396809
          ],
          [
            -64.267824,
            -31.397005
          ],
          [
            -64.267842,
            -31.397062
          ],
          [
            -64.267873,
            -31.397164
          ],
          [
            -64.267906,
            -31.39726
          ],
          [
            -64.26796,
            -31.397404
          ],
          [
            -64.268026,
            -31.397558
          ],
          [
            -64.268182,
            -31.397903
          ],
          [
            -64.268335,
            -31.398271
          ],
          [
            -64.26862,
            -31.398892
          ],
          [
            -64.268771,
            -31.399209
          ],
          [
            -64.268908,
            -31.399505
          ],
          [
            -64.269033,
            -31.399772
          ],
          [
            -64.269157,
            -31.40004
          ],
          [
            -64.269258,
            -31.400261
          ],
          [
            -64.269429,
            -31.400905
          ],
          [
            -64.269501,
            -31.401093
          ],
          [
            -64.26957,
            -31.401285
          ],
          [
            -64.26966,
            -31.401561
          ],
          [
            -64.269738,
            -31.401837
          ],
          [
            -64.2698,
            -31.402098
          ],
          [
            -64.269848,
            -31.402326
          ],
          [
            -64.2699,
            -31.402619
          ],
          [
            -64.269943,
            -31.402933
          ],
          [
            -64.269974,
            -31.403245
          ],
          [
            -64.269995,
            -31.403553
          ],
          [
            -64.270003,
            -31.403781
          ],
          [
            -64.270007,
            -31.404011
          ],
          [
            -64.270011,
            -31.404378
          ],
          [
            -64.270012,
            -31.404642
          ],
          [
            -64.27001,
            -31.404912
          ],
          [
            -64.270006,
            -31.405435
          ],
          [
            -64.270003,
            -31.406142
          ],
          [
            -64.27,
            -31.40685
          ],
          [
            -64.270001,
            -31.407438
          ],
          [
            -64.269995,
            -31.408104
          ],
          [
            -64.269996,
            -31.408424
          ],
          [
            -64.26999,
            -31.408743
          ],
          [
            -64.26999,
            -31.409172
          ],
          [
            -64.269989,
            -31.409455
          ],
          [
            -64.269986,
            -31.410331
          ],
          [
            -64.269981,
            -31.411382
          ],
          [
            -64.269981,
            -31.411664
          ],
          [
            -64.269977,
            -31.412463
          ],
          [
            -64.269972,
            -31.413122
          ],
          [
            -64.269969,
            -31.41421
          ],
          [
            -64.269967,
            -31.414768
          ],
          [
            -64.269965,
            -31.415304
          ],
          [
            -64.269974,
            -31.415655
          ],
          [
            -64.269989,
            -31.415956
          ],
          [
            -64.270011,
            -31.416202
          ],
          [
            -64.270038,
            -31.416408
          ],
          [
            -64.270073,
            -31.416602
          ],
          [
            -64.270111,
            -31.416789
          ],
          [
            -64.270166,
            -31.417012
          ],
          [
            -64.270206,
            -31.417146
          ],
          [
            -64.270275,
            -31.41736
          ],
          [
            -64.27035,
            -31.417565
          ],
          [
            -64.27043,
            -31.417765
          ],
          [
            -64.270528,
            -31.417977
          ],
          [
            -64.270637,
            -31.41819
          ],
          [
            -64.270757,
            -31.418404
          ],
          [
            -64.27089,
            -31.418622
          ],
          [
            -64.271043,
            -31.418845
          ],
          [
            -64.271181,
            -31.419028
          ],
          [
            -64.27132,
            -31.419207
          ],
          [
            -64.271481,
            -31.419392
          ],
          [
            -64.271656,
            -31.419585
          ],
          [
            -64.271825,
            -31.419762
          ],
          [
            -64.272035,
            -31.419973
          ],
          [
            -64.272341,
            -31.420272
          ],
          [
            -64.272621,
            -31.420555
          ],
          [
            -64.272851,
            -31.420783
          ],
          [
            -64.273042,
            -31.420991
          ],
          [
            -64.27317,
            -31.421137
          ],
          [
            -64.273297,
            -31.421282
          ],
          [
            -64.273416,
            -31.421435
          ],
          [
            -64.273521,
            -31.421577
          ],
          [
            -64.273621,
            -31.421724
          ],
          [
            -64.273741,
            -31.421904
          ],
          [
            -64.273838,
            -31.422071
          ],
          [
            -64.273919,
            -31.422221
          ],
          [
            -64.274002,
            -31.422389
          ],
          [
            -64.274077,
            -31.422558
          ],
          [
            -64.274164,
            -31.422772
          ],
          [
            -64.274228,
            -31.42295
          ],
          [
            -64.27428,
            -31.423117
          ],
          [
            -64.274336,
            -31.423327
          ],
          [
            -64.274386,
            -31.423545
          ],
          [
            -64.274427,
            -31.423775
          ],
          [
            -64.274455,
            -31.423987
          ],
          [
            -64.274473,
            -31.424219
          ],
          [
            -64.274482,
            -31.424424
          ],
          [
            -64.274478,
            -31.424632
          ],
          [
            -64.274466,
            -31.424867
          ],
          [
            -64.274448,
            -31.425036
          ],
          [
            -64.27442,
            -31.425221
          ],
          [
            -64.27439,
            -31.425396
          ],
          [
            -64.274336,
            -31.425648
          ],
          [
            -64.274256,
            -31.425922
          ],
          [
            -64.274179,
            -31.426149
          ],
          [
            -64.274105,
            -31.426345
          ],
          [
            -64.274029,
            -31.426523
          ],
          [
            -64.27392,
            -31.426741
          ],
          [
            -64.27377,
            -31.427018
          ],
          [
            -64.273616,
            -31.427261
          ],
          [
            -64.273444,
            -31.427495
          ],
          [
            -64.273296,
            -31.427682
          ],
          [
            -64.273143,
            -31.427861
          ],
          [
            -64.273004,
            -31.428007
          ],
          [
            -64.272859,
            -31.42815
          ],
          [
            -64.272665,
            -31.428326
          ],
          [
            -64.272425,
            -31.428528
          ],
          [
            -64.272183,
            -31.428714
          ],
          [
            -64.271894,
            -31.42891
          ],
          [
            -64.271645,
            -31.429059
          ],
          [
            -64.271396,
            -31.429197
          ],
          [
            -64.271113,
            -31.429333
          ],
          [
            -64.27087,
            -31.429441
          ],
          [
            -64.270572,
            -31.429561
          ],
          [
            -64.270275,
            -31.429662
          ],
          [
            -64.269951,
            -31.429759
          ],
          [
            -64.269623,
            -31.429835
          ],
          [
            -64.269335,
            -31.429889
          ],
          [
            -64.269036,
            -31.429936
          ],
          [
            -64.268684,
            -31.429981
          ],
          [
            -64.268264,
            -31.430025
          ],
          [
            -64.268032,
            -31.430046
          ],
          [
            -64.267781,
            -31.430068
          ],
          [
            -64.267372,
            -31.430107
          ],
          [
            -64.266959,
            -31.430154
          ],
          [
            -64.266557,
            -31.430208
          ],
          [
            -64.26625,
            -31.430261
          ],
          [
            -64.265974,
            -31.430315
          ],
          [
            -64.265659,
            -31.430388
          ],
          [
            -64.265314,
            -31.430483
          ],
          [
            -64.264921,
            -31.430615
          ],
          [
            -64.264613,
            -31.43074
          ],
          [
            -64.264298,
            -31.430875
          ],
          [
            -64.264053,
            -31.431
          ],
          [
            -64.26382,
            -31.431125
          ],
          [
            -64.263623,
            -31.431243
          ],
          [
            -64.263449,
            -31.43136
          ],
          [
            -64.263245,
            -31.431503
          ],
          [
            -64.26308,
            -31.431621
          ],
          [
            -64.2629,
            -31.431754
          ],
          [
            -64.262728,
            -31.431886
          ],
          [
            -64.262564,
            -31.432018
          ],
          [
            -64.262368,
            -31.432172
          ],
          [
            -64.262179,
            -31.432318
          ],
          [
            -64.261683,
            -31.432705
          ],
          [
            -64.261036,
            -31.433231
          ],
          [
            -64.26071,
            -31.433489
          ],
          [
            -64.260678,
            -31.433514
          ],
          [
            -64.260387,
            -31.433755
          ],
          [
            -64.259972,
            -31.434087
          ],
          [
            -64.259556,
            -31.434423
          ],
          [
            -64.259042,
            -31.434845
          ],
          [
            -64.25866,
            -31.435162
          ],
          [
            -64.258198,
            -31.435534
          ],
          [
            -64.25786,
            -31.435807
          ],
          [
            -64.257376,
            -31.436195
          ],
          [
            -64.256852,
            -31.436613
          ],
          [
            -64.256325,
            -31.43704
          ],
          [
            -64.256009,
            -31.437299
          ],
          [
            -64.255683,
            -31.437576
          ],
          [
            -64.255435,
            -31.437809
          ],
          [
            -64.255218,
            -31.438028
          ],
          [
            -64.254994,
            -31.438264
          ],
          [
            -64.254767,
            -31.438529
          ],
          [
            -64.254545,
            -31.438803
          ],
          [
            -64.254348,
            -31.439066
          ],
          [
            -64.254174,
            -31.439323
          ],
          [
            -64.253999,
            -31.439597
          ],
          [
            -64.253834,
            -31.439878
          ],
          [
            -64.253687,
            -31.440162
          ],
          [
            -64.253554,
            -31.440441
          ],
          [
            -64.253412,
            -31.44078
          ],
          [
            -64.253283,
            -31.44113
          ],
          [
            -64.253181,
            -31.441471
          ],
          [
            -64.253092,
            -31.441793
          ],
          [
            -64.253015,
            -31.442173
          ],
          [
            -64.252941,
            -31.44266
          ],
          [
            -64.252905,
            -31.443051
          ],
          [
            -64.252886,
            -31.443497
          ],
          [
            -64.25289,
            -31.444408
          ],
          [
            -64.252882,
            -31.44636
          ],
          [
            -64.252871,
            -31.449476
          ],
          [
            -64.252866,
            -31.450685
          ],
          [
            -64.252863,
            -31.451481
          ],
          [
            -64.252858,
            -31.452011
          ],
          [
            -64.252852,
            -31.45233
          ],
          [
            -64.252835,
            -31.452698
          ],
          [
            -64.252814,
            -31.452963
          ],
          [
            -64.252785,
            -31.453216
          ],
          [
            -64.252744,
            -31.453483
          ],
          [
            -64.252697,
            -31.45373
          ],
          [
            -64.252636,
            -31.453993
          ],
          [
            -64.252569,
            -31.45425
          ],
          [
            -64.252486,
            -31.454516
          ],
          [
            -64.252402,
            -31.454759
          ],
          [
            -64.25231,
            -31.454997
          ],
          [
            -64.252207,
            -31.455234
          ],
          [
            -64.252083,
            -31.455489
          ],
          [
            -64.251944,
            -31.455755
          ],
          [
            -64.251792,
            -31.456013
          ],
          [
            -64.251621,
            -31.456289
          ],
          [
            -64.251434,
            -31.456555
          ],
          [
            -64.25125,
            -31.4568
          ],
          [
            -64.251081,
            -31.457009
          ],
          [
            -64.250894,
            -31.457229
          ],
          [
            -64.250707,
            -31.457432
          ],
          [
            -64.250513,
            -31.457625
          ],
          [
            -64.250289,
            -31.457832
          ],
          [
            -64.250074,
            -31.458022
          ],
          [
            -64.24984,
            -31.458212
          ],
          [
            -64.249617,
            -31.458381
          ],
          [
            -64.249407,
            -31.45853
          ],
          [
            -64.249128,
            -31.458709
          ],
          [
            -64.248862,
            -31.458873
          ],
          [
            -64.248598,
            -31.459025
          ],
          [
            -64.248378,
            -31.459146
          ],
          [
            -64.248175,
            -31.459253
          ],
          [
            -64.247956,
            -31.459358
          ],
          [
            -64.247585,
            -31.459522
          ],
          [
            -64.247318,
            -31.459634
          ],
          [
            -64.247107,
            -31.459715
          ],
          [
            -64.246885,
            -31.459792
          ],
          [
            -64.24667,
            -31.459861
          ],
          [
            -64.246397,
            -31.459943
          ],
          [
            -64.246079,
            -31.460027
          ],
          [
            -64.24569,
            -31.460121
          ],
          [
            -64.245346,
            -31.460197
          ],
          [
            -64.244969,
            -31.460267
          ],
          [
            -64.244614,
            -31.460331
          ],
          [
            -64.244359,
            -31.460375
          ],
          [
            -64.244105,
            -31.460419
          ],
          [
            -64.243357,
            -31.460533
          ],
          [
            -64.242475,
            -31.460667
          ],
          [
            -64.241845,
            -31.460753
          ],
          [
            -64.241439,
            -31.460817
          ],
          [
            -64.240706,
            -31.460942
          ],
          [
            -64.240006,
            -31.461053
          ],
          [
            -64.238809,
            -31.46124
          ],
          [
            -64.237889,
            -31.461386
          ],
          [
            -64.236947,
            -31.461537
          ],
          [
            -64.236067,
            -31.461679
          ],
          [
            -64.23547,
            -31.461773
          ],
          [
            -64.234886,
            -31.461866
          ],
          [
            -64.234282,
            -31.461961
          ],
          [
            -64.233415,
            -31.462099
          ],
          [
            -64.232537,
            -31.462238
          ],
          [
            -64.231653,
            -31.46238
          ],
          [
            -64.230561,
            -31.462552
          ],
          [
            -64.226958,
            -31.463109
          ],
          [
            -64.226118,
            -31.463228
          ],
          [
            -64.22528,
            -31.463342
          ],
          [
            -64.222788,
            -31.463662
          ],
          [
            -64.222244,
            -31.463727
          ],
          [
            -64.221406,
            -31.463836
          ],
          [
            -64.220678,
            -31.463929
          ],
          [
            -64.219698,
            -31.464058
          ],
          [
            -64.218909,
            -31.464162
          ],
          [
            -64.218145,
            -31.464262
          ],
          [
            -64.217359,
            -31.464366
          ],
          [
            -64.216723,
            -31.464447
          ],
          [
            -64.215709,
            -31.464575
          ],
          [
            -64.214752,
            -31.464697
          ],
          [
            -64.213745,
            -31.464824
          ],
          [
            -64.208639,
            -31.465483
          ],
          [
            -64.207863,
            -31.46558
          ],
          [
            -64.206579,
            -31.465747
          ],
          [
            -64.205643,
            -31.46586
          ],
          [
            -64.20466,
            -31.465994
          ],
          [
            -64.203646,
            -31.466137
          ],
          [
            -64.203042,
            -31.466219
          ],
          [
            -64.201918,
            -31.466346
          ],
          [
            -64.200885,
            -31.466477
          ],
          [
            -64.198403,
            -31.466792
          ],
          [
            -64.196954,
            -31.466978
          ],
          [
            -64.195901,
            -31.467113
          ],
          [
            -64.191741,
            -31.467645
          ],
          [
            -64.190738,
            -31.467754
          ],
          [
            -64.190093,
            -31.467824
          ],
          [
            -64.189523,
            -31.467881
          ],
          [
            -64.188841,
            -31.467937
          ],
          [
            -64.188176,
            -31.468
          ],
          [
            -64.187762,
            -31.468037
          ],
          [
            -64.187691,
            -31.468042
          ],
          [
            -64.186995,
            -31.468082
          ],
          [
            -64.186082,
            -31.468124
          ],
          [
            -64.18516,
            -31.468188
          ],
          [
            -64.183837,
            -31.468275
          ],
          [
            -64.182849,
            -31.468341
          ],
          [
            -64.181739,
            -31.468413
          ],
          [
            -64.181013,
            -31.468459
          ],
          [
            -64.17947,
            -31.46856
          ],
          [
            -64.17816,
            -31.468645
          ],
          [
            -64.176861,
            -31.468728
          ],
          [
            -64.175642,
            -31.468809
          ],
          [
            -64.175048,
            -31.468847
          ],
          [
            -64.174454,
            -31.468888
          ],
          [
            -64.173818,
            -31.468926
          ],
          [
            -64.172564,
            -31.468983
          ],
          [
            -64.172182,
            -31.469001
          ],
          [
            -64.171804,
            -31.469014
          ],
          [
            -64.171416,
            -31.469031
          ],
          [
            -64.171048,
            -31.469044
          ],
          [
            -64.170669,
            -31.469065
          ],
          [
            -64.170292,
            -31.469083
          ],
          [
            -64.169915,
            -31.469097
          ],
          [
            -64.169524,
            -31.469112
          ],
          [
            -64.169148,
            -31.469123
          ],
          [
            -64.168652,
            -31.469142
          ],
          [
            -64.168218,
            -31.469152
          ],
          [
            -64.168168,
            -31.469152
          ],
          [
            -64.167859,
            -31.469147
          ],
          [
            -64.167517,
            -31.469133
          ],
          [
            -64.167139,
            -31.469115
          ],
          [
            -64.166629,
            -31.469083
          ],
          [
            -64.166258,
            -31.469056
          ],
          [
            -64.165881,
            -31.46902
          ],
          [
            -64.165493,
            -31.468978
          ],
          [
            -64.165118,
            -31.468933
          ],
          [
            -64.164746,
            -31.468881
          ],
          [
            -64.16449,
            -31.468843
          ],
          [
            -64.164219,
            -31.468801
          ],
          [
            -64.163748,
            -31.468719
          ],
          [
            -64.16326,
            -31.468621
          ],
          [
            -64.162769,
            -31.468513
          ],
          [
            -64.162397,
            -31.468424
          ],
          [
            -64.161916,
            -31.468297
          ],
          [
            -64.161434,
            -31.468163
          ],
          [
            -64.160842,
            -31.467982
          ],
          [
            -64.160369,
            -31.467828
          ],
          [
            -64.159897,
            -31.467654
          ],
          [
            -64.159434,
            -31.467481
          ],
          [
            -64.159097,
            -31.467345
          ],
          [
            -64.15886,
            -31.467244
          ],
          [
            -64.158527,
            -31.4671
          ],
          [
            -64.158181,
            -31.466943
          ],
          [
            -64.157852,
            -31.466787
          ],
          [
            -64.15753,
            -31.466627
          ],
          [
            -64.157085,
            -31.466395
          ],
          [
            -64.15666,
            -31.466163
          ],
          [
            -64.156242,
            -31.465921
          ],
          [
            -64.155838,
            -31.465675
          ],
          [
            -64.155444,
            -31.465425
          ],
          [
            -64.15513,
            -31.465214
          ],
          [
            -64.154827,
            -31.465007
          ],
          [
            -64.154544,
            -31.464811
          ],
          [
            -64.154147,
            -31.464534
          ],
          [
            -64.153363,
            -31.463983
          ],
          [
            -64.152685,
            -31.463506
          ],
          [
            -64.151529,
            -31.46269
          ],
          [
            -64.151003,
            -31.462419
          ],
          [
            -64.150797,
            -31.462295
          ],
          [
            -64.150479,
            -31.462108
          ],
          [
            -64.150197,
            -31.461937
          ],
          [
            -64.149884,
            -31.46175
          ],
          [
            -64.14926,
            -31.461379
          ],
          [
            -64.148894,
            -31.461154
          ],
          [
            -64.148535,
            -31.460939
          ],
          [
            -64.148412,
            -31.460867
          ],
          [
            -64.148306,
            -31.460812
          ],
          [
            -64.14821,
            -31.460781
          ],
          [
            -64.148103,
            -31.460757
          ],
          [
            -64.147931,
            -31.460728
          ],
          [
            -64.147871,
            -31.460731
          ],
          [
            -64.14777,
            -31.460725
          ],
          [
            -64.147653,
            -31.46071
          ],
          [
            -64.147544,
            -31.460686
          ],
          [
            -64.147429,
            -31.460652
          ],
          [
            -64.147338,
            -31.460623
          ],
          [
            -64.147214,
            -31.460574
          ],
          [
            -64.147064,
            -31.460505
          ],
          [
            -64.146936,
            -31.460433
          ],
          [
            -64.146756,
            -31.460326
          ],
          [
            -64.146711,
            -31.46029
          ],
          [
            -64.146577,
            -31.460245
          ],
          [
            -64.146444,
            -31.460205
          ],
          [
            -64.146383,
            -31.46019
          ],
          [
            -64.146319,
            -31.46018
          ],
          [
            -64.146248,
            -31.460174
          ],
          [
            -64.144714,
            -31.460154
          ],
          [
            -64.144467,
            -31.460135
          ],
          [
            -64.144077,
            -31.460136
          ],
          [
            -64.143436,
            -31.460143
          ],
          [
            -64.143117,
            -31.46018
          ],
          [
            -64.142169,
            -31.460203
          ],
          [
            -64.141124,
            -31.460224
          ],
          [
            -64.138814,
            -31.460244
          ],
          [
            -64.136732,
            -31.460276
          ],
          [
            -64.134235,
            -31.4603
          ],
          [
            -64.132434,
            -31.460327
          ],
          [
            -64.129689,
            -31.460358
          ],
          [
            -64.129176,
            -31.46036
          ],
          [
            -64.128728,
            -31.460373
          ],
          [
            -64.128221,
            -31.460379
          ],
          [
            -64.127379,
            -31.460387
          ],
          [
            -64.126456,
            -31.460396
          ],
          [
            -64.125986,
            -31.4604
          ],
          [
            -64.125873,
            -31.460403
          ],
          [
            -64.124231,
            -31.460429
          ],
          [
            -64.123461,
            -31.460433
          ],
          [
            -64.122195,
            -31.460445
          ],
          [
            -64.120947,
            -31.460456
          ],
          [
            -64.120667,
            -31.460459
          ],
          [
            -64.120501,
            -31.46046
          ],
          [
            -64.120225,
            -31.460463
          ],
          [
            -64.118891,
            -31.460475
          ],
          [
            -64.116111,
            -31.46049
          ],
          [
            -64.115154,
            -31.460457
          ],
          [
            -64.115027,
            -31.460453
          ],
          [
            -64.114745,
            -31.460441
          ],
          [
            -64.11444,
            -31.460428
          ],
          [
            -64.113382,
            -31.460404
          ],
          [
            -64.112154,
            -31.460396
          ],
          [
            -64.11131,
            -31.460366
          ],
          [
            -64.110178,
            -31.460305
          ],
          [
            -64.109681,
            -31.460288
          ],
          [
            -64.109384,
            -31.460278
          ],
          [
            -64.109209,
            -31.460278
          ],
          [
            -64.109073,
            -31.460286
          ],
          [
            -64.108963,
            -31.460304
          ],
          [
            -64.108847,
            -31.460331
          ],
          [
            -64.108677,
            -31.460361
          ],
          [
            -64.108546,
            -31.460371
          ],
          [
            -64.108446,
            -31.460366
          ],
          [
            -64.108366,
            -31.460346
          ],
          [
            -64.108231,
            -31.460318
          ],
          [
            -64.108163,
            -31.460292
          ],
          [
            -64.108075,
            -31.460279
          ],
          [
            -64.107998,
            -31.460288
          ],
          [
            -64.107883,
            -31.460287
          ],
          [
            -64.107626,
            -31.460543
          ],
          [
            -64.10738,
            -31.460784
          ],
          [
            -64.107282,
            -31.460811
          ],
          [
            -64.10657,
            -31.461523
          ],
          [
            -64.105897,
            -31.462175
          ],
          [
            -64.105222,
            -31.462829
          ],
          [
            -64.104586,
            -31.463446
          ],
          [
            -64.104386,
            -31.46364
          ],
          [
            -64.1037,
            -31.464282
          ],
          [
            -64.103636,
            -31.464341
          ],
          [
            -64.102969,
            -31.464977
          ],
          [
            -64.101559,
            -31.464987
          ],
          [
            -64.101506,
            -31.464849
          ],
          [
            -64.101509,
            -31.4648
          ],
          [
            -64.101803,
            -31.464
          ],
          [
            -64.101852,
            -31.463868
          ],
          [
            -64.101885,
            -31.463828
          ],
          [
            -64.101964,
            -31.463798
          ],
          [
            -64.102037,
            -31.463796
          ],
          [
            -64.102155,
            -31.463814
          ],
          [
            -64.102209,
            -31.463818
          ],
          [
            -64.102259,
            -31.463812
          ],
          [
            -64.102414,
            -31.463722
          ],
          [
            -64.102482,
            -31.463691
          ],
          [
            -64.102601,
            -31.463672
          ],
          [
            -64.102757,
            -31.463673
          ],
          [
            -64.102858,
            -31.463687
          ],
          [
            -64.102941,
            -31.463727
          ],
          [
            -64.1037,
            -31.464282
          ],
          [
            -64.104386,
            -31.46364
          ],
          [
            -64.104586,
            -31.463446
          ],
          [
            -64.105222,
            -31.462829
          ],
          [
            -64.105897,
            -31.462175
          ],
          [
            -64.10657,
            -31.461523
          ],
          [
            -64.107282,
            -31.460811
          ],
          [
            -64.107328,
            -31.460751
          ],
          [
            -64.10762,
            -31.460465
          ],
          [
            -64.107699,
            -31.460385
          ],
          [
            -64.1078,
            -31.460279
          ],
          [
            -64.107981,
            -31.460123
          ],
          [
            -64.108077,
            -31.460025
          ],
          [
            -64.10811,
            -31.459995
          ],
          [
            -64.108229,
            -31.459886
          ],
          [
            -64.10837,
            -31.45975
          ],
          [
            -64.108748,
            -31.459375
          ],
          [
            -64.109339,
            -31.458789
          ],
          [
            -64.109918,
            -31.458218
          ],
          [
            -64.110536,
            -31.457626
          ],
          [
            -64.111076,
            -31.457083
          ],
          [
            -64.111187,
            -31.45698
          ],
          [
            -64.111839,
            -31.456333
          ],
          [
            -64.111962,
            -31.456218
          ],
          [
            -64.1123,
            -31.455902
          ],
          [
            -64.113051,
            -31.45516
          ],
          [
            -64.113534,
            -31.454686
          ],
          [
            -64.114152,
            -31.454083
          ],
          [
            -64.115117,
            -31.453165
          ],
          [
            -64.115282,
            -31.452998
          ],
          [
            -64.115359,
            -31.452921
          ],
          [
            -64.115374,
            -31.452905
          ],
          [
            -64.115769,
            -31.452488
          ],
          [
            -64.116201,
            -31.452066
          ],
          [
            -64.116276,
            -31.451989
          ],
          [
            -64.116412,
            -31.451868
          ],
          [
            -64.116537,
            -31.451752
          ],
          [
            -64.117283,
            -31.451063
          ],
          [
            -64.117439,
            -31.450889
          ],
          [
            -64.117519,
            -31.450796
          ],
          [
            -64.117684,
            -31.450576
          ],
          [
            -64.117783,
            -31.450433
          ],
          [
            -64.118048,
            -31.450014
          ],
          [
            -64.118207,
            -31.4498
          ],
          [
            -64.118303,
            -31.449685
          ],
          [
            -64.118427,
            -31.449561
          ],
          [
            -64.118571,
            -31.449426
          ],
          [
            -64.118711,
            -31.449305
          ],
          [
            -64.119095,
            -31.449016
          ],
          [
            -64.119288,
            -31.448866
          ],
          [
            -64.119401,
            -31.448781
          ],
          [
            -64.11983,
            -31.448464
          ],
          [
            -64.119984,
            -31.448343
          ],
          [
            -64.120142,
            -31.448192
          ],
          [
            -64.120417,
            -31.447916
          ],
          [
            -64.120856,
            -31.4475
          ],
          [
            -64.121991,
            -31.446364
          ],
          [
            -64.122065,
            -31.446289
          ],
          [
            -64.122127,
            -31.446211
          ],
          [
            -64.122184,
            -31.446129
          ],
          [
            -64.12225,
            -31.446023
          ],
          [
            -64.122305,
            -31.445917
          ],
          [
            -64.122341,
            -31.445823
          ],
          [
            -64.122376,
            -31.445709
          ],
          [
            -64.122398,
            -31.445596
          ],
          [
            -64.122409,
            -31.445472
          ],
          [
            -64.12241,
            -31.445356
          ],
          [
            -64.122402,
            -31.445199
          ],
          [
            -64.122376,
            -31.444724
          ],
          [
            -64.12235,
            -31.444214
          ],
          [
            -64.12231,
            -31.443543
          ],
          [
            -64.122325,
            -31.443265
          ],
          [
            -64.122344,
            -31.443161
          ],
          [
            -64.122371,
            -31.443065
          ],
          [
            -64.122398,
            -31.442987
          ],
          [
            -64.122439,
            -31.442894
          ],
          [
            -64.122477,
            -31.442817
          ],
          [
            -64.122525,
            -31.442739
          ],
          [
            -64.122578,
            -31.442657
          ],
          [
            -64.122641,
            -31.442576
          ],
          [
            -64.122753,
            -31.442457
          ],
          [
            -64.122833,
            -31.442381
          ],
          [
            -64.122928,
            -31.442312
          ],
          [
            -64.122978,
            -31.442279
          ],
          [
            -64.123058,
            -31.442228
          ],
          [
            -64.123161,
            -31.442175
          ],
          [
            -64.123279,
            -31.44212
          ],
          [
            -64.123395,
            -31.442075
          ],
          [
            -64.123523,
            -31.442036
          ],
          [
            -64.123661,
            -31.442001
          ],
          [
            -64.123787,
            -31.441981
          ],
          [
            -64.123923,
            -31.441969
          ],
          [
            -64.124055,
            -31.441968
          ],
          [
            -64.124174,
            -31.44197
          ],
          [
            -64.124307,
            -31.441986
          ],
          [
            -64.124438,
            -31.442008
          ],
          [
            -64.124624,
            -31.442051
          ],
          [
            -64.125022,
            -31.442162
          ],
          [
            -64.125183,
            -31.442197
          ],
          [
            -64.125327,
            -31.442219
          ],
          [
            -64.125441,
            -31.442228
          ],
          [
            -64.125544,
            -31.44223
          ],
          [
            -64.125643,
            -31.442228
          ],
          [
            -64.125767,
            -31.442216
          ],
          [
            -64.125885,
            -31.442197
          ],
          [
            -64.125996,
            -31.44217
          ],
          [
            -64.126104,
            -31.442136
          ],
          [
            -64.126204,
            -31.442099
          ],
          [
            -64.126306,
            -31.442053
          ],
          [
            -64.126386,
            -31.442012
          ],
          [
            -64.126471,
            -31.441963
          ],
          [
            -64.126556,
            -31.441907
          ],
          [
            -64.126665,
            -31.441824
          ],
          [
            -64.126768,
            -31.441728
          ],
          [
            -64.126861,
            -31.441627
          ],
          [
            -64.12693,
            -31.441545
          ],
          [
            -64.126985,
            -31.441479
          ],
          [
            -64.127039,
            -31.441403
          ],
          [
            -64.127081,
            -31.441337
          ],
          [
            -64.127123,
            -31.441266
          ],
          [
            -64.127161,
            -31.441193
          ],
          [
            -64.127195,
            -31.441117
          ],
          [
            -64.12723,
            -31.441019
          ],
          [
            -64.127266,
            -31.440899
          ],
          [
            -64.127312,
            -31.440728
          ],
          [
            -64.127363,
            -31.44051
          ],
          [
            -64.127392,
            -31.4404
          ],
          [
            -64.127425,
            -31.440292
          ],
          [
            -64.127478,
            -31.440152
          ],
          [
            -64.127531,
            -31.440021
          ],
          [
            -64.127585,
            -31.439898
          ],
          [
            -64.127646,
            -31.439764
          ],
          [
            -64.127755,
            -31.43954
          ],
          [
            -64.127916,
            -31.439233
          ],
          [
            -64.128072,
            -31.438928
          ],
          [
            -64.128093,
            -31.438867
          ],
          [
            -64.128118,
            -31.438796
          ],
          [
            -64.128195,
            -31.438503
          ],
          [
            -64.128222,
            -31.438401
          ],
          [
            -64.128267,
            -31.438265
          ],
          [
            -64.128296,
            -31.438197
          ],
          [
            -64.128324,
            -31.438146
          ],
          [
            -64.128367,
            -31.438101
          ],
          [
            -64.12849,
            -31.437994
          ],
          [
            -64.128547,
            -31.437947
          ],
          [
            -64.128644,
            -31.437839
          ],
          [
            -64.128691,
            -31.437782
          ],
          [
            -64.128725,
            -31.437723
          ],
          [
            -64.128786,
            -31.4376
          ],
          [
            -64.128881,
            -31.437396
          ],
          [
            -64.128981,
            -31.437237
          ],
          [
            -64.129054,
            -31.43713
          ],
          [
            -64.129141,
            -31.437011
          ],
          [
            -64.12925,
            -31.436881
          ],
          [
            -64.129405,
            -31.436702
          ],
          [
            -64.129533,
            -31.436565
          ],
          [
            -64.129889,
            -31.436226
          ],
          [
            -64.130678,
            -31.435428
          ],
          [
            -64.130745,
            -31.435361
          ],
          [
            -64.131379,
            -31.434738
          ],
          [
            -64.13146,
            -31.434659
          ],
          [
            -64.131604,
            -31.43452
          ],
          [
            -64.131812,
            -31.434318
          ],
          [
            -64.132004,
            -31.434148
          ],
          [
            -64.132131,
            -31.434043
          ],
          [
            -64.132241,
            -31.43396
          ],
          [
            -64.132372,
            -31.433879
          ],
          [
            -64.132513,
            -31.433804
          ],
          [
            -64.132674,
            -31.433718
          ],
          [
            -64.133241,
            -31.433447
          ],
          [
            -64.13368,
            -31.433238
          ],
          [
            -64.133857,
            -31.433153
          ],
          [
            -64.134346,
            -31.432919
          ],
          [
            -64.134434,
            -31.432884
          ],
          [
            -64.134551,
            -31.43285
          ],
          [
            -64.134651,
            -31.432824
          ],
          [
            -64.135802,
            -31.432523
          ],
          [
            -64.136063,
            -31.432451
          ],
          [
            -64.136884,
            -31.432226
          ],
          [
            -64.136969,
            -31.432194
          ],
          [
            -64.137044,
            -31.432165
          ],
          [
            -64.137769,
            -31.431816
          ],
          [
            -64.137936,
            -31.431752
          ],
          [
            -64.138091,
            -31.431703
          ],
          [
            -64.13828,
            -31.43166
          ],
          [
            -64.138469,
            -31.431636
          ],
          [
            -64.138619,
            -31.431621
          ],
          [
            -64.138759,
            -31.431614
          ],
          [
            -64.138808,
            -31.431611
          ],
          [
            -64.138948,
            -31.431619
          ],
          [
            -64.139072,
            -31.431636
          ],
          [
            -64.139202,
            -31.431671
          ],
          [
            -64.139326,
            -31.431712
          ],
          [
            -64.139498,
            -31.431805
          ],
          [
            -64.139937,
            -31.432184
          ],
          [
            -64.140237,
            -31.432483
          ],
          [
            -64.140288,
            -31.432524
          ],
          [
            -64.140354,
            -31.432565
          ],
          [
            -64.140466,
            -31.432616
          ],
          [
            -64.140556,
            -31.432652
          ],
          [
            -64.140664,
            -31.432682
          ],
          [
            -64.141106,
            -31.432775
          ],
          [
            -64.141445,
            -31.432819
          ],
          [
            -64.141731,
            -31.432823
          ],
          [
            -64.142746,
            -31.432803
          ],
          [
            -64.143318,
            -31.432814
          ],
          [
            -64.143567,
            -31.432828
          ],
          [
            -64.1438,
            -31.432851
          ],
          [
            -64.144016,
            -31.432874
          ],
          [
            -64.14416,
            -31.432901
          ],
          [
            -64.144656,
            -31.433032
          ],
          [
            -64.14496,
            -31.433099
          ],
          [
            -64.14519,
            -31.433146
          ],
          [
            -64.145392,
            -31.433179
          ],
          [
            -64.145543,
            -31.433204
          ],
          [
            -64.145681,
            -31.433221
          ],
          [
            -64.145811,
            -31.433233
          ],
          [
            -64.14591,
            -31.43324
          ],
          [
            -64.146099,
            -31.43325
          ],
          [
            -64.146275,
            -31.433257
          ],
          [
            -64.147077,
            -31.433251
          ],
          [
            -64.147383,
            -31.433249
          ],
          [
            -64.147544,
            -31.43325
          ],
          [
            -64.148072,
            -31.433253
          ],
          [
            -64.148307,
            -31.433255
          ],
          [
            -64.148426,
            -31.433256
          ],
          [
            -64.148501,
            -31.433256
          ],
          [
            -64.148592,
            -31.433256
          ],
          [
            -64.149626,
            -31.433257
          ],
          [
            -64.149953,
            -31.433257
          ],
          [
            -64.150087,
            -31.433249
          ],
          [
            -64.150205,
            -31.43323
          ],
          [
            -64.150711,
            -31.433131
          ],
          [
            -64.150858,
            -31.433113
          ],
          [
            -64.150989,
            -31.433098
          ],
          [
            -64.151235,
            -31.433072
          ],
          [
            -64.151502,
            -31.433053
          ],
          [
            -64.151672,
            -31.433046
          ],
          [
            -64.151832,
            -31.43304
          ],
          [
            -64.153013,
            -31.433052
          ],
          [
            -64.154139,
            -31.433047
          ],
          [
            -64.155463,
            -31.433044
          ],
          [
            -64.156185,
            -31.433043
          ],
          [
            -64.156754,
            -31.433042
          ],
          [
            -64.157146,
            -31.433035
          ],
          [
            -64.158757,
            -31.433038
          ],
          [
            -64.159772,
            -31.433062
          ],
          [
            -64.160113,
            -31.433062
          ],
          [
            -64.160304,
            -31.433057
          ],
          [
            -64.160494,
            -31.433042
          ],
          [
            -64.160717,
            -31.433014
          ],
          [
            -64.160906,
            -31.432989
          ],
          [
            -64.161094,
            -31.432954
          ],
          [
            -64.161392,
            -31.432878
          ],
          [
            -64.161506,
            -31.432841
          ],
          [
            -64.161705,
            -31.432776
          ],
          [
            -64.161884,
            -31.432713
          ],
          [
            -64.162088,
            -31.432626
          ],
          [
            -64.16227,
            -31.432542
          ],
          [
            -64.16311,
            -31.432082
          ],
          [
            -64.163381,
            -31.431933
          ],
          [
            -64.163693,
            -31.431762
          ],
          [
            -64.163898,
            -31.431656
          ],
          [
            -64.164122,
            -31.43154
          ],
          [
            -64.164282,
            -31.43147
          ],
          [
            -64.164505,
            -31.431378
          ],
          [
            -64.164719,
            -31.431294
          ],
          [
            -64.165003,
            -31.431213
          ],
          [
            -64.165169,
            -31.431172
          ],
          [
            -64.165356,
            -31.431132
          ],
          [
            -64.165639,
            -31.431087
          ],
          [
            -64.166364,
            -31.430964
          ],
          [
            -64.166859,
            -31.430856
          ],
          [
            -64.167016,
            -31.430815
          ],
          [
            -64.167219,
            -31.430756
          ],
          [
            -64.167464,
            -31.430679
          ],
          [
            -64.167562,
            -31.430644
          ],
          [
            -64.167723,
            -31.430581
          ],
          [
            -64.167823,
            -31.430541
          ],
          [
            -64.168149,
            -31.430396
          ],
          [
            -64.169074,
            -31.429933
          ],
          [
            -64.16941,
            -31.429766
          ],
          [
            -64.169499,
            -31.429715
          ],
          [
            -64.169571,
            -31.429668
          ],
          [
            -64.169949,
            -31.429393
          ],
          [
            -64.170085,
            -31.42927
          ],
          [
            -64.170208,
            -31.429155
          ],
          [
            -64.170661,
            -31.428681
          ],
          [
            -64.171112,
            -31.428201
          ],
          [
            -64.171415,
            -31.427895
          ],
          [
            -64.171577,
            -31.427733
          ],
          [
            -64.171664,
            -31.427636
          ],
          [
            -64.171768,
            -31.427531
          ],
          [
            -64.171952,
            -31.427347
          ],
          [
            -64.172051,
            -31.427248
          ],
          [
            -64.172232,
            -31.427067
          ],
          [
            -64.172823,
            -31.426481
          ],
          [
            -64.173023,
            -31.426288
          ],
          [
            -64.17363,
            -31.42569
          ],
          [
            -64.173962,
            -31.425359
          ],
          [
            -64.174126,
            -31.425195
          ],
          [
            -64.174333,
            -31.424975
          ],
          [
            -64.17439,
            -31.424913
          ],
          [
            -64.174546,
            -31.424738
          ],
          [
            -64.174613,
            -31.424663
          ],
          [
            -64.174672,
            -31.424607
          ],
          [
            -64.174792,
            -31.424495
          ],
          [
            -64.174942,
            -31.424368
          ],
          [
            -64.174997,
            -31.424309
          ],
          [
            -64.175271,
            -31.424
          ],
          [
            -64.175521,
            -31.42373
          ],
          [
            -64.175607,
            -31.423637
          ],
          [
            -64.175695,
            -31.423568
          ],
          [
            -64.175765,
            -31.423526
          ],
          [
            -64.175856,
            -31.423478
          ],
          [
            -64.175932,
            -31.423446
          ],
          [
            -64.175996,
            -31.423425
          ],
          [
            -64.176361,
            -31.423324
          ],
          [
            -64.176741,
            -31.423226
          ],
          [
            -64.177859,
            -31.422944
          ],
          [
            -64.179313,
            -31.422566
          ],
          [
            -64.180685,
            -31.422206
          ],
          [
            -64.181908,
            -31.421886
          ],
          [
            -64.181933,
            -31.42188
          ],
          [
            -64.182055,
            -31.421848
          ],
          [
            -64.183332,
            -31.421513
          ],
          [
            -64.183646,
            -31.421431
          ],
          [
            -64.184303,
            -31.421259
          ],
          [
            -64.184705,
            -31.421154
          ],
          [
            -64.186053,
            -31.420801
          ],
          [
            -64.186264,
            -31.420749
          ],
          [
            -64.187394,
            -31.420469
          ],
          [
            -64.187439,
            -31.420456
          ],
          [
            -64.187877,
            -31.420332
          ],
          [
            -64.188038,
            -31.420286
          ],
          [
            -64.188169,
            -31.420245
          ],
          [
            -64.188208,
            -31.420233
          ],
          [
            -64.188297,
            -31.420206
          ],
          [
            -64.188431,
            -31.42015
          ],
          [
            -64.188553,
            -31.4201
          ],
          [
            -64.188617,
            -31.420073
          ],
          [
            -64.188664,
            -31.420053
          ],
          [
            -64.188709,
            -31.420032
          ],
          [
            -64.188708,
            -31.420086
          ],
          [
            -64.188709,
            -31.420103
          ]
        ]
      }
    },
    {
      "type": "Feature",
      "id": "route-cordoba-2026-08-27-v3-what-if-balanced-load-v1-08",
      "properties": {
        "truckId": "vehicle-08",
        "waypointDistancesKm": [
          0,
          1.1835866008774028,
          3.109026413769957,
          6.427694923290609,
          11.322341916338491,
          17.71327165976432,
          25.42958229728452,
          28.436473885086432,
          39.6614568462807,
          47.42678701767252,
          58.701894517717506
        ]
      },
      "geometry": {
        "type": "LineString",
        "coordinates": [
          [
            -64.188709,
            -31.420109
          ],
          [
            -64.18871,
            -31.420127
          ],
          [
            -64.188717,
            -31.420178
          ],
          [
            -64.188727,
            -31.42023
          ],
          [
            -64.188737,
            -31.420284
          ],
          [
            -64.188734,
            -31.420338
          ],
          [
            -64.188686,
            -31.420476
          ],
          [
            -64.188614,
            -31.420637
          ],
          [
            -64.188602,
            -31.420666
          ],
          [
            -64.188216,
            -31.421509
          ],
          [
            -64.188139,
            -31.421536
          ],
          [
            -64.187971,
            -31.421596
          ],
          [
            -64.187883,
            -31.421621
          ],
          [
            -64.186582,
            -31.422025
          ],
          [
            -64.185253,
            -31.422438
          ],
          [
            -64.184746,
            -31.421253
          ],
          [
            -64.184705,
            -31.421154
          ],
          [
            -64.186053,
            -31.420801
          ],
          [
            -64.186264,
            -31.420749
          ],
          [
            -64.187394,
            -31.420469
          ],
          [
            -64.187439,
            -31.420456
          ],
          [
            -64.187877,
            -31.420332
          ],
          [
            -64.188038,
            -31.420286
          ],
          [
            -64.188169,
            -31.420245
          ],
          [
            -64.188208,
            -31.420233
          ],
          [
            -64.188297,
            -31.420206
          ],
          [
            -64.188431,
            -31.42015
          ],
          [
            -64.188553,
            -31.4201
          ],
          [
            -64.188617,
            -31.420073
          ],
          [
            -64.188664,
            -31.420053
          ],
          [
            -64.188709,
            -31.420032
          ],
          [
            -64.188747,
            -31.420017
          ],
          [
            -64.188791,
            -31.420004
          ],
          [
            -64.188816,
            -31.419999
          ],
          [
            -64.188834,
            -31.419994
          ],
          [
            -64.188873,
            -31.419986
          ],
          [
            -64.188902,
            -31.420031
          ],
          [
            -64.188915,
            -31.42005
          ],
          [
            -64.188942,
            -31.420119
          ],
          [
            -64.188957,
            -31.420203
          ],
          [
            -64.188948,
            -31.420282
          ],
          [
            -64.188947,
            -31.420332
          ],
          [
            -64.188949,
            -31.420382
          ],
          [
            -64.188958,
            -31.420447
          ],
          [
            -64.189023,
            -31.42062
          ],
          [
            -64.189256,
            -31.421209
          ],
          [
            -64.189285,
            -31.421277
          ],
          [
            -64.189743,
            -31.422336
          ],
          [
            -64.191026,
            -31.421953
          ],
          [
            -64.190613,
            -31.421516
          ],
          [
            -64.190113,
            -31.421069
          ],
          [
            -64.190082,
            -31.420974
          ],
          [
            -64.19,
            -31.420834
          ],
          [
            -64.189978,
            -31.420712
          ],
          [
            -64.18997,
            -31.420554
          ],
          [
            -64.189962,
            -31.420073
          ],
          [
            -64.189978,
            -31.419996
          ],
          [
            -64.190007,
            -31.419899
          ],
          [
            -64.189976,
            -31.419802
          ],
          [
            -64.189956,
            -31.419714
          ],
          [
            -64.189951,
            -31.419695
          ],
          [
            -64.189855,
            -31.419325
          ],
          [
            -64.189817,
            -31.419043
          ],
          [
            -64.189817,
            -31.418845
          ],
          [
            -64.189827,
            -31.418696
          ],
          [
            -64.189856,
            -31.418532
          ],
          [
            -64.189885,
            -31.418373
          ],
          [
            -64.189918,
            -31.418231
          ],
          [
            -64.18992,
            -31.418223
          ],
          [
            -64.189931,
            -31.418171
          ],
          [
            -64.189955,
            -31.418097
          ],
          [
            -64.189959,
            -31.418085
          ],
          [
            -64.190416,
            -31.416687
          ],
          [
            -64.190422,
            -31.416663
          ],
          [
            -64.190453,
            -31.416566
          ],
          [
            -64.190822,
            -31.41525
          ],
          [
            -64.191018,
            -31.414692
          ],
          [
            -64.190728,
            -31.414015
          ],
          [
            -64.190641,
            -31.413793
          ],
          [
            -64.190513,
            -31.413467
          ],
          [
            -64.190506,
            -31.413448
          ],
          [
            -64.190302,
            -31.412929
          ],
          [
            -64.190294,
            -31.412909
          ],
          [
            -64.190081,
            -31.412365
          ],
          [
            -64.190027,
            -31.412229
          ],
          [
            -64.189801,
            -31.411651
          ],
          [
            -64.189773,
            -31.411576
          ],
          [
            -64.189392,
            -31.410554
          ],
          [
            -64.189004,
            -31.409416
          ],
          [
            -64.18866,
            -31.409521
          ],
          [
            -64.188516,
            -31.409565
          ],
          [
            -64.188337,
            -31.409621
          ],
          [
            -64.187868,
            -31.409761
          ],
          [
            -64.187571,
            -31.40985
          ],
          [
            -64.187745,
            -31.410275
          ],
          [
            -64.188035,
            -31.410984
          ],
          [
            -64.188429,
            -31.411961
          ],
          [
            -64.188461,
            -31.412038
          ],
          [
            -64.188483,
            -31.412092
          ],
          [
            -64.188971,
            -31.413308
          ],
          [
            -64.189398,
            -31.414373
          ],
          [
            -64.189411,
            -31.414404
          ],
          [
            -64.189431,
            -31.414456
          ],
          [
            -64.189668,
            -31.415046
          ],
          [
            -64.189857,
            -31.415517
          ],
          [
            -64.189937,
            -31.415495
          ],
          [
            -64.190229,
            -31.415414
          ],
          [
            -64.190822,
            -31.41525
          ],
          [
            -64.191161,
            -31.41514
          ],
          [
            -64.190694,
            -31.416604
          ],
          [
            -64.190508,
            -31.417208
          ],
          [
            -64.190496,
            -31.417249
          ],
          [
            -64.190361,
            -31.417727
          ],
          [
            -64.190271,
            -31.418009
          ],
          [
            -64.190266,
            -31.418025
          ],
          [
            -64.190248,
            -31.418081
          ],
          [
            -64.19023,
            -31.418134
          ],
          [
            -64.190227,
            -31.418142
          ],
          [
            -64.190191,
            -31.418246
          ],
          [
            -64.190133,
            -31.418452
          ],
          [
            -64.190095,
            -31.418642
          ],
          [
            -64.190085,
            -31.41876
          ],
          [
            -64.190091,
            -31.418911
          ],
          [
            -64.19011,
            -31.419042
          ],
          [
            -64.190152,
            -31.419271
          ],
          [
            -64.190184,
            -31.41944
          ],
          [
            -64.190235,
            -31.419624
          ],
          [
            -64.19024,
            -31.419638
          ],
          [
            -64.190263,
            -31.419718
          ],
          [
            -64.190294,
            -31.419806
          ],
          [
            -64.19032,
            -31.419886
          ],
          [
            -64.190325,
            -31.419901
          ],
          [
            -64.190672,
            -31.420739
          ],
          [
            -64.190677,
            -31.42075
          ],
          [
            -64.190697,
            -31.420792
          ],
          [
            -64.19072,
            -31.420835
          ],
          [
            -64.190725,
            -31.420844
          ],
          [
            -64.19073,
            -31.420854
          ],
          [
            -64.190735,
            -31.420861
          ],
          [
            -64.190781,
            -31.420925
          ],
          [
            -64.190817,
            -31.420965
          ],
          [
            -64.190868,
            -31.421004
          ],
          [
            -64.191971,
            -31.421671
          ],
          [
            -64.191986,
            -31.42168
          ],
          [
            -64.192042,
            -31.421714
          ],
          [
            -64.192103,
            -31.421747
          ],
          [
            -64.192116,
            -31.421753
          ],
          [
            -64.192669,
            -31.422089
          ],
          [
            -64.192782,
            -31.422189
          ],
          [
            -64.192844,
            -31.422266
          ],
          [
            -64.192874,
            -31.422319
          ],
          [
            -64.193034,
            -31.422629
          ],
          [
            -64.193039,
            -31.422638
          ],
          [
            -64.193065,
            -31.422687
          ],
          [
            -64.19309,
            -31.422744
          ],
          [
            -64.193094,
            -31.422754
          ],
          [
            -64.193529,
            -31.423727
          ],
          [
            -64.193534,
            -31.423741
          ],
          [
            -64.193557,
            -31.423803
          ],
          [
            -64.193576,
            -31.423844
          ],
          [
            -64.19358,
            -31.423853
          ],
          [
            -64.194015,
            -31.424875
          ],
          [
            -64.194019,
            -31.424886
          ],
          [
            -64.194046,
            -31.424949
          ],
          [
            -64.194074,
            -31.42502
          ],
          [
            -64.194079,
            -31.425033
          ],
          [
            -64.194292,
            -31.425566
          ],
          [
            -64.194297,
            -31.425579
          ],
          [
            -64.194324,
            -31.425646
          ],
          [
            -64.194251,
            -31.425668
          ],
          [
            -64.194091,
            -31.425714
          ],
          [
            -64.194044,
            -31.425728
          ],
          [
            -64.192925,
            -31.426075
          ],
          [
            -64.192241,
            -31.42627
          ],
          [
            -64.191496,
            -31.426511
          ],
          [
            -64.191991,
            -31.427764
          ],
          [
            -64.192414,
            -31.428765
          ],
          [
            -64.192497,
            -31.428947
          ],
          [
            -64.192619,
            -31.429233
          ],
          [
            -64.19298,
            -31.430111
          ],
          [
            -64.193092,
            -31.430379
          ],
          [
            -64.193374,
            -31.431047
          ],
          [
            -64.192022,
            -31.431454
          ],
          [
            -64.191504,
            -31.431624
          ],
          [
            -64.191467,
            -31.431635
          ],
          [
            -64.191355,
            -31.431668
          ],
          [
            -64.190704,
            -31.431885
          ],
          [
            -64.190065,
            -31.432095
          ],
          [
            -64.189389,
            -31.432303
          ],
          [
            -64.189063,
            -31.432407
          ],
          [
            -64.188732,
            -31.432512
          ],
          [
            -64.189097,
            -31.4334
          ],
          [
            -64.189177,
            -31.433376
          ],
          [
            -64.18969,
            -31.433223
          ],
          [
            -64.189769,
            -31.433197
          ],
          [
            -64.189861,
            -31.433168
          ],
          [
            -64.190425,
            -31.432992
          ],
          [
            -64.19074,
            -31.432904
          ],
          [
            -64.191082,
            -31.432801
          ],
          [
            -64.191176,
            -31.432772
          ],
          [
            -64.192199,
            -31.432453
          ],
          [
            -64.192281,
            -31.432419
          ],
          [
            -64.192338,
            -31.432382
          ],
          [
            -64.192365,
            -31.432335
          ],
          [
            -64.192366,
            -31.432291
          ],
          [
            -64.192359,
            -31.432249
          ],
          [
            -64.192343,
            -31.432211
          ],
          [
            -64.192278,
            -31.432096
          ],
          [
            -64.19223,
            -31.43199
          ],
          [
            -64.192207,
            -31.43194
          ],
          [
            -64.192899,
            -31.43228
          ],
          [
            -64.193066,
            -31.432345
          ],
          [
            -64.193218,
            -31.432405
          ],
          [
            -64.193625,
            -31.432571
          ],
          [
            -64.193639,
            -31.432575
          ],
          [
            -64.193688,
            -31.432588
          ],
          [
            -64.193774,
            -31.432598
          ],
          [
            -64.193815,
            -31.432577
          ],
          [
            -64.193903,
            -31.432536
          ],
          [
            -64.193957,
            -31.432523
          ],
          [
            -64.19402,
            -31.432507
          ],
          [
            -64.194157,
            -31.43249
          ],
          [
            -64.194317,
            -31.432506
          ],
          [
            -64.194467,
            -31.432554
          ],
          [
            -64.194646,
            -31.432498
          ],
          [
            -64.194757,
            -31.432462
          ],
          [
            -64.194816,
            -31.432443
          ],
          [
            -64.195463,
            -31.432218
          ],
          [
            -64.196627,
            -31.431855
          ],
          [
            -64.196802,
            -31.431801
          ],
          [
            -64.198256,
            -31.43136
          ],
          [
            -64.198305,
            -31.431344
          ],
          [
            -64.198459,
            -31.431302
          ],
          [
            -64.198534,
            -31.431278
          ],
          [
            -64.198583,
            -31.431335
          ],
          [
            -64.198659,
            -31.431396
          ],
          [
            -64.198761,
            -31.431446
          ],
          [
            -64.198866,
            -31.431488
          ],
          [
            -64.198997,
            -31.431528
          ],
          [
            -64.199125,
            -31.431558
          ],
          [
            -64.199746,
            -31.431662
          ],
          [
            -64.199876,
            -31.431681
          ],
          [
            -64.200256,
            -31.43159
          ],
          [
            -64.200622,
            -31.431514
          ],
          [
            -64.201333,
            -31.431373
          ],
          [
            -64.202271,
            -31.431188
          ],
          [
            -64.20189,
            -31.429755
          ],
          [
            -64.201816,
            -31.42951
          ],
          [
            -64.201787,
            -31.429451
          ],
          [
            -64.201657,
            -31.42924
          ],
          [
            -64.201623,
            -31.429158
          ],
          [
            -64.201617,
            -31.429137
          ],
          [
            -64.201612,
            -31.429118
          ],
          [
            -64.201566,
            -31.428731
          ],
          [
            -64.202205,
            -31.428681
          ],
          [
            -64.202943,
            -31.428634
          ],
          [
            -64.203081,
            -31.428627
          ],
          [
            -64.203855,
            -31.428576
          ],
          [
            -64.204057,
            -31.42855
          ],
          [
            -64.204201,
            -31.428531
          ],
          [
            -64.20444,
            -31.428475
          ],
          [
            -64.206246,
            -31.428042
          ],
          [
            -64.207277,
            -31.427785
          ],
          [
            -64.207446,
            -31.427747
          ],
          [
            -64.207553,
            -31.427731
          ],
          [
            -64.207695,
            -31.427718
          ],
          [
            -64.207804,
            -31.427721
          ],
          [
            -64.207912,
            -31.427727
          ],
          [
            -64.208038,
            -31.427736
          ],
          [
            -64.208146,
            -31.427755
          ],
          [
            -64.208279,
            -31.427796
          ],
          [
            -64.208463,
            -31.427883
          ],
          [
            -64.208649,
            -31.427984
          ],
          [
            -64.209399,
            -31.428463
          ],
          [
            -64.20959,
            -31.428582
          ],
          [
            -64.209621,
            -31.428605
          ],
          [
            -64.209938,
            -31.428838
          ],
          [
            -64.210108,
            -31.428956
          ],
          [
            -64.210247,
            -31.429055
          ],
          [
            -64.210354,
            -31.429114
          ],
          [
            -64.210393,
            -31.429125
          ],
          [
            -64.210432,
            -31.429125
          ],
          [
            -64.210468,
            -31.429122
          ],
          [
            -64.210505,
            -31.429114
          ],
          [
            -64.210534,
            -31.4291
          ],
          [
            -64.210638,
            -31.429051
          ],
          [
            -64.21071,
            -31.429016
          ],
          [
            -64.210788,
            -31.428992
          ],
          [
            -64.210899,
            -31.42898
          ],
          [
            -64.21101,
            -31.428991
          ],
          [
            -64.211114,
            -31.429025
          ],
          [
            -64.211206,
            -31.42908
          ],
          [
            -64.211278,
            -31.429152
          ],
          [
            -64.211328,
            -31.429238
          ],
          [
            -64.211431,
            -31.429282
          ],
          [
            -64.211484,
            -31.429301
          ],
          [
            -64.211547,
            -31.429317
          ],
          [
            -64.211603,
            -31.429322
          ],
          [
            -64.211669,
            -31.429324
          ],
          [
            -64.211729,
            -31.429325
          ],
          [
            -64.211785,
            -31.429328
          ],
          [
            -64.211871,
            -31.429345
          ],
          [
            -64.211969,
            -31.429369
          ],
          [
            -64.212046,
            -31.429393
          ],
          [
            -64.212118,
            -31.42942
          ],
          [
            -64.212187,
            -31.42945
          ],
          [
            -64.212261,
            -31.429483
          ],
          [
            -64.212335,
            -31.429525
          ],
          [
            -64.212404,
            -31.429569
          ],
          [
            -64.212463,
            -31.429611
          ],
          [
            -64.212511,
            -31.429646
          ],
          [
            -64.212598,
            -31.429727
          ],
          [
            -64.212671,
            -31.429801
          ],
          [
            -64.212891,
            -31.430032
          ],
          [
            -64.212974,
            -31.430101
          ],
          [
            -64.21305,
            -31.430154
          ],
          [
            -64.213112,
            -31.430192
          ],
          [
            -64.213217,
            -31.430241
          ],
          [
            -64.213308,
            -31.430279
          ],
          [
            -64.21333,
            -31.430285
          ],
          [
            -64.21342,
            -31.430312
          ],
          [
            -64.213527,
            -31.430335
          ],
          [
            -64.21356,
            -31.430339
          ],
          [
            -64.213671,
            -31.430351
          ],
          [
            -64.213876,
            -31.430359
          ],
          [
            -64.213999,
            -31.430364
          ],
          [
            -64.214114,
            -31.43037
          ],
          [
            -64.214637,
            -31.430396
          ],
          [
            -64.214774,
            -31.430406
          ],
          [
            -64.214906,
            -31.430415
          ],
          [
            -64.215567,
            -31.430461
          ],
          [
            -64.216397,
            -31.430517
          ],
          [
            -64.217392,
            -31.430585
          ],
          [
            -64.218181,
            -31.430652
          ],
          [
            -64.219052,
            -31.430715
          ],
          [
            -64.219517,
            -31.430748
          ],
          [
            -64.220144,
            -31.430793
          ],
          [
            -64.220315,
            -31.430805
          ],
          [
            -64.220423,
            -31.430813
          ],
          [
            -64.221104,
            -31.430862
          ],
          [
            -64.221669,
            -31.430902
          ],
          [
            -64.221896,
            -31.430918
          ],
          [
            -64.222564,
            -31.430966
          ],
          [
            -64.222706,
            -31.430976
          ],
          [
            -64.223219,
            -31.431013
          ],
          [
            -64.223502,
            -31.431033
          ],
          [
            -64.224309,
            -31.431089
          ],
          [
            -64.225001,
            -31.431134
          ],
          [
            -64.225098,
            -31.431144
          ],
          [
            -64.225814,
            -31.431193
          ],
          [
            -64.226152,
            -31.431216
          ],
          [
            -64.226603,
            -31.431248
          ],
          [
            -64.2274,
            -31.431303
          ],
          [
            -64.228093,
            -31.43135
          ],
          [
            -64.22817,
            -31.431356
          ],
          [
            -64.228767,
            -31.431397
          ],
          [
            -64.228837,
            -31.431402
          ],
          [
            -64.229112,
            -31.431424
          ],
          [
            -64.229201,
            -31.431429
          ],
          [
            -64.229657,
            -31.431459
          ],
          [
            -64.230522,
            -31.431518
          ],
          [
            -64.231141,
            -31.431563
          ],
          [
            -64.23169,
            -31.431603
          ],
          [
            -64.231731,
            -31.431606
          ],
          [
            -64.231929,
            -31.431625
          ],
          [
            -64.231949,
            -31.431554
          ],
          [
            -64.232142,
            -31.431055
          ],
          [
            -64.232308,
            -31.430628
          ],
          [
            -64.23236,
            -31.430636
          ],
          [
            -64.233515,
            -31.430394
          ],
          [
            -64.234644,
            -31.430173
          ],
          [
            -64.235457,
            -31.430005
          ],
          [
            -64.235434,
            -31.42993
          ],
          [
            -64.235263,
            -31.429284
          ],
          [
            -64.235179,
            -31.428936
          ],
          [
            -64.235072,
            -31.428538
          ],
          [
            -64.234925,
            -31.427974
          ],
          [
            -64.234875,
            -31.427801
          ],
          [
            -64.234796,
            -31.42748
          ],
          [
            -64.234733,
            -31.427206
          ],
          [
            -64.234483,
            -31.426068
          ],
          [
            -64.234419,
            -31.425775
          ],
          [
            -64.234366,
            -31.425535
          ],
          [
            -64.234281,
            -31.425356
          ],
          [
            -64.234249,
            -31.425254
          ],
          [
            -64.234098,
            -31.424624
          ],
          [
            -64.234245,
            -31.424596
          ],
          [
            -64.234664,
            -31.424508
          ],
          [
            -64.234961,
            -31.424742
          ],
          [
            -64.236371,
            -31.42339
          ],
          [
            -64.237055,
            -31.422722
          ],
          [
            -64.237129,
            -31.422665
          ],
          [
            -64.237167,
            -31.422635
          ],
          [
            -64.237318,
            -31.422522
          ],
          [
            -64.237568,
            -31.422315
          ],
          [
            -64.237617,
            -31.422259
          ],
          [
            -64.238199,
            -31.421387
          ],
          [
            -64.238569,
            -31.420821
          ],
          [
            -64.238617,
            -31.420759
          ],
          [
            -64.238663,
            -31.42072
          ],
          [
            -64.238747,
            -31.420665
          ],
          [
            -64.239421,
            -31.420303
          ],
          [
            -64.24036,
            -31.419762
          ],
          [
            -64.241186,
            -31.419297
          ],
          [
            -64.241267,
            -31.419241
          ],
          [
            -64.241333,
            -31.419184
          ],
          [
            -64.241367,
            -31.419137
          ],
          [
            -64.2414,
            -31.419072
          ],
          [
            -64.241415,
            -31.419023
          ],
          [
            -64.241424,
            -31.418962
          ],
          [
            -64.241438,
            -31.417651
          ],
          [
            -64.241449,
            -31.416617
          ],
          [
            -64.24146,
            -31.415465
          ],
          [
            -64.241449,
            -31.41431
          ],
          [
            -64.241441,
            -31.414216
          ],
          [
            -64.241419,
            -31.414115
          ],
          [
            -64.241399,
            -31.414064
          ],
          [
            -64.241366,
            -31.41401
          ],
          [
            -64.241178,
            -31.413721
          ],
          [
            -64.241132,
            -31.413623
          ],
          [
            -64.241111,
            -31.41354
          ],
          [
            -64.241097,
            -31.413417
          ],
          [
            -64.241084,
            -31.413212
          ],
          [
            -64.24103,
            -31.412349
          ],
          [
            -64.240994,
            -31.411936
          ],
          [
            -64.240994,
            -31.411883
          ],
          [
            -64.241005,
            -31.4118
          ],
          [
            -64.241013,
            -31.411742
          ],
          [
            -64.241019,
            -31.411685
          ],
          [
            -64.241015,
            -31.411639
          ],
          [
            -64.240893,
            -31.411177
          ],
          [
            -64.240545,
            -31.40987
          ],
          [
            -64.240228,
            -31.408676
          ],
          [
            -64.240211,
            -31.408632
          ],
          [
            -64.240179,
            -31.408579
          ],
          [
            -64.240079,
            -31.408435
          ],
          [
            -64.240041,
            -31.408381
          ],
          [
            -64.240016,
            -31.408324
          ],
          [
            -64.239594,
            -31.406929
          ],
          [
            -64.23958,
            -31.406843
          ],
          [
            -64.239583,
            -31.406776
          ],
          [
            -64.239671,
            -31.406134
          ],
          [
            -64.239671,
            -31.40604
          ],
          [
            -64.239659,
            -31.405924
          ],
          [
            -64.239488,
            -31.405576
          ],
          [
            -64.23906,
            -31.404696
          ],
          [
            -64.238936,
            -31.40445
          ],
          [
            -64.238588,
            -31.403735
          ],
          [
            -64.238329,
            -31.403182
          ],
          [
            -64.238017,
            -31.402537
          ],
          [
            -64.237497,
            -31.401475
          ],
          [
            -64.237044,
            -31.400529
          ],
          [
            -64.236572,
            -31.399594
          ],
          [
            -64.236393,
            -31.399189
          ],
          [
            -64.236116,
            -31.398618
          ],
          [
            -64.235865,
            -31.398096
          ],
          [
            -64.235629,
            -31.397616
          ],
          [
            -64.235594,
            -31.397538
          ],
          [
            -64.235529,
            -31.3974
          ],
          [
            -64.235082,
            -31.396511
          ],
          [
            -64.234626,
            -31.395543
          ],
          [
            -64.234296,
            -31.394858
          ],
          [
            -64.234168,
            -31.394592
          ],
          [
            -64.233725,
            -31.393693
          ],
          [
            -64.233494,
            -31.393203
          ],
          [
            -64.233513,
            -31.393165
          ],
          [
            -64.233268,
            -31.392663
          ],
          [
            -64.233129,
            -31.392371
          ],
          [
            -64.233108,
            -31.392327
          ],
          [
            -64.233076,
            -31.392251
          ],
          [
            -64.233058,
            -31.392194
          ],
          [
            -64.233048,
            -31.392142
          ],
          [
            -64.233026,
            -31.392032
          ],
          [
            -64.232969,
            -31.39175
          ],
          [
            -64.232956,
            -31.391684
          ],
          [
            -64.232942,
            -31.391619
          ],
          [
            -64.232739,
            -31.390643
          ],
          [
            -64.232728,
            -31.390601
          ],
          [
            -64.232645,
            -31.390248
          ],
          [
            -64.232606,
            -31.390128
          ],
          [
            -64.232603,
            -31.39012
          ],
          [
            -64.232573,
            -31.390049
          ],
          [
            -64.232534,
            -31.389975
          ],
          [
            -64.232438,
            -31.389822
          ],
          [
            -64.23237,
            -31.389733
          ],
          [
            -64.232292,
            -31.389633
          ],
          [
            -64.232181,
            -31.389531
          ],
          [
            -64.232089,
            -31.389462
          ],
          [
            -64.231995,
            -31.389405
          ],
          [
            -64.231888,
            -31.389351
          ],
          [
            -64.231514,
            -31.389171
          ],
          [
            -64.230509,
            -31.3887
          ],
          [
            -64.229291,
            -31.388116
          ],
          [
            -64.229098,
            -31.388029
          ],
          [
            -64.228553,
            -31.387762
          ],
          [
            -64.228464,
            -31.387716
          ],
          [
            -64.2284,
            -31.387676
          ],
          [
            -64.228327,
            -31.387618
          ],
          [
            -64.22828,
            -31.387573
          ],
          [
            -64.22822,
            -31.387503
          ],
          [
            -64.228023,
            -31.387237
          ],
          [
            -64.22785,
            -31.387009
          ],
          [
            -64.227792,
            -31.386953
          ],
          [
            -64.227699,
            -31.386894
          ],
          [
            -64.227534,
            -31.386801
          ],
          [
            -64.226632,
            -31.386362
          ],
          [
            -64.226528,
            -31.386298
          ],
          [
            -64.226468,
            -31.386247
          ],
          [
            -64.22602,
            -31.385747
          ],
          [
            -64.225473,
            -31.385145
          ],
          [
            -64.225424,
            -31.385087
          ],
          [
            -64.225266,
            -31.384914
          ],
          [
            -64.225204,
            -31.384846
          ],
          [
            -64.22491,
            -31.384515
          ],
          [
            -64.224904,
            -31.384508
          ],
          [
            -64.224696,
            -31.384262
          ],
          [
            -64.224464,
            -31.383989
          ],
          [
            -64.224429,
            -31.383947
          ],
          [
            -64.224407,
            -31.38392
          ],
          [
            -64.224087,
            -31.383544
          ],
          [
            -64.223733,
            -31.383126
          ],
          [
            -64.223696,
            -31.383086
          ],
          [
            -64.223678,
            -31.383066
          ],
          [
            -64.223433,
            -31.382799
          ],
          [
            -64.223372,
            -31.382722
          ],
          [
            -64.223091,
            -31.382921
          ],
          [
            -64.222569,
            -31.383272
          ],
          [
            -64.222418,
            -31.383233
          ],
          [
            -64.221315,
            -31.383024
          ],
          [
            -64.220684,
            -31.382912
          ],
          [
            -64.220339,
            -31.382855
          ],
          [
            -64.219397,
            -31.382662
          ],
          [
            -64.21908,
            -31.38261
          ],
          [
            -64.218634,
            -31.382531
          ],
          [
            -64.217972,
            -31.382405
          ],
          [
            -64.217561,
            -31.382341
          ],
          [
            -64.217489,
            -31.382329
          ],
          [
            -64.217413,
            -31.38232
          ],
          [
            -64.216953,
            -31.382261
          ],
          [
            -64.216894,
            -31.382262
          ],
          [
            -64.216826,
            -31.382272
          ],
          [
            -64.216742,
            -31.382288
          ],
          [
            -64.216077,
            -31.382457
          ],
          [
            -64.214924,
            -31.382784
          ],
          [
            -64.214786,
            -31.382824
          ],
          [
            -64.213865,
            -31.383086
          ],
          [
            -64.213478,
            -31.383193
          ],
          [
            -64.213309,
            -31.383241
          ],
          [
            -64.212154,
            -31.383577
          ],
          [
            -64.211806,
            -31.383671
          ],
          [
            -64.210884,
            -31.383954
          ],
          [
            -64.210519,
            -31.384065
          ],
          [
            -64.209904,
            -31.384245
          ],
          [
            -64.209604,
            -31.38434
          ],
          [
            -64.208495,
            -31.384641
          ],
          [
            -64.208448,
            -31.384658
          ],
          [
            -64.208405,
            -31.384682
          ],
          [
            -64.20836,
            -31.38471
          ],
          [
            -64.208318,
            -31.384732
          ],
          [
            -64.207559,
            -31.385067
          ],
          [
            -64.207484,
            -31.38506
          ],
          [
            -64.207444,
            -31.385043
          ],
          [
            -64.207425,
            -31.385018
          ],
          [
            -64.207413,
            -31.384955
          ],
          [
            -64.207486,
            -31.3848
          ],
          [
            -64.207524,
            -31.384696
          ],
          [
            -64.207549,
            -31.384589
          ],
          [
            -64.207632,
            -31.384015
          ],
          [
            -64.206845,
            -31.383972
          ],
          [
            -64.205795,
            -31.383926
          ],
          [
            -64.20575,
            -31.383923
          ],
          [
            -64.205677,
            -31.383907
          ],
          [
            -64.205597,
            -31.383874
          ],
          [
            -64.204112,
            -31.383169
          ],
          [
            -64.203106,
            -31.382684
          ],
          [
            -64.202078,
            -31.382184
          ],
          [
            -64.201035,
            -31.381688
          ],
          [
            -64.200554,
            -31.381465
          ],
          [
            -64.200453,
            -31.381403
          ],
          [
            -64.200424,
            -31.381423
          ],
          [
            -64.200011,
            -31.381753
          ],
          [
            -64.199544,
            -31.38213
          ],
          [
            -64.199167,
            -31.382428
          ],
          [
            -64.199032,
            -31.38253
          ],
          [
            -64.198674,
            -31.38285
          ],
          [
            -64.198557,
            -31.382945
          ],
          [
            -64.197748,
            -31.383586
          ],
          [
            -64.197048,
            -31.384141
          ],
          [
            -64.196845,
            -31.384298
          ],
          [
            -64.196436,
            -31.384622
          ],
          [
            -64.196282,
            -31.384743
          ],
          [
            -64.196188,
            -31.384805
          ],
          [
            -64.196077,
            -31.38487
          ],
          [
            -64.195981,
            -31.384921
          ],
          [
            -64.19591,
            -31.384957
          ],
          [
            -64.195788,
            -31.385014
          ],
          [
            -64.195563,
            -31.385118
          ],
          [
            -64.19542,
            -31.385183
          ],
          [
            -64.19492,
            -31.385382
          ],
          [
            -64.194621,
            -31.38551
          ],
          [
            -64.194433,
            -31.385593
          ],
          [
            -64.194304,
            -31.385663
          ],
          [
            -64.194062,
            -31.385797
          ],
          [
            -64.193917,
            -31.385878
          ],
          [
            -64.193632,
            -31.386058
          ],
          [
            -64.193485,
            -31.386155
          ],
          [
            -64.192887,
            -31.386532
          ],
          [
            -64.192809,
            -31.386588
          ],
          [
            -64.192598,
            -31.386735
          ],
          [
            -64.192536,
            -31.386771
          ],
          [
            -64.192459,
            -31.38681
          ],
          [
            -64.192196,
            -31.386885
          ],
          [
            -64.192107,
            -31.386903
          ],
          [
            -64.191957,
            -31.38691
          ],
          [
            -64.191761,
            -31.386948
          ],
          [
            -64.191675,
            -31.386968
          ],
          [
            -64.191649,
            -31.386974
          ],
          [
            -64.191133,
            -31.387107
          ],
          [
            -64.191042,
            -31.387142
          ],
          [
            -64.190935,
            -31.387185
          ],
          [
            -64.190616,
            -31.387343
          ],
          [
            -64.190177,
            -31.387593
          ],
          [
            -64.189996,
            -31.387575
          ],
          [
            -64.189295,
            -31.387568
          ],
          [
            -64.187945,
            -31.387565
          ],
          [
            -64.187582,
            -31.387564
          ],
          [
            -64.187538,
            -31.387566
          ],
          [
            -64.187243,
            -31.387564
          ],
          [
            -64.18654,
            -31.387562
          ],
          [
            -64.18519,
            -31.387559
          ],
          [
            -64.183815,
            -31.387556
          ],
          [
            -64.182474,
            -31.387553
          ],
          [
            -64.181091,
            -31.38755
          ],
          [
            -64.179731,
            -31.387547
          ],
          [
            -64.178377,
            -31.387544
          ],
          [
            -64.17734,
            -31.387533
          ],
          [
            -64.177268,
            -31.387524
          ],
          [
            -64.177206,
            -31.387497
          ],
          [
            -64.177192,
            -31.387551
          ],
          [
            -64.177135,
            -31.387605
          ],
          [
            -64.175964,
            -31.387968
          ],
          [
            -64.175965,
            -31.387877
          ],
          [
            -64.174835,
            -31.388222
          ],
          [
            -64.173912,
            -31.388505
          ],
          [
            -64.17278,
            -31.388852
          ],
          [
            -64.17217,
            -31.389039
          ],
          [
            -64.17153,
            -31.388888
          ],
          [
            -64.170116,
            -31.388555
          ],
          [
            -64.16867,
            -31.388244
          ],
          [
            -64.167959,
            -31.388092
          ],
          [
            -64.167343,
            -31.387949
          ],
          [
            -64.166151,
            -31.387673
          ],
          [
            -64.165969,
            -31.387631
          ],
          [
            -64.165464,
            -31.38752
          ],
          [
            -64.16501,
            -31.38742
          ],
          [
            -64.164766,
            -31.387365
          ],
          [
            -64.163888,
            -31.387178
          ],
          [
            -64.163555,
            -31.387099
          ],
          [
            -64.162421,
            -31.386853
          ],
          [
            -64.161846,
            -31.386725
          ],
          [
            -64.161657,
            -31.386681
          ],
          [
            -64.161037,
            -31.386537
          ],
          [
            -64.160828,
            -31.386487
          ],
          [
            -64.160145,
            -31.386341
          ],
          [
            -64.15983,
            -31.386274
          ],
          [
            -64.158172,
            -31.38576
          ],
          [
            -64.157917,
            -31.385686
          ],
          [
            -64.157068,
            -31.385418
          ],
          [
            -64.156986,
            -31.385391
          ],
          [
            -64.156182,
            -31.385138
          ],
          [
            -64.155985,
            -31.385076
          ],
          [
            -64.15555,
            -31.384939
          ],
          [
            -64.155477,
            -31.385019
          ],
          [
            -64.15504,
            -31.385313
          ],
          [
            -64.154258,
            -31.38582
          ],
          [
            -64.153475,
            -31.386332
          ],
          [
            -64.152677,
            -31.386848
          ],
          [
            -64.152123,
            -31.387217
          ],
          [
            -64.152051,
            -31.387231
          ],
          [
            -64.15232,
            -31.387538
          ],
          [
            -64.152813,
            -31.388099
          ],
          [
            -64.152746,
            -31.388118
          ],
          [
            -64.152122,
            -31.388528
          ],
          [
            -64.151351,
            -31.389016
          ],
          [
            -64.150594,
            -31.388165
          ],
          [
            -64.14982,
            -31.387295
          ],
          [
            -64.149045,
            -31.386423
          ],
          [
            -64.148285,
            -31.38557
          ],
          [
            -64.147829,
            -31.385057
          ],
          [
            -64.147836,
            -31.384587
          ],
          [
            -64.147839,
            -31.384361
          ],
          [
            -64.147846,
            -31.383931
          ],
          [
            -64.147849,
            -31.383718
          ],
          [
            -64.147855,
            -31.383266
          ],
          [
            -64.147843,
            -31.382603
          ],
          [
            -64.147836,
            -31.382505
          ],
          [
            -64.147823,
            -31.381935
          ],
          [
            -64.147818,
            -31.38135
          ],
          [
            -64.147818,
            -31.381275
          ],
          [
            -64.147813,
            -31.381122
          ],
          [
            -64.147805,
            -31.380619
          ],
          [
            -64.147804,
            -31.380468
          ],
          [
            -64.147794,
            -31.379872
          ],
          [
            -64.147798,
            -31.379816
          ],
          [
            -64.147813,
            -31.379756
          ],
          [
            -64.147839,
            -31.379696
          ],
          [
            -64.147848,
            -31.37965
          ],
          [
            -64.147852,
            -31.379575
          ],
          [
            -64.147848,
            -31.378766
          ],
          [
            -64.14784,
            -31.377692
          ],
          [
            -64.147839,
            -31.377564
          ],
          [
            -64.147837,
            -31.37663
          ],
          [
            -64.147827,
            -31.375556
          ],
          [
            -64.147819,
            -31.374477
          ],
          [
            -64.147817,
            -31.373919
          ],
          [
            -64.147808,
            -31.373409
          ],
          [
            -64.147799,
            -31.372645
          ],
          [
            -64.147795,
            -31.372171
          ],
          [
            -64.147796,
            -31.371859
          ],
          [
            -64.147792,
            -31.371662
          ],
          [
            -64.147778,
            -31.370904
          ],
          [
            -64.147765,
            -31.370074
          ],
          [
            -64.146991,
            -31.370086
          ],
          [
            -64.146342,
            -31.37009
          ],
          [
            -64.145494,
            -31.370094
          ],
          [
            -64.144638,
            -31.370098
          ],
          [
            -64.143823,
            -31.370101
          ],
          [
            -64.143812,
            -31.36898
          ],
          [
            -64.14421,
            -31.368969
          ],
          [
            -64.144624,
            -31.368957
          ],
          [
            -64.145492,
            -31.36895
          ],
          [
            -64.146341,
            -31.368955
          ],
          [
            -64.146985,
            -31.368943
          ],
          [
            -64.147759,
            -31.368934
          ],
          [
            -64.147753,
            -31.368529
          ],
          [
            -64.147742,
            -31.36771
          ],
          [
            -64.147733,
            -31.367303
          ],
          [
            -64.147738,
            -31.366931
          ],
          [
            -64.147731,
            -31.366458
          ],
          [
            -64.147728,
            -31.366195
          ],
          [
            -64.147732,
            -31.366117
          ],
          [
            -64.147743,
            -31.366047
          ],
          [
            -64.147761,
            -31.365979
          ],
          [
            -64.14776,
            -31.365895
          ],
          [
            -64.147786,
            -31.365826
          ],
          [
            -64.147798,
            -31.365787
          ],
          [
            -64.147801,
            -31.365758
          ],
          [
            -64.147802,
            -31.365736
          ],
          [
            -64.147799,
            -31.3657
          ],
          [
            -64.147791,
            -31.365642
          ],
          [
            -64.14778,
            -31.365567
          ],
          [
            -64.147763,
            -31.365519
          ],
          [
            -64.147761,
            -31.365475
          ],
          [
            -64.147772,
            -31.365432
          ],
          [
            -64.147783,
            -31.365291
          ],
          [
            -64.147784,
            -31.365243
          ],
          [
            -64.147782,
            -31.365204
          ],
          [
            -64.147773,
            -31.365159
          ],
          [
            -64.147761,
            -31.365115
          ],
          [
            -64.147735,
            -31.365042
          ],
          [
            -64.147694,
            -31.364952
          ],
          [
            -64.147679,
            -31.364909
          ],
          [
            -64.14767,
            -31.364863
          ],
          [
            -64.147662,
            -31.364798
          ],
          [
            -64.147657,
            -31.364679
          ],
          [
            -64.147658,
            -31.364517
          ],
          [
            -64.147656,
            -31.364368
          ],
          [
            -64.147626,
            -31.364244
          ],
          [
            -64.147595,
            -31.364156
          ],
          [
            -64.147555,
            -31.364081
          ],
          [
            -64.147507,
            -31.364007
          ],
          [
            -64.147455,
            -31.363945
          ],
          [
            -64.147394,
            -31.363887
          ],
          [
            -64.147336,
            -31.36384
          ],
          [
            -64.147275,
            -31.363799
          ],
          [
            -64.147198,
            -31.363756
          ],
          [
            -64.146823,
            -31.363568
          ],
          [
            -64.146342,
            -31.36332
          ],
          [
            -64.146229,
            -31.363264
          ],
          [
            -64.146138,
            -31.363228
          ],
          [
            -64.146049,
            -31.363202
          ],
          [
            -64.145955,
            -31.363182
          ],
          [
            -64.145802,
            -31.363155
          ],
          [
            -64.145589,
            -31.363117
          ],
          [
            -64.145486,
            -31.363104
          ],
          [
            -64.145361,
            -31.363092
          ],
          [
            -64.145228,
            -31.363079
          ],
          [
            -64.145091,
            -31.363071
          ],
          [
            -64.144966,
            -31.363067
          ],
          [
            -64.144859,
            -31.363067
          ],
          [
            -64.144731,
            -31.363071
          ],
          [
            -64.144554,
            -31.363078
          ],
          [
            -64.144374,
            -31.363088
          ],
          [
            -64.144197,
            -31.363099
          ],
          [
            -64.14406,
            -31.363109
          ],
          [
            -64.143898,
            -31.363126
          ],
          [
            -64.143633,
            -31.363155
          ],
          [
            -64.143328,
            -31.363187
          ],
          [
            -64.142579,
            -31.363214
          ],
          [
            -64.142046,
            -31.363274
          ],
          [
            -64.140913,
            -31.363406
          ],
          [
            -64.140029,
            -31.363509
          ],
          [
            -64.139162,
            -31.36361
          ],
          [
            -64.13854,
            -31.363683
          ],
          [
            -64.138164,
            -31.363726
          ],
          [
            -64.137906,
            -31.363758
          ],
          [
            -64.137656,
            -31.363792
          ],
          [
            -64.13741,
            -31.363829
          ],
          [
            -64.137165,
            -31.363875
          ],
          [
            -64.136914,
            -31.363924
          ],
          [
            -64.136661,
            -31.363979
          ],
          [
            -64.136427,
            -31.364033
          ],
          [
            -64.13618,
            -31.364095
          ],
          [
            -64.135948,
            -31.364159
          ],
          [
            -64.13571,
            -31.364231
          ],
          [
            -64.135481,
            -31.364302
          ],
          [
            -64.135243,
            -31.36438
          ],
          [
            -64.135005,
            -31.364465
          ],
          [
            -64.134775,
            -31.36455
          ],
          [
            -64.134544,
            -31.364642
          ],
          [
            -64.134319,
            -31.364736
          ],
          [
            -64.1341,
            -31.364835
          ],
          [
            -64.133872,
            -31.36494
          ],
          [
            -64.133656,
            -31.365045
          ],
          [
            -64.133439,
            -31.365157
          ],
          [
            -64.133228,
            -31.365272
          ],
          [
            -64.13302,
            -31.365391
          ],
          [
            -64.132813,
            -31.365512
          ],
          [
            -64.132598,
            -31.365645
          ],
          [
            -64.132403,
            -31.365768
          ],
          [
            -64.132202,
            -31.365905
          ],
          [
            -64.13201,
            -31.366041
          ],
          [
            -64.131818,
            -31.366184
          ],
          [
            -64.131625,
            -31.366329
          ],
          [
            -64.131443,
            -31.366476
          ],
          [
            -64.131261,
            -31.366625
          ],
          [
            -64.131076,
            -31.366786
          ],
          [
            -64.130914,
            -31.366936
          ],
          [
            -64.130745,
            -31.367096
          ],
          [
            -64.130574,
            -31.367266
          ],
          [
            -64.130411,
            -31.367432
          ],
          [
            -64.130254,
            -31.367599
          ],
          [
            -64.130098,
            -31.367776
          ],
          [
            -64.129948,
            -31.367948
          ],
          [
            -64.1298,
            -31.368128
          ],
          [
            -64.129659,
            -31.368315
          ],
          [
            -64.129465,
            -31.368578
          ],
          [
            -64.129281,
            -31.368855
          ],
          [
            -64.129099,
            -31.36914
          ],
          [
            -64.128932,
            -31.369431
          ],
          [
            -64.12877,
            -31.369731
          ],
          [
            -64.128627,
            -31.370022
          ],
          [
            -64.128489,
            -31.370325
          ],
          [
            -64.12836,
            -31.370635
          ],
          [
            -64.128247,
            -31.370944
          ],
          [
            -64.128145,
            -31.371254
          ],
          [
            -64.128052,
            -31.371571
          ],
          [
            -64.127973,
            -31.371882
          ],
          [
            -64.127904,
            -31.372208
          ],
          [
            -64.127848,
            -31.37253
          ],
          [
            -64.127815,
            -31.372746
          ],
          [
            -64.12778,
            -31.373064
          ],
          [
            -64.127753,
            -31.373394
          ],
          [
            -64.127725,
            -31.373719
          ],
          [
            -64.127694,
            -31.374041
          ],
          [
            -64.127667,
            -31.374372
          ],
          [
            -64.127622,
            -31.374908
          ],
          [
            -64.127583,
            -31.375347
          ],
          [
            -64.127547,
            -31.375773
          ],
          [
            -64.127505,
            -31.376273
          ],
          [
            -64.127468,
            -31.376696
          ],
          [
            -64.127433,
            -31.377076
          ],
          [
            -64.127395,
            -31.377507
          ],
          [
            -64.127358,
            -31.377935
          ],
          [
            -64.127317,
            -31.378362
          ],
          [
            -64.127286,
            -31.378691
          ],
          [
            -64.127255,
            -31.379013
          ],
          [
            -64.127226,
            -31.379344
          ],
          [
            -64.127188,
            -31.379762
          ],
          [
            -64.127159,
            -31.380098
          ],
          [
            -64.127121,
            -31.380524
          ],
          [
            -64.127103,
            -31.380749
          ],
          [
            -64.127066,
            -31.381167
          ],
          [
            -64.127038,
            -31.381503
          ],
          [
            -64.126984,
            -31.382145
          ],
          [
            -64.126945,
            -31.382573
          ],
          [
            -64.126919,
            -31.382908
          ],
          [
            -64.126892,
            -31.383208
          ],
          [
            -64.126849,
            -31.383757
          ],
          [
            -64.12681,
            -31.38419
          ],
          [
            -64.126777,
            -31.384513
          ],
          [
            -64.126756,
            -31.384744
          ],
          [
            -64.126725,
            -31.385073
          ],
          [
            -64.126692,
            -31.385375
          ],
          [
            -64.126662,
            -31.38569
          ],
          [
            -64.126627,
            -31.386017
          ],
          [
            -64.1266,
            -31.386343
          ],
          [
            -64.12658,
            -31.386665
          ],
          [
            -64.126571,
            -31.386887
          ],
          [
            -64.126563,
            -31.387104
          ],
          [
            -64.126565,
            -31.387314
          ],
          [
            -64.126571,
            -31.387543
          ],
          [
            -64.126586,
            -31.387862
          ],
          [
            -64.1266,
            -31.388098
          ],
          [
            -64.126621,
            -31.388406
          ],
          [
            -64.126645,
            -31.388733
          ],
          [
            -64.126677,
            -31.389049
          ],
          [
            -64.126718,
            -31.389369
          ],
          [
            -64.126764,
            -31.389693
          ],
          [
            -64.1268,
            -31.389917
          ],
          [
            -64.126841,
            -31.390146
          ],
          [
            -64.126879,
            -31.390343
          ],
          [
            -64.126919,
            -31.390552
          ],
          [
            -64.126967,
            -31.390774
          ],
          [
            -64.127013,
            -31.390991
          ],
          [
            -64.127068,
            -31.39121
          ],
          [
            -64.127166,
            -31.391564
          ],
          [
            -64.127266,
            -31.391937
          ],
          [
            -64.127372,
            -31.392342
          ],
          [
            -64.127448,
            -31.392678
          ],
          [
            -64.127511,
            -31.392988
          ],
          [
            -64.127571,
            -31.393303
          ],
          [
            -64.127609,
            -31.393526
          ],
          [
            -64.127655,
            -31.393844
          ],
          [
            -64.127686,
            -31.394069
          ],
          [
            -64.127717,
            -31.394292
          ],
          [
            -64.127738,
            -31.394488
          ],
          [
            -64.127758,
            -31.394696
          ],
          [
            -64.127778,
            -31.394906
          ],
          [
            -64.127796,
            -31.395134
          ],
          [
            -64.127809,
            -31.39536
          ],
          [
            -64.127818,
            -31.395575
          ],
          [
            -64.127826,
            -31.395784
          ],
          [
            -64.127827,
            -31.39599
          ],
          [
            -64.127821,
            -31.396217
          ],
          [
            -64.127814,
            -31.396439
          ],
          [
            -64.127801,
            -31.396662
          ],
          [
            -64.127789,
            -31.396862
          ],
          [
            -64.127769,
            -31.397073
          ],
          [
            -64.12775,
            -31.397298
          ],
          [
            -64.127714,
            -31.397664
          ],
          [
            -64.127711,
            -31.397703
          ],
          [
            -64.127681,
            -31.397933
          ],
          [
            -64.127657,
            -31.398153
          ],
          [
            -64.127613,
            -31.398471
          ],
          [
            -64.127583,
            -31.398699
          ],
          [
            -64.127547,
            -31.39892
          ],
          [
            -64.127493,
            -31.399219
          ],
          [
            -64.127448,
            -31.399437
          ],
          [
            -64.127397,
            -31.399645
          ],
          [
            -64.127343,
            -31.399878
          ],
          [
            -64.127264,
            -31.40018
          ],
          [
            -64.127203,
            -31.400403
          ],
          [
            -64.127114,
            -31.400704
          ],
          [
            -64.127046,
            -31.400918
          ],
          [
            -64.126974,
            -31.401137
          ],
          [
            -64.126867,
            -31.401442
          ],
          [
            -64.126791,
            -31.401648
          ],
          [
            -64.126672,
            -31.401959
          ],
          [
            -64.126589,
            -31.402159
          ],
          [
            -64.126459,
            -31.402464
          ],
          [
            -64.126322,
            -31.40276
          ],
          [
            -64.126139,
            -31.403146
          ],
          [
            -64.126032,
            -31.403365
          ],
          [
            -64.125925,
            -31.403565
          ],
          [
            -64.125819,
            -31.403762
          ],
          [
            -64.125653,
            -31.404059
          ],
          [
            -64.125485,
            -31.404348
          ],
          [
            -64.125368,
            -31.404538
          ],
          [
            -64.125247,
            -31.404729
          ],
          [
            -64.125123,
            -31.404918
          ],
          [
            -64.124932,
            -31.405203
          ],
          [
            -64.124737,
            -31.405485
          ],
          [
            -64.124602,
            -31.405676
          ],
          [
            -64.124405,
            -31.405936
          ],
          [
            -64.124256,
            -31.406129
          ],
          [
            -64.124035,
            -31.406405
          ],
          [
            -64.123486,
            -31.407103
          ],
          [
            -64.123226,
            -31.407438
          ],
          [
            -64.123154,
            -31.407651
          ],
          [
            -64.123101,
            -31.407733
          ],
          [
            -64.123049,
            -31.407814
          ],
          [
            -64.123004,
            -31.407897
          ],
          [
            -64.122966,
            -31.407981
          ],
          [
            -64.122934,
            -31.408067
          ],
          [
            -64.122909,
            -31.408144
          ],
          [
            -64.122883,
            -31.408234
          ],
          [
            -64.122866,
            -31.40832
          ],
          [
            -64.122857,
            -31.408403
          ],
          [
            -64.12286,
            -31.408486
          ],
          [
            -64.12287,
            -31.408565
          ],
          [
            -64.122892,
            -31.408636
          ],
          [
            -64.122927,
            -31.408709
          ],
          [
            -64.122971,
            -31.40878
          ],
          [
            -64.123036,
            -31.408853
          ],
          [
            -64.123098,
            -31.408905
          ],
          [
            -64.123168,
            -31.408954
          ],
          [
            -64.123238,
            -31.408993
          ],
          [
            -64.123314,
            -31.409027
          ],
          [
            -64.123399,
            -31.409054
          ],
          [
            -64.123493,
            -31.409071
          ],
          [
            -64.123579,
            -31.409079
          ],
          [
            -64.123654,
            -31.40908
          ],
          [
            -64.123735,
            -31.409072
          ],
          [
            -64.123821,
            -31.409054
          ],
          [
            -64.12391,
            -31.409027
          ],
          [
            -64.12399,
            -31.40899
          ],
          [
            -64.124067,
            -31.408945
          ],
          [
            -64.124134,
            -31.408899
          ],
          [
            -64.124198,
            -31.408842
          ],
          [
            -64.124318,
            -31.408716
          ],
          [
            -64.124452,
            -31.408577
          ],
          [
            -64.124582,
            -31.408428
          ],
          [
            -64.124622,
            -31.408374
          ],
          [
            -64.12466,
            -31.408305
          ],
          [
            -64.124683,
            -31.408236
          ],
          [
            -64.124704,
            -31.408168
          ],
          [
            -64.124726,
            -31.408089
          ],
          [
            -64.124728,
            -31.408045
          ],
          [
            -64.124737,
            -31.408003
          ],
          [
            -64.124753,
            -31.407962
          ],
          [
            -64.124774,
            -31.407928
          ],
          [
            -64.124799,
            -31.407897
          ],
          [
            -64.124828,
            -31.407869
          ],
          [
            -64.124864,
            -31.407846
          ],
          [
            -64.124902,
            -31.407831
          ],
          [
            -64.124946,
            -31.407821
          ],
          [
            -64.124999,
            -31.407814
          ],
          [
            -64.125054,
            -31.407812
          ],
          [
            -64.125109,
            -31.407819
          ],
          [
            -64.125186,
            -31.407845
          ],
          [
            -64.125519,
            -31.408024
          ],
          [
            -64.125882,
            -31.408213
          ],
          [
            -64.126075,
            -31.408307
          ],
          [
            -64.126263,
            -31.408404
          ],
          [
            -64.126453,
            -31.408502
          ],
          [
            -64.126609,
            -31.408576
          ],
          [
            -64.126756,
            -31.408637
          ],
          [
            -64.126928,
            -31.4087
          ],
          [
            -64.127098,
            -31.40876
          ],
          [
            -64.127265,
            -31.408815
          ],
          [
            -64.127452,
            -31.408871
          ],
          [
            -64.127637,
            -31.408928
          ],
          [
            -64.127749,
            -31.408968
          ],
          [
            -64.127858,
            -31.409015
          ],
          [
            -64.127972,
            -31.409071
          ],
          [
            -64.12809,
            -31.40913
          ],
          [
            -64.128224,
            -31.4092
          ],
          [
            -64.128365,
            -31.409268
          ],
          [
            -64.128509,
            -31.409327
          ],
          [
            -64.128648,
            -31.409374
          ],
          [
            -64.128789,
            -31.409406
          ],
          [
            -64.128971,
            -31.409433
          ],
          [
            -64.129135,
            -31.409451
          ],
          [
            -64.129307,
            -31.409453
          ],
          [
            -64.129409,
            -31.409446
          ],
          [
            -64.129516,
            -31.409437
          ],
          [
            -64.129665,
            -31.409407
          ],
          [
            -64.129851,
            -31.40935
          ],
          [
            -64.130012,
            -31.409283
          ],
          [
            -64.130188,
            -31.409188
          ],
          [
            -64.130734,
            -31.40886
          ],
          [
            -64.130961,
            -31.408719
          ],
          [
            -64.131167,
            -31.408572
          ],
          [
            -64.131271,
            -31.408501
          ],
          [
            -64.131368,
            -31.408422
          ],
          [
            -64.131503,
            -31.408295
          ],
          [
            -64.131601,
            -31.408181
          ],
          [
            -64.131667,
            -31.408085
          ],
          [
            -64.131731,
            -31.407973
          ],
          [
            -64.131786,
            -31.407848
          ],
          [
            -64.131864,
            -31.407646
          ],
          [
            -64.131923,
            -31.407519
          ],
          [
            -64.131991,
            -31.407395
          ],
          [
            -64.132047,
            -31.407296
          ],
          [
            -64.132111,
            -31.407192
          ],
          [
            -64.132182,
            -31.407093
          ],
          [
            -64.13226,
            -31.40698
          ],
          [
            -64.132338,
            -31.406881
          ],
          [
            -64.132876,
            -31.406308
          ],
          [
            -64.132975,
            -31.40622
          ],
          [
            -64.133073,
            -31.406145
          ],
          [
            -64.133188,
            -31.406069
          ],
          [
            -64.133311,
            -31.406004
          ],
          [
            -64.133442,
            -31.40595
          ],
          [
            -64.133574,
            -31.405918
          ],
          [
            -64.133702,
            -31.405901
          ],
          [
            -64.133821,
            -31.405897
          ],
          [
            -64.133932,
            -31.4059
          ],
          [
            -64.134054,
            -31.405914
          ],
          [
            -64.134195,
            -31.405948
          ],
          [
            -64.134468,
            -31.406035
          ],
          [
            -64.13464,
            -31.406095
          ],
          [
            -64.134701,
            -31.406113
          ],
          [
            -64.134771,
            -31.406127
          ],
          [
            -64.134912,
            -31.406152
          ],
          [
            -64.135257,
            -31.406214
          ],
          [
            -64.135416,
            -31.406243
          ],
          [
            -64.13554,
            -31.406273
          ],
          [
            -64.13606,
            -31.406411
          ],
          [
            -64.136216,
            -31.406448
          ],
          [
            -64.136921,
            -31.406618
          ],
          [
            -64.138718,
            -31.407061
          ],
          [
            -64.139485,
            -31.407289
          ],
          [
            -64.139653,
            -31.407338
          ],
          [
            -64.139812,
            -31.407381
          ],
          [
            -64.140193,
            -31.407474
          ],
          [
            -64.140375,
            -31.407515
          ],
          [
            -64.14051,
            -31.407554
          ],
          [
            -64.140647,
            -31.407596
          ],
          [
            -64.140775,
            -31.407656
          ],
          [
            -64.140894,
            -31.407732
          ],
          [
            -64.140989,
            -31.407808
          ],
          [
            -64.141087,
            -31.407913
          ],
          [
            -64.141154,
            -31.40801
          ],
          [
            -64.141213,
            -31.408114
          ],
          [
            -64.141251,
            -31.408219
          ],
          [
            -64.141276,
            -31.408321
          ],
          [
            -64.141283,
            -31.408419
          ],
          [
            -64.141278,
            -31.408531
          ],
          [
            -64.141256,
            -31.408656
          ],
          [
            -64.141172,
            -31.408966
          ],
          [
            -64.141106,
            -31.409173
          ],
          [
            -64.141035,
            -31.409378
          ],
          [
            -64.140973,
            -31.409557
          ],
          [
            -64.140727,
            -31.410487
          ],
          [
            -64.140706,
            -31.410571
          ],
          [
            -64.140702,
            -31.41059
          ],
          [
            -64.140698,
            -31.410632
          ],
          [
            -64.140698,
            -31.410662
          ],
          [
            -64.140708,
            -31.41072
          ],
          [
            -64.140772,
            -31.410772
          ],
          [
            -64.140813,
            -31.410839
          ],
          [
            -64.140827,
            -31.410914
          ],
          [
            -64.140823,
            -31.410955
          ],
          [
            -64.140803,
            -31.410999
          ],
          [
            -64.140765,
            -31.411059
          ],
          [
            -64.140694,
            -31.411111
          ],
          [
            -64.140683,
            -31.411206
          ],
          [
            -64.140687,
            -31.411257
          ],
          [
            -64.140717,
            -31.411361
          ],
          [
            -64.140971,
            -31.41204
          ],
          [
            -64.141368,
            -31.413115
          ],
          [
            -64.141781,
            -31.414198
          ],
          [
            -64.142188,
            -31.415251
          ],
          [
            -64.142563,
            -31.416283
          ],
          [
            -64.142826,
            -31.416927
          ],
          [
            -64.142895,
            -31.417082
          ],
          [
            -64.142988,
            -31.417263
          ],
          [
            -64.142867,
            -31.417303
          ],
          [
            -64.142789,
            -31.417326
          ],
          [
            -64.142707,
            -31.417337
          ],
          [
            -64.142055,
            -31.417392
          ],
          [
            -64.142225,
            -31.418455
          ],
          [
            -64.142387,
            -31.419527
          ],
          [
            -64.142545,
            -31.420598
          ],
          [
            -64.142712,
            -31.421647
          ],
          [
            -64.142766,
            -31.421985
          ],
          [
            -64.142887,
            -31.42274
          ],
          [
            -64.143037,
            -31.423799
          ],
          [
            -64.143046,
            -31.423857
          ],
          [
            -64.143082,
            -31.424095
          ],
          [
            -64.143212,
            -31.424956
          ],
          [
            -64.14338,
            -31.426002
          ],
          [
            -64.143543,
            -31.427086
          ],
          [
            -64.14358,
            -31.42734
          ],
          [
            -64.143505,
            -31.427595
          ],
          [
            -64.143474,
            -31.427684
          ],
          [
            -64.143205,
            -31.428219
          ],
          [
            -64.142611,
            -31.429326
          ],
          [
            -64.142374,
            -31.429727
          ],
          [
            -64.142184,
            -31.429978
          ],
          [
            -64.142029,
            -31.430147
          ],
          [
            -64.141885,
            -31.430274
          ],
          [
            -64.141759,
            -31.430353
          ],
          [
            -64.141562,
            -31.430447
          ],
          [
            -64.141382,
            -31.430489
          ],
          [
            -64.140523,
            -31.430603
          ],
          [
            -64.140435,
            -31.430627
          ],
          [
            -64.140347,
            -31.430676
          ],
          [
            -64.14026,
            -31.430746
          ],
          [
            -64.140203,
            -31.430797
          ],
          [
            -64.139943,
            -31.431098
          ],
          [
            -64.139825,
            -31.431265
          ],
          [
            -64.139765,
            -31.431387
          ],
          [
            -64.139732,
            -31.431477
          ],
          [
            -64.139702,
            -31.431603
          ],
          [
            -64.139708,
            -31.431695
          ],
          [
            -64.139734,
            -31.4318
          ],
          [
            -64.139767,
            -31.431879
          ],
          [
            -64.139937,
            -31.432184
          ],
          [
            -64.140237,
            -31.432483
          ],
          [
            -64.140288,
            -31.432524
          ],
          [
            -64.140354,
            -31.432565
          ],
          [
            -64.140466,
            -31.432616
          ],
          [
            -64.140556,
            -31.432652
          ],
          [
            -64.140664,
            -31.432682
          ],
          [
            -64.141106,
            -31.432775
          ],
          [
            -64.141445,
            -31.432819
          ],
          [
            -64.141731,
            -31.432823
          ],
          [
            -64.141846,
            -31.43286
          ],
          [
            -64.141886,
            -31.432877
          ],
          [
            -64.141926,
            -31.432915
          ],
          [
            -64.141961,
            -31.432973
          ],
          [
            -64.141974,
            -31.43301
          ],
          [
            -64.141978,
            -31.433071
          ],
          [
            -64.141962,
            -31.433176
          ],
          [
            -64.141831,
            -31.433177
          ],
          [
            -64.141595,
            -31.433161
          ],
          [
            -64.141239,
            -31.433101
          ],
          [
            -64.140915,
            -31.433006
          ],
          [
            -64.140632,
            -31.432874
          ],
          [
            -64.140335,
            -31.432688
          ],
          [
            -64.139959,
            -31.432382
          ],
          [
            -64.139875,
            -31.432332
          ],
          [
            -64.139784,
            -31.432285
          ],
          [
            -64.139296,
            -31.432072
          ],
          [
            -64.138963,
            -31.431953
          ],
          [
            -64.138634,
            -31.431854
          ],
          [
            -64.13853,
            -31.431837
          ],
          [
            -64.138293,
            -31.431814
          ],
          [
            -64.138157,
            -31.431818
          ],
          [
            -64.138051,
            -31.431836
          ],
          [
            -64.137943,
            -31.431874
          ],
          [
            -64.137633,
            -31.432023
          ],
          [
            -64.13704,
            -31.43229
          ],
          [
            -64.137009,
            -31.432301
          ],
          [
            -64.136928,
            -31.43233
          ],
          [
            -64.13642,
            -31.432468
          ],
          [
            -64.135807,
            -31.432636
          ],
          [
            -64.135205,
            -31.432804
          ],
          [
            -64.134701,
            -31.432948
          ],
          [
            -64.134592,
            -31.43298
          ],
          [
            -64.13448,
            -31.433017
          ],
          [
            -64.134407,
            -31.433048
          ],
          [
            -64.133861,
            -31.433298
          ],
          [
            -64.133265,
            -31.433591
          ],
          [
            -64.132763,
            -31.433821
          ],
          [
            -64.132601,
            -31.433908
          ],
          [
            -64.132472,
            -31.433985
          ],
          [
            -64.132368,
            -31.434052
          ],
          [
            -64.132253,
            -31.434134
          ],
          [
            -64.132161,
            -31.434202
          ],
          [
            -64.131725,
            -31.434614
          ],
          [
            -64.131582,
            -31.43475
          ],
          [
            -64.131503,
            -31.434829
          ],
          [
            -64.130854,
            -31.435477
          ],
          [
            -64.130015,
            -31.436298
          ],
          [
            -64.129608,
            -31.436682
          ],
          [
            -64.129476,
            -31.436818
          ],
          [
            -64.129328,
            -31.436996
          ],
          [
            -64.129245,
            -31.437102
          ],
          [
            -64.129183,
            -31.437195
          ],
          [
            -64.129135,
            -31.437279
          ],
          [
            -64.128941,
            -31.437648
          ],
          [
            -64.128883,
            -31.437759
          ],
          [
            -64.12885,
            -31.437846
          ],
          [
            -64.128769,
            -31.438092
          ],
          [
            -64.128716,
            -31.438254
          ],
          [
            -64.128681,
            -31.438335
          ],
          [
            -64.128642,
            -31.438406
          ],
          [
            -64.128553,
            -31.438542
          ],
          [
            -64.128493,
            -31.438622
          ],
          [
            -64.12843,
            -31.438693
          ],
          [
            -64.128264,
            -31.438877
          ],
          [
            -64.128212,
            -31.438937
          ],
          [
            -64.128157,
            -31.438996
          ],
          [
            -64.128104,
            -31.439076
          ],
          [
            -64.128043,
            -31.439193
          ],
          [
            -64.127932,
            -31.439404
          ],
          [
            -64.127712,
            -31.439818
          ],
          [
            -64.127663,
            -31.439923
          ],
          [
            -64.127616,
            -31.440029
          ],
          [
            -64.127578,
            -31.440125
          ],
          [
            -64.127541,
            -31.440225
          ],
          [
            -64.127504,
            -31.440336
          ],
          [
            -64.12747,
            -31.440465
          ],
          [
            -64.127436,
            -31.4406
          ],
          [
            -64.12738,
            -31.440838
          ],
          [
            -64.127354,
            -31.44096
          ],
          [
            -64.127333,
            -31.441044
          ],
          [
            -64.127309,
            -31.441122
          ],
          [
            -64.127281,
            -31.4412
          ],
          [
            -64.127235,
            -31.441299
          ],
          [
            -64.127175,
            -31.441395
          ],
          [
            -64.127112,
            -31.441478
          ],
          [
            -64.127019,
            -31.441589
          ],
          [
            -64.12688,
            -31.441733
          ],
          [
            -64.126494,
            -31.442109
          ],
          [
            -64.125996,
            -31.442597
          ],
          [
            -64.125619,
            -31.44295
          ],
          [
            -64.125351,
            -31.443206
          ],
          [
            -64.125078,
            -31.443459
          ],
          [
            -64.1246,
            -31.443928
          ],
          [
            -64.124473,
            -31.444051
          ],
          [
            -64.123943,
            -31.444586
          ],
          [
            -64.123487,
            -31.445033
          ],
          [
            -64.122962,
            -31.445538
          ],
          [
            -64.122325,
            -31.446151
          ],
          [
            -64.122044,
            -31.446428
          ],
          [
            -64.120917,
            -31.447534
          ],
          [
            -64.120492,
            -31.447955
          ],
          [
            -64.120112,
            -31.448349
          ],
          [
            -64.11999,
            -31.448456
          ],
          [
            -64.119842,
            -31.448578
          ],
          [
            -64.119352,
            -31.448933
          ],
          [
            -64.119162,
            -31.449077
          ],
          [
            -64.11864,
            -31.449497
          ],
          [
            -64.118499,
            -31.449614
          ],
          [
            -64.118291,
            -31.449834
          ],
          [
            -64.118128,
            -31.450043
          ],
          [
            -64.117845,
            -31.450478
          ],
          [
            -64.117709,
            -31.450677
          ],
          [
            -64.117637,
            -31.450778
          ],
          [
            -64.117511,
            -31.450924
          ],
          [
            -64.117415,
            -31.451028
          ],
          [
            -64.116727,
            -31.451704
          ],
          [
            -64.116484,
            -31.451924
          ],
          [
            -64.116333,
            -31.452069
          ],
          [
            -64.116304,
            -31.452095
          ],
          [
            -64.116269,
            -31.452126
          ],
          [
            -64.116027,
            -31.452343
          ],
          [
            -64.114214,
            -31.454126
          ],
          [
            -64.113109,
            -31.4552
          ],
          [
            -64.112332,
            -31.455979
          ],
          [
            -64.11203,
            -31.456266
          ],
          [
            -64.111902,
            -31.456393
          ],
          [
            -64.111538,
            -31.456747
          ],
          [
            -64.111358,
            -31.456915
          ],
          [
            -64.111244,
            -31.457022
          ],
          [
            -64.111101,
            -31.457155
          ],
          [
            -64.110667,
            -31.457589
          ],
          [
            -64.110219,
            -31.458012
          ],
          [
            -64.109783,
            -31.458433
          ],
          [
            -64.109371,
            -31.458839
          ],
          [
            -64.10897,
            -31.459235
          ],
          [
            -64.108561,
            -31.459654
          ],
          [
            -64.108337,
            -31.459863
          ],
          [
            -64.10812,
            -31.460052
          ],
          [
            -64.108017,
            -31.460154
          ],
          [
            -64.107883,
            -31.460287
          ],
          [
            -64.107626,
            -31.460543
          ],
          [
            -64.10738,
            -31.460784
          ],
          [
            -64.107282,
            -31.460811
          ],
          [
            -64.10657,
            -31.461523
          ],
          [
            -64.105897,
            -31.462175
          ],
          [
            -64.105222,
            -31.462829
          ],
          [
            -64.104586,
            -31.463446
          ],
          [
            -64.104386,
            -31.46364
          ],
          [
            -64.1037,
            -31.464282
          ],
          [
            -64.103636,
            -31.464341
          ],
          [
            -64.102969,
            -31.464977
          ],
          [
            -64.101559,
            -31.464987
          ],
          [
            -64.100276,
            -31.464996
          ],
          [
            -64.099686,
            -31.46499
          ],
          [
            -64.09963,
            -31.464991
          ],
          [
            -64.098961,
            -31.464992
          ],
          [
            -64.098308,
            -31.464993
          ],
          [
            -64.097678,
            -31.464994
          ],
          [
            -64.096917,
            -31.464996
          ],
          [
            -64.096903,
            -31.466227
          ],
          [
            -64.097183,
            -31.466228
          ],
          [
            -64.09766,
            -31.466231
          ],
          [
            -64.098308,
            -31.466231
          ],
          [
            -64.098964,
            -31.466233
          ],
          [
            -64.099623,
            -31.466235
          ],
          [
            -64.100276,
            -31.466232
          ],
          [
            -64.100276,
            -31.464996
          ],
          [
            -64.101559,
            -31.464987
          ],
          [
            -64.102969,
            -31.464977
          ],
          [
            -64.103636,
            -31.464341
          ],
          [
            -64.1037,
            -31.464282
          ],
          [
            -64.104386,
            -31.46364
          ],
          [
            -64.104586,
            -31.463446
          ],
          [
            -64.105222,
            -31.462829
          ],
          [
            -64.105897,
            -31.462175
          ],
          [
            -64.10657,
            -31.461523
          ],
          [
            -64.107282,
            -31.460811
          ],
          [
            -64.107328,
            -31.460751
          ],
          [
            -64.10762,
            -31.460465
          ],
          [
            -64.107699,
            -31.460385
          ],
          [
            -64.1078,
            -31.460279
          ],
          [
            -64.107981,
            -31.460123
          ],
          [
            -64.108077,
            -31.460025
          ],
          [
            -64.10811,
            -31.459995
          ],
          [
            -64.108229,
            -31.459886
          ],
          [
            -64.10837,
            -31.45975
          ],
          [
            -64.108748,
            -31.459375
          ],
          [
            -64.109339,
            -31.458789
          ],
          [
            -64.109918,
            -31.458218
          ],
          [
            -64.110536,
            -31.457626
          ],
          [
            -64.111076,
            -31.457083
          ],
          [
            -64.111187,
            -31.45698
          ],
          [
            -64.111839,
            -31.456333
          ],
          [
            -64.111962,
            -31.456218
          ],
          [
            -64.1123,
            -31.455902
          ],
          [
            -64.113051,
            -31.45516
          ],
          [
            -64.113534,
            -31.454686
          ],
          [
            -64.114152,
            -31.454083
          ],
          [
            -64.115117,
            -31.453165
          ],
          [
            -64.115282,
            -31.452998
          ],
          [
            -64.115359,
            -31.452921
          ],
          [
            -64.115374,
            -31.452905
          ],
          [
            -64.115769,
            -31.452488
          ],
          [
            -64.116201,
            -31.452066
          ],
          [
            -64.116276,
            -31.451989
          ],
          [
            -64.116412,
            -31.451868
          ],
          [
            -64.116537,
            -31.451752
          ],
          [
            -64.117283,
            -31.451063
          ],
          [
            -64.117439,
            -31.450889
          ],
          [
            -64.117519,
            -31.450796
          ],
          [
            -64.117684,
            -31.450576
          ],
          [
            -64.117783,
            -31.450433
          ],
          [
            -64.118048,
            -31.450014
          ],
          [
            -64.118207,
            -31.4498
          ],
          [
            -64.118303,
            -31.449685
          ],
          [
            -64.118427,
            -31.449561
          ],
          [
            -64.118571,
            -31.449426
          ],
          [
            -64.118711,
            -31.449305
          ],
          [
            -64.119095,
            -31.449016
          ],
          [
            -64.119288,
            -31.448866
          ],
          [
            -64.119401,
            -31.448781
          ],
          [
            -64.11983,
            -31.448464
          ],
          [
            -64.119984,
            -31.448343
          ],
          [
            -64.120142,
            -31.448192
          ],
          [
            -64.120417,
            -31.447916
          ],
          [
            -64.120856,
            -31.4475
          ],
          [
            -64.121991,
            -31.446364
          ],
          [
            -64.122065,
            -31.446289
          ],
          [
            -64.122127,
            -31.446211
          ],
          [
            -64.122184,
            -31.446129
          ],
          [
            -64.12225,
            -31.446023
          ],
          [
            -64.122305,
            -31.445917
          ],
          [
            -64.122341,
            -31.445823
          ],
          [
            -64.122376,
            -31.445709
          ],
          [
            -64.122398,
            -31.445596
          ],
          [
            -64.122409,
            -31.445472
          ],
          [
            -64.12241,
            -31.445356
          ],
          [
            -64.122402,
            -31.445199
          ],
          [
            -64.122376,
            -31.444724
          ],
          [
            -64.12235,
            -31.444214
          ],
          [
            -64.12231,
            -31.443543
          ],
          [
            -64.122325,
            -31.443265
          ],
          [
            -64.122344,
            -31.443161
          ],
          [
            -64.122371,
            -31.443065
          ],
          [
            -64.122398,
            -31.442987
          ],
          [
            -64.122439,
            -31.442894
          ],
          [
            -64.122477,
            -31.442817
          ],
          [
            -64.122525,
            -31.442739
          ],
          [
            -64.122578,
            -31.442657
          ],
          [
            -64.122641,
            -31.442576
          ],
          [
            -64.122753,
            -31.442457
          ],
          [
            -64.122833,
            -31.442381
          ],
          [
            -64.122928,
            -31.442312
          ],
          [
            -64.122978,
            -31.442279
          ],
          [
            -64.123058,
            -31.442228
          ],
          [
            -64.123161,
            -31.442175
          ],
          [
            -64.123279,
            -31.44212
          ],
          [
            -64.123395,
            -31.442075
          ],
          [
            -64.123523,
            -31.442036
          ],
          [
            -64.123661,
            -31.442001
          ],
          [
            -64.123787,
            -31.441981
          ],
          [
            -64.123923,
            -31.441969
          ],
          [
            -64.124055,
            -31.441968
          ],
          [
            -64.124174,
            -31.44197
          ],
          [
            -64.124307,
            -31.441986
          ],
          [
            -64.124438,
            -31.442008
          ],
          [
            -64.124624,
            -31.442051
          ],
          [
            -64.125022,
            -31.442162
          ],
          [
            -64.125183,
            -31.442197
          ],
          [
            -64.125327,
            -31.442219
          ],
          [
            -64.125441,
            -31.442228
          ],
          [
            -64.125544,
            -31.44223
          ],
          [
            -64.125643,
            -31.442228
          ],
          [
            -64.125767,
            -31.442216
          ],
          [
            -64.125885,
            -31.442197
          ],
          [
            -64.125996,
            -31.44217
          ],
          [
            -64.126104,
            -31.442136
          ],
          [
            -64.126204,
            -31.442099
          ],
          [
            -64.126306,
            -31.442053
          ],
          [
            -64.126386,
            -31.442012
          ],
          [
            -64.126471,
            -31.441963
          ],
          [
            -64.126556,
            -31.441907
          ],
          [
            -64.126665,
            -31.441824
          ],
          [
            -64.126768,
            -31.441728
          ],
          [
            -64.126861,
            -31.441627
          ],
          [
            -64.12693,
            -31.441545
          ],
          [
            -64.126985,
            -31.441479
          ],
          [
            -64.127039,
            -31.441403
          ],
          [
            -64.127081,
            -31.441337
          ],
          [
            -64.127123,
            -31.441266
          ],
          [
            -64.127161,
            -31.441193
          ],
          [
            -64.127195,
            -31.441117
          ],
          [
            -64.12723,
            -31.441019
          ],
          [
            -64.127266,
            -31.440899
          ],
          [
            -64.127312,
            -31.440728
          ],
          [
            -64.127363,
            -31.44051
          ],
          [
            -64.127392,
            -31.4404
          ],
          [
            -64.127425,
            -31.440292
          ],
          [
            -64.127478,
            -31.440152
          ],
          [
            -64.127531,
            -31.440021
          ],
          [
            -64.127585,
            -31.439898
          ],
          [
            -64.127646,
            -31.439764
          ],
          [
            -64.127755,
            -31.43954
          ],
          [
            -64.127916,
            -31.439233
          ],
          [
            -64.128072,
            -31.438928
          ],
          [
            -64.128093,
            -31.438867
          ],
          [
            -64.128118,
            -31.438796
          ],
          [
            -64.128195,
            -31.438503
          ],
          [
            -64.128222,
            -31.438401
          ],
          [
            -64.128267,
            -31.438265
          ],
          [
            -64.128296,
            -31.438197
          ],
          [
            -64.128324,
            -31.438146
          ],
          [
            -64.128367,
            -31.438101
          ],
          [
            -64.12849,
            -31.437994
          ],
          [
            -64.128547,
            -31.437947
          ],
          [
            -64.128644,
            -31.437839
          ],
          [
            -64.128691,
            -31.437782
          ],
          [
            -64.128725,
            -31.437723
          ],
          [
            -64.128786,
            -31.4376
          ],
          [
            -64.128881,
            -31.437396
          ],
          [
            -64.128981,
            -31.437237
          ],
          [
            -64.129054,
            -31.43713
          ],
          [
            -64.129141,
            -31.437011
          ],
          [
            -64.12925,
            -31.436881
          ],
          [
            -64.129405,
            -31.436702
          ],
          [
            -64.129533,
            -31.436565
          ],
          [
            -64.129889,
            -31.436226
          ],
          [
            -64.130678,
            -31.435428
          ],
          [
            -64.130745,
            -31.435361
          ],
          [
            -64.131379,
            -31.434738
          ],
          [
            -64.13146,
            -31.434659
          ],
          [
            -64.131604,
            -31.43452
          ],
          [
            -64.131812,
            -31.434318
          ],
          [
            -64.132004,
            -31.434148
          ],
          [
            -64.132131,
            -31.434043
          ],
          [
            -64.132241,
            -31.43396
          ],
          [
            -64.132372,
            -31.433879
          ],
          [
            -64.132513,
            -31.433804
          ],
          [
            -64.132674,
            -31.433718
          ],
          [
            -64.133241,
            -31.433447
          ],
          [
            -64.13368,
            -31.433238
          ],
          [
            -64.133857,
            -31.433153
          ],
          [
            -64.134346,
            -31.432919
          ],
          [
            -64.134434,
            -31.432884
          ],
          [
            -64.134551,
            -31.43285
          ],
          [
            -64.134651,
            -31.432824
          ],
          [
            -64.135802,
            -31.432523
          ],
          [
            -64.136063,
            -31.432451
          ],
          [
            -64.136884,
            -31.432226
          ],
          [
            -64.136969,
            -31.432194
          ],
          [
            -64.137044,
            -31.432165
          ],
          [
            -64.137769,
            -31.431816
          ],
          [
            -64.137936,
            -31.431752
          ],
          [
            -64.138091,
            -31.431703
          ],
          [
            -64.13828,
            -31.43166
          ],
          [
            -64.138469,
            -31.431636
          ],
          [
            -64.138619,
            -31.431621
          ],
          [
            -64.138759,
            -31.431614
          ],
          [
            -64.138808,
            -31.431611
          ],
          [
            -64.138948,
            -31.431619
          ],
          [
            -64.139072,
            -31.431636
          ],
          [
            -64.139202,
            -31.431671
          ],
          [
            -64.139326,
            -31.431712
          ],
          [
            -64.139498,
            -31.431805
          ],
          [
            -64.139937,
            -31.432184
          ],
          [
            -64.140237,
            -31.432483
          ],
          [
            -64.140288,
            -31.432524
          ],
          [
            -64.140354,
            -31.432565
          ],
          [
            -64.140466,
            -31.432616
          ],
          [
            -64.140556,
            -31.432652
          ],
          [
            -64.140664,
            -31.432682
          ],
          [
            -64.141106,
            -31.432775
          ],
          [
            -64.141445,
            -31.432819
          ],
          [
            -64.141731,
            -31.432823
          ],
          [
            -64.142746,
            -31.432803
          ],
          [
            -64.143318,
            -31.432814
          ],
          [
            -64.143567,
            -31.432828
          ],
          [
            -64.1438,
            -31.432851
          ],
          [
            -64.144016,
            -31.432874
          ],
          [
            -64.14416,
            -31.432901
          ],
          [
            -64.144656,
            -31.433032
          ],
          [
            -64.14496,
            -31.433099
          ],
          [
            -64.14519,
            -31.433146
          ],
          [
            -64.145392,
            -31.433179
          ],
          [
            -64.145543,
            -31.433204
          ],
          [
            -64.145681,
            -31.433221
          ],
          [
            -64.145811,
            -31.433233
          ],
          [
            -64.14591,
            -31.43324
          ],
          [
            -64.146099,
            -31.43325
          ],
          [
            -64.146275,
            -31.433257
          ],
          [
            -64.147077,
            -31.433251
          ],
          [
            -64.147383,
            -31.433249
          ],
          [
            -64.147544,
            -31.43325
          ],
          [
            -64.148072,
            -31.433253
          ],
          [
            -64.148307,
            -31.433255
          ],
          [
            -64.148426,
            -31.433256
          ],
          [
            -64.148501,
            -31.433256
          ],
          [
            -64.148592,
            -31.433256
          ],
          [
            -64.149626,
            -31.433257
          ],
          [
            -64.149953,
            -31.433257
          ],
          [
            -64.150087,
            -31.433249
          ],
          [
            -64.150205,
            -31.43323
          ],
          [
            -64.150711,
            -31.433131
          ],
          [
            -64.150858,
            -31.433113
          ],
          [
            -64.150989,
            -31.433098
          ],
          [
            -64.151235,
            -31.433072
          ],
          [
            -64.151502,
            -31.433053
          ],
          [
            -64.151672,
            -31.433046
          ],
          [
            -64.151832,
            -31.43304
          ],
          [
            -64.153013,
            -31.433052
          ],
          [
            -64.154139,
            -31.433047
          ],
          [
            -64.155463,
            -31.433044
          ],
          [
            -64.156185,
            -31.433043
          ],
          [
            -64.156754,
            -31.433042
          ],
          [
            -64.157146,
            -31.433035
          ],
          [
            -64.158757,
            -31.433038
          ],
          [
            -64.159772,
            -31.433062
          ],
          [
            -64.160113,
            -31.433062
          ],
          [
            -64.160304,
            -31.433057
          ],
          [
            -64.160494,
            -31.433042
          ],
          [
            -64.160717,
            -31.433014
          ],
          [
            -64.160906,
            -31.432989
          ],
          [
            -64.161094,
            -31.432954
          ],
          [
            -64.161392,
            -31.432878
          ],
          [
            -64.161506,
            -31.432841
          ],
          [
            -64.161705,
            -31.432776
          ],
          [
            -64.161884,
            -31.432713
          ],
          [
            -64.162088,
            -31.432626
          ],
          [
            -64.16227,
            -31.432542
          ],
          [
            -64.16311,
            -31.432082
          ],
          [
            -64.163381,
            -31.431933
          ],
          [
            -64.163693,
            -31.431762
          ],
          [
            -64.163898,
            -31.431656
          ],
          [
            -64.164122,
            -31.43154
          ],
          [
            -64.164282,
            -31.43147
          ],
          [
            -64.164505,
            -31.431378
          ],
          [
            -64.164719,
            -31.431294
          ],
          [
            -64.165003,
            -31.431213
          ],
          [
            -64.165169,
            -31.431172
          ],
          [
            -64.165356,
            -31.431132
          ],
          [
            -64.165639,
            -31.431087
          ],
          [
            -64.166364,
            -31.430964
          ],
          [
            -64.166859,
            -31.430856
          ],
          [
            -64.167016,
            -31.430815
          ],
          [
            -64.167219,
            -31.430756
          ],
          [
            -64.167464,
            -31.430679
          ],
          [
            -64.167562,
            -31.430644
          ],
          [
            -64.167723,
            -31.430581
          ],
          [
            -64.167823,
            -31.430541
          ],
          [
            -64.168149,
            -31.430396
          ],
          [
            -64.169074,
            -31.429933
          ],
          [
            -64.16941,
            -31.429766
          ],
          [
            -64.169499,
            -31.429715
          ],
          [
            -64.169571,
            -31.429668
          ],
          [
            -64.169949,
            -31.429393
          ],
          [
            -64.170085,
            -31.42927
          ],
          [
            -64.170208,
            -31.429155
          ],
          [
            -64.170661,
            -31.428681
          ],
          [
            -64.171112,
            -31.428201
          ],
          [
            -64.171415,
            -31.427895
          ],
          [
            -64.171577,
            -31.427733
          ],
          [
            -64.171664,
            -31.427636
          ],
          [
            -64.171768,
            -31.427531
          ],
          [
            -64.171952,
            -31.427347
          ],
          [
            -64.172051,
            -31.427248
          ],
          [
            -64.172232,
            -31.427067
          ],
          [
            -64.172823,
            -31.426481
          ],
          [
            -64.173023,
            -31.426288
          ],
          [
            -64.17363,
            -31.42569
          ],
          [
            -64.173962,
            -31.425359
          ],
          [
            -64.174126,
            -31.425195
          ],
          [
            -64.174333,
            -31.424975
          ],
          [
            -64.17439,
            -31.424913
          ],
          [
            -64.174546,
            -31.424738
          ],
          [
            -64.174613,
            -31.424663
          ],
          [
            -64.174672,
            -31.424607
          ],
          [
            -64.174792,
            -31.424495
          ],
          [
            -64.174942,
            -31.424368
          ],
          [
            -64.174997,
            -31.424309
          ],
          [
            -64.175271,
            -31.424
          ],
          [
            -64.175521,
            -31.42373
          ],
          [
            -64.175607,
            -31.423637
          ],
          [
            -64.175695,
            -31.423568
          ],
          [
            -64.175765,
            -31.423526
          ],
          [
            -64.175856,
            -31.423478
          ],
          [
            -64.175932,
            -31.423446
          ],
          [
            -64.175996,
            -31.423425
          ],
          [
            -64.176361,
            -31.423324
          ],
          [
            -64.176741,
            -31.423226
          ],
          [
            -64.177859,
            -31.422944
          ],
          [
            -64.179313,
            -31.422566
          ],
          [
            -64.180685,
            -31.422206
          ],
          [
            -64.181908,
            -31.421886
          ],
          [
            -64.181933,
            -31.42188
          ],
          [
            -64.182055,
            -31.421848
          ],
          [
            -64.183332,
            -31.421513
          ],
          [
            -64.183646,
            -31.421431
          ],
          [
            -64.184303,
            -31.421259
          ],
          [
            -64.184705,
            -31.421154
          ],
          [
            -64.186053,
            -31.420801
          ],
          [
            -64.186264,
            -31.420749
          ],
          [
            -64.187394,
            -31.420469
          ],
          [
            -64.187439,
            -31.420456
          ],
          [
            -64.187877,
            -31.420332
          ],
          [
            -64.188038,
            -31.420286
          ],
          [
            -64.188169,
            -31.420245
          ],
          [
            -64.188208,
            -31.420233
          ],
          [
            -64.188297,
            -31.420206
          ],
          [
            -64.188431,
            -31.42015
          ],
          [
            -64.188553,
            -31.4201
          ],
          [
            -64.188617,
            -31.420073
          ],
          [
            -64.188664,
            -31.420053
          ],
          [
            -64.188709,
            -31.420032
          ],
          [
            -64.188708,
            -31.420086
          ],
          [
            -64.188709,
            -31.420103
          ]
        ]
      }
    }
  ]
}
