{
  "type": "FeatureCollection",
  "metadata": {
    "runId": "cordoba-2026-09-03-v3",
    "targetDate": "2026-09-03",
    "modelVersion": "fleetflow-v0.6"
  },
  "features": [
    {
      "type": "Feature",
      "id": "route-cordoba-2026-09-03-v3-01",
      "properties": {
        "truckId": "vehicle-01",
        "waypointDistancesKm": [
          0,
          2.933647020752104,
          5.170130459053067,
          6.058644393417767,
          7.985258787104574,
          11.377104850373915,
          12.60831488959093,
          12.93490296160076,
          14.265741629304323,
          24.483317345902762
        ]
      },
      "geometry": {
        "type": "LineString",
        "coordinates": [
          [
            -64.188709,
            -31.420109
          ],
          [
            -64.18871,
            -31.420127
          ],
          [
            -64.188717,
            -31.420178
          ],
          [
            -64.188727,
            -31.42023
          ],
          [
            -64.188737,
            -31.420284
          ],
          [
            -64.188734,
            -31.420338
          ],
          [
            -64.188686,
            -31.420476
          ],
          [
            -64.188614,
            -31.420637
          ],
          [
            -64.188602,
            -31.420666
          ],
          [
            -64.188216,
            -31.421509
          ],
          [
            -64.188139,
            -31.421536
          ],
          [
            -64.187971,
            -31.421596
          ],
          [
            -64.187883,
            -31.421621
          ],
          [
            -64.186582,
            -31.422025
          ],
          [
            -64.185253,
            -31.422438
          ],
          [
            -64.184746,
            -31.421253
          ],
          [
            -64.184705,
            -31.421154
          ],
          [
            -64.186053,
            -31.420801
          ],
          [
            -64.186264,
            -31.420749
          ],
          [
            -64.187394,
            -31.420469
          ],
          [
            -64.187439,
            -31.420456
          ],
          [
            -64.187877,
            -31.420332
          ],
          [
            -64.188038,
            -31.420286
          ],
          [
            -64.188169,
            -31.420245
          ],
          [
            -64.188208,
            -31.420233
          ],
          [
            -64.188297,
            -31.420206
          ],
          [
            -64.188431,
            -31.42015
          ],
          [
            -64.188553,
            -31.4201
          ],
          [
            -64.188617,
            -31.420073
          ],
          [
            -64.188664,
            -31.420053
          ],
          [
            -64.188709,
            -31.420032
          ],
          [
            -64.188747,
            -31.420017
          ],
          [
            -64.188791,
            -31.420004
          ],
          [
            -64.188816,
            -31.419999
          ],
          [
            -64.188834,
            -31.419994
          ],
          [
            -64.188873,
            -31.419986
          ],
          [
            -64.188977,
            -31.419966
          ],
          [
            -64.18928,
            -31.419934
          ],
          [
            -64.189473,
            -31.419896
          ],
          [
            -64.189832,
            -31.419802
          ],
          [
            -64.189976,
            -31.419802
          ],
          [
            -64.190263,
            -31.419718
          ],
          [
            -64.191479,
            -31.419398
          ],
          [
            -64.19279,
            -31.419035
          ],
          [
            -64.194047,
            -31.418698
          ],
          [
            -64.195343,
            -31.418339
          ],
          [
            -64.195893,
            -31.418187
          ],
          [
            -64.196665,
            -31.417972
          ],
          [
            -64.197822,
            -31.417657
          ],
          [
            -64.197979,
            -31.417614
          ],
          [
            -64.198433,
            -31.417486
          ],
          [
            -64.198706,
            -31.4174
          ],
          [
            -64.199394,
            -31.417167
          ],
          [
            -64.199549,
            -31.41713
          ],
          [
            -64.200832,
            -31.416911
          ],
          [
            -64.201834,
            -31.416784
          ],
          [
            -64.202689,
            -31.416673
          ],
          [
            -64.203428,
            -31.416565
          ],
          [
            -64.203522,
            -31.416545
          ],
          [
            -64.203699,
            -31.416511
          ],
          [
            -64.204232,
            -31.416381
          ],
          [
            -64.205161,
            -31.416135
          ],
          [
            -64.205209,
            -31.416128
          ],
          [
            -64.205286,
            -31.416133
          ],
          [
            -64.205615,
            -31.41616
          ],
          [
            -64.205638,
            -31.416216
          ],
          [
            -64.205627,
            -31.416272
          ],
          [
            -64.205421,
            -31.416695
          ],
          [
            -64.205294,
            -31.416935
          ],
          [
            -64.204978,
            -31.417014
          ],
          [
            -64.204199,
            -31.417184
          ],
          [
            -64.203706,
            -31.417296
          ],
          [
            -64.203153,
            -31.417422
          ],
          [
            -64.203007,
            -31.417447
          ],
          [
            -64.202933,
            -31.417452
          ],
          [
            -64.202321,
            -31.417435
          ],
          [
            -64.202234,
            -31.417439
          ],
          [
            -64.202119,
            -31.417471
          ],
          [
            -64.201676,
            -31.417614
          ],
          [
            -64.202405,
            -31.418948
          ],
          [
            -64.203145,
            -31.418797
          ],
          [
            -64.203673,
            -31.418681
          ],
          [
            -64.203778,
            -31.418646
          ],
          [
            -64.203878,
            -31.418607
          ],
          [
            -64.204069,
            -31.418521
          ],
          [
            -64.204309,
            -31.41841
          ],
          [
            -64.204481,
            -31.418324
          ],
          [
            -64.204558,
            -31.418298
          ],
          [
            -64.204767,
            -31.418905
          ],
          [
            -64.204976,
            -31.419494
          ],
          [
            -64.205174,
            -31.420051
          ],
          [
            -64.205379,
            -31.420653
          ],
          [
            -64.205578,
            -31.421214
          ],
          [
            -64.205912,
            -31.422068
          ],
          [
            -64.206701,
            -31.421808
          ],
          [
            -64.20781,
            -31.421464
          ],
          [
            -64.208802,
            -31.421156
          ],
          [
            -64.210115,
            -31.420904
          ],
          [
            -64.211468,
            -31.420643
          ],
          [
            -64.211519,
            -31.420605
          ],
          [
            -64.211581,
            -31.420578
          ],
          [
            -64.211657,
            -31.420561
          ],
          [
            -64.211783,
            -31.420534
          ],
          [
            -64.211945,
            -31.420505
          ],
          [
            -64.212468,
            -31.4204
          ],
          [
            -64.212596,
            -31.420384
          ],
          [
            -64.21306,
            -31.420349
          ],
          [
            -64.213654,
            -31.420319
          ],
          [
            -64.214028,
            -31.420296
          ],
          [
            -64.214443,
            -31.42025
          ],
          [
            -64.214462,
            -31.420326
          ],
          [
            -64.214688,
            -31.42122
          ],
          [
            -64.214898,
            -31.42118
          ],
          [
            -64.215397,
            -31.421084
          ],
          [
            -64.21562,
            -31.421041
          ],
          [
            -64.216142,
            -31.42094
          ],
          [
            -64.216256,
            -31.42092
          ],
          [
            -64.216876,
            -31.420796
          ],
          [
            -64.217443,
            -31.420689
          ],
          [
            -64.217642,
            -31.420652
          ],
          [
            -64.218108,
            -31.422421
          ],
          [
            -64.218573,
            -31.424184
          ],
          [
            -64.219042,
            -31.425955
          ],
          [
            -64.218287,
            -31.426102
          ],
          [
            -64.217649,
            -31.426226
          ],
          [
            -64.217327,
            -31.426288
          ],
          [
            -64.217017,
            -31.426348
          ],
          [
            -64.217168,
            -31.426943
          ],
          [
            -64.217274,
            -31.427359
          ],
          [
            -64.217359,
            -31.4277
          ],
          [
            -64.217995,
            -31.42758
          ],
          [
            -64.218647,
            -31.427457
          ],
          [
            -64.218287,
            -31.426102
          ],
          [
            -64.218116,
            -31.425457
          ],
          [
            -64.218026,
            -31.425117
          ],
          [
            -64.217942,
            -31.424801
          ],
          [
            -64.217816,
            -31.424327
          ],
          [
            -64.217739,
            -31.424036
          ],
          [
            -64.217449,
            -31.422936
          ],
          [
            -64.217352,
            -31.422569
          ],
          [
            -64.216876,
            -31.420796
          ],
          [
            -64.216649,
            -31.419912
          ],
          [
            -64.216628,
            -31.41983
          ],
          [
            -64.21715,
            -31.419779
          ],
          [
            -64.217304,
            -31.419769
          ],
          [
            -64.217624,
            -31.41977
          ],
          [
            -64.218439,
            -31.419781
          ],
          [
            -64.219769,
            -31.419799
          ],
          [
            -64.220379,
            -31.419807
          ],
          [
            -64.221389,
            -31.419821
          ],
          [
            -64.221492,
            -31.419817
          ],
          [
            -64.221887,
            -31.419769
          ],
          [
            -64.221947,
            -31.419775
          ],
          [
            -64.222007,
            -31.419817
          ],
          [
            -64.222656,
            -31.419686
          ],
          [
            -64.223543,
            -31.419508
          ],
          [
            -64.224417,
            -31.419352
          ],
          [
            -64.224679,
            -31.419302
          ],
          [
            -64.225058,
            -31.41923
          ],
          [
            -64.22543,
            -31.419159
          ],
          [
            -64.226535,
            -31.418949
          ],
          [
            -64.22715,
            -31.418832
          ],
          [
            -64.228001,
            -31.418663
          ],
          [
            -64.228859,
            -31.418494
          ],
          [
            -64.229694,
            -31.418329
          ],
          [
            -64.230628,
            -31.418147
          ],
          [
            -64.231462,
            -31.417985
          ],
          [
            -64.232289,
            -31.417824
          ],
          [
            -64.23215,
            -31.417315
          ],
          [
            -64.232021,
            -31.416833
          ],
          [
            -64.231979,
            -31.416677
          ],
          [
            -64.231712,
            -31.415677
          ],
          [
            -64.231693,
            -31.415609
          ],
          [
            -64.231447,
            -31.414689
          ],
          [
            -64.231257,
            -31.41398
          ],
          [
            -64.23112,
            -31.413463
          ],
          [
            -64.230994,
            -31.412993
          ],
          [
            -64.230868,
            -31.41252
          ],
          [
            -64.231933,
            -31.412314
          ],
          [
            -64.232048,
            -31.412292
          ],
          [
            -64.232625,
            -31.41218
          ],
          [
            -64.233462,
            -31.412018
          ],
          [
            -64.234023,
            -31.41191
          ],
          [
            -64.234547,
            -31.411809
          ],
          [
            -64.235012,
            -31.411719
          ],
          [
            -64.235466,
            -31.411631
          ],
          [
            -64.235665,
            -31.411592
          ],
          [
            -64.236414,
            -31.411448
          ],
          [
            -64.236927,
            -31.411348
          ],
          [
            -64.236989,
            -31.411345
          ],
          [
            -64.237065,
            -31.41135
          ],
          [
            -64.237176,
            -31.411379
          ],
          [
            -64.238143,
            -31.411633
          ],
          [
            -64.238467,
            -31.411726
          ],
          [
            -64.23854,
            -31.411743
          ],
          [
            -64.238675,
            -31.411755
          ],
          [
            -64.239044,
            -31.411782
          ],
          [
            -64.23929,
            -31.411796
          ],
          [
            -64.239697,
            -31.411825
          ],
          [
            -64.239992,
            -31.411844
          ],
          [
            -64.240129,
            -31.411844
          ],
          [
            -64.241005,
            -31.4118
          ],
          [
            -64.2411,
            -31.411796
          ],
          [
            -64.241222,
            -31.411789
          ],
          [
            -64.24133,
            -31.411783
          ],
          [
            -64.241863,
            -31.411755
          ],
          [
            -64.242479,
            -31.411722
          ],
          [
            -64.242951,
            -31.41169
          ],
          [
            -64.243667,
            -31.411656
          ],
          [
            -64.244163,
            -31.411622
          ],
          [
            -64.244276,
            -31.411615
          ],
          [
            -64.244571,
            -31.411599
          ],
          [
            -64.244894,
            -31.41157
          ],
          [
            -64.24504,
            -31.411562
          ],
          [
            -64.245469,
            -31.411519
          ],
          [
            -64.245762,
            -31.411495
          ],
          [
            -64.246208,
            -31.411452
          ],
          [
            -64.246346,
            -31.41144
          ],
          [
            -64.246434,
            -31.411438
          ],
          [
            -64.246514,
            -31.411437
          ],
          [
            -64.246596,
            -31.411444
          ],
          [
            -64.246675,
            -31.411461
          ],
          [
            -64.246666,
            -31.41161
          ],
          [
            -64.246653,
            -31.411661
          ],
          [
            -64.246418,
            -31.412442
          ],
          [
            -64.246241,
            -31.413051
          ],
          [
            -64.245973,
            -31.413846
          ],
          [
            -64.245935,
            -31.413968
          ],
          [
            -64.245902,
            -31.414095
          ],
          [
            -64.245893,
            -31.414197
          ],
          [
            -64.245899,
            -31.41471
          ],
          [
            -64.246388,
            -31.414708
          ],
          [
            -64.246904,
            -31.414706
          ],
          [
            -64.247453,
            -31.414707
          ],
          [
            -64.248124,
            -31.414706
          ],
          [
            -64.248125,
            -31.414585
          ],
          [
            -64.24813,
            -31.413781
          ],
          [
            -64.248122,
            -31.413217
          ],
          [
            -64.248116,
            -31.412017
          ],
          [
            -64.248116,
            -31.411981
          ],
          [
            -64.248116,
            -31.411949
          ],
          [
            -64.248155,
            -31.411948
          ],
          [
            -64.248194,
            -31.411945
          ],
          [
            -64.24924,
            -31.41187
          ],
          [
            -64.249446,
            -31.411855
          ],
          [
            -64.250304,
            -31.411781
          ],
          [
            -64.250808,
            -31.411742
          ],
          [
            -64.250904,
            -31.411736
          ],
          [
            -64.251227,
            -31.411707
          ],
          [
            -64.251793,
            -31.411669
          ],
          [
            -64.252149,
            -31.411647
          ],
          [
            -64.252616,
            -31.411612
          ],
          [
            -64.25339,
            -31.411549
          ],
          [
            -64.253489,
            -31.411538
          ],
          [
            -64.253555,
            -31.411538
          ],
          [
            -64.254239,
            -31.411532
          ],
          [
            -64.255737,
            -31.411526
          ],
          [
            -64.256458,
            -31.411531
          ],
          [
            -64.256907,
            -31.411535
          ],
          [
            -64.256917,
            -31.41245
          ],
          [
            -64.256918,
            -31.412544
          ],
          [
            -64.256907,
            -31.413531
          ],
          [
            -64.257491,
            -31.413524
          ],
          [
            -64.258063,
            -31.413525
          ],
          [
            -64.258647,
            -31.413528
          ],
          [
            -64.258646,
            -31.413157
          ],
          [
            -64.258644,
            -31.412542
          ],
          [
            -64.258649,
            -31.411519
          ],
          [
            -64.259213,
            -31.411516
          ],
          [
            -64.259432,
            -31.411519
          ],
          [
            -64.260165,
            -31.411517
          ],
          [
            -64.260376,
            -31.41152
          ],
          [
            -64.260914,
            -31.411519
          ],
          [
            -64.260955,
            -31.41152
          ],
          [
            -64.26154,
            -31.411521
          ],
          [
            -64.261672,
            -31.411522
          ],
          [
            -64.261929,
            -31.411521
          ],
          [
            -64.262373,
            -31.411519
          ],
          [
            -64.263124,
            -31.411528
          ],
          [
            -64.263862,
            -31.411528
          ],
          [
            -64.264391,
            -31.411531
          ],
          [
            -64.264687,
            -31.411537
          ],
          [
            -64.26491,
            -31.411541
          ],
          [
            -64.265415,
            -31.411549
          ],
          [
            -64.265959,
            -31.411549
          ],
          [
            -64.266144,
            -31.411551
          ],
          [
            -64.266145,
            -31.410362
          ],
          [
            -64.266149,
            -31.40955
          ],
          [
            -64.266151,
            -31.409236
          ],
          [
            -64.266153,
            -31.408944
          ],
          [
            -64.266158,
            -31.408028
          ],
          [
            -64.265677,
            -31.408027
          ],
          [
            -64.265415,
            -31.408027
          ],
          [
            -64.265425,
            -31.409236
          ],
          [
            -64.265419,
            -31.41036
          ],
          [
            -64.265415,
            -31.411549
          ],
          [
            -64.26491,
            -31.411541
          ],
          [
            -64.264687,
            -31.411537
          ],
          [
            -64.264391,
            -31.411531
          ],
          [
            -64.263862,
            -31.411528
          ],
          [
            -64.263851,
            -31.412539
          ],
          [
            -64.263845,
            -31.41304
          ],
          [
            -64.263839,
            -31.413539
          ],
          [
            -64.263844,
            -31.414524
          ],
          [
            -64.263838,
            -31.415517
          ],
          [
            -64.263841,
            -31.41576
          ],
          [
            -64.263844,
            -31.416503
          ],
          [
            -64.263846,
            -31.4169
          ],
          [
            -64.263842,
            -31.417496
          ],
          [
            -64.26385,
            -31.418093
          ],
          [
            -64.263854,
            -31.41849
          ],
          [
            -64.263853,
            -31.419246
          ],
          [
            -64.263856,
            -31.419487
          ],
          [
            -64.263866,
            -31.420477
          ],
          [
            -64.261764,
            -31.420475
          ],
          [
            -64.26153,
            -31.420477
          ],
          [
            -64.260387,
            -31.420479
          ],
          [
            -64.259215,
            -31.42048
          ],
          [
            -64.258063,
            -31.420475
          ],
          [
            -64.256901,
            -31.420475
          ],
          [
            -64.256226,
            -31.420474
          ],
          [
            -64.255748,
            -31.420474
          ],
          [
            -64.253595,
            -31.420467
          ],
          [
            -64.253406,
            -31.420451
          ],
          [
            -64.25229,
            -31.420442
          ],
          [
            -64.25171,
            -31.420438
          ],
          [
            -64.251157,
            -31.420439
          ],
          [
            -64.250879,
            -31.42044
          ],
          [
            -64.25051,
            -31.420441
          ],
          [
            -64.249541,
            -31.420445
          ],
          [
            -64.249305,
            -31.420445
          ],
          [
            -64.248519,
            -31.420448
          ],
          [
            -64.248171,
            -31.420449
          ],
          [
            -64.248102,
            -31.420459
          ],
          [
            -64.247997,
            -31.420473
          ],
          [
            -64.247023,
            -31.420482
          ],
          [
            -64.246898,
            -31.420483
          ],
          [
            -64.245954,
            -31.420496
          ],
          [
            -64.244901,
            -31.420504
          ],
          [
            -64.243869,
            -31.420532
          ],
          [
            -64.243339,
            -31.42054
          ],
          [
            -64.242881,
            -31.420551
          ],
          [
            -64.242838,
            -31.420551
          ],
          [
            -64.241771,
            -31.420541
          ],
          [
            -64.240796,
            -31.42054
          ],
          [
            -64.240167,
            -31.420544
          ],
          [
            -64.240112,
            -31.420554
          ],
          [
            -64.239566,
            -31.420797
          ],
          [
            -64.239531,
            -31.420684
          ],
          [
            -64.239476,
            -31.420498
          ],
          [
            -64.23944,
            -31.420373
          ],
          [
            -64.239135,
            -31.420537
          ],
          [
            -64.23876,
            -31.420743
          ],
          [
            -64.238712,
            -31.420774
          ],
          [
            -64.23869,
            -31.420799
          ],
          [
            -64.238606,
            -31.420905
          ],
          [
            -64.238538,
            -31.421003
          ],
          [
            -64.238279,
            -31.421396
          ],
          [
            -64.237692,
            -31.422292
          ],
          [
            -64.237644,
            -31.42235
          ],
          [
            -64.237591,
            -31.4224
          ],
          [
            -64.237199,
            -31.422701
          ],
          [
            -64.237133,
            -31.422759
          ],
          [
            -64.237064,
            -31.422818
          ],
          [
            -64.236431,
            -31.423435
          ],
          [
            -64.236371,
            -31.42339
          ],
          [
            -64.235894,
            -31.422996
          ],
          [
            -64.235567,
            -31.422721
          ],
          [
            -64.2346,
            -31.422901
          ],
          [
            -64.234469,
            -31.422926
          ],
          [
            -64.233683,
            -31.423082
          ],
          [
            -64.232846,
            -31.42325
          ],
          [
            -64.23199,
            -31.423422
          ],
          [
            -64.231099,
            -31.4236
          ],
          [
            -64.230258,
            -31.42377
          ],
          [
            -64.229427,
            -31.423937
          ],
          [
            -64.228554,
            -31.424112
          ],
          [
            -64.227356,
            -31.424347
          ],
          [
            -64.226129,
            -31.424582
          ],
          [
            -64.225367,
            -31.424727
          ],
          [
            -64.224928,
            -31.424814
          ],
          [
            -64.224202,
            -31.424956
          ],
          [
            -64.223429,
            -31.425101
          ],
          [
            -64.222765,
            -31.425231
          ],
          [
            -64.221993,
            -31.425384
          ],
          [
            -64.221259,
            -31.425526
          ],
          [
            -64.220521,
            -31.425669
          ],
          [
            -64.219769,
            -31.425813
          ],
          [
            -64.219042,
            -31.425955
          ],
          [
            -64.218287,
            -31.426102
          ],
          [
            -64.217649,
            -31.426226
          ],
          [
            -64.217327,
            -31.426288
          ],
          [
            -64.217017,
            -31.426348
          ],
          [
            -64.216671,
            -31.426408
          ],
          [
            -64.216315,
            -31.426484
          ],
          [
            -64.2159,
            -31.426567
          ],
          [
            -64.215662,
            -31.426611
          ],
          [
            -64.215017,
            -31.426734
          ],
          [
            -64.213216,
            -31.427048
          ],
          [
            -64.213131,
            -31.427065
          ],
          [
            -64.212522,
            -31.427176
          ],
          [
            -64.212437,
            -31.427191
          ],
          [
            -64.212407,
            -31.427196
          ],
          [
            -64.212341,
            -31.427208
          ],
          [
            -64.211808,
            -31.427305
          ],
          [
            -64.211743,
            -31.427317
          ],
          [
            -64.211663,
            -31.427331
          ],
          [
            -64.211105,
            -31.427433
          ],
          [
            -64.211043,
            -31.427444
          ],
          [
            -64.210427,
            -31.42756
          ],
          [
            -64.210334,
            -31.427578
          ],
          [
            -64.210227,
            -31.427596
          ],
          [
            -64.208754,
            -31.427879
          ],
          [
            -64.208649,
            -31.427984
          ],
          [
            -64.208463,
            -31.427883
          ],
          [
            -64.208279,
            -31.427796
          ],
          [
            -64.208146,
            -31.427755
          ],
          [
            -64.208038,
            -31.427736
          ],
          [
            -64.207912,
            -31.427727
          ],
          [
            -64.207804,
            -31.427721
          ],
          [
            -64.207695,
            -31.427718
          ],
          [
            -64.207553,
            -31.427731
          ],
          [
            -64.207446,
            -31.427747
          ],
          [
            -64.207277,
            -31.427785
          ],
          [
            -64.206246,
            -31.428042
          ],
          [
            -64.20444,
            -31.428475
          ],
          [
            -64.204201,
            -31.428531
          ],
          [
            -64.204057,
            -31.42855
          ],
          [
            -64.203855,
            -31.428576
          ],
          [
            -64.203081,
            -31.428627
          ],
          [
            -64.202943,
            -31.428634
          ],
          [
            -64.202205,
            -31.428681
          ],
          [
            -64.201566,
            -31.428731
          ],
          [
            -64.201252,
            -31.428756
          ],
          [
            -64.200677,
            -31.428802
          ],
          [
            -64.200619,
            -31.428809
          ],
          [
            -64.200024,
            -31.428863
          ],
          [
            -64.199805,
            -31.428859
          ],
          [
            -64.199682,
            -31.428836
          ],
          [
            -64.198513,
            -31.428558
          ],
          [
            -64.197892,
            -31.428419
          ],
          [
            -64.197755,
            -31.428385
          ],
          [
            -64.19764,
            -31.428351
          ],
          [
            -64.197483,
            -31.428302
          ],
          [
            -64.197381,
            -31.42827
          ],
          [
            -64.197254,
            -31.428218
          ],
          [
            -64.196639,
            -31.42792
          ],
          [
            -64.195274,
            -31.427165
          ],
          [
            -64.194872,
            -31.427
          ],
          [
            -64.194509,
            -31.426863
          ],
          [
            -64.194478,
            -31.426787
          ],
          [
            -64.194469,
            -31.426766
          ],
          [
            -64.194257,
            -31.426227
          ],
          [
            -64.194255,
            -31.426221
          ],
          [
            -64.194239,
            -31.42618
          ],
          [
            -64.19422,
            -31.426133
          ],
          [
            -64.194217,
            -31.426124
          ],
          [
            -64.194076,
            -31.425803
          ],
          [
            -64.194072,
            -31.425793
          ],
          [
            -64.194044,
            -31.425728
          ],
          [
            -64.194016,
            -31.425659
          ],
          [
            -64.194012,
            -31.425649
          ],
          [
            -64.193799,
            -31.425129
          ],
          [
            -64.193794,
            -31.425118
          ],
          [
            -64.193764,
            -31.425045
          ],
          [
            -64.193737,
            -31.424979
          ],
          [
            -64.193732,
            -31.424969
          ],
          [
            -64.193303,
            -31.423935
          ],
          [
            -64.1933,
            -31.423927
          ],
          [
            -64.19328,
            -31.423877
          ],
          [
            -64.193257,
            -31.423821
          ],
          [
            -64.193252,
            -31.423808
          ],
          [
            -64.193046,
            -31.423323
          ],
          [
            -64.19301,
            -31.423229
          ],
          [
            -64.192822,
            -31.422835
          ],
          [
            -64.192817,
            -31.422826
          ],
          [
            -64.192787,
            -31.422763
          ],
          [
            -64.192763,
            -31.42271
          ],
          [
            -64.192758,
            -31.422699
          ],
          [
            -64.192698,
            -31.422564
          ],
          [
            -64.192573,
            -31.422383
          ],
          [
            -64.192455,
            -31.422273
          ],
          [
            -64.192403,
            -31.42223
          ],
          [
            -64.192332,
            -31.42218
          ],
          [
            -64.191757,
            -31.421847
          ],
          [
            -64.191748,
            -31.421842
          ],
          [
            -64.191681,
            -31.421802
          ],
          [
            -64.19163,
            -31.421772
          ],
          [
            -64.191615,
            -31.421762
          ],
          [
            -64.190716,
            -31.421211
          ],
          [
            -64.190627,
            -31.421142
          ],
          [
            -64.190514,
            -31.42103
          ],
          [
            -64.190452,
            -31.420938
          ],
          [
            -64.19044,
            -31.420922
          ],
          [
            -64.190435,
            -31.420913
          ],
          [
            -64.19041,
            -31.420877
          ],
          [
            -64.19039,
            -31.420832
          ],
          [
            -64.190385,
            -31.420821
          ],
          [
            -64.190038,
            -31.420001
          ],
          [
            -64.190031,
            -31.419983
          ],
          [
            -64.190007,
            -31.419899
          ],
          [
            -64.189976,
            -31.419802
          ],
          [
            -64.189956,
            -31.419714
          ],
          [
            -64.189951,
            -31.419695
          ],
          [
            -64.189855,
            -31.419325
          ],
          [
            -64.189817,
            -31.419043
          ],
          [
            -64.18966,
            -31.418461
          ],
          [
            -64.189595,
            -31.418267
          ],
          [
            -64.189097,
            -31.417094
          ],
          [
            -64.189089,
            -31.417076
          ],
          [
            -64.189049,
            -31.417087
          ],
          [
            -64.18777,
            -31.417441
          ],
          [
            -64.187673,
            -31.417469
          ],
          [
            -64.18769,
            -31.41751
          ],
          [
            -64.188184,
            -31.418665
          ],
          [
            -64.188568,
            -31.419564
          ],
          [
            -64.188701,
            -31.419841
          ],
          [
            -64.188713,
            -31.419861
          ],
          [
            -64.188728,
            -31.419891
          ],
          [
            -64.188735,
            -31.419927
          ],
          [
            -64.188737,
            -31.419959
          ],
          [
            -64.188733,
            -31.419976
          ],
          [
            -64.188728,
            -31.419991
          ],
          [
            -64.188709,
            -31.420032
          ],
          [
            -64.188708,
            -31.420086
          ],
          [
            -64.188709,
            -31.420103
          ]
        ]
      }
    },
    {
      "type": "Feature",
      "id": "route-cordoba-2026-09-03-v3-02",
      "properties": {
        "truckId": "vehicle-02",
        "waypointDistancesKm": [
          0,
          2.013948933329416,
          3.272793081290932,
          3.936845843298942,
          7.547385015503483,
          12.172215826423455,
          21.266411792749377,
          23.972494173058347,
          27.899784738793233,
          42.90486320511829
        ]
      },
      "geometry": {
        "type": "LineString",
        "coordinates": [
          [
            -64.188709,
            -31.420109
          ],
          [
            -64.18871,
            -31.420127
          ],
          [
            -64.188717,
            -31.420178
          ],
          [
            -64.188727,
            -31.42023
          ],
          [
            -64.188737,
            -31.420284
          ],
          [
            -64.188734,
            -31.420338
          ],
          [
            -64.188686,
            -31.420476
          ],
          [
            -64.188614,
            -31.420637
          ],
          [
            -64.188602,
            -31.420666
          ],
          [
            -64.188216,
            -31.421509
          ],
          [
            -64.188139,
            -31.421536
          ],
          [
            -64.187971,
            -31.421596
          ],
          [
            -64.187883,
            -31.421621
          ],
          [
            -64.186582,
            -31.422025
          ],
          [
            -64.187051,
            -31.423184
          ],
          [
            -64.187348,
            -31.423089
          ],
          [
            -64.187455,
            -31.423057
          ],
          [
            -64.18837,
            -31.422766
          ],
          [
            -64.189743,
            -31.422336
          ],
          [
            -64.191026,
            -31.421953
          ],
          [
            -64.190613,
            -31.421516
          ],
          [
            -64.190113,
            -31.421069
          ],
          [
            -64.190082,
            -31.420974
          ],
          [
            -64.19,
            -31.420834
          ],
          [
            -64.189978,
            -31.420712
          ],
          [
            -64.18997,
            -31.420554
          ],
          [
            -64.189962,
            -31.420073
          ],
          [
            -64.189978,
            -31.419996
          ],
          [
            -64.190007,
            -31.419899
          ],
          [
            -64.189976,
            -31.419802
          ],
          [
            -64.189956,
            -31.419714
          ],
          [
            -64.189951,
            -31.419695
          ],
          [
            -64.189855,
            -31.419325
          ],
          [
            -64.189817,
            -31.419043
          ],
          [
            -64.189817,
            -31.418845
          ],
          [
            -64.189827,
            -31.418696
          ],
          [
            -64.189856,
            -31.418532
          ],
          [
            -64.189885,
            -31.418373
          ],
          [
            -64.189918,
            -31.418231
          ],
          [
            -64.18992,
            -31.418223
          ],
          [
            -64.189931,
            -31.418171
          ],
          [
            -64.189955,
            -31.418097
          ],
          [
            -64.189959,
            -31.418085
          ],
          [
            -64.190416,
            -31.416687
          ],
          [
            -64.190422,
            -31.416663
          ],
          [
            -64.190453,
            -31.416566
          ],
          [
            -64.190822,
            -31.41525
          ],
          [
            -64.191161,
            -31.41514
          ],
          [
            -64.192574,
            -31.414726
          ],
          [
            -64.193175,
            -31.41455
          ],
          [
            -64.193203,
            -31.414542
          ],
          [
            -64.193903,
            -31.414337
          ],
          [
            -64.194321,
            -31.414215
          ],
          [
            -64.195204,
            -31.413956
          ],
          [
            -64.195915,
            -31.413748
          ],
          [
            -64.196537,
            -31.413578
          ],
          [
            -64.197897,
            -31.413168
          ],
          [
            -64.197498,
            -31.412026
          ],
          [
            -64.197087,
            -31.410895
          ],
          [
            -64.198498,
            -31.410478
          ],
          [
            -64.199837,
            -31.410081
          ],
          [
            -64.199376,
            -31.40886
          ],
          [
            -64.198046,
            -31.409258
          ],
          [
            -64.197272,
            -31.409487
          ],
          [
            -64.197217,
            -31.409503
          ],
          [
            -64.196673,
            -31.409666
          ],
          [
            -64.195439,
            -31.41001
          ],
          [
            -64.195287,
            -31.410021
          ],
          [
            -64.195328,
            -31.410135
          ],
          [
            -64.195422,
            -31.410403
          ],
          [
            -64.195702,
            -31.41115
          ],
          [
            -64.195725,
            -31.41121
          ],
          [
            -64.195741,
            -31.411282
          ],
          [
            -64.197087,
            -31.410895
          ],
          [
            -64.198498,
            -31.410478
          ],
          [
            -64.19898,
            -31.410335
          ],
          [
            -64.199837,
            -31.410081
          ],
          [
            -64.199376,
            -31.40886
          ],
          [
            -64.199349,
            -31.408792
          ],
          [
            -64.200757,
            -31.408391
          ],
          [
            -64.201713,
            -31.40812
          ],
          [
            -64.202087,
            -31.408018
          ],
          [
            -64.20309,
            -31.407729
          ],
          [
            -64.203382,
            -31.407645
          ],
          [
            -64.203489,
            -31.407614
          ],
          [
            -64.204344,
            -31.407362
          ],
          [
            -64.204583,
            -31.407292
          ],
          [
            -64.205806,
            -31.406932
          ],
          [
            -64.206043,
            -31.406873
          ],
          [
            -64.206607,
            -31.4067
          ],
          [
            -64.206639,
            -31.40669
          ],
          [
            -64.207134,
            -31.406547
          ],
          [
            -64.207959,
            -31.406309
          ],
          [
            -64.208176,
            -31.406253
          ],
          [
            -64.208396,
            -31.406184
          ],
          [
            -64.209213,
            -31.405931
          ],
          [
            -64.210355,
            -31.405584
          ],
          [
            -64.211494,
            -31.405233
          ],
          [
            -64.211605,
            -31.405196
          ],
          [
            -64.212,
            -31.405067
          ],
          [
            -64.212627,
            -31.404861
          ],
          [
            -64.213768,
            -31.404502
          ],
          [
            -64.214599,
            -31.40424
          ],
          [
            -64.214912,
            -31.404141
          ],
          [
            -64.216036,
            -31.403788
          ],
          [
            -64.217154,
            -31.403436
          ],
          [
            -64.218309,
            -31.403072
          ],
          [
            -64.218994,
            -31.40285
          ],
          [
            -64.219446,
            -31.402708
          ],
          [
            -64.220585,
            -31.402345
          ],
          [
            -64.221708,
            -31.401988
          ],
          [
            -64.222808,
            -31.401621
          ],
          [
            -64.223958,
            -31.401244
          ],
          [
            -64.224141,
            -31.401188
          ],
          [
            -64.224425,
            -31.401101
          ],
          [
            -64.224871,
            -31.400964
          ],
          [
            -64.225119,
            -31.400888
          ],
          [
            -64.225045,
            -31.400729
          ],
          [
            -64.225004,
            -31.400626
          ],
          [
            -64.224639,
            -31.399796
          ],
          [
            -64.224218,
            -31.398837
          ],
          [
            -64.223786,
            -31.397844
          ],
          [
            -64.223387,
            -31.396894
          ],
          [
            -64.223289,
            -31.396653
          ],
          [
            -64.22311,
            -31.396221
          ],
          [
            -64.222975,
            -31.395906
          ],
          [
            -64.222941,
            -31.395701
          ],
          [
            -64.22278,
            -31.395315
          ],
          [
            -64.222375,
            -31.3944
          ],
          [
            -64.222354,
            -31.394361
          ],
          [
            -64.222333,
            -31.394371
          ],
          [
            -64.222223,
            -31.394426
          ],
          [
            -64.222122,
            -31.394472
          ],
          [
            -64.221512,
            -31.394678
          ],
          [
            -64.22138,
            -31.394726
          ],
          [
            -64.221248,
            -31.394761
          ],
          [
            -64.220656,
            -31.394896
          ],
          [
            -64.220562,
            -31.394919
          ],
          [
            -64.220386,
            -31.394948
          ],
          [
            -64.219879,
            -31.393894
          ],
          [
            -64.219835,
            -31.393823
          ],
          [
            -64.220594,
            -31.393268
          ],
          [
            -64.22084,
            -31.393079
          ],
          [
            -64.220877,
            -31.393125
          ],
          [
            -64.220933,
            -31.393178
          ],
          [
            -64.222279,
            -31.394278
          ],
          [
            -64.222324,
            -31.394321
          ],
          [
            -64.222354,
            -31.394361
          ],
          [
            -64.222375,
            -31.3944
          ],
          [
            -64.22278,
            -31.395315
          ],
          [
            -64.222941,
            -31.395701
          ],
          [
            -64.223078,
            -31.395853
          ],
          [
            -64.223226,
            -31.396176
          ],
          [
            -64.223528,
            -31.396875
          ],
          [
            -64.223886,
            -31.397712
          ],
          [
            -64.224326,
            -31.398725
          ],
          [
            -64.224356,
            -31.398794
          ],
          [
            -64.22439,
            -31.398873
          ],
          [
            -64.224802,
            -31.399814
          ],
          [
            -64.225075,
            -31.400436
          ],
          [
            -64.225096,
            -31.400484
          ],
          [
            -64.225255,
            -31.400846
          ],
          [
            -64.226545,
            -31.400426
          ],
          [
            -64.2266,
            -31.400408
          ],
          [
            -64.226881,
            -31.400319
          ],
          [
            -64.22766,
            -31.400072
          ],
          [
            -64.22833,
            -31.399859
          ],
          [
            -64.229165,
            -31.399591
          ],
          [
            -64.229486,
            -31.39949
          ],
          [
            -64.229634,
            -31.399442
          ],
          [
            -64.229939,
            -31.399344
          ],
          [
            -64.230454,
            -31.399176
          ],
          [
            -64.230658,
            -31.399109
          ],
          [
            -64.231527,
            -31.398848
          ],
          [
            -64.232862,
            -31.398413
          ],
          [
            -64.233231,
            -31.398293
          ],
          [
            -64.233296,
            -31.398272
          ],
          [
            -64.233741,
            -31.398127
          ],
          [
            -64.234724,
            -31.397814
          ],
          [
            -64.235064,
            -31.397702
          ],
          [
            -64.235594,
            -31.397538
          ],
          [
            -64.237176,
            -31.397031
          ],
          [
            -64.238299,
            -31.39667
          ],
          [
            -64.239423,
            -31.396307
          ],
          [
            -64.239921,
            -31.396158
          ],
          [
            -64.240356,
            -31.396044
          ],
          [
            -64.24052,
            -31.396015
          ],
          [
            -64.240599,
            -31.396001
          ],
          [
            -64.240899,
            -31.395972
          ],
          [
            -64.241155,
            -31.395955
          ],
          [
            -64.241408,
            -31.395955
          ],
          [
            -64.241705,
            -31.395959
          ],
          [
            -64.241857,
            -31.395962
          ],
          [
            -64.241986,
            -31.395969
          ],
          [
            -64.243274,
            -31.396036
          ],
          [
            -64.244063,
            -31.396078
          ],
          [
            -64.24446,
            -31.396094
          ],
          [
            -64.244583,
            -31.396101
          ],
          [
            -64.244688,
            -31.396105
          ],
          [
            -64.244843,
            -31.396112
          ],
          [
            -64.245515,
            -31.396146
          ],
          [
            -64.246642,
            -31.396201
          ],
          [
            -64.247109,
            -31.396221
          ],
          [
            -64.247208,
            -31.396221
          ],
          [
            -64.247307,
            -31.396213
          ],
          [
            -64.247429,
            -31.396192
          ],
          [
            -64.247516,
            -31.396172
          ],
          [
            -64.247613,
            -31.396146
          ],
          [
            -64.247695,
            -31.396124
          ],
          [
            -64.247797,
            -31.396073
          ],
          [
            -64.24785,
            -31.396042
          ],
          [
            -64.247893,
            -31.396015
          ],
          [
            -64.247935,
            -31.39597
          ],
          [
            -64.247999,
            -31.395679
          ],
          [
            -64.248015,
            -31.39561
          ],
          [
            -64.248098,
            -31.39535
          ],
          [
            -64.248107,
            -31.395319
          ],
          [
            -64.248179,
            -31.395076
          ],
          [
            -64.248216,
            -31.395005
          ],
          [
            -64.24826,
            -31.394956
          ],
          [
            -64.248296,
            -31.394925
          ],
          [
            -64.248358,
            -31.394892
          ],
          [
            -64.248423,
            -31.394864
          ],
          [
            -64.248535,
            -31.394821
          ],
          [
            -64.24865,
            -31.394775
          ],
          [
            -64.249485,
            -31.39447
          ],
          [
            -64.250308,
            -31.394186
          ],
          [
            -64.251104,
            -31.393903
          ],
          [
            -64.252021,
            -31.39359
          ],
          [
            -64.251791,
            -31.393054
          ],
          [
            -64.251757,
            -31.392986
          ],
          [
            -64.251487,
            -31.392444
          ],
          [
            -64.251189,
            -31.39183
          ],
          [
            -64.250893,
            -31.391233
          ],
          [
            -64.250707,
            -31.390853
          ],
          [
            -64.250582,
            -31.390593
          ],
          [
            -64.250545,
            -31.389994
          ],
          [
            -64.250582,
            -31.390593
          ],
          [
            -64.250707,
            -31.390853
          ],
          [
            -64.250893,
            -31.391233
          ],
          [
            -64.251189,
            -31.39183
          ],
          [
            -64.251665,
            -31.391658
          ],
          [
            -64.251684,
            -31.391651
          ],
          [
            -64.251758,
            -31.391625
          ],
          [
            -64.251809,
            -31.39171
          ],
          [
            -64.251874,
            -31.391769
          ],
          [
            -64.252351,
            -31.392098
          ],
          [
            -64.252777,
            -31.392382
          ],
          [
            -64.253266,
            -31.392199
          ],
          [
            -64.253933,
            -31.391969
          ],
          [
            -64.254016,
            -31.392138
          ],
          [
            -64.254258,
            -31.392643
          ],
          [
            -64.254316,
            -31.392764
          ],
          [
            -64.254368,
            -31.392862
          ],
          [
            -64.254658,
            -31.393476
          ],
          [
            -64.254703,
            -31.393569
          ],
          [
            -64.254905,
            -31.393983
          ],
          [
            -64.254968,
            -31.394112
          ],
          [
            -64.255244,
            -31.394727
          ],
          [
            -64.255481,
            -31.395218
          ],
          [
            -64.255523,
            -31.395301
          ],
          [
            -64.25563,
            -31.395263
          ],
          [
            -64.255901,
            -31.395167
          ],
          [
            -64.256188,
            -31.395065
          ],
          [
            -64.256472,
            -31.394965
          ],
          [
            -64.256689,
            -31.394888
          ],
          [
            -64.256876,
            -31.39482
          ],
          [
            -64.257083,
            -31.394742
          ],
          [
            -64.257258,
            -31.394679
          ],
          [
            -64.257547,
            -31.394574
          ],
          [
            -64.257748,
            -31.394506
          ],
          [
            -64.257816,
            -31.394482
          ],
          [
            -64.257923,
            -31.394443
          ],
          [
            -64.258068,
            -31.394392
          ],
          [
            -64.258203,
            -31.394349
          ],
          [
            -64.258343,
            -31.394311
          ],
          [
            -64.258494,
            -31.394275
          ],
          [
            -64.25865,
            -31.394246
          ],
          [
            -64.258811,
            -31.394221
          ],
          [
            -64.258974,
            -31.394202
          ],
          [
            -64.25912,
            -31.394191
          ],
          [
            -64.259266,
            -31.394185
          ],
          [
            -64.259397,
            -31.394182
          ],
          [
            -64.259536,
            -31.394187
          ],
          [
            -64.259646,
            -31.394194
          ],
          [
            -64.259743,
            -31.394203
          ],
          [
            -64.259863,
            -31.394215
          ],
          [
            -64.259977,
            -31.39423
          ],
          [
            -64.260127,
            -31.394257
          ],
          [
            -64.260317,
            -31.394291
          ],
          [
            -64.260489,
            -31.39432
          ],
          [
            -64.260659,
            -31.394349
          ],
          [
            -64.260742,
            -31.394363
          ],
          [
            -64.261502,
            -31.394495
          ],
          [
            -64.261889,
            -31.394552
          ],
          [
            -64.262312,
            -31.394571
          ],
          [
            -64.262663,
            -31.394554
          ],
          [
            -64.26291,
            -31.394538
          ],
          [
            -64.263087,
            -31.394516
          ],
          [
            -64.263325,
            -31.394474
          ],
          [
            -64.263595,
            -31.394395
          ],
          [
            -64.263742,
            -31.39434
          ],
          [
            -64.263857,
            -31.394291
          ],
          [
            -64.263997,
            -31.394228
          ],
          [
            -64.264112,
            -31.394173
          ],
          [
            -64.264205,
            -31.394128
          ],
          [
            -64.264307,
            -31.394074
          ],
          [
            -64.26439,
            -31.394024
          ],
          [
            -64.264459,
            -31.393975
          ],
          [
            -64.26454,
            -31.393913
          ],
          [
            -64.264593,
            -31.393868
          ],
          [
            -64.264639,
            -31.393829
          ],
          [
            -64.26469,
            -31.393782
          ],
          [
            -64.264742,
            -31.393725
          ],
          [
            -64.2648,
            -31.393656
          ],
          [
            -64.264857,
            -31.393585
          ],
          [
            -64.264906,
            -31.393521
          ],
          [
            -64.264944,
            -31.393461
          ],
          [
            -64.264983,
            -31.393397
          ],
          [
            -64.265017,
            -31.393329
          ],
          [
            -64.265055,
            -31.393249
          ],
          [
            -64.265085,
            -31.393174
          ],
          [
            -64.265108,
            -31.393102
          ],
          [
            -64.265124,
            -31.393033
          ],
          [
            -64.265137,
            -31.392961
          ],
          [
            -64.265149,
            -31.392879
          ],
          [
            -64.265153,
            -31.392811
          ],
          [
            -64.265153,
            -31.392735
          ],
          [
            -64.265145,
            -31.392654
          ],
          [
            -64.265133,
            -31.392583
          ],
          [
            -64.265118,
            -31.392487
          ],
          [
            -64.265091,
            -31.392348
          ],
          [
            -64.265065,
            -31.392218
          ],
          [
            -64.265041,
            -31.3921
          ],
          [
            -64.265016,
            -31.391998
          ],
          [
            -64.264983,
            -31.391902
          ],
          [
            -64.264936,
            -31.391787
          ],
          [
            -64.264857,
            -31.391614
          ],
          [
            -64.264751,
            -31.391396
          ],
          [
            -64.264643,
            -31.391175
          ],
          [
            -64.264532,
            -31.390952
          ],
          [
            -64.264391,
            -31.390479
          ],
          [
            -64.264185,
            -31.390108
          ],
          [
            -64.263886,
            -31.389602
          ],
          [
            -64.26369,
            -31.389279
          ],
          [
            -64.263478,
            -31.388937
          ],
          [
            -64.263256,
            -31.388575
          ],
          [
            -64.262979,
            -31.388129
          ],
          [
            -64.262704,
            -31.387683
          ],
          [
            -64.262439,
            -31.387256
          ],
          [
            -64.262176,
            -31.386832
          ],
          [
            -64.261712,
            -31.386077
          ],
          [
            -64.261175,
            -31.385208
          ],
          [
            -64.260878,
            -31.384728
          ],
          [
            -64.259956,
            -31.383244
          ],
          [
            -64.259593,
            -31.382677
          ],
          [
            -64.259206,
            -31.382105
          ],
          [
            -64.258972,
            -31.381775
          ],
          [
            -64.258736,
            -31.381452
          ],
          [
            -64.258433,
            -31.381048
          ],
          [
            -64.258145,
            -31.380678
          ],
          [
            -64.257918,
            -31.380395
          ],
          [
            -64.257677,
            -31.380107
          ],
          [
            -64.257443,
            -31.379832
          ],
          [
            -64.257192,
            -31.37954
          ],
          [
            -64.25683,
            -31.379136
          ],
          [
            -64.256259,
            -31.378514
          ],
          [
            -64.255859,
            -31.378082
          ],
          [
            -64.255387,
            -31.377548
          ],
          [
            -64.255043,
            -31.377146
          ],
          [
            -64.254744,
            -31.376785
          ],
          [
            -64.254487,
            -31.376469
          ],
          [
            -64.254252,
            -31.376167
          ],
          [
            -64.254041,
            -31.375884
          ],
          [
            -64.253831,
            -31.375594
          ],
          [
            -64.253569,
            -31.375226
          ],
          [
            -64.253329,
            -31.374859
          ],
          [
            -64.252964,
            -31.374276
          ],
          [
            -64.25268,
            -31.373787
          ],
          [
            -64.252401,
            -31.373274
          ],
          [
            -64.252208,
            -31.372907
          ],
          [
            -64.252006,
            -31.372506
          ],
          [
            -64.251903,
            -31.372288
          ],
          [
            -64.251807,
            -31.372075
          ],
          [
            -64.251691,
            -31.371818
          ],
          [
            -64.251618,
            -31.371654
          ],
          [
            -64.251508,
            -31.371392
          ],
          [
            -64.25138,
            -31.371072
          ],
          [
            -64.251253,
            -31.370749
          ],
          [
            -64.251134,
            -31.370421
          ],
          [
            -64.25102,
            -31.370104
          ],
          [
            -64.25092,
            -31.369809
          ],
          [
            -64.250799,
            -31.369458
          ],
          [
            -64.25071,
            -31.369199
          ],
          [
            -64.250564,
            -31.368767
          ],
          [
            -64.250336,
            -31.368124
          ],
          [
            -64.25024,
            -31.367872
          ],
          [
            -64.250152,
            -31.367659
          ],
          [
            -64.250043,
            -31.367425
          ],
          [
            -64.24995,
            -31.367236
          ],
          [
            -64.249853,
            -31.367053
          ],
          [
            -64.249737,
            -31.366856
          ],
          [
            -64.24959,
            -31.366629
          ],
          [
            -64.249444,
            -31.366424
          ],
          [
            -64.24931,
            -31.366246
          ],
          [
            -64.249161,
            -31.366061
          ],
          [
            -64.249053,
            -31.365935
          ],
          [
            -64.248933,
            -31.365802
          ],
          [
            -64.248755,
            -31.365615
          ],
          [
            -64.248575,
            -31.365443
          ],
          [
            -64.248389,
            -31.365274
          ],
          [
            -64.248248,
            -31.365154
          ],
          [
            -64.248074,
            -31.365017
          ],
          [
            -64.247868,
            -31.364863
          ],
          [
            -64.247663,
            -31.364721
          ],
          [
            -64.247435,
            -31.364569
          ],
          [
            -64.247254,
            -31.364462
          ],
          [
            -64.247044,
            -31.364344
          ],
          [
            -64.246828,
            -31.364229
          ],
          [
            -64.246553,
            -31.364093
          ],
          [
            -64.246314,
            -31.363982
          ],
          [
            -64.246072,
            -31.363876
          ],
          [
            -64.245805,
            -31.363766
          ],
          [
            -64.245559,
            -31.363665
          ],
          [
            -64.245321,
            -31.36357
          ],
          [
            -64.244865,
            -31.363386
          ],
          [
            -64.24458,
            -31.363268
          ],
          [
            -64.244343,
            -31.363155
          ],
          [
            -64.244155,
            -31.363058
          ],
          [
            -64.243915,
            -31.36293
          ],
          [
            -64.243707,
            -31.362814
          ],
          [
            -64.243528,
            -31.362708
          ],
          [
            -64.243369,
            -31.362603
          ],
          [
            -64.243224,
            -31.362509
          ],
          [
            -64.243023,
            -31.362368
          ],
          [
            -64.242822,
            -31.362218
          ],
          [
            -64.242635,
            -31.362072
          ],
          [
            -64.242472,
            -31.361936
          ],
          [
            -64.242327,
            -31.36181
          ],
          [
            -64.242193,
            -31.361685
          ],
          [
            -64.242056,
            -31.361552
          ],
          [
            -64.241948,
            -31.361439
          ],
          [
            -64.241837,
            -31.361318
          ],
          [
            -64.241677,
            -31.36113
          ],
          [
            -64.241529,
            -31.360946
          ],
          [
            -64.241387,
            -31.360761
          ],
          [
            -64.241279,
            -31.360613
          ],
          [
            -64.241183,
            -31.360467
          ],
          [
            -64.24106,
            -31.360276
          ],
          [
            -64.240939,
            -31.360074
          ],
          [
            -64.240824,
            -31.359872
          ],
          [
            -64.240714,
            -31.359665
          ],
          [
            -64.240619,
            -31.359482
          ],
          [
            -64.240551,
            -31.35935
          ],
          [
            -64.240372,
            -31.358997
          ],
          [
            -64.240041,
            -31.358304
          ],
          [
            -64.239964,
            -31.358145
          ],
          [
            -64.239858,
            -31.357959
          ],
          [
            -64.239771,
            -31.357808
          ],
          [
            -64.239678,
            -31.357671
          ],
          [
            -64.239585,
            -31.357547
          ],
          [
            -64.239457,
            -31.357382
          ],
          [
            -64.239327,
            -31.357205
          ],
          [
            -64.239188,
            -31.357031
          ],
          [
            -64.239036,
            -31.356853
          ],
          [
            -64.238878,
            -31.356682
          ],
          [
            -64.23868,
            -31.356483
          ],
          [
            -64.23851,
            -31.356319
          ],
          [
            -64.238329,
            -31.356162
          ],
          [
            -64.23816,
            -31.356024
          ],
          [
            -64.23797,
            -31.355878
          ],
          [
            -64.237769,
            -31.35573
          ],
          [
            -64.23747,
            -31.355535
          ],
          [
            -64.237182,
            -31.355366
          ],
          [
            -64.236965,
            -31.355242
          ],
          [
            -64.236639,
            -31.355071
          ],
          [
            -64.236215,
            -31.354853
          ],
          [
            -64.235694,
            -31.3546
          ],
          [
            -64.235352,
            -31.354429
          ],
          [
            -64.235126,
            -31.354317
          ],
          [
            -64.234828,
            -31.35418
          ],
          [
            -64.234646,
            -31.354109
          ],
          [
            -64.234344,
            -31.353988
          ],
          [
            -64.234102,
            -31.353902
          ],
          [
            -64.233806,
            -31.353806
          ],
          [
            -64.233504,
            -31.353712
          ],
          [
            -64.233225,
            -31.353634
          ],
          [
            -64.232924,
            -31.353554
          ],
          [
            -64.232565,
            -31.353469
          ],
          [
            -64.232324,
            -31.353422
          ],
          [
            -64.232077,
            -31.353374
          ],
          [
            -64.231706,
            -31.353315
          ],
          [
            -64.231241,
            -31.353246
          ],
          [
            -64.230694,
            -31.35324
          ],
          [
            -64.230451,
            -31.35322
          ],
          [
            -64.230197,
            -31.353199
          ],
          [
            -64.229963,
            -31.353182
          ],
          [
            -64.229728,
            -31.353172
          ],
          [
            -64.229601,
            -31.353169
          ],
          [
            -64.229517,
            -31.35317
          ],
          [
            -64.229439,
            -31.353179
          ],
          [
            -64.229335,
            -31.353193
          ],
          [
            -64.229149,
            -31.353226
          ],
          [
            -64.2287,
            -31.353307
          ],
          [
            -64.228276,
            -31.353383
          ],
          [
            -64.227973,
            -31.353438
          ],
          [
            -64.227696,
            -31.353484
          ],
          [
            -64.22735,
            -31.353543
          ],
          [
            -64.227042,
            -31.353588
          ],
          [
            -64.226732,
            -31.353625
          ],
          [
            -64.226522,
            -31.35365
          ],
          [
            -64.226388,
            -31.353669
          ],
          [
            -64.226291,
            -31.353684
          ],
          [
            -64.226175,
            -31.353706
          ],
          [
            -64.226101,
            -31.35374
          ],
          [
            -64.226038,
            -31.353788
          ],
          [
            -64.225989,
            -31.353843
          ],
          [
            -64.225953,
            -31.353902
          ],
          [
            -64.225934,
            -31.353967
          ],
          [
            -64.225927,
            -31.354033
          ],
          [
            -64.225932,
            -31.354605
          ],
          [
            -64.225937,
            -31.354866
          ],
          [
            -64.22594,
            -31.355089
          ],
          [
            -64.225943,
            -31.3553
          ],
          [
            -64.225944,
            -31.35538
          ],
          [
            -64.225945,
            -31.355435
          ],
          [
            -64.22595,
            -31.355674
          ],
          [
            -64.225972,
            -31.356239
          ],
          [
            -64.226004,
            -31.356817
          ],
          [
            -64.226023,
            -31.357001
          ],
          [
            -64.226069,
            -31.357344
          ],
          [
            -64.226096,
            -31.357895
          ],
          [
            -64.226129,
            -31.358749
          ],
          [
            -64.225888,
            -31.358766
          ],
          [
            -64.225177,
            -31.358862
          ],
          [
            -64.2251,
            -31.358879
          ],
          [
            -64.225035,
            -31.358907
          ],
          [
            -64.224967,
            -31.358944
          ],
          [
            -64.224886,
            -31.358989
          ],
          [
            -64.224544,
            -31.359171
          ],
          [
            -64.224495,
            -31.359191
          ],
          [
            -64.224418,
            -31.359213
          ],
          [
            -64.224212,
            -31.359255
          ],
          [
            -64.223666,
            -31.359337
          ],
          [
            -64.223154,
            -31.359408
          ],
          [
            -64.223018,
            -31.358763
          ],
          [
            -64.22268,
            -31.358811
          ],
          [
            -64.223018,
            -31.358763
          ],
          [
            -64.223154,
            -31.359408
          ],
          [
            -64.223666,
            -31.359337
          ],
          [
            -64.224212,
            -31.359255
          ],
          [
            -64.224418,
            -31.359213
          ],
          [
            -64.224495,
            -31.359191
          ],
          [
            -64.224544,
            -31.359171
          ],
          [
            -64.224886,
            -31.358989
          ],
          [
            -64.224967,
            -31.358944
          ],
          [
            -64.225035,
            -31.358907
          ],
          [
            -64.2251,
            -31.358879
          ],
          [
            -64.225177,
            -31.358862
          ],
          [
            -64.225888,
            -31.358766
          ],
          [
            -64.225865,
            -31.357897
          ],
          [
            -64.225859,
            -31.357804
          ],
          [
            -64.225838,
            -31.357683
          ],
          [
            -64.225793,
            -31.357469
          ],
          [
            -64.225665,
            -31.356925
          ],
          [
            -64.225646,
            -31.356749
          ],
          [
            -64.225619,
            -31.355978
          ],
          [
            -64.225613,
            -31.355788
          ],
          [
            -64.2256,
            -31.355444
          ],
          [
            -64.225598,
            -31.355388
          ],
          [
            -64.225595,
            -31.35532
          ],
          [
            -64.225568,
            -31.354593
          ],
          [
            -64.225553,
            -31.354126
          ],
          [
            -64.225545,
            -31.354065
          ],
          [
            -64.225533,
            -31.354021
          ],
          [
            -64.22551,
            -31.35398
          ],
          [
            -64.22548,
            -31.353944
          ],
          [
            -64.225449,
            -31.353913
          ],
          [
            -64.225412,
            -31.353885
          ],
          [
            -64.225373,
            -31.353865
          ],
          [
            -64.225296,
            -31.353861
          ],
          [
            -64.225213,
            -31.353856
          ],
          [
            -64.225131,
            -31.353841
          ],
          [
            -64.225065,
            -31.353822
          ],
          [
            -64.224998,
            -31.353798
          ],
          [
            -64.224932,
            -31.353763
          ],
          [
            -64.224872,
            -31.353724
          ],
          [
            -64.224831,
            -31.353686
          ],
          [
            -64.224798,
            -31.353649
          ],
          [
            -64.224768,
            -31.353605
          ],
          [
            -64.224742,
            -31.353554
          ],
          [
            -64.224723,
            -31.353503
          ],
          [
            -64.224708,
            -31.353431
          ],
          [
            -64.224703,
            -31.353377
          ],
          [
            -64.224706,
            -31.353326
          ],
          [
            -64.224716,
            -31.35327
          ],
          [
            -64.224732,
            -31.353218
          ],
          [
            -64.224758,
            -31.353163
          ],
          [
            -64.224788,
            -31.353117
          ],
          [
            -64.224828,
            -31.353071
          ],
          [
            -64.224878,
            -31.35303
          ],
          [
            -64.224926,
            -31.352994
          ],
          [
            -64.224977,
            -31.352969
          ],
          [
            -64.225041,
            -31.352942
          ],
          [
            -64.225105,
            -31.35292
          ],
          [
            -64.225185,
            -31.352895
          ],
          [
            -64.225249,
            -31.352877
          ],
          [
            -64.225315,
            -31.352859
          ],
          [
            -64.225385,
            -31.352843
          ],
          [
            -64.22545,
            -31.352828
          ],
          [
            -64.225541,
            -31.352783
          ],
          [
            -64.225583,
            -31.352749
          ],
          [
            -64.225602,
            -31.352728
          ],
          [
            -64.225619,
            -31.352707
          ],
          [
            -64.225633,
            -31.352685
          ],
          [
            -64.225647,
            -31.352658
          ],
          [
            -64.225659,
            -31.352633
          ],
          [
            -64.225666,
            -31.352609
          ],
          [
            -64.225718,
            -31.352345
          ],
          [
            -64.22572,
            -31.35232
          ],
          [
            -64.225721,
            -31.352296
          ],
          [
            -64.225719,
            -31.352274
          ],
          [
            -64.225716,
            -31.352246
          ],
          [
            -64.22571,
            -31.352223
          ],
          [
            -64.2257,
            -31.352197
          ],
          [
            -64.225685,
            -31.352171
          ],
          [
            -64.225661,
            -31.352133
          ],
          [
            -64.225646,
            -31.352118
          ],
          [
            -64.225632,
            -31.352101
          ],
          [
            -64.225608,
            -31.352057
          ],
          [
            -64.225597,
            -31.352008
          ],
          [
            -64.225601,
            -31.351959
          ],
          [
            -64.225619,
            -31.351912
          ],
          [
            -64.225638,
            -31.351885
          ],
          [
            -64.225661,
            -31.351861
          ],
          [
            -64.225689,
            -31.35184
          ],
          [
            -64.225718,
            -31.351817
          ],
          [
            -64.225742,
            -31.351794
          ],
          [
            -64.225763,
            -31.351772
          ],
          [
            -64.22578,
            -31.351746
          ],
          [
            -64.225794,
            -31.351721
          ],
          [
            -64.225803,
            -31.351695
          ],
          [
            -64.225809,
            -31.351662
          ],
          [
            -64.225812,
            -31.35162
          ],
          [
            -64.225804,
            -31.351485
          ],
          [
            -64.225721,
            -31.348799
          ],
          [
            -64.225717,
            -31.348729
          ],
          [
            -64.225709,
            -31.348667
          ],
          [
            -64.225701,
            -31.348616
          ],
          [
            -64.225688,
            -31.348558
          ],
          [
            -64.225674,
            -31.348488
          ],
          [
            -64.225654,
            -31.348414
          ],
          [
            -64.225633,
            -31.348352
          ],
          [
            -64.225615,
            -31.3483
          ],
          [
            -64.225602,
            -31.348242
          ],
          [
            -64.225594,
            -31.348186
          ],
          [
            -64.225593,
            -31.348128
          ],
          [
            -64.2256,
            -31.348057
          ],
          [
            -64.225611,
            -31.347992
          ],
          [
            -64.225626,
            -31.347923
          ],
          [
            -64.225634,
            -31.347903
          ],
          [
            -64.22565,
            -31.347832
          ],
          [
            -64.225667,
            -31.347758
          ],
          [
            -64.225674,
            -31.347706
          ],
          [
            -64.225679,
            -31.34764
          ],
          [
            -64.225682,
            -31.347578
          ],
          [
            -64.225682,
            -31.347504
          ],
          [
            -64.225673,
            -31.347169
          ],
          [
            -64.225669,
            -31.346781
          ],
          [
            -64.225659,
            -31.346335
          ],
          [
            -64.225661,
            -31.346072
          ],
          [
            -64.225859,
            -31.346091
          ],
          [
            -64.226999,
            -31.346073
          ],
          [
            -64.228149,
            -31.346072
          ],
          [
            -64.229319,
            -31.346072
          ],
          [
            -64.230482,
            -31.346072
          ],
          [
            -64.231617,
            -31.346072
          ],
          [
            -64.231624,
            -31.345351
          ],
          [
            -64.231634,
            -31.344353
          ],
          [
            -64.231638,
            -31.34391
          ],
          [
            -64.231644,
            -31.343356
          ],
          [
            -64.232798,
            -31.343351
          ],
          [
            -64.233568,
            -31.343347
          ],
          [
            -64.233958,
            -31.343345
          ],
          [
            -64.234832,
            -31.34335
          ],
          [
            -64.235114,
            -31.343345
          ],
          [
            -64.235525,
            -31.343352
          ],
          [
            -64.236275,
            -31.343348
          ],
          [
            -64.237421,
            -31.343365
          ],
          [
            -64.238579,
            -31.343357
          ],
          [
            -64.239737,
            -31.34335
          ],
          [
            -64.240396,
            -31.343353
          ],
          [
            -64.240969,
            -31.343359
          ],
          [
            -64.241929,
            -31.343361
          ],
          [
            -64.242514,
            -31.343358
          ],
          [
            -64.243472,
            -31.343355
          ],
          [
            -64.244313,
            -31.343353
          ],
          [
            -64.244409,
            -31.34329
          ],
          [
            -64.245478,
            -31.342582
          ],
          [
            -64.245194,
            -31.342257
          ],
          [
            -64.245074,
            -31.34212
          ],
          [
            -64.244699,
            -31.341693
          ],
          [
            -64.244296,
            -31.341231
          ],
          [
            -64.243931,
            -31.340816
          ],
          [
            -64.243522,
            -31.340358
          ],
          [
            -64.243987,
            -31.340061
          ],
          [
            -64.24465,
            -31.339623
          ],
          [
            -64.245188,
            -31.339277
          ],
          [
            -64.246032,
            -31.338724
          ],
          [
            -64.246117,
            -31.338669
          ],
          [
            -64.246155,
            -31.338644
          ],
          [
            -64.245723,
            -31.33817
          ],
          [
            -64.245617,
            -31.338036
          ],
          [
            -64.245596,
            -31.337982
          ],
          [
            -64.24559,
            -31.337929
          ],
          [
            -64.245597,
            -31.33788
          ],
          [
            -64.245681,
            -31.337687
          ],
          [
            -64.24573,
            -31.337533
          ],
          [
            -64.245763,
            -31.337417
          ],
          [
            -64.245776,
            -31.337323
          ],
          [
            -64.245772,
            -31.336261
          ],
          [
            -64.2464,
            -31.33571
          ],
          [
            -64.246463,
            -31.335646
          ],
          [
            -64.246492,
            -31.335608
          ],
          [
            -64.246513,
            -31.335575
          ],
          [
            -64.246527,
            -31.335521
          ],
          [
            -64.246536,
            -31.335474
          ],
          [
            -64.246538,
            -31.334815
          ],
          [
            -64.246541,
            -31.334659
          ],
          [
            -64.246543,
            -31.334169
          ],
          [
            -64.246529,
            -31.334129
          ],
          [
            -64.246507,
            -31.334092
          ],
          [
            -64.246462,
            -31.334037
          ],
          [
            -64.246404,
            -31.333972
          ],
          [
            -64.246388,
            -31.333942
          ],
          [
            -64.246384,
            -31.333893
          ],
          [
            -64.246384,
            -31.33356
          ],
          [
            -64.246389,
            -31.332993
          ],
          [
            -64.246392,
            -31.33198
          ],
          [
            -64.246411,
            -31.331944
          ],
          [
            -64.246444,
            -31.331901
          ],
          [
            -64.246802,
            -31.331593
          ],
          [
            -64.246845,
            -31.331546
          ],
          [
            -64.246862,
            -31.331509
          ],
          [
            -64.246871,
            -31.331477
          ],
          [
            -64.246878,
            -31.331405
          ],
          [
            -64.24687,
            -31.329939
          ],
          [
            -64.246867,
            -31.329637
          ],
          [
            -64.246866,
            -31.329432
          ],
          [
            -64.246845,
            -31.329185
          ],
          [
            -64.248621,
            -31.329195
          ],
          [
            -64.250171,
            -31.329207
          ],
          [
            -64.252061,
            -31.329225
          ],
          [
            -64.252767,
            -31.329225
          ],
          [
            -64.254115,
            -31.329223
          ],
          [
            -64.254111,
            -31.328629
          ],
          [
            -64.253891,
            -31.328629
          ],
          [
            -64.253872,
            -31.328629
          ],
          [
            -64.252068,
            -31.328628
          ],
          [
            -64.252061,
            -31.329225
          ],
          [
            -64.250171,
            -31.329207
          ],
          [
            -64.248621,
            -31.329195
          ],
          [
            -64.246845,
            -31.329185
          ],
          [
            -64.246866,
            -31.329432
          ],
          [
            -64.246867,
            -31.329637
          ],
          [
            -64.24687,
            -31.329939
          ],
          [
            -64.246878,
            -31.331405
          ],
          [
            -64.246871,
            -31.331477
          ],
          [
            -64.246862,
            -31.331509
          ],
          [
            -64.246845,
            -31.331546
          ],
          [
            -64.246802,
            -31.331593
          ],
          [
            -64.246444,
            -31.331901
          ],
          [
            -64.246411,
            -31.331944
          ],
          [
            -64.246392,
            -31.33198
          ],
          [
            -64.246389,
            -31.332993
          ],
          [
            -64.246384,
            -31.33356
          ],
          [
            -64.246384,
            -31.333893
          ],
          [
            -64.246388,
            -31.333942
          ],
          [
            -64.246404,
            -31.333972
          ],
          [
            -64.246462,
            -31.334037
          ],
          [
            -64.246507,
            -31.334092
          ],
          [
            -64.246529,
            -31.334129
          ],
          [
            -64.246543,
            -31.334169
          ],
          [
            -64.246541,
            -31.334659
          ],
          [
            -64.246538,
            -31.334815
          ],
          [
            -64.246536,
            -31.335474
          ],
          [
            -64.246527,
            -31.335521
          ],
          [
            -64.246513,
            -31.335575
          ],
          [
            -64.246492,
            -31.335608
          ],
          [
            -64.246463,
            -31.335646
          ],
          [
            -64.2464,
            -31.33571
          ],
          [
            -64.245772,
            -31.336261
          ],
          [
            -64.245776,
            -31.337323
          ],
          [
            -64.245763,
            -31.337417
          ],
          [
            -64.24573,
            -31.337533
          ],
          [
            -64.245681,
            -31.337687
          ],
          [
            -64.245597,
            -31.33788
          ],
          [
            -64.24559,
            -31.337929
          ],
          [
            -64.245596,
            -31.337982
          ],
          [
            -64.245617,
            -31.338036
          ],
          [
            -64.245723,
            -31.33817
          ],
          [
            -64.246155,
            -31.338644
          ],
          [
            -64.246117,
            -31.338669
          ],
          [
            -64.246032,
            -31.338724
          ],
          [
            -64.245188,
            -31.339277
          ],
          [
            -64.24465,
            -31.339623
          ],
          [
            -64.243987,
            -31.340061
          ],
          [
            -64.243522,
            -31.340358
          ],
          [
            -64.24251,
            -31.341014
          ],
          [
            -64.242911,
            -31.341492
          ],
          [
            -64.243266,
            -31.341914
          ],
          [
            -64.243658,
            -31.342382
          ],
          [
            -64.244022,
            -31.342816
          ],
          [
            -64.244409,
            -31.34329
          ],
          [
            -64.244458,
            -31.343351
          ],
          [
            -64.244313,
            -31.343353
          ],
          [
            -64.243472,
            -31.343355
          ],
          [
            -64.242514,
            -31.343358
          ],
          [
            -64.241929,
            -31.343361
          ],
          [
            -64.241887,
            -31.345015
          ],
          [
            -64.2419,
            -31.34508
          ],
          [
            -64.241913,
            -31.345122
          ],
          [
            -64.241951,
            -31.345192
          ],
          [
            -64.242521,
            -31.345794
          ],
          [
            -64.243032,
            -31.346319
          ],
          [
            -64.244106,
            -31.347477
          ],
          [
            -64.24417,
            -31.34755
          ],
          [
            -64.244226,
            -31.347617
          ],
          [
            -64.244272,
            -31.347672
          ],
          [
            -64.244353,
            -31.347762
          ],
          [
            -64.245235,
            -31.348789
          ],
          [
            -64.245509,
            -31.349106
          ],
          [
            -64.2462,
            -31.349902
          ],
          [
            -64.246629,
            -31.350405
          ],
          [
            -64.246826,
            -31.350633
          ],
          [
            -64.246983,
            -31.35082
          ],
          [
            -64.247365,
            -31.351238
          ],
          [
            -64.247425,
            -31.351304
          ],
          [
            -64.247439,
            -31.35133
          ],
          [
            -64.24745,
            -31.351359
          ],
          [
            -64.247456,
            -31.35139
          ],
          [
            -64.247454,
            -31.351429
          ],
          [
            -64.24742,
            -31.351471
          ],
          [
            -64.247309,
            -31.351604
          ],
          [
            -64.247057,
            -31.351881
          ],
          [
            -64.246933,
            -31.352005
          ],
          [
            -64.24674,
            -31.352181
          ],
          [
            -64.246379,
            -31.352496
          ],
          [
            -64.245791,
            -31.353048
          ],
          [
            -64.24519,
            -31.353608
          ],
          [
            -64.244421,
            -31.354332
          ],
          [
            -64.244327,
            -31.35442
          ],
          [
            -64.244028,
            -31.354702
          ],
          [
            -64.243902,
            -31.354823
          ],
          [
            -64.243706,
            -31.355001
          ],
          [
            -64.243399,
            -31.35529
          ],
          [
            -64.243116,
            -31.355563
          ],
          [
            -64.242677,
            -31.355961
          ],
          [
            -64.242583,
            -31.356044
          ],
          [
            -64.242244,
            -31.356342
          ],
          [
            -64.241554,
            -31.356956
          ],
          [
            -64.241395,
            -31.3571
          ],
          [
            -64.241234,
            -31.357245
          ],
          [
            -64.2411,
            -31.357365
          ],
          [
            -64.240968,
            -31.357486
          ],
          [
            -64.23993,
            -31.358431
          ],
          [
            -64.239787,
            -31.358564
          ],
          [
            -64.239648,
            -31.358696
          ],
          [
            -64.239535,
            -31.358804
          ],
          [
            -64.23943,
            -31.358918
          ],
          [
            -64.239343,
            -31.35902
          ],
          [
            -64.239294,
            -31.35908
          ],
          [
            -64.239231,
            -31.359159
          ],
          [
            -64.239171,
            -31.359244
          ],
          [
            -64.239076,
            -31.35939
          ],
          [
            -64.239005,
            -31.359511
          ],
          [
            -64.238828,
            -31.35982
          ],
          [
            -64.238621,
            -31.360211
          ],
          [
            -64.238462,
            -31.360519
          ],
          [
            -64.23811,
            -31.361173
          ],
          [
            -64.238015,
            -31.361352
          ],
          [
            -64.237931,
            -31.361498
          ],
          [
            -64.237869,
            -31.361606
          ],
          [
            -64.237506,
            -31.362308
          ],
          [
            -64.237442,
            -31.362422
          ],
          [
            -64.237373,
            -31.362538
          ],
          [
            -64.237296,
            -31.362662
          ],
          [
            -64.237176,
            -31.362849
          ],
          [
            -64.237147,
            -31.362893
          ],
          [
            -64.236907,
            -31.363265
          ],
          [
            -64.236875,
            -31.363313
          ],
          [
            -64.236361,
            -31.364087
          ],
          [
            -64.236323,
            -31.364144
          ],
          [
            -64.235727,
            -31.365019
          ],
          [
            -64.235543,
            -31.365288
          ],
          [
            -64.235126,
            -31.365897
          ],
          [
            -64.234789,
            -31.366388
          ],
          [
            -64.234753,
            -31.366445
          ],
          [
            -64.234548,
            -31.366767
          ],
          [
            -64.234293,
            -31.367137
          ],
          [
            -64.234225,
            -31.367232
          ],
          [
            -64.234148,
            -31.367333
          ],
          [
            -64.233545,
            -31.368042
          ],
          [
            -64.233385,
            -31.368227
          ],
          [
            -64.232627,
            -31.369118
          ],
          [
            -64.231987,
            -31.369873
          ],
          [
            -64.231686,
            -31.370224
          ],
          [
            -64.231386,
            -31.370579
          ],
          [
            -64.231347,
            -31.370627
          ],
          [
            -64.231241,
            -31.370747
          ],
          [
            -64.231059,
            -31.370961
          ],
          [
            -64.230703,
            -31.37138
          ],
          [
            -64.230624,
            -31.37147
          ],
          [
            -64.230499,
            -31.371621
          ],
          [
            -64.230082,
            -31.372124
          ],
          [
            -64.229762,
            -31.372479
          ],
          [
            -64.229283,
            -31.373028
          ],
          [
            -64.228928,
            -31.373436
          ],
          [
            -64.228894,
            -31.373474
          ],
          [
            -64.228486,
            -31.373939
          ],
          [
            -64.227888,
            -31.374621
          ],
          [
            -64.227175,
            -31.375412
          ],
          [
            -64.226476,
            -31.3762
          ],
          [
            -64.225963,
            -31.376788
          ],
          [
            -64.225856,
            -31.376904
          ],
          [
            -64.225678,
            -31.377112
          ],
          [
            -64.225129,
            -31.377739
          ],
          [
            -64.224494,
            -31.378468
          ],
          [
            -64.224434,
            -31.378538
          ],
          [
            -64.224312,
            -31.378675
          ],
          [
            -64.223731,
            -31.379335
          ],
          [
            -64.223579,
            -31.379503
          ],
          [
            -64.223298,
            -31.379825
          ],
          [
            -64.223251,
            -31.37989
          ],
          [
            -64.223206,
            -31.379966
          ],
          [
            -64.223168,
            -31.380058
          ],
          [
            -64.223136,
            -31.380167
          ],
          [
            -64.223118,
            -31.380304
          ],
          [
            -64.223117,
            -31.380377
          ],
          [
            -64.22312,
            -31.380454
          ],
          [
            -64.223134,
            -31.380543
          ],
          [
            -64.223158,
            -31.380648
          ],
          [
            -64.223186,
            -31.380723
          ],
          [
            -64.22322,
            -31.380793
          ],
          [
            -64.22327,
            -31.380873
          ],
          [
            -64.223322,
            -31.380939
          ],
          [
            -64.2235,
            -31.381154
          ],
          [
            -64.223579,
            -31.381254
          ],
          [
            -64.223629,
            -31.381331
          ],
          [
            -64.223661,
            -31.381395
          ],
          [
            -64.223706,
            -31.38149
          ],
          [
            -64.223738,
            -31.381586
          ],
          [
            -64.22375,
            -31.381658
          ],
          [
            -64.223756,
            -31.381755
          ],
          [
            -64.22375,
            -31.381837
          ],
          [
            -64.223742,
            -31.381923
          ],
          [
            -64.223723,
            -31.382067
          ],
          [
            -64.223704,
            -31.382144
          ],
          [
            -64.223684,
            -31.382221
          ],
          [
            -64.223652,
            -31.382315
          ],
          [
            -64.223576,
            -31.382464
          ],
          [
            -64.223506,
            -31.382571
          ],
          [
            -64.223424,
            -31.382683
          ],
          [
            -64.223372,
            -31.382722
          ],
          [
            -64.223091,
            -31.382921
          ],
          [
            -64.222569,
            -31.383272
          ],
          [
            -64.222478,
            -31.383335
          ],
          [
            -64.222008,
            -31.38366
          ],
          [
            -64.221489,
            -31.384028
          ],
          [
            -64.220494,
            -31.384811
          ],
          [
            -64.22004,
            -31.385165
          ],
          [
            -64.219573,
            -31.385557
          ],
          [
            -64.219414,
            -31.385692
          ],
          [
            -64.219259,
            -31.385768
          ],
          [
            -64.219202,
            -31.385793
          ],
          [
            -64.219149,
            -31.385808
          ],
          [
            -64.219055,
            -31.385819
          ],
          [
            -64.218604,
            -31.386001
          ],
          [
            -64.218211,
            -31.38612
          ],
          [
            -64.218049,
            -31.386145
          ],
          [
            -64.217736,
            -31.386245
          ],
          [
            -64.216462,
            -31.386653
          ],
          [
            -64.215832,
            -31.386854
          ],
          [
            -64.215168,
            -31.387067
          ],
          [
            -64.214548,
            -31.387272
          ],
          [
            -64.213892,
            -31.387491
          ],
          [
            -64.212616,
            -31.387893
          ],
          [
            -64.211338,
            -31.388313
          ],
          [
            -64.210587,
            -31.388547
          ],
          [
            -64.210047,
            -31.388712
          ],
          [
            -64.209714,
            -31.388813
          ],
          [
            -64.20877,
            -31.389108
          ],
          [
            -64.208122,
            -31.389314
          ],
          [
            -64.20746,
            -31.389525
          ],
          [
            -64.207015,
            -31.389666
          ],
          [
            -64.206794,
            -31.389736
          ],
          [
            -64.206182,
            -31.389931
          ],
          [
            -64.205798,
            -31.390053
          ],
          [
            -64.20492,
            -31.390338
          ],
          [
            -64.204655,
            -31.390417
          ],
          [
            -64.204262,
            -31.390542
          ],
          [
            -64.204032,
            -31.390694
          ],
          [
            -64.20392,
            -31.390788
          ],
          [
            -64.203823,
            -31.390905
          ],
          [
            -64.203703,
            -31.391098
          ],
          [
            -64.203397,
            -31.391672
          ],
          [
            -64.203074,
            -31.392275
          ],
          [
            -64.202969,
            -31.392469
          ],
          [
            -64.202783,
            -31.392811
          ],
          [
            -64.202737,
            -31.392895
          ],
          [
            -64.20271,
            -31.392944
          ],
          [
            -64.202577,
            -31.393181
          ],
          [
            -64.201799,
            -31.394593
          ],
          [
            -64.202403,
            -31.394832
          ],
          [
            -64.202331,
            -31.39499
          ],
          [
            -64.202281,
            -31.395122
          ],
          [
            -64.202248,
            -31.39524
          ],
          [
            -64.202099,
            -31.395859
          ],
          [
            -64.202074,
            -31.395972
          ],
          [
            -64.20201,
            -31.396537
          ],
          [
            -64.202009,
            -31.39659
          ],
          [
            -64.202008,
            -31.396668
          ],
          [
            -64.202018,
            -31.396767
          ],
          [
            -64.202088,
            -31.39747
          ],
          [
            -64.202115,
            -31.397632
          ],
          [
            -64.202169,
            -31.397822
          ],
          [
            -64.202193,
            -31.397891
          ],
          [
            -64.202227,
            -31.397968
          ],
          [
            -64.202278,
            -31.398054
          ],
          [
            -64.202321,
            -31.398119
          ],
          [
            -64.202388,
            -31.398204
          ],
          [
            -64.202576,
            -31.398404
          ],
          [
            -64.202657,
            -31.398482
          ],
          [
            -64.202754,
            -31.398548
          ],
          [
            -64.202867,
            -31.398624
          ],
          [
            -64.202938,
            -31.398678
          ],
          [
            -64.20304,
            -31.398771
          ],
          [
            -64.203254,
            -31.39902
          ],
          [
            -64.203455,
            -31.399256
          ],
          [
            -64.203561,
            -31.399402
          ],
          [
            -64.20362,
            -31.399487
          ],
          [
            -64.203656,
            -31.399572
          ],
          [
            -64.203683,
            -31.399643
          ],
          [
            -64.203772,
            -31.40015
          ],
          [
            -64.203783,
            -31.40112
          ],
          [
            -64.203769,
            -31.401226
          ],
          [
            -64.203748,
            -31.401338
          ],
          [
            -64.203635,
            -31.401789
          ],
          [
            -64.203603,
            -31.40189
          ],
          [
            -64.203565,
            -31.401993
          ],
          [
            -64.203508,
            -31.402115
          ],
          [
            -64.203388,
            -31.40232
          ],
          [
            -64.203241,
            -31.402545
          ],
          [
            -64.203008,
            -31.402831
          ],
          [
            -64.202808,
            -31.403024
          ],
          [
            -64.202543,
            -31.403247
          ],
          [
            -64.202238,
            -31.403444
          ],
          [
            -64.201903,
            -31.403647
          ],
          [
            -64.201657,
            -31.403772
          ],
          [
            -64.200544,
            -31.404137
          ],
          [
            -64.199585,
            -31.404431
          ],
          [
            -64.197753,
            -31.404977
          ],
          [
            -64.197596,
            -31.405024
          ],
          [
            -64.196823,
            -31.405211
          ],
          [
            -64.195498,
            -31.40545
          ],
          [
            -64.194805,
            -31.405555
          ],
          [
            -64.194195,
            -31.405628
          ],
          [
            -64.193599,
            -31.405724
          ],
          [
            -64.193059,
            -31.4058
          ],
          [
            -64.192812,
            -31.405821
          ],
          [
            -64.192707,
            -31.405825
          ],
          [
            -64.192555,
            -31.405818
          ],
          [
            -64.191211,
            -31.405718
          ],
          [
            -64.190902,
            -31.405716
          ],
          [
            -64.190401,
            -31.405748
          ],
          [
            -64.19028,
            -31.405759
          ],
          [
            -64.190147,
            -31.405779
          ],
          [
            -64.189804,
            -31.405855
          ],
          [
            -64.189559,
            -31.405922
          ],
          [
            -64.189465,
            -31.405961
          ],
          [
            -64.189352,
            -31.406035
          ],
          [
            -64.189317,
            -31.406076
          ],
          [
            -64.189274,
            -31.406141
          ],
          [
            -64.189237,
            -31.406218
          ],
          [
            -64.189218,
            -31.406307
          ],
          [
            -64.189225,
            -31.406398
          ],
          [
            -64.189263,
            -31.406522
          ],
          [
            -64.189301,
            -31.406579
          ],
          [
            -64.189359,
            -31.406632
          ],
          [
            -64.189657,
            -31.406902
          ],
          [
            -64.189736,
            -31.406978
          ],
          [
            -64.189813,
            -31.407055
          ],
          [
            -64.189859,
            -31.40711
          ],
          [
            -64.189904,
            -31.40718
          ],
          [
            -64.189942,
            -31.407251
          ],
          [
            -64.189979,
            -31.407335
          ],
          [
            -64.190016,
            -31.407553
          ],
          [
            -64.190031,
            -31.407679
          ],
          [
            -64.190043,
            -31.407759
          ],
          [
            -64.190467,
            -31.40897
          ],
          [
            -64.190904,
            -31.410127
          ],
          [
            -64.191328,
            -31.411203
          ],
          [
            -64.191516,
            -31.411587
          ],
          [
            -64.191631,
            -31.411801
          ],
          [
            -64.191676,
            -31.411898
          ],
          [
            -64.191721,
            -31.412009
          ],
          [
            -64.191795,
            -31.412224
          ],
          [
            -64.191861,
            -31.412443
          ],
          [
            -64.191886,
            -31.412605
          ],
          [
            -64.191905,
            -31.412812
          ],
          [
            -64.191899,
            -31.412906
          ],
          [
            -64.191783,
            -31.413258
          ],
          [
            -64.191709,
            -31.413482
          ],
          [
            -64.191618,
            -31.413773
          ],
          [
            -64.191161,
            -31.41514
          ],
          [
            -64.190694,
            -31.416604
          ],
          [
            -64.190416,
            -31.416687
          ],
          [
            -64.189089,
            -31.417076
          ],
          [
            -64.189049,
            -31.417087
          ],
          [
            -64.18777,
            -31.417441
          ],
          [
            -64.187673,
            -31.417469
          ],
          [
            -64.18769,
            -31.41751
          ],
          [
            -64.188184,
            -31.418665
          ],
          [
            -64.188568,
            -31.419564
          ],
          [
            -64.188701,
            -31.419841
          ],
          [
            -64.188713,
            -31.419861
          ],
          [
            -64.188728,
            -31.419891
          ],
          [
            -64.188735,
            -31.419927
          ],
          [
            -64.188737,
            -31.419959
          ],
          [
            -64.188733,
            -31.419976
          ],
          [
            -64.188728,
            -31.419991
          ],
          [
            -64.188709,
            -31.420032
          ],
          [
            -64.188708,
            -31.420086
          ],
          [
            -64.188709,
            -31.420103
          ]
        ]
      }
    },
    {
      "type": "Feature",
      "id": "route-cordoba-2026-09-03-v3-03",
      "properties": {
        "truckId": "vehicle-03",
        "waypointDistancesKm": [
          0,
          1.1680221630997492,
          2.505163548389559,
          3.1342457379965616,
          4.492137584375851,
          5.413708068103947,
          8.002150382823528,
          8.92507079695099,
          11.79385313017423,
          18.61148490669783
        ]
      },
      "geometry": {
        "type": "LineString",
        "coordinates": [
          [
            -64.188709,
            -31.420109
          ],
          [
            -64.18871,
            -31.420127
          ],
          [
            -64.188717,
            -31.420178
          ],
          [
            -64.188727,
            -31.42023
          ],
          [
            -64.188737,
            -31.420284
          ],
          [
            -64.188734,
            -31.420338
          ],
          [
            -64.188686,
            -31.420476
          ],
          [
            -64.188614,
            -31.420637
          ],
          [
            -64.188602,
            -31.420666
          ],
          [
            -64.188216,
            -31.421509
          ],
          [
            -64.188139,
            -31.421536
          ],
          [
            -64.187971,
            -31.421596
          ],
          [
            -64.187883,
            -31.421621
          ],
          [
            -64.186582,
            -31.422025
          ],
          [
            -64.185253,
            -31.422438
          ],
          [
            -64.184746,
            -31.421253
          ],
          [
            -64.184705,
            -31.421154
          ],
          [
            -64.184491,
            -31.420636
          ],
          [
            -64.184265,
            -31.420104
          ],
          [
            -64.184136,
            -31.419798
          ],
          [
            -64.185451,
            -31.419396
          ],
          [
            -64.186782,
            -31.41903
          ],
          [
            -64.186994,
            -31.419529
          ],
          [
            -64.187236,
            -31.420097
          ],
          [
            -64.187373,
            -31.420419
          ],
          [
            -64.187394,
            -31.420469
          ],
          [
            -64.187439,
            -31.420456
          ],
          [
            -64.187877,
            -31.420332
          ],
          [
            -64.188038,
            -31.420286
          ],
          [
            -64.188169,
            -31.420245
          ],
          [
            -64.188208,
            -31.420233
          ],
          [
            -64.188297,
            -31.420206
          ],
          [
            -64.188431,
            -31.42015
          ],
          [
            -64.188553,
            -31.4201
          ],
          [
            -64.188617,
            -31.420073
          ],
          [
            -64.188664,
            -31.420053
          ],
          [
            -64.188709,
            -31.420032
          ],
          [
            -64.188747,
            -31.420017
          ],
          [
            -64.188791,
            -31.420004
          ],
          [
            -64.188816,
            -31.419999
          ],
          [
            -64.188834,
            -31.419994
          ],
          [
            -64.188873,
            -31.419986
          ],
          [
            -64.188902,
            -31.420031
          ],
          [
            -64.188915,
            -31.42005
          ],
          [
            -64.188942,
            -31.420119
          ],
          [
            -64.188957,
            -31.420203
          ],
          [
            -64.188948,
            -31.420282
          ],
          [
            -64.188947,
            -31.420332
          ],
          [
            -64.188949,
            -31.420382
          ],
          [
            -64.188958,
            -31.420447
          ],
          [
            -64.189023,
            -31.42062
          ],
          [
            -64.189256,
            -31.421209
          ],
          [
            -64.189743,
            -31.422336
          ],
          [
            -64.191026,
            -31.421953
          ],
          [
            -64.190613,
            -31.421516
          ],
          [
            -64.190113,
            -31.421069
          ],
          [
            -64.190082,
            -31.420974
          ],
          [
            -64.19,
            -31.420834
          ],
          [
            -64.189978,
            -31.420712
          ],
          [
            -64.18997,
            -31.420554
          ],
          [
            -64.189962,
            -31.420073
          ],
          [
            -64.189978,
            -31.419996
          ],
          [
            -64.190007,
            -31.419899
          ],
          [
            -64.189976,
            -31.419802
          ],
          [
            -64.189956,
            -31.419714
          ],
          [
            -64.189951,
            -31.419695
          ],
          [
            -64.189855,
            -31.419325
          ],
          [
            -64.189817,
            -31.419043
          ],
          [
            -64.189817,
            -31.418845
          ],
          [
            -64.189827,
            -31.418696
          ],
          [
            -64.189856,
            -31.418532
          ],
          [
            -64.189885,
            -31.418373
          ],
          [
            -64.189918,
            -31.418231
          ],
          [
            -64.18992,
            -31.418223
          ],
          [
            -64.189931,
            -31.418171
          ],
          [
            -64.189955,
            -31.418097
          ],
          [
            -64.189959,
            -31.418085
          ],
          [
            -64.190416,
            -31.416687
          ],
          [
            -64.189345,
            -31.417001
          ],
          [
            -64.189089,
            -31.417076
          ],
          [
            -64.189079,
            -31.417053
          ],
          [
            -64.188583,
            -31.415886
          ],
          [
            -64.188564,
            -31.415842
          ],
          [
            -64.188289,
            -31.415195
          ],
          [
            -64.188273,
            -31.415156
          ],
          [
            -64.188133,
            -31.414827
          ],
          [
            -64.188116,
            -31.414787
          ],
          [
            -64.188104,
            -31.414758
          ],
          [
            -64.188,
            -31.414515
          ],
          [
            -64.187955,
            -31.414408
          ],
          [
            -64.187647,
            -31.413684
          ],
          [
            -64.187396,
            -31.413093
          ],
          [
            -64.187151,
            -31.412517
          ],
          [
            -64.187127,
            -31.412461
          ],
          [
            -64.186556,
            -31.412634
          ],
          [
            -64.185737,
            -31.412882
          ],
          [
            -64.185687,
            -31.412897
          ],
          [
            -64.185375,
            -31.412988
          ],
          [
            -64.18518,
            -31.413046
          ],
          [
            -64.185128,
            -31.413061
          ],
          [
            -64.185038,
            -31.413087
          ],
          [
            -64.184988,
            -31.413102
          ],
          [
            -64.184883,
            -31.413133
          ],
          [
            -64.184383,
            -31.413279
          ],
          [
            -64.184349,
            -31.413289
          ],
          [
            -64.183851,
            -31.413435
          ],
          [
            -64.183045,
            -31.413671
          ],
          [
            -64.182846,
            -31.41373
          ],
          [
            -64.18243,
            -31.413853
          ],
          [
            -64.181724,
            -31.414065
          ],
          [
            -64.181713,
            -31.414039
          ],
          [
            -64.18128,
            -31.41302
          ],
          [
            -64.181263,
            -31.412979
          ],
          [
            -64.181959,
            -31.412778
          ],
          [
            -64.18258,
            -31.412599
          ],
          [
            -64.182618,
            -31.412588
          ],
          [
            -64.183143,
            -31.412436
          ],
          [
            -64.183865,
            -31.412228
          ],
          [
            -64.183897,
            -31.412219
          ],
          [
            -64.185292,
            -31.411809
          ],
          [
            -64.186672,
            -31.411397
          ],
          [
            -64.186733,
            -31.411377
          ],
          [
            -64.187411,
            -31.411177
          ],
          [
            -64.188035,
            -31.410984
          ],
          [
            -64.188255,
            -31.41153
          ],
          [
            -64.188429,
            -31.411961
          ],
          [
            -64.188461,
            -31.412038
          ],
          [
            -64.188414,
            -31.412053
          ],
          [
            -64.18783,
            -31.412229
          ],
          [
            -64.187675,
            -31.412279
          ],
          [
            -64.187176,
            -31.412446
          ],
          [
            -64.187127,
            -31.412461
          ],
          [
            -64.187108,
            -31.412417
          ],
          [
            -64.187086,
            -31.412364
          ],
          [
            -64.186929,
            -31.411999
          ],
          [
            -64.186672,
            -31.411397
          ],
          [
            -64.186733,
            -31.411377
          ],
          [
            -64.187411,
            -31.411177
          ],
          [
            -64.188035,
            -31.410984
          ],
          [
            -64.189392,
            -31.410554
          ],
          [
            -64.189004,
            -31.409416
          ],
          [
            -64.18866,
            -31.409521
          ],
          [
            -64.188516,
            -31.409565
          ],
          [
            -64.188337,
            -31.409621
          ],
          [
            -64.187868,
            -31.409761
          ],
          [
            -64.187571,
            -31.40985
          ],
          [
            -64.187745,
            -31.410275
          ],
          [
            -64.188035,
            -31.410984
          ],
          [
            -64.189392,
            -31.410554
          ],
          [
            -64.189004,
            -31.409416
          ],
          [
            -64.188509,
            -31.408133
          ],
          [
            -64.188397,
            -31.407846
          ],
          [
            -64.188295,
            -31.40759
          ],
          [
            -64.188209,
            -31.407376
          ],
          [
            -64.188164,
            -31.407265
          ],
          [
            -64.188152,
            -31.407231
          ],
          [
            -64.188132,
            -31.40717
          ],
          [
            -64.188096,
            -31.407062
          ],
          [
            -64.18802,
            -31.406838
          ],
          [
            -64.188,
            -31.406773
          ],
          [
            -64.187791,
            -31.406
          ],
          [
            -64.187758,
            -31.405879
          ],
          [
            -64.187743,
            -31.40565
          ],
          [
            -64.187738,
            -31.405576
          ],
          [
            -64.18773,
            -31.40551
          ],
          [
            -64.187711,
            -31.405367
          ],
          [
            -64.187608,
            -31.404405
          ],
          [
            -64.187525,
            -31.403846
          ],
          [
            -64.187686,
            -31.403795
          ],
          [
            -64.188245,
            -31.403593
          ],
          [
            -64.18844,
            -31.403519
          ],
          [
            -64.188709,
            -31.403416
          ],
          [
            -64.189095,
            -31.403251
          ],
          [
            -64.189528,
            -31.403057
          ],
          [
            -64.189869,
            -31.402884
          ],
          [
            -64.190352,
            -31.402598
          ],
          [
            -64.190856,
            -31.402279
          ],
          [
            -64.190986,
            -31.402193
          ],
          [
            -64.191298,
            -31.401926
          ],
          [
            -64.191198,
            -31.401681
          ],
          [
            -64.191137,
            -31.401537
          ],
          [
            -64.190667,
            -31.400422
          ],
          [
            -64.190435,
            -31.399873
          ],
          [
            -64.19023,
            -31.399361
          ],
          [
            -64.189753,
            -31.398243
          ],
          [
            -64.189285,
            -31.397122
          ],
          [
            -64.18883,
            -31.39603
          ],
          [
            -64.188476,
            -31.395185
          ],
          [
            -64.188402,
            -31.395007
          ],
          [
            -64.188392,
            -31.394983
          ],
          [
            -64.188378,
            -31.394948
          ],
          [
            -64.188348,
            -31.394873
          ],
          [
            -64.187872,
            -31.39373
          ],
          [
            -64.189156,
            -31.393332
          ],
          [
            -64.189418,
            -31.393953
          ],
          [
            -64.189444,
            -31.39401
          ],
          [
            -64.189476,
            -31.394081
          ],
          [
            -64.18949,
            -31.394117
          ],
          [
            -64.189646,
            -31.394542
          ],
          [
            -64.190121,
            -31.395636
          ],
          [
            -64.190589,
            -31.396718
          ],
          [
            -64.191852,
            -31.396325
          ],
          [
            -64.19315,
            -31.395935
          ],
          [
            -64.193415,
            -31.395868
          ],
          [
            -64.193494,
            -31.395833
          ],
          [
            -64.193558,
            -31.395807
          ],
          [
            -64.193649,
            -31.395769
          ],
          [
            -64.193612,
            -31.395612
          ],
          [
            -64.193737,
            -31.395603
          ],
          [
            -64.193777,
            -31.395605
          ],
          [
            -64.193817,
            -31.395615
          ],
          [
            -64.194438,
            -31.395897
          ],
          [
            -64.194968,
            -31.396174
          ],
          [
            -64.195463,
            -31.3964
          ],
          [
            -64.195862,
            -31.395797
          ],
          [
            -64.196043,
            -31.395523
          ],
          [
            -64.195003,
            -31.395014
          ],
          [
            -64.194018,
            -31.39454
          ],
          [
            -64.194597,
            -31.393642
          ],
          [
            -64.195161,
            -31.392763
          ],
          [
            -64.19573,
            -31.391897
          ],
          [
            -64.195954,
            -31.391549
          ],
          [
            -64.196321,
            -31.390995
          ],
          [
            -64.1969,
            -31.390118
          ],
          [
            -64.197474,
            -31.389243
          ],
          [
            -64.197659,
            -31.388956
          ],
          [
            -64.198035,
            -31.388369
          ],
          [
            -64.198606,
            -31.387501
          ],
          [
            -64.19919,
            -31.386609
          ],
          [
            -64.199765,
            -31.385731
          ],
          [
            -64.200051,
            -31.385286
          ],
          [
            -64.200352,
            -31.384839
          ],
          [
            -64.20063,
            -31.384412
          ],
          [
            -64.20093,
            -31.383959
          ],
          [
            -64.201222,
            -31.383516
          ],
          [
            -64.201505,
            -31.383085
          ],
          [
            -64.201792,
            -31.382625
          ],
          [
            -64.202078,
            -31.382184
          ],
          [
            -64.202365,
            -31.381748
          ],
          [
            -64.202653,
            -31.381307
          ],
          [
            -64.202941,
            -31.380879
          ],
          [
            -64.20324,
            -31.380438
          ],
          [
            -64.20381,
            -31.379556
          ],
          [
            -64.204388,
            -31.378673
          ],
          [
            -64.204709,
            -31.378199
          ],
          [
            -64.204717,
            -31.378163
          ],
          [
            -64.204719,
            -31.378131
          ],
          [
            -64.204712,
            -31.378108
          ],
          [
            -64.204684,
            -31.378053
          ],
          [
            -64.205015,
            -31.377782
          ],
          [
            -64.205884,
            -31.377094
          ],
          [
            -64.206297,
            -31.376798
          ],
          [
            -64.206359,
            -31.376762
          ],
          [
            -64.206424,
            -31.376735
          ],
          [
            -64.206817,
            -31.376631
          ],
          [
            -64.20678,
            -31.376445
          ],
          [
            -64.206669,
            -31.375847
          ],
          [
            -64.206546,
            -31.375212
          ],
          [
            -64.206537,
            -31.375162
          ],
          [
            -64.207265,
            -31.375066
          ],
          [
            -64.20746,
            -31.375039
          ],
          [
            -64.207932,
            -31.374973
          ],
          [
            -64.208181,
            -31.376258
          ],
          [
            -64.207523,
            -31.376439
          ],
          [
            -64.206817,
            -31.376631
          ],
          [
            -64.206424,
            -31.376735
          ],
          [
            -64.206359,
            -31.376762
          ],
          [
            -64.206297,
            -31.376798
          ],
          [
            -64.205884,
            -31.377094
          ],
          [
            -64.205015,
            -31.377782
          ],
          [
            -64.204684,
            -31.378053
          ],
          [
            -64.204456,
            -31.378231
          ],
          [
            -64.204375,
            -31.378296
          ],
          [
            -64.204097,
            -31.378516
          ],
          [
            -64.203175,
            -31.379245
          ],
          [
            -64.202961,
            -31.379417
          ],
          [
            -64.202302,
            -31.379957
          ],
          [
            -64.201897,
            -31.380272
          ],
          [
            -64.201772,
            -31.380367
          ],
          [
            -64.201467,
            -31.380603
          ],
          [
            -64.201381,
            -31.380668
          ],
          [
            -64.200453,
            -31.381403
          ],
          [
            -64.200424,
            -31.381423
          ],
          [
            -64.200011,
            -31.381753
          ],
          [
            -64.199544,
            -31.38213
          ],
          [
            -64.199167,
            -31.382428
          ],
          [
            -64.199032,
            -31.38253
          ],
          [
            -64.198674,
            -31.38285
          ],
          [
            -64.198557,
            -31.382945
          ],
          [
            -64.197748,
            -31.383586
          ],
          [
            -64.197048,
            -31.384141
          ],
          [
            -64.196845,
            -31.384298
          ],
          [
            -64.196436,
            -31.384622
          ],
          [
            -64.196282,
            -31.384743
          ],
          [
            -64.196188,
            -31.384805
          ],
          [
            -64.196077,
            -31.38487
          ],
          [
            -64.195981,
            -31.384921
          ],
          [
            -64.19591,
            -31.384957
          ],
          [
            -64.195788,
            -31.385014
          ],
          [
            -64.195563,
            -31.385118
          ],
          [
            -64.19542,
            -31.385183
          ],
          [
            -64.19492,
            -31.385382
          ],
          [
            -64.194621,
            -31.38551
          ],
          [
            -64.194433,
            -31.385593
          ],
          [
            -64.194304,
            -31.385663
          ],
          [
            -64.194062,
            -31.385797
          ],
          [
            -64.193917,
            -31.385878
          ],
          [
            -64.193632,
            -31.386058
          ],
          [
            -64.193485,
            -31.386155
          ],
          [
            -64.192887,
            -31.386532
          ],
          [
            -64.192809,
            -31.386588
          ],
          [
            -64.192598,
            -31.386735
          ],
          [
            -64.192536,
            -31.386771
          ],
          [
            -64.192459,
            -31.38681
          ],
          [
            -64.192196,
            -31.386885
          ],
          [
            -64.192107,
            -31.386903
          ],
          [
            -64.191957,
            -31.38691
          ],
          [
            -64.191761,
            -31.386948
          ],
          [
            -64.191675,
            -31.386968
          ],
          [
            -64.191649,
            -31.386974
          ],
          [
            -64.191133,
            -31.387107
          ],
          [
            -64.191042,
            -31.387142
          ],
          [
            -64.190935,
            -31.387185
          ],
          [
            -64.190616,
            -31.387343
          ],
          [
            -64.190177,
            -31.387593
          ],
          [
            -64.18975,
            -31.387816
          ],
          [
            -64.189295,
            -31.388063
          ],
          [
            -64.188583,
            -31.388434
          ],
          [
            -64.187979,
            -31.388742
          ],
          [
            -64.187863,
            -31.388805
          ],
          [
            -64.18778,
            -31.388849
          ],
          [
            -64.187395,
            -31.389054
          ],
          [
            -64.186546,
            -31.389518
          ],
          [
            -64.186193,
            -31.389711
          ],
          [
            -64.185769,
            -31.389942
          ],
          [
            -64.18518,
            -31.390264
          ],
          [
            -64.185017,
            -31.390355
          ],
          [
            -64.18384,
            -31.390933
          ],
          [
            -64.183866,
            -31.391012
          ],
          [
            -64.183968,
            -31.391274
          ],
          [
            -64.184431,
            -31.39239
          ],
          [
            -64.184798,
            -31.393284
          ],
          [
            -64.184892,
            -31.393501
          ],
          [
            -64.185318,
            -31.394528
          ],
          [
            -64.185802,
            -31.395694
          ],
          [
            -64.186036,
            -31.396262
          ],
          [
            -64.186043,
            -31.396284
          ],
          [
            -64.18605,
            -31.396301
          ],
          [
            -64.18626,
            -31.396825
          ],
          [
            -64.18662,
            -31.397697
          ],
          [
            -64.18671,
            -31.397922
          ],
          [
            -64.18716,
            -31.399044
          ],
          [
            -64.18763,
            -31.400137
          ],
          [
            -64.188069,
            -31.401229
          ],
          [
            -64.187472,
            -31.401414
          ],
          [
            -64.186827,
            -31.401612
          ],
          [
            -64.186169,
            -31.401818
          ],
          [
            -64.185541,
            -31.402013
          ],
          [
            -64.184883,
            -31.402218
          ],
          [
            -64.184254,
            -31.402413
          ],
          [
            -64.18394,
            -31.40251
          ],
          [
            -64.183263,
            -31.40272
          ],
          [
            -64.182762,
            -31.402876
          ],
          [
            -64.182701,
            -31.402982
          ],
          [
            -64.182651,
            -31.403105
          ],
          [
            -64.182618,
            -31.403213
          ],
          [
            -64.182586,
            -31.403394
          ],
          [
            -64.18255,
            -31.403744
          ],
          [
            -64.182593,
            -31.40395
          ],
          [
            -64.182602,
            -31.404002
          ],
          [
            -64.182614,
            -31.404246
          ],
          [
            -64.182626,
            -31.404381
          ],
          [
            -64.182656,
            -31.404595
          ],
          [
            -64.182701,
            -31.404839
          ],
          [
            -64.182719,
            -31.40491
          ],
          [
            -64.182879,
            -31.405545
          ],
          [
            -64.182932,
            -31.405738
          ],
          [
            -64.18294,
            -31.405766
          ],
          [
            -64.183201,
            -31.40677
          ],
          [
            -64.183212,
            -31.406813
          ],
          [
            -64.183262,
            -31.406951
          ],
          [
            -64.183339,
            -31.40717
          ],
          [
            -64.183389,
            -31.407298
          ],
          [
            -64.183645,
            -31.407908
          ],
          [
            -64.183726,
            -31.408102
          ],
          [
            -64.183788,
            -31.408253
          ],
          [
            -64.183949,
            -31.408629
          ],
          [
            -64.184257,
            -31.409361
          ],
          [
            -64.184637,
            -31.410262
          ],
          [
            -64.184804,
            -31.410657
          ],
          [
            -64.185292,
            -31.411809
          ],
          [
            -64.185718,
            -31.412838
          ],
          [
            -64.185737,
            -31.412882
          ],
          [
            -64.185762,
            -31.412943
          ],
          [
            -64.185948,
            -31.413383
          ],
          [
            -64.186125,
            -31.413802
          ],
          [
            -64.186243,
            -31.414082
          ],
          [
            -64.186591,
            -31.414907
          ],
          [
            -64.186704,
            -31.415175
          ],
          [
            -64.186715,
            -31.415201
          ],
          [
            -64.186739,
            -31.415256
          ],
          [
            -64.186794,
            -31.415387
          ],
          [
            -64.186829,
            -31.41547
          ],
          [
            -64.187167,
            -31.416272
          ],
          [
            -64.187176,
            -31.416293
          ],
          [
            -64.187381,
            -31.41678
          ],
          [
            -64.187392,
            -31.416806
          ],
          [
            -64.187665,
            -31.417451
          ],
          [
            -64.187673,
            -31.417469
          ],
          [
            -64.18769,
            -31.41751
          ],
          [
            -64.188184,
            -31.418665
          ],
          [
            -64.188568,
            -31.419564
          ],
          [
            -64.188701,
            -31.419841
          ],
          [
            -64.188713,
            -31.419861
          ],
          [
            -64.188728,
            -31.419891
          ],
          [
            -64.188735,
            -31.419927
          ],
          [
            -64.188737,
            -31.419959
          ],
          [
            -64.188733,
            -31.419976
          ],
          [
            -64.188728,
            -31.419991
          ],
          [
            -64.188709,
            -31.420032
          ],
          [
            -64.188708,
            -31.420086
          ],
          [
            -64.188709,
            -31.420103
          ]
        ]
      }
    },
    {
      "type": "Feature",
      "id": "route-cordoba-2026-09-03-v3-04",
      "properties": {
        "truckId": "vehicle-04",
        "waypointDistancesKm": [
          0,
          1.5445653386345983,
          2.5596521448313045,
          3.778040921936193,
          5.247865899121905,
          6.790538980762113,
          9.69295732788388,
          12.690096492928047,
          20.793279238021373
        ]
      },
      "geometry": {
        "type": "LineString",
        "coordinates": [
          [
            -64.188709,
            -31.420109
          ],
          [
            -64.18871,
            -31.420127
          ],
          [
            -64.188717,
            -31.420178
          ],
          [
            -64.188727,
            -31.42023
          ],
          [
            -64.188737,
            -31.420284
          ],
          [
            -64.188734,
            -31.420338
          ],
          [
            -64.188686,
            -31.420476
          ],
          [
            -64.188614,
            -31.420637
          ],
          [
            -64.188602,
            -31.420666
          ],
          [
            -64.188216,
            -31.421509
          ],
          [
            -64.188139,
            -31.421536
          ],
          [
            -64.187971,
            -31.421596
          ],
          [
            -64.187883,
            -31.421621
          ],
          [
            -64.186582,
            -31.422025
          ],
          [
            -64.185253,
            -31.422438
          ],
          [
            -64.184746,
            -31.421253
          ],
          [
            -64.184705,
            -31.421154
          ],
          [
            -64.184491,
            -31.420636
          ],
          [
            -64.184265,
            -31.420104
          ],
          [
            -64.184136,
            -31.419798
          ],
          [
            -64.184126,
            -31.419775
          ],
          [
            -64.183666,
            -31.418688
          ],
          [
            -64.183648,
            -31.418647
          ],
          [
            -64.183639,
            -31.418623
          ],
          [
            -64.183179,
            -31.4175
          ],
          [
            -64.183168,
            -31.417471
          ],
          [
            -64.183154,
            -31.417437
          ],
          [
            -64.182941,
            -31.416932
          ],
          [
            -64.18271,
            -31.416385
          ],
          [
            -64.182226,
            -31.415251
          ],
          [
            -64.181764,
            -31.414161
          ],
          [
            -64.181724,
            -31.414065
          ],
          [
            -64.181685,
            -31.414077
          ],
          [
            -64.181359,
            -31.414174
          ],
          [
            -64.181022,
            -31.414275
          ],
          [
            -64.180822,
            -31.414334
          ],
          [
            -64.180387,
            -31.414464
          ],
          [
            -64.180033,
            -31.41457
          ],
          [
            -64.179101,
            -31.414847
          ],
          [
            -64.179079,
            -31.414799
          ],
          [
            -64.178639,
            -31.413739
          ],
          [
            -64.179932,
            -31.413364
          ],
          [
            -64.180884,
            -31.413089
          ],
          [
            -64.181263,
            -31.412979
          ],
          [
            -64.181959,
            -31.412778
          ],
          [
            -64.18258,
            -31.412599
          ],
          [
            -64.182618,
            -31.412588
          ],
          [
            -64.183143,
            -31.412436
          ],
          [
            -64.183865,
            -31.412228
          ],
          [
            -64.183897,
            -31.412219
          ],
          [
            -64.183883,
            -31.412187
          ],
          [
            -64.183413,
            -31.411113
          ],
          [
            -64.183402,
            -31.411089
          ],
          [
            -64.18338,
            -31.411096
          ],
          [
            -64.182903,
            -31.411243
          ],
          [
            -64.182158,
            -31.411473
          ],
          [
            -64.182113,
            -31.411487
          ],
          [
            -64.182123,
            -31.411511
          ],
          [
            -64.182569,
            -31.412575
          ],
          [
            -64.18258,
            -31.412599
          ],
          [
            -64.182598,
            -31.41264
          ],
          [
            -64.182731,
            -31.412947
          ],
          [
            -64.183026,
            -31.413627
          ],
          [
            -64.183045,
            -31.413671
          ],
          [
            -64.182846,
            -31.41373
          ],
          [
            -64.18243,
            -31.413853
          ],
          [
            -64.181724,
            -31.414065
          ],
          [
            -64.181685,
            -31.414077
          ],
          [
            -64.181359,
            -31.414174
          ],
          [
            -64.181022,
            -31.414275
          ],
          [
            -64.180387,
            -31.414464
          ],
          [
            -64.180033,
            -31.41457
          ],
          [
            -64.179101,
            -31.414847
          ],
          [
            -64.179061,
            -31.414859
          ],
          [
            -64.17902,
            -31.41487
          ],
          [
            -64.179001,
            -31.414876
          ],
          [
            -64.178233,
            -31.415127
          ],
          [
            -64.178093,
            -31.415172
          ],
          [
            -64.177774,
            -31.415275
          ],
          [
            -64.176467,
            -31.415664
          ],
          [
            -64.176184,
            -31.415764
          ],
          [
            -64.176043,
            -31.415814
          ],
          [
            -64.175744,
            -31.41592
          ],
          [
            -64.175585,
            -31.415975
          ],
          [
            -64.175537,
            -31.415873
          ],
          [
            -64.175499,
            -31.415814
          ],
          [
            -64.17564,
            -31.415768
          ],
          [
            -64.175454,
            -31.415205
          ],
          [
            -64.175299,
            -31.415246
          ],
          [
            -64.175336,
            -31.415356
          ],
          [
            -64.175484,
            -31.415791
          ],
          [
            -64.175499,
            -31.415814
          ],
          [
            -64.175537,
            -31.415873
          ],
          [
            -64.175585,
            -31.415975
          ],
          [
            -64.17545,
            -31.416022
          ],
          [
            -64.175207,
            -31.416089
          ],
          [
            -64.174904,
            -31.416136
          ],
          [
            -64.174646,
            -31.416086
          ],
          [
            -64.173295,
            -31.415758
          ],
          [
            -64.173201,
            -31.415733
          ],
          [
            -64.17202,
            -31.415391
          ],
          [
            -64.171988,
            -31.415381
          ],
          [
            -64.170834,
            -31.415047
          ],
          [
            -64.170782,
            -31.415032
          ],
          [
            -64.169897,
            -31.414791
          ],
          [
            -64.16971,
            -31.41474
          ],
          [
            -64.169592,
            -31.414707
          ],
          [
            -64.16839,
            -31.414379
          ],
          [
            -64.168072,
            -31.414292
          ],
          [
            -64.167717,
            -31.414195
          ],
          [
            -64.167173,
            -31.414046
          ],
          [
            -64.165965,
            -31.413715
          ],
          [
            -64.166364,
            -31.412671
          ],
          [
            -64.166762,
            -31.411624
          ],
          [
            -64.167136,
            -31.410605
          ],
          [
            -64.167377,
            -31.409952
          ],
          [
            -64.167522,
            -31.409558
          ],
          [
            -64.16793,
            -31.408448
          ],
          [
            -64.168057,
            -31.408108
          ],
          [
            -64.168294,
            -31.407462
          ],
          [
            -64.167094,
            -31.407122
          ],
          [
            -64.165898,
            -31.406783
          ],
          [
            -64.164665,
            -31.406446
          ],
          [
            -64.16407,
            -31.4063
          ],
          [
            -64.163524,
            -31.406173
          ],
          [
            -64.162603,
            -31.405897
          ],
          [
            -64.161469,
            -31.405605
          ],
          [
            -64.1606,
            -31.405382
          ],
          [
            -64.15942,
            -31.405098
          ],
          [
            -64.159345,
            -31.405078
          ],
          [
            -64.159216,
            -31.405048
          ],
          [
            -64.158692,
            -31.404916
          ],
          [
            -64.157867,
            -31.404697
          ],
          [
            -64.157562,
            -31.40547
          ],
          [
            -64.157531,
            -31.405566
          ],
          [
            -64.157317,
            -31.406202
          ],
          [
            -64.157254,
            -31.40637
          ],
          [
            -64.157186,
            -31.40655
          ],
          [
            -64.157057,
            -31.406895
          ],
          [
            -64.156818,
            -31.407542
          ],
          [
            -64.156688,
            -31.407895
          ],
          [
            -64.156797,
            -31.407926
          ],
          [
            -64.156873,
            -31.407943
          ],
          [
            -64.157618,
            -31.408073
          ],
          [
            -64.1582,
            -31.408177
          ],
          [
            -64.15822,
            -31.408127
          ],
          [
            -64.158581,
            -31.407128
          ],
          [
            -64.158603,
            -31.40707
          ],
          [
            -64.158788,
            -31.406574
          ],
          [
            -64.158806,
            -31.406528
          ],
          [
            -64.158826,
            -31.406475
          ],
          [
            -64.158971,
            -31.406087
          ],
          [
            -64.159009,
            -31.40597
          ],
          [
            -64.159035,
            -31.405899
          ],
          [
            -64.159345,
            -31.405078
          ],
          [
            -64.159724,
            -31.404027
          ],
          [
            -64.16021,
            -31.402709
          ],
          [
            -64.160633,
            -31.40157
          ],
          [
            -64.160989,
            -31.400577
          ],
          [
            -64.161317,
            -31.399671
          ],
          [
            -64.161583,
            -31.398972
          ],
          [
            -64.161593,
            -31.398877
          ],
          [
            -64.161575,
            -31.398782
          ],
          [
            -64.161555,
            -31.398722
          ],
          [
            -64.161441,
            -31.398287
          ],
          [
            -64.161436,
            -31.398267
          ],
          [
            -64.161428,
            -31.398201
          ],
          [
            -64.161435,
            -31.398129
          ],
          [
            -64.161462,
            -31.398028
          ],
          [
            -64.161598,
            -31.397738
          ],
          [
            -64.161958,
            -31.396967
          ],
          [
            -64.16205,
            -31.396853
          ],
          [
            -64.16,
            -31.396208
          ],
          [
            -64.159203,
            -31.395967
          ],
          [
            -64.159245,
            -31.395821
          ],
          [
            -64.159249,
            -31.395798
          ],
          [
            -64.159275,
            -31.395657
          ],
          [
            -64.159277,
            -31.395613
          ],
          [
            -64.159264,
            -31.395588
          ],
          [
            -64.159248,
            -31.395571
          ],
          [
            -64.159211,
            -31.395546
          ],
          [
            -64.158501,
            -31.395309
          ],
          [
            -64.158346,
            -31.395262
          ],
          [
            -64.158157,
            -31.395202
          ],
          [
            -64.157831,
            -31.395095
          ],
          [
            -64.156215,
            -31.394577
          ],
          [
            -64.156183,
            -31.394498
          ],
          [
            -64.156104,
            -31.394418
          ],
          [
            -64.15522,
            -31.393398
          ],
          [
            -64.154389,
            -31.392463
          ],
          [
            -64.153626,
            -31.391601
          ],
          [
            -64.154387,
            -31.391096
          ],
          [
            -64.155071,
            -31.39065
          ],
          [
            -64.155382,
            -31.391
          ],
          [
            -64.155792,
            -31.391462
          ],
          [
            -64.155844,
            -31.391513
          ],
          [
            -64.155148,
            -31.391967
          ],
          [
            -64.154389,
            -31.392463
          ],
          [
            -64.153626,
            -31.391601
          ],
          [
            -64.152872,
            -31.390732
          ],
          [
            -64.15248,
            -31.390281
          ],
          [
            -64.151632,
            -31.390184
          ],
          [
            -64.151746,
            -31.389457
          ],
          [
            -64.151351,
            -31.389016
          ],
          [
            -64.150594,
            -31.388165
          ],
          [
            -64.14982,
            -31.387295
          ],
          [
            -64.149045,
            -31.386423
          ],
          [
            -64.148285,
            -31.38557
          ],
          [
            -64.147829,
            -31.385057
          ],
          [
            -64.147836,
            -31.384587
          ],
          [
            -64.147839,
            -31.384361
          ],
          [
            -64.147846,
            -31.383931
          ],
          [
            -64.147849,
            -31.383718
          ],
          [
            -64.147855,
            -31.383266
          ],
          [
            -64.147843,
            -31.382603
          ],
          [
            -64.147836,
            -31.382505
          ],
          [
            -64.147823,
            -31.381935
          ],
          [
            -64.147818,
            -31.38135
          ],
          [
            -64.147818,
            -31.381275
          ],
          [
            -64.147813,
            -31.381122
          ],
          [
            -64.147805,
            -31.380619
          ],
          [
            -64.147804,
            -31.380468
          ],
          [
            -64.147794,
            -31.379872
          ],
          [
            -64.147798,
            -31.379816
          ],
          [
            -64.147813,
            -31.379756
          ],
          [
            -64.147839,
            -31.379696
          ],
          [
            -64.147848,
            -31.37965
          ],
          [
            -64.147852,
            -31.379575
          ],
          [
            -64.147848,
            -31.378766
          ],
          [
            -64.14784,
            -31.377692
          ],
          [
            -64.147839,
            -31.377564
          ],
          [
            -64.147837,
            -31.37663
          ],
          [
            -64.147827,
            -31.375556
          ],
          [
            -64.147819,
            -31.374477
          ],
          [
            -64.147817,
            -31.373919
          ],
          [
            -64.147808,
            -31.373409
          ],
          [
            -64.147799,
            -31.372645
          ],
          [
            -64.147795,
            -31.372171
          ],
          [
            -64.14749,
            -31.372173
          ],
          [
            -64.146356,
            -31.372179
          ],
          [
            -64.145293,
            -31.372191
          ],
          [
            -64.144664,
            -31.372198
          ],
          [
            -64.144676,
            -31.372942
          ],
          [
            -64.144682,
            -31.373434
          ],
          [
            -64.1447,
            -31.374498
          ],
          [
            -64.144704,
            -31.374902
          ],
          [
            -64.144754,
            -31.374926
          ],
          [
            -64.145166,
            -31.375285
          ],
          [
            -64.145425,
            -31.375511
          ],
          [
            -64.145473,
            -31.375569
          ],
          [
            -64.14639,
            -31.37555
          ],
          [
            -64.147827,
            -31.375556
          ],
          [
            -64.147837,
            -31.37663
          ],
          [
            -64.147839,
            -31.377564
          ],
          [
            -64.14784,
            -31.377692
          ],
          [
            -64.147848,
            -31.378766
          ],
          [
            -64.147852,
            -31.379575
          ],
          [
            -64.147848,
            -31.37965
          ],
          [
            -64.147839,
            -31.379696
          ],
          [
            -64.147813,
            -31.379756
          ],
          [
            -64.147798,
            -31.379816
          ],
          [
            -64.147794,
            -31.379872
          ],
          [
            -64.147804,
            -31.380468
          ],
          [
            -64.147805,
            -31.380619
          ],
          [
            -64.147813,
            -31.381122
          ],
          [
            -64.147818,
            -31.381275
          ],
          [
            -64.147818,
            -31.38135
          ],
          [
            -64.147823,
            -31.381935
          ],
          [
            -64.147836,
            -31.382505
          ],
          [
            -64.147921,
            -31.382534
          ],
          [
            -64.148393,
            -31.382683
          ],
          [
            -64.14858,
            -31.382742
          ],
          [
            -64.149227,
            -31.382946
          ],
          [
            -64.149454,
            -31.383017
          ],
          [
            -64.149932,
            -31.383168
          ],
          [
            -64.150561,
            -31.383366
          ],
          [
            -64.150994,
            -31.383503
          ],
          [
            -64.151373,
            -31.383622
          ],
          [
            -64.151647,
            -31.383708
          ],
          [
            -64.152629,
            -31.384018
          ],
          [
            -64.152724,
            -31.384048
          ],
          [
            -64.152772,
            -31.384063
          ],
          [
            -64.153795,
            -31.384385
          ],
          [
            -64.154151,
            -31.384498
          ],
          [
            -64.154364,
            -31.384565
          ],
          [
            -64.154898,
            -31.384733
          ],
          [
            -64.15555,
            -31.384939
          ],
          [
            -64.155985,
            -31.385076
          ],
          [
            -64.156182,
            -31.385138
          ],
          [
            -64.156986,
            -31.385391
          ],
          [
            -64.157068,
            -31.385418
          ],
          [
            -64.157917,
            -31.385686
          ],
          [
            -64.158172,
            -31.38576
          ],
          [
            -64.15983,
            -31.386274
          ],
          [
            -64.160588,
            -31.387125
          ],
          [
            -64.161357,
            -31.387979
          ],
          [
            -64.162133,
            -31.388852
          ],
          [
            -64.162572,
            -31.389353
          ],
          [
            -64.162867,
            -31.389696
          ],
          [
            -64.163631,
            -31.390568
          ],
          [
            -64.164425,
            -31.391439
          ],
          [
            -64.164557,
            -31.391601
          ],
          [
            -64.165194,
            -31.392303
          ],
          [
            -64.165991,
            -31.39319
          ],
          [
            -64.166809,
            -31.394139
          ],
          [
            -64.166973,
            -31.394326
          ],
          [
            -64.167701,
            -31.395159
          ],
          [
            -64.168532,
            -31.396086
          ],
          [
            -64.169206,
            -31.396804
          ],
          [
            -64.169411,
            -31.39707
          ],
          [
            -64.170277,
            -31.398056
          ],
          [
            -64.17041,
            -31.398204
          ],
          [
            -64.170601,
            -31.398416
          ],
          [
            -64.170956,
            -31.398816
          ],
          [
            -64.171029,
            -31.398877
          ],
          [
            -64.171073,
            -31.398915
          ],
          [
            -64.17112,
            -31.398967
          ],
          [
            -64.171134,
            -31.398984
          ],
          [
            -64.171375,
            -31.399269
          ],
          [
            -64.171533,
            -31.399439
          ],
          [
            -64.17157,
            -31.399486
          ],
          [
            -64.171598,
            -31.399522
          ],
          [
            -64.171619,
            -31.399572
          ],
          [
            -64.171643,
            -31.399695
          ],
          [
            -64.171667,
            -31.399698
          ],
          [
            -64.172425,
            -31.3998
          ],
          [
            -64.17291,
            -31.399818
          ],
          [
            -64.173636,
            -31.399839
          ],
          [
            -64.173673,
            -31.399891
          ],
          [
            -64.173679,
            -31.399925
          ],
          [
            -64.173343,
            -31.400861
          ],
          [
            -64.174535,
            -31.401185
          ],
          [
            -64.175843,
            -31.4015
          ],
          [
            -64.175851,
            -31.401781
          ],
          [
            -64.175858,
            -31.402535
          ],
          [
            -64.175858,
            -31.402643
          ],
          [
            -64.175855,
            -31.403778
          ],
          [
            -64.175852,
            -31.404964
          ],
          [
            -64.175855,
            -31.405408
          ],
          [
            -64.175877,
            -31.405521
          ],
          [
            -64.175895,
            -31.405559
          ],
          [
            -64.175928,
            -31.405615
          ],
          [
            -64.175984,
            -31.405695
          ],
          [
            -64.176041,
            -31.405745
          ],
          [
            -64.176092,
            -31.405785
          ],
          [
            -64.177134,
            -31.405165
          ],
          [
            -64.177349,
            -31.405045
          ],
          [
            -64.177457,
            -31.405007
          ],
          [
            -64.178265,
            -31.404711
          ],
          [
            -64.178601,
            -31.404609
          ],
          [
            -64.178817,
            -31.404551
          ],
          [
            -64.179068,
            -31.404494
          ],
          [
            -64.179472,
            -31.40443
          ],
          [
            -64.179721,
            -31.404403
          ],
          [
            -64.179991,
            -31.404375
          ],
          [
            -64.180409,
            -31.404348
          ],
          [
            -64.181686,
            -31.404274
          ],
          [
            -64.182614,
            -31.404246
          ],
          [
            -64.182626,
            -31.404381
          ],
          [
            -64.182656,
            -31.404595
          ],
          [
            -64.182701,
            -31.404839
          ],
          [
            -64.182719,
            -31.40491
          ],
          [
            -64.182879,
            -31.405545
          ],
          [
            -64.182932,
            -31.405738
          ],
          [
            -64.18294,
            -31.405766
          ],
          [
            -64.183201,
            -31.40677
          ],
          [
            -64.183212,
            -31.406813
          ],
          [
            -64.183262,
            -31.406951
          ],
          [
            -64.183339,
            -31.40717
          ],
          [
            -64.183389,
            -31.407298
          ],
          [
            -64.183645,
            -31.407908
          ],
          [
            -64.183726,
            -31.408102
          ],
          [
            -64.183788,
            -31.408253
          ],
          [
            -64.183949,
            -31.408629
          ],
          [
            -64.184257,
            -31.409361
          ],
          [
            -64.184637,
            -31.410262
          ],
          [
            -64.184804,
            -31.410657
          ],
          [
            -64.185292,
            -31.411809
          ],
          [
            -64.185718,
            -31.412838
          ],
          [
            -64.185737,
            -31.412882
          ],
          [
            -64.185762,
            -31.412943
          ],
          [
            -64.185948,
            -31.413383
          ],
          [
            -64.186125,
            -31.413802
          ],
          [
            -64.186243,
            -31.414082
          ],
          [
            -64.186591,
            -31.414907
          ],
          [
            -64.186704,
            -31.415175
          ],
          [
            -64.186715,
            -31.415201
          ],
          [
            -64.186739,
            -31.415256
          ],
          [
            -64.186794,
            -31.415387
          ],
          [
            -64.186829,
            -31.41547
          ],
          [
            -64.187167,
            -31.416272
          ],
          [
            -64.187176,
            -31.416293
          ],
          [
            -64.187381,
            -31.41678
          ],
          [
            -64.187392,
            -31.416806
          ],
          [
            -64.187665,
            -31.417451
          ],
          [
            -64.187673,
            -31.417469
          ],
          [
            -64.18769,
            -31.41751
          ],
          [
            -64.188184,
            -31.418665
          ],
          [
            -64.188568,
            -31.419564
          ],
          [
            -64.188701,
            -31.419841
          ],
          [
            -64.188713,
            -31.419861
          ],
          [
            -64.188728,
            -31.419891
          ],
          [
            -64.188735,
            -31.419927
          ],
          [
            -64.188737,
            -31.419959
          ],
          [
            -64.188733,
            -31.419976
          ],
          [
            -64.188728,
            -31.419991
          ],
          [
            -64.188709,
            -31.420032
          ],
          [
            -64.188708,
            -31.420086
          ],
          [
            -64.188709,
            -31.420103
          ]
        ]
      }
    },
    {
      "type": "Feature",
      "id": "route-cordoba-2026-09-03-v3-05",
      "properties": {
        "truckId": "vehicle-05",
        "waypointDistancesKm": [
          0,
          1.5148393380021457,
          5.174872852017698,
          6.4780830727592855,
          7.5826067363032,
          8.348869022402345,
          10.128329348393954,
          11.506448927025197,
          19.264767336062015
        ]
      },
      "geometry": {
        "type": "LineString",
        "coordinates": [
          [
            -64.188709,
            -31.420109
          ],
          [
            -64.18871,
            -31.420127
          ],
          [
            -64.188717,
            -31.420178
          ],
          [
            -64.188727,
            -31.42023
          ],
          [
            -64.188737,
            -31.420284
          ],
          [
            -64.188734,
            -31.420338
          ],
          [
            -64.188686,
            -31.420476
          ],
          [
            -64.188614,
            -31.420637
          ],
          [
            -64.188602,
            -31.420666
          ],
          [
            -64.188216,
            -31.421509
          ],
          [
            -64.188139,
            -31.421536
          ],
          [
            -64.187971,
            -31.421596
          ],
          [
            -64.187883,
            -31.421621
          ],
          [
            -64.186582,
            -31.422025
          ],
          [
            -64.185253,
            -31.422438
          ],
          [
            -64.185197,
            -31.422455
          ],
          [
            -64.183898,
            -31.422858
          ],
          [
            -64.182631,
            -31.423252
          ],
          [
            -64.182565,
            -31.423271
          ],
          [
            -64.18253,
            -31.423283
          ],
          [
            -64.182506,
            -31.42329
          ],
          [
            -64.182219,
            -31.422615
          ],
          [
            -64.181948,
            -31.421985
          ],
          [
            -64.181908,
            -31.421886
          ],
          [
            -64.181858,
            -31.42176
          ],
          [
            -64.181401,
            -31.420612
          ],
          [
            -64.180946,
            -31.419465
          ],
          [
            -64.179696,
            -31.419842
          ],
          [
            -64.180036,
            -31.42065
          ],
          [
            -64.180178,
            -31.420989
          ],
          [
            -64.180395,
            -31.421509
          ],
          [
            -64.180685,
            -31.422206
          ],
          [
            -64.180726,
            -31.422306
          ],
          [
            -64.179365,
            -31.422693
          ],
          [
            -64.177897,
            -31.423051
          ],
          [
            -64.176787,
            -31.423339
          ],
          [
            -64.176741,
            -31.423226
          ],
          [
            -64.176601,
            -31.422834
          ],
          [
            -64.176535,
            -31.422648
          ],
          [
            -64.176522,
            -31.422612
          ],
          [
            -64.176516,
            -31.4226
          ],
          [
            -64.176511,
            -31.422587
          ],
          [
            -64.17648,
            -31.422515
          ],
          [
            -64.176422,
            -31.422382
          ],
          [
            -64.17638,
            -31.422285
          ],
          [
            -64.176333,
            -31.422185
          ],
          [
            -64.176291,
            -31.422122
          ],
          [
            -64.176232,
            -31.422059
          ],
          [
            -64.176178,
            -31.422006
          ],
          [
            -64.176086,
            -31.421933
          ],
          [
            -64.175942,
            -31.421822
          ],
          [
            -64.175796,
            -31.421709
          ],
          [
            -64.175687,
            -31.421628
          ],
          [
            -64.175653,
            -31.421602
          ],
          [
            -64.17562,
            -31.421578
          ],
          [
            -64.17558,
            -31.421548
          ],
          [
            -64.175271,
            -31.421365
          ],
          [
            -64.175075,
            -31.421762
          ],
          [
            -64.175051,
            -31.42181
          ],
          [
            -64.174797,
            -31.422321
          ],
          [
            -64.174679,
            -31.422565
          ],
          [
            -64.174555,
            -31.42279
          ],
          [
            -64.174349,
            -31.423083
          ],
          [
            -64.1743,
            -31.42314
          ],
          [
            -64.174187,
            -31.423245
          ],
          [
            -64.174115,
            -31.423319
          ],
          [
            -64.173965,
            -31.423464
          ],
          [
            -64.173798,
            -31.423598
          ],
          [
            -64.173636,
            -31.423724
          ],
          [
            -64.173436,
            -31.423875
          ],
          [
            -64.173183,
            -31.424032
          ],
          [
            -64.172972,
            -31.424151
          ],
          [
            -64.172919,
            -31.424181
          ],
          [
            -64.172509,
            -31.424412
          ],
          [
            -64.172225,
            -31.424549
          ],
          [
            -64.171993,
            -31.42465
          ],
          [
            -64.171628,
            -31.424784
          ],
          [
            -64.171037,
            -31.424981
          ],
          [
            -64.170866,
            -31.425028
          ],
          [
            -64.170769,
            -31.425051
          ],
          [
            -64.170722,
            -31.42506
          ],
          [
            -64.17049,
            -31.425121
          ],
          [
            -64.170263,
            -31.425165
          ],
          [
            -64.170078,
            -31.425193
          ],
          [
            -64.169971,
            -31.425203
          ],
          [
            -64.169853,
            -31.425218
          ],
          [
            -64.169717,
            -31.42524
          ],
          [
            -64.169419,
            -31.425293
          ],
          [
            -64.169341,
            -31.425306
          ],
          [
            -64.169296,
            -31.425309
          ],
          [
            -64.169265,
            -31.42531
          ],
          [
            -64.169224,
            -31.425303
          ],
          [
            -64.169173,
            -31.425288
          ],
          [
            -64.169123,
            -31.425281
          ],
          [
            -64.169075,
            -31.425279
          ],
          [
            -64.168999,
            -31.425281
          ],
          [
            -64.168965,
            -31.425291
          ],
          [
            -64.168933,
            -31.425301
          ],
          [
            -64.16844,
            -31.425386
          ],
          [
            -64.168398,
            -31.425376
          ],
          [
            -64.168366,
            -31.42536
          ],
          [
            -64.168338,
            -31.425337
          ],
          [
            -64.168319,
            -31.425311
          ],
          [
            -64.168312,
            -31.425297
          ],
          [
            -64.168302,
            -31.425278
          ],
          [
            -64.168287,
            -31.425237
          ],
          [
            -64.168276,
            -31.425205
          ],
          [
            -64.168274,
            -31.425193
          ],
          [
            -64.168282,
            -31.425165
          ],
          [
            -64.168292,
            -31.425141
          ],
          [
            -64.168306,
            -31.42511
          ],
          [
            -64.16832,
            -31.425083
          ],
          [
            -64.168342,
            -31.425061
          ],
          [
            -64.168386,
            -31.425033
          ],
          [
            -64.168449,
            -31.425005
          ],
          [
            -64.168534,
            -31.424985
          ],
          [
            -64.168689,
            -31.42496
          ],
          [
            -64.168768,
            -31.42492
          ],
          [
            -64.168793,
            -31.424894
          ],
          [
            -64.168805,
            -31.424871
          ],
          [
            -64.168808,
            -31.424848
          ],
          [
            -64.168799,
            -31.424812
          ],
          [
            -64.16878,
            -31.424785
          ],
          [
            -64.168744,
            -31.424761
          ],
          [
            -64.167496,
            -31.424058
          ],
          [
            -64.16746,
            -31.424042
          ],
          [
            -64.1674,
            -31.424026
          ],
          [
            -64.167337,
            -31.424017
          ],
          [
            -64.16696,
            -31.424009
          ],
          [
            -64.166737,
            -31.423997
          ],
          [
            -64.166311,
            -31.423986
          ],
          [
            -64.166259,
            -31.423985
          ],
          [
            -64.165856,
            -31.423989
          ],
          [
            -64.165347,
            -31.424021
          ],
          [
            -64.164873,
            -31.424062
          ],
          [
            -64.164742,
            -31.42407
          ],
          [
            -64.164397,
            -31.424107
          ],
          [
            -64.163539,
            -31.424201
          ],
          [
            -64.163345,
            -31.424188
          ],
          [
            -64.162111,
            -31.424274
          ],
          [
            -64.161482,
            -31.424332
          ],
          [
            -64.160848,
            -31.424383
          ],
          [
            -64.159593,
            -31.42449
          ],
          [
            -64.158435,
            -31.424598
          ],
          [
            -64.15834,
            -31.424607
          ],
          [
            -64.157726,
            -31.424664
          ],
          [
            -64.157066,
            -31.424726
          ],
          [
            -64.155836,
            -31.42484
          ],
          [
            -64.154576,
            -31.424958
          ],
          [
            -64.153325,
            -31.425075
          ],
          [
            -64.15346,
            -31.426167
          ],
          [
            -64.153594,
            -31.42721
          ],
          [
            -64.153668,
            -31.427799
          ],
          [
            -64.152976,
            -31.427856
          ],
          [
            -64.152452,
            -31.427918
          ],
          [
            -64.152415,
            -31.427636
          ],
          [
            -64.152374,
            -31.427324
          ],
          [
            -64.15177,
            -31.42738
          ],
          [
            -64.151129,
            -31.427442
          ],
          [
            -64.150987,
            -31.426393
          ],
          [
            -64.150838,
            -31.425302
          ],
          [
            -64.150694,
            -31.424255
          ],
          [
            -64.150563,
            -31.423173
          ],
          [
            -64.150557,
            -31.423117
          ],
          [
            -64.150433,
            -31.422035
          ],
          [
            -64.150283,
            -31.420965
          ],
          [
            -64.150219,
            -31.42044
          ],
          [
            -64.150145,
            -31.419928
          ],
          [
            -64.150084,
            -31.419431
          ],
          [
            -64.150009,
            -31.418965
          ],
          [
            -64.149984,
            -31.418876
          ],
          [
            -64.149941,
            -31.418772
          ],
          [
            -64.150297,
            -31.418718
          ],
          [
            -64.150792,
            -31.418621
          ],
          [
            -64.151291,
            -31.418476
          ],
          [
            -64.151271,
            -31.418629
          ],
          [
            -64.151266,
            -31.418707
          ],
          [
            -64.151266,
            -31.41882
          ],
          [
            -64.151274,
            -31.418887
          ],
          [
            -64.151287,
            -31.419
          ],
          [
            -64.15139,
            -31.419828
          ],
          [
            -64.150145,
            -31.419928
          ],
          [
            -64.148898,
            -31.420041
          ],
          [
            -64.147644,
            -31.420151
          ],
          [
            -64.146411,
            -31.420259
          ],
          [
            -64.145048,
            -31.420378
          ],
          [
            -64.143804,
            -31.420487
          ],
          [
            -64.142545,
            -31.420598
          ],
          [
            -64.142712,
            -31.421647
          ],
          [
            -64.142766,
            -31.421985
          ],
          [
            -64.142887,
            -31.42274
          ],
          [
            -64.143037,
            -31.423799
          ],
          [
            -64.143046,
            -31.423857
          ],
          [
            -64.141797,
            -31.423974
          ],
          [
            -64.140552,
            -31.424096
          ],
          [
            -64.139908,
            -31.424164
          ],
          [
            -64.139406,
            -31.424208
          ],
          [
            -64.139343,
            -31.424219
          ],
          [
            -64.139298,
            -31.424244
          ],
          [
            -64.139272,
            -31.424266
          ],
          [
            -64.138879,
            -31.424664
          ],
          [
            -64.138829,
            -31.424725
          ],
          [
            -64.139583,
            -31.425262
          ],
          [
            -64.139633,
            -31.425286
          ],
          [
            -64.139696,
            -31.425292
          ],
          [
            -64.139941,
            -31.425272
          ],
          [
            -64.140063,
            -31.425262
          ],
          [
            -64.140208,
            -31.4263
          ],
          [
            -64.13969,
            -31.426348
          ],
          [
            -64.138553,
            -31.426453
          ],
          [
            -64.137398,
            -31.42656
          ],
          [
            -64.136582,
            -31.426635
          ],
          [
            -64.135942,
            -31.426695
          ],
          [
            -64.135449,
            -31.426707
          ],
          [
            -64.134726,
            -31.426726
          ],
          [
            -64.133587,
            -31.426763
          ],
          [
            -64.132483,
            -31.426822
          ],
          [
            -64.132119,
            -31.426837
          ],
          [
            -64.131884,
            -31.426846
          ],
          [
            -64.131345,
            -31.426863
          ],
          [
            -64.130843,
            -31.426882
          ],
          [
            -64.130861,
            -31.427823
          ],
          [
            -64.130853,
            -31.42861
          ],
          [
            -64.13085,
            -31.429528
          ],
          [
            -64.13086,
            -31.430046
          ],
          [
            -64.131385,
            -31.430445
          ],
          [
            -64.131477,
            -31.430515
          ],
          [
            -64.131001,
            -31.430986
          ],
          [
            -64.130555,
            -31.431427
          ],
          [
            -64.129561,
            -31.430682
          ],
          [
            -64.129003,
            -31.430264
          ],
          [
            -64.128581,
            -31.429947
          ],
          [
            -64.128057,
            -31.43046
          ],
          [
            -64.12718,
            -31.429815
          ],
          [
            -64.126604,
            -31.429808
          ],
          [
            -64.125978,
            -31.429799
          ],
          [
            -64.125332,
            -31.429791
          ],
          [
            -64.124656,
            -31.429782
          ],
          [
            -64.124025,
            -31.429773
          ],
          [
            -64.123539,
            -31.429771
          ],
          [
            -64.123335,
            -31.429779
          ],
          [
            -64.123218,
            -31.429791
          ],
          [
            -64.121867,
            -31.429765
          ],
          [
            -64.120493,
            -31.429726
          ],
          [
            -64.119887,
            -31.429715
          ],
          [
            -64.119281,
            -31.429704
          ],
          [
            -64.11807,
            -31.429687
          ],
          [
            -64.116892,
            -31.429665
          ],
          [
            -64.116915,
            -31.428537
          ],
          [
            -64.11692,
            -31.428201
          ],
          [
            -64.116929,
            -31.427515
          ],
          [
            -64.116937,
            -31.427482
          ],
          [
            -64.116952,
            -31.427442
          ],
          [
            -64.116984,
            -31.427407
          ],
          [
            -64.118115,
            -31.427433
          ],
          [
            -64.119272,
            -31.427448
          ],
          [
            -64.120581,
            -31.427475
          ],
          [
            -64.121934,
            -31.427503
          ],
          [
            -64.123331,
            -31.427536
          ],
          [
            -64.124436,
            -31.427546
          ],
          [
            -64.125376,
            -31.427554
          ],
          [
            -64.12553,
            -31.427556
          ],
          [
            -64.126021,
            -31.427565
          ],
          [
            -64.126652,
            -31.427576
          ],
          [
            -64.127224,
            -31.427585
          ],
          [
            -64.127419,
            -31.427587
          ],
          [
            -64.127487,
            -31.427592
          ],
          [
            -64.127568,
            -31.427613
          ],
          [
            -64.127652,
            -31.427644
          ],
          [
            -64.12773,
            -31.427691
          ],
          [
            -64.127908,
            -31.427811
          ],
          [
            -64.12808,
            -31.427957
          ],
          [
            -64.128102,
            -31.427925
          ],
          [
            -64.128149,
            -31.427898
          ],
          [
            -64.129038,
            -31.427867
          ],
          [
            -64.130103,
            -31.427832
          ],
          [
            -64.130861,
            -31.427823
          ],
          [
            -64.131356,
            -31.427813
          ],
          [
            -64.131907,
            -31.427805
          ],
          [
            -64.132499,
            -31.427795
          ],
          [
            -64.133597,
            -31.427788
          ],
          [
            -64.134745,
            -31.427776
          ],
          [
            -64.135959,
            -31.427767
          ],
          [
            -64.136604,
            -31.427703
          ],
          [
            -64.137571,
            -31.427595
          ],
          [
            -64.138718,
            -31.427488
          ],
          [
            -64.138632,
            -31.426961
          ],
          [
            -64.138553,
            -31.426453
          ],
          [
            -64.138482,
            -31.426001
          ],
          [
            -64.138475,
            -31.425948
          ],
          [
            -64.138479,
            -31.425896
          ],
          [
            -64.138496,
            -31.425834
          ],
          [
            -64.138626,
            -31.425367
          ],
          [
            -64.1388,
            -31.424794
          ],
          [
            -64.138829,
            -31.424725
          ],
          [
            -64.138879,
            -31.424664
          ],
          [
            -64.139272,
            -31.424266
          ],
          [
            -64.139298,
            -31.424244
          ],
          [
            -64.139343,
            -31.424219
          ],
          [
            -64.139406,
            -31.424208
          ],
          [
            -64.139908,
            -31.424164
          ],
          [
            -64.140552,
            -31.424096
          ],
          [
            -64.141797,
            -31.423974
          ],
          [
            -64.143046,
            -31.423857
          ],
          [
            -64.144308,
            -31.423743
          ],
          [
            -64.145545,
            -31.423635
          ],
          [
            -64.146812,
            -31.423511
          ],
          [
            -64.147531,
            -31.423444
          ],
          [
            -64.147525,
            -31.423399
          ],
          [
            -64.14749,
            -31.423176
          ],
          [
            -64.14749,
            -31.423136
          ],
          [
            -64.147508,
            -31.423107
          ],
          [
            -64.147541,
            -31.423076
          ],
          [
            -64.147609,
            -31.423015
          ],
          [
            -64.147649,
            -31.422993
          ],
          [
            -64.14771,
            -31.422972
          ],
          [
            -64.148014,
            -31.422949
          ],
          [
            -64.148463,
            -31.4229
          ],
          [
            -64.148508,
            -31.422905
          ],
          [
            -64.148525,
            -31.422926
          ],
          [
            -64.148529,
            -31.422958
          ],
          [
            -64.14858,
            -31.423346
          ],
          [
            -64.148613,
            -31.423343
          ],
          [
            -64.149306,
            -31.42328
          ],
          [
            -64.150563,
            -31.423173
          ],
          [
            -64.1518,
            -31.423063
          ],
          [
            -64.152557,
            -31.422988
          ],
          [
            -64.152568,
            -31.422856
          ],
          [
            -64.152626,
            -31.422734
          ],
          [
            -64.152725,
            -31.422634
          ],
          [
            -64.152856,
            -31.422564
          ],
          [
            -64.153005,
            -31.422532
          ],
          [
            -64.153157,
            -31.422541
          ],
          [
            -64.153299,
            -31.42259
          ],
          [
            -64.153416,
            -31.422672
          ],
          [
            -64.153498,
            -31.422782
          ],
          [
            -64.153537,
            -31.422907
          ],
          [
            -64.154314,
            -31.42284
          ],
          [
            -64.155562,
            -31.42272
          ],
          [
            -64.156799,
            -31.4226
          ],
          [
            -64.158066,
            -31.422477
          ],
          [
            -64.158666,
            -31.422417
          ],
          [
            -64.159311,
            -31.422357
          ],
          [
            -64.159969,
            -31.422286
          ],
          [
            -64.160047,
            -31.422284
          ],
          [
            -64.160136,
            -31.422291
          ],
          [
            -64.160581,
            -31.422363
          ],
          [
            -64.160912,
            -31.422433
          ],
          [
            -64.161051,
            -31.422464
          ],
          [
            -64.161297,
            -31.422505
          ],
          [
            -64.161429,
            -31.422517
          ],
          [
            -64.161615,
            -31.422529
          ],
          [
            -64.161879,
            -31.422536
          ],
          [
            -64.163091,
            -31.422563
          ],
          [
            -64.163299,
            -31.422566
          ],
          [
            -64.163718,
            -31.42258
          ],
          [
            -64.164124,
            -31.422593
          ],
          [
            -64.164408,
            -31.422618
          ],
          [
            -64.164488,
            -31.422662
          ],
          [
            -64.164532,
            -31.422705
          ],
          [
            -64.164574,
            -31.422767
          ],
          [
            -64.1646,
            -31.42283
          ],
          [
            -64.164623,
            -31.422988
          ],
          [
            -64.164674,
            -31.423447
          ],
          [
            -64.164726,
            -31.423936
          ],
          [
            -64.164735,
            -31.424011
          ],
          [
            -64.164871,
            -31.424002
          ],
          [
            -64.165336,
            -31.423957
          ],
          [
            -64.1654,
            -31.423954
          ],
          [
            -64.165822,
            -31.423933
          ],
          [
            -64.165867,
            -31.423931
          ],
          [
            -64.166244,
            -31.423926
          ],
          [
            -64.16631,
            -31.423927
          ],
          [
            -64.166957,
            -31.423938
          ],
          [
            -64.167358,
            -31.423946
          ],
          [
            -64.167428,
            -31.423957
          ],
          [
            -64.167497,
            -31.42398
          ],
          [
            -64.167552,
            -31.424005
          ],
          [
            -64.168851,
            -31.424755
          ],
          [
            -64.1689,
            -31.424796
          ],
          [
            -64.168942,
            -31.424825
          ],
          [
            -64.168979,
            -31.42487
          ],
          [
            -64.169008,
            -31.424923
          ],
          [
            -64.169022,
            -31.424964
          ],
          [
            -64.169048,
            -31.425045
          ],
          [
            -64.16907,
            -31.425072
          ],
          [
            -64.169099,
            -31.425099
          ],
          [
            -64.169124,
            -31.425133
          ],
          [
            -64.169142,
            -31.425164
          ],
          [
            -64.169161,
            -31.425189
          ],
          [
            -64.169183,
            -31.425211
          ],
          [
            -64.169207,
            -31.425226
          ],
          [
            -64.169235,
            -31.425235
          ],
          [
            -64.169268,
            -31.425244
          ],
          [
            -64.1693,
            -31.425244
          ],
          [
            -64.169326,
            -31.425242
          ],
          [
            -64.169381,
            -31.425236
          ],
          [
            -64.169404,
            -31.425234
          ],
          [
            -64.170656,
            -31.425013
          ],
          [
            -64.171127,
            -31.4249
          ],
          [
            -64.171374,
            -31.424824
          ],
          [
            -64.171611,
            -31.424741
          ],
          [
            -64.171996,
            -31.424593
          ],
          [
            -64.172312,
            -31.424449
          ],
          [
            -64.172769,
            -31.424206
          ],
          [
            -64.173035,
            -31.424057
          ],
          [
            -64.173234,
            -31.423937
          ],
          [
            -64.17346,
            -31.423782
          ],
          [
            -64.173711,
            -31.423588
          ],
          [
            -64.17388,
            -31.423447
          ],
          [
            -64.174027,
            -31.423307
          ],
          [
            -64.174115,
            -31.423319
          ],
          [
            -64.174169,
            -31.423343
          ],
          [
            -64.174289,
            -31.4234
          ],
          [
            -64.174319,
            -31.423444
          ],
          [
            -64.174324,
            -31.423452
          ],
          [
            -64.174405,
            -31.423543
          ],
          [
            -64.174516,
            -31.423642
          ],
          [
            -64.174679,
            -31.423753
          ],
          [
            -64.17483,
            -31.423817
          ],
          [
            -64.174913,
            -31.423852
          ],
          [
            -64.175,
            -31.423871
          ],
          [
            -64.175044,
            -31.423879
          ],
          [
            -64.175097,
            -31.423881
          ],
          [
            -64.175136,
            -31.42388
          ],
          [
            -64.175179,
            -31.423878
          ],
          [
            -64.175252,
            -31.423859
          ],
          [
            -64.175305,
            -31.423832
          ],
          [
            -64.175349,
            -31.423796
          ],
          [
            -64.175385,
            -31.423753
          ],
          [
            -64.175452,
            -31.423658
          ],
          [
            -64.175523,
            -31.423557
          ],
          [
            -64.175624,
            -31.423485
          ],
          [
            -64.175668,
            -31.423462
          ],
          [
            -64.175739,
            -31.423432
          ],
          [
            -64.175788,
            -31.423418
          ],
          [
            -64.175825,
            -31.423407
          ],
          [
            -64.176026,
            -31.423351
          ],
          [
            -64.176285,
            -31.423288
          ],
          [
            -64.176398,
            -31.423265
          ],
          [
            -64.176516,
            -31.423243
          ],
          [
            -64.176741,
            -31.423226
          ],
          [
            -64.177859,
            -31.422944
          ],
          [
            -64.179313,
            -31.422566
          ],
          [
            -64.180685,
            -31.422206
          ],
          [
            -64.181908,
            -31.421886
          ],
          [
            -64.181933,
            -31.42188
          ],
          [
            -64.182055,
            -31.421848
          ],
          [
            -64.183332,
            -31.421513
          ],
          [
            -64.183646,
            -31.421431
          ],
          [
            -64.184303,
            -31.421259
          ],
          [
            -64.184705,
            -31.421154
          ],
          [
            -64.186053,
            -31.420801
          ],
          [
            -64.186264,
            -31.420749
          ],
          [
            -64.187394,
            -31.420469
          ],
          [
            -64.187439,
            -31.420456
          ],
          [
            -64.187877,
            -31.420332
          ],
          [
            -64.188038,
            -31.420286
          ],
          [
            -64.188169,
            -31.420245
          ],
          [
            -64.188208,
            -31.420233
          ],
          [
            -64.188297,
            -31.420206
          ],
          [
            -64.188431,
            -31.42015
          ],
          [
            -64.188553,
            -31.4201
          ],
          [
            -64.188617,
            -31.420073
          ],
          [
            -64.188664,
            -31.420053
          ],
          [
            -64.188709,
            -31.420032
          ],
          [
            -64.188708,
            -31.420086
          ],
          [
            -64.188709,
            -31.420103
          ]
        ]
      }
    },
    {
      "type": "Feature",
      "id": "route-cordoba-2026-09-03-v3-06",
      "properties": {
        "truckId": "vehicle-06",
        "waypointDistancesKm": [
          0,
          0.8262999378678283,
          4.100716667457719,
          4.9027964924962335,
          7.047277523112179,
          9.471145630464683,
          10.973244505197295,
          18.67114985071964,
          29.378422159111995
        ]
      },
      "geometry": {
        "type": "LineString",
        "coordinates": [
          [
            -64.188709,
            -31.420109
          ],
          [
            -64.18871,
            -31.420127
          ],
          [
            -64.188717,
            -31.420178
          ],
          [
            -64.188727,
            -31.42023
          ],
          [
            -64.188737,
            -31.420284
          ],
          [
            -64.188734,
            -31.420338
          ],
          [
            -64.188686,
            -31.420476
          ],
          [
            -64.188614,
            -31.420637
          ],
          [
            -64.188602,
            -31.420666
          ],
          [
            -64.188216,
            -31.421509
          ],
          [
            -64.188139,
            -31.421536
          ],
          [
            -64.187971,
            -31.421596
          ],
          [
            -64.187883,
            -31.421621
          ],
          [
            -64.186582,
            -31.422025
          ],
          [
            -64.185253,
            -31.422438
          ],
          [
            -64.185197,
            -31.422455
          ],
          [
            -64.183898,
            -31.422858
          ],
          [
            -64.184402,
            -31.424036
          ],
          [
            -64.184414,
            -31.424065
          ],
          [
            -64.184709,
            -31.42476
          ],
          [
            -64.184881,
            -31.425165
          ],
          [
            -64.185395,
            -31.426354
          ],
          [
            -64.185595,
            -31.426811
          ],
          [
            -64.185638,
            -31.426928
          ],
          [
            -64.185591,
            -31.427033
          ],
          [
            -64.185475,
            -31.427292
          ],
          [
            -64.185452,
            -31.42734
          ],
          [
            -64.185317,
            -31.427621
          ],
          [
            -64.185278,
            -31.427701
          ],
          [
            -64.185251,
            -31.427773
          ],
          [
            -64.18524,
            -31.427801
          ],
          [
            -64.185211,
            -31.427886
          ],
          [
            -64.185203,
            -31.42792
          ],
          [
            -64.185197,
            -31.427969
          ],
          [
            -64.185195,
            -31.427999
          ],
          [
            -64.185198,
            -31.42802
          ],
          [
            -64.185201,
            -31.428042
          ],
          [
            -64.185215,
            -31.428094
          ],
          [
            -64.18523,
            -31.428147
          ],
          [
            -64.185282,
            -31.428181
          ],
          [
            -64.18533,
            -31.428221
          ],
          [
            -64.185372,
            -31.428265
          ],
          [
            -64.185414,
            -31.42832
          ],
          [
            -64.185448,
            -31.42838
          ],
          [
            -64.185473,
            -31.428443
          ],
          [
            -64.185488,
            -31.428508
          ],
          [
            -64.185494,
            -31.428577
          ],
          [
            -64.185489,
            -31.428647
          ],
          [
            -64.185473,
            -31.428715
          ],
          [
            -64.185452,
            -31.428769
          ],
          [
            -64.185425,
            -31.42882
          ],
          [
            -64.185392,
            -31.428868
          ],
          [
            -64.185374,
            -31.42889
          ],
          [
            -64.185353,
            -31.428914
          ],
          [
            -64.18529,
            -31.42897
          ],
          [
            -64.185242,
            -31.429003
          ],
          [
            -64.185187,
            -31.429034
          ],
          [
            -64.185128,
            -31.429059
          ],
          [
            -64.185067,
            -31.429079
          ],
          [
            -64.185004,
            -31.429094
          ],
          [
            -64.184939,
            -31.429102
          ],
          [
            -64.184873,
            -31.429105
          ],
          [
            -64.18483,
            -31.429103
          ],
          [
            -64.184758,
            -31.429095
          ],
          [
            -64.184688,
            -31.42908
          ],
          [
            -64.18462,
            -31.429055
          ],
          [
            -64.184557,
            -31.429028
          ],
          [
            -64.184479,
            -31.428983
          ],
          [
            -64.184455,
            -31.428963
          ],
          [
            -64.184435,
            -31.428946
          ],
          [
            -64.184419,
            -31.428931
          ],
          [
            -64.184363,
            -31.428928
          ],
          [
            -64.184253,
            -31.428923
          ],
          [
            -64.184208,
            -31.42892
          ],
          [
            -64.184162,
            -31.428916
          ],
          [
            -64.184097,
            -31.428914
          ],
          [
            -64.184004,
            -31.428911
          ],
          [
            -64.183927,
            -31.428913
          ],
          [
            -64.183864,
            -31.428916
          ],
          [
            -64.183711,
            -31.428936
          ],
          [
            -64.183639,
            -31.428944
          ],
          [
            -64.183507,
            -31.428957
          ],
          [
            -64.183383,
            -31.428974
          ],
          [
            -64.183269,
            -31.428993
          ],
          [
            -64.183175,
            -31.429012
          ],
          [
            -64.183069,
            -31.429035
          ],
          [
            -64.18294,
            -31.429071
          ],
          [
            -64.182833,
            -31.4291
          ],
          [
            -64.182725,
            -31.42914
          ],
          [
            -64.182592,
            -31.429191
          ],
          [
            -64.182491,
            -31.429238
          ],
          [
            -64.182377,
            -31.429312
          ],
          [
            -64.182195,
            -31.429436
          ],
          [
            -64.181951,
            -31.429592
          ],
          [
            -64.181533,
            -31.429848
          ],
          [
            -64.181431,
            -31.429908
          ],
          [
            -64.181276,
            -31.429997
          ],
          [
            -64.181188,
            -31.430046
          ],
          [
            -64.181172,
            -31.430068
          ],
          [
            -64.18115,
            -31.430085
          ],
          [
            -64.18117,
            -31.430154
          ],
          [
            -64.18141,
            -31.430423
          ],
          [
            -64.181495,
            -31.430531
          ],
          [
            -64.181555,
            -31.430629
          ],
          [
            -64.181593,
            -31.430708
          ],
          [
            -64.181607,
            -31.430751
          ],
          [
            -64.181642,
            -31.430859
          ],
          [
            -64.181661,
            -31.430952
          ],
          [
            -64.181661,
            -31.430971
          ],
          [
            -64.18166,
            -31.43104
          ],
          [
            -64.181639,
            -31.431129
          ],
          [
            -64.181621,
            -31.43119
          ],
          [
            -64.181576,
            -31.431335
          ],
          [
            -64.181528,
            -31.43147
          ],
          [
            -64.181455,
            -31.431636
          ],
          [
            -64.181403,
            -31.431722
          ],
          [
            -64.181278,
            -31.431878
          ],
          [
            -64.181169,
            -31.43198
          ],
          [
            -64.18102,
            -31.432087
          ],
          [
            -64.180879,
            -31.432183
          ],
          [
            -64.180626,
            -31.432314
          ],
          [
            -64.180447,
            -31.432389
          ],
          [
            -64.18024,
            -31.43247
          ],
          [
            -64.180053,
            -31.43253
          ],
          [
            -64.17994,
            -31.432563
          ],
          [
            -64.179282,
            -31.432706
          ],
          [
            -64.179092,
            -31.432741
          ],
          [
            -64.178896,
            -31.432771
          ],
          [
            -64.178703,
            -31.43279
          ],
          [
            -64.178303,
            -31.432803
          ],
          [
            -64.178034,
            -31.432803
          ],
          [
            -64.177837,
            -31.43279
          ],
          [
            -64.177509,
            -31.432761
          ],
          [
            -64.177179,
            -31.432748
          ],
          [
            -64.176902,
            -31.432756
          ],
          [
            -64.176674,
            -31.432783
          ],
          [
            -64.176393,
            -31.432837
          ],
          [
            -64.176225,
            -31.432876
          ],
          [
            -64.175955,
            -31.432965
          ],
          [
            -64.175693,
            -31.433072
          ],
          [
            -64.175584,
            -31.433129
          ],
          [
            -64.175369,
            -31.433255
          ],
          [
            -64.175299,
            -31.433293
          ],
          [
            -64.175251,
            -31.433318
          ],
          [
            -64.175055,
            -31.433417
          ],
          [
            -64.174878,
            -31.433526
          ],
          [
            -64.174695,
            -31.433651
          ],
          [
            -64.174401,
            -31.433829
          ],
          [
            -64.174133,
            -31.433983
          ],
          [
            -64.17399,
            -31.434052
          ],
          [
            -64.173858,
            -31.434098
          ],
          [
            -64.173688,
            -31.43414
          ],
          [
            -64.173532,
            -31.434167
          ],
          [
            -64.173352,
            -31.434189
          ],
          [
            -64.17321,
            -31.434192
          ],
          [
            -64.173055,
            -31.434181
          ],
          [
            -64.172943,
            -31.43416
          ],
          [
            -64.172754,
            -31.434117
          ],
          [
            -64.1726,
            -31.434071
          ],
          [
            -64.172488,
            -31.434025
          ],
          [
            -64.172393,
            -31.43398
          ],
          [
            -64.172267,
            -31.43391
          ],
          [
            -64.172176,
            -31.433844
          ],
          [
            -64.172059,
            -31.433743
          ],
          [
            -64.171963,
            -31.433643
          ],
          [
            -64.171895,
            -31.43356
          ],
          [
            -64.171834,
            -31.433461
          ],
          [
            -64.171794,
            -31.433387
          ],
          [
            -64.171711,
            -31.43319
          ],
          [
            -64.171629,
            -31.432906
          ],
          [
            -64.171587,
            -31.432711
          ],
          [
            -64.17156,
            -31.432495
          ],
          [
            -64.171551,
            -31.432268
          ],
          [
            -64.171557,
            -31.43208
          ],
          [
            -64.171575,
            -31.431969
          ],
          [
            -64.171585,
            -31.431879
          ],
          [
            -64.17156,
            -31.431871
          ],
          [
            -64.171538,
            -31.431858
          ],
          [
            -64.171448,
            -31.431831
          ],
          [
            -64.171389,
            -31.431833
          ],
          [
            -64.17122,
            -31.431861
          ],
          [
            -64.170619,
            -31.431964
          ],
          [
            -64.170343,
            -31.432004
          ],
          [
            -64.170239,
            -31.432034
          ],
          [
            -64.17015,
            -31.43207
          ],
          [
            -64.170085,
            -31.43211
          ],
          [
            -64.169989,
            -31.432197
          ],
          [
            -64.169959,
            -31.432249
          ],
          [
            -64.169917,
            -31.432276
          ],
          [
            -64.169883,
            -31.432294
          ],
          [
            -64.169846,
            -31.432309
          ],
          [
            -64.169811,
            -31.432318
          ],
          [
            -64.169773,
            -31.432318
          ],
          [
            -64.169736,
            -31.432305
          ],
          [
            -64.169697,
            -31.432287
          ],
          [
            -64.169658,
            -31.432259
          ],
          [
            -64.169625,
            -31.432215
          ],
          [
            -64.169602,
            -31.432166
          ],
          [
            -64.169592,
            -31.4321
          ],
          [
            -64.169581,
            -31.43203
          ],
          [
            -64.169575,
            -31.431958
          ],
          [
            -64.169578,
            -31.431876
          ],
          [
            -64.16959,
            -31.431817
          ],
          [
            -64.16961,
            -31.431746
          ],
          [
            -64.169628,
            -31.431697
          ],
          [
            -64.169647,
            -31.43166
          ],
          [
            -64.169685,
            -31.431603
          ],
          [
            -64.169705,
            -31.431583
          ],
          [
            -64.169725,
            -31.431563
          ],
          [
            -64.169782,
            -31.431394
          ],
          [
            -64.169791,
            -31.431356
          ],
          [
            -64.1698,
            -31.4313
          ],
          [
            -64.169835,
            -31.430669
          ],
          [
            -64.169835,
            -31.430595
          ],
          [
            -64.169833,
            -31.430515
          ],
          [
            -64.169824,
            -31.430468
          ],
          [
            -64.169799,
            -31.430385
          ],
          [
            -64.169773,
            -31.430324
          ],
          [
            -64.169754,
            -31.430271
          ],
          [
            -64.169743,
            -31.430212
          ],
          [
            -64.169738,
            -31.430153
          ],
          [
            -64.169757,
            -31.429927
          ],
          [
            -64.169758,
            -31.429857
          ],
          [
            -64.169754,
            -31.429798
          ],
          [
            -64.169721,
            -31.42955
          ],
          [
            -64.169684,
            -31.429259
          ],
          [
            -64.169657,
            -31.429079
          ],
          [
            -64.169657,
            -31.429073
          ],
          [
            -64.169608,
            -31.428731
          ],
          [
            -64.169602,
            -31.428698
          ],
          [
            -64.169524,
            -31.428284
          ],
          [
            -64.169275,
            -31.42832
          ],
          [
            -64.168762,
            -31.42839
          ],
          [
            -64.168652,
            -31.428406
          ],
          [
            -64.16794,
            -31.428503
          ],
          [
            -64.16779,
            -31.428531
          ],
          [
            -64.167803,
            -31.428584
          ],
          [
            -64.167818,
            -31.428613
          ],
          [
            -64.168447,
            -31.429263
          ],
          [
            -64.168541,
            -31.429361
          ],
          [
            -64.168682,
            -31.429508
          ],
          [
            -64.168916,
            -31.429752
          ],
          [
            -64.168992,
            -31.429801
          ],
          [
            -64.169077,
            -31.429817
          ],
          [
            -64.169217,
            -31.429744
          ],
          [
            -64.169258,
            -31.4297
          ],
          [
            -64.169293,
            -31.429654
          ],
          [
            -64.169494,
            -31.42939
          ],
          [
            -64.169564,
            -31.429248
          ],
          [
            -64.169594,
            -31.429188
          ],
          [
            -64.169625,
            -31.429137
          ],
          [
            -64.169657,
            -31.429079
          ],
          [
            -64.169657,
            -31.429073
          ],
          [
            -64.169608,
            -31.428731
          ],
          [
            -64.169602,
            -31.428698
          ],
          [
            -64.169524,
            -31.428284
          ],
          [
            -64.169275,
            -31.42832
          ],
          [
            -64.168762,
            -31.42839
          ],
          [
            -64.168652,
            -31.428406
          ],
          [
            -64.16794,
            -31.428503
          ],
          [
            -64.16779,
            -31.428531
          ],
          [
            -64.167288,
            -31.428605
          ],
          [
            -64.16665,
            -31.428709
          ],
          [
            -64.165543,
            -31.428894
          ],
          [
            -64.166123,
            -31.429704
          ],
          [
            -64.166135,
            -31.429795
          ],
          [
            -64.166174,
            -31.430012
          ],
          [
            -64.166024,
            -31.430037
          ],
          [
            -64.165311,
            -31.430156
          ],
          [
            -64.165432,
            -31.430761
          ],
          [
            -64.16545,
            -31.430819
          ],
          [
            -64.165473,
            -31.430873
          ],
          [
            -64.165639,
            -31.431087
          ],
          [
            -64.166364,
            -31.430964
          ],
          [
            -64.166538,
            -31.430864
          ],
          [
            -64.166593,
            -31.430828
          ],
          [
            -64.166661,
            -31.430771
          ],
          [
            -64.1674,
            -31.430545
          ],
          [
            -64.167483,
            -31.43052
          ],
          [
            -64.167522,
            -31.430591
          ],
          [
            -64.167562,
            -31.430644
          ],
          [
            -64.167664,
            -31.430791
          ],
          [
            -64.167543,
            -31.430836
          ],
          [
            -64.167218,
            -31.430949
          ],
          [
            -64.167034,
            -31.431002
          ],
          [
            -64.166814,
            -31.431056
          ],
          [
            -64.16639,
            -31.431154
          ],
          [
            -64.165743,
            -31.431233
          ],
          [
            -64.165454,
            -31.431273
          ],
          [
            -64.165252,
            -31.43131
          ],
          [
            -64.165002,
            -31.431375
          ],
          [
            -64.164781,
            -31.431443
          ],
          [
            -64.164358,
            -31.431606
          ],
          [
            -64.163923,
            -31.431815
          ],
          [
            -64.163846,
            -31.431859
          ],
          [
            -64.163688,
            -31.431952
          ],
          [
            -64.163592,
            -31.432008
          ],
          [
            -64.163188,
            -31.432227
          ],
          [
            -64.163131,
            -31.432257
          ],
          [
            -64.162963,
            -31.432346
          ],
          [
            -64.162645,
            -31.432513
          ],
          [
            -64.162053,
            -31.432825
          ],
          [
            -64.161987,
            -31.432856
          ],
          [
            -64.161984,
            -31.433363
          ],
          [
            -64.161981,
            -31.433434
          ],
          [
            -64.161974,
            -31.434356
          ],
          [
            -64.161972,
            -31.435252
          ],
          [
            -64.161967,
            -31.436171
          ],
          [
            -64.161961,
            -31.437112
          ],
          [
            -64.161966,
            -31.437945
          ],
          [
            -64.161949,
            -31.438752
          ],
          [
            -64.161936,
            -31.439327
          ],
          [
            -64.161714,
            -31.439487
          ],
          [
            -64.161401,
            -31.439732
          ],
          [
            -64.161342,
            -31.439781
          ],
          [
            -64.161255,
            -31.439872
          ],
          [
            -64.160963,
            -31.440219
          ],
          [
            -64.160928,
            -31.440278
          ],
          [
            -64.160892,
            -31.440361
          ],
          [
            -64.160866,
            -31.440396
          ],
          [
            -64.160849,
            -31.440421
          ],
          [
            -64.160811,
            -31.44045
          ],
          [
            -64.160691,
            -31.440509
          ],
          [
            -64.160654,
            -31.440541
          ],
          [
            -64.160655,
            -31.440593
          ],
          [
            -64.160665,
            -31.441296
          ],
          [
            -64.160669,
            -31.441843
          ],
          [
            -64.160646,
            -31.442753
          ],
          [
            -64.160632,
            -31.443287
          ],
          [
            -64.16063,
            -31.443609
          ],
          [
            -64.160634,
            -31.444689
          ],
          [
            -64.16063,
            -31.445924
          ],
          [
            -64.160631,
            -31.447157
          ],
          [
            -64.160631,
            -31.448126
          ],
          [
            -64.160629,
            -31.449727
          ],
          [
            -64.160638,
            -31.450582
          ],
          [
            -64.160648,
            -31.451178
          ],
          [
            -64.159915,
            -31.451389
          ],
          [
            -64.159923,
            -31.452351
          ],
          [
            -64.159922,
            -31.452758
          ],
          [
            -64.159933,
            -31.453105
          ],
          [
            -64.159946,
            -31.454235
          ],
          [
            -64.159943,
            -31.454593
          ],
          [
            -64.160036,
            -31.454594
          ],
          [
            -64.160861,
            -31.454583
          ],
          [
            -64.160652,
            -31.455186
          ],
          [
            -64.160554,
            -31.455404
          ],
          [
            -64.160536,
            -31.455462
          ],
          [
            -64.160526,
            -31.455529
          ],
          [
            -64.160528,
            -31.455672
          ],
          [
            -64.160515,
            -31.455856
          ],
          [
            -64.160463,
            -31.456327
          ],
          [
            -64.160344,
            -31.457425
          ],
          [
            -64.16022,
            -31.458564
          ],
          [
            -64.160453,
            -31.458563
          ],
          [
            -64.160661,
            -31.458562
          ],
          [
            -64.161504,
            -31.458557
          ],
          [
            -64.161666,
            -31.458556
          ],
          [
            -64.162722,
            -31.45855
          ],
          [
            -64.16318,
            -31.458548
          ],
          [
            -64.163207,
            -31.458548
          ],
          [
            -64.163203,
            -31.458668
          ],
          [
            -64.163247,
            -31.45872
          ],
          [
            -64.163274,
            -31.459599
          ],
          [
            -64.163023,
            -31.4596
          ],
          [
            -64.16282,
            -31.459599
          ],
          [
            -64.162093,
            -31.459592
          ],
          [
            -64.162011,
            -31.459591
          ],
          [
            -64.161838,
            -31.45959
          ],
          [
            -64.161753,
            -31.4596
          ],
          [
            -64.161673,
            -31.45963
          ],
          [
            -64.161607,
            -31.459682
          ],
          [
            -64.161585,
            -31.459729
          ],
          [
            -64.161575,
            -31.459782
          ],
          [
            -64.161576,
            -31.459824
          ],
          [
            -64.16158,
            -31.459869
          ],
          [
            -64.161606,
            -31.459936
          ],
          [
            -64.161679,
            -31.460002
          ],
          [
            -64.161764,
            -31.460035
          ],
          [
            -64.161872,
            -31.460049
          ],
          [
            -64.162045,
            -31.460052
          ],
          [
            -64.162762,
            -31.460066
          ],
          [
            -64.163061,
            -31.460072
          ],
          [
            -64.163108,
            -31.46008
          ],
          [
            -64.16314,
            -31.460088
          ],
          [
            -64.163168,
            -31.460098
          ],
          [
            -64.163203,
            -31.460119
          ],
          [
            -64.163569,
            -31.460457
          ],
          [
            -64.16401,
            -31.460103
          ],
          [
            -64.164061,
            -31.460079
          ],
          [
            -64.164106,
            -31.460074
          ],
          [
            -64.164355,
            -31.460077
          ],
          [
            -64.164696,
            -31.460074
          ],
          [
            -64.165061,
            -31.460078
          ],
          [
            -64.16698,
            -31.460064
          ],
          [
            -64.167033,
            -31.460067
          ],
          [
            -64.16713,
            -31.460088
          ],
          [
            -64.167675,
            -31.459539
          ],
          [
            -64.167839,
            -31.45937
          ],
          [
            -64.168661,
            -31.458526
          ],
          [
            -64.168574,
            -31.458486
          ],
          [
            -64.168505,
            -31.458434
          ],
          [
            -64.168479,
            -31.458399
          ],
          [
            -64.16844,
            -31.458321
          ],
          [
            -64.168429,
            -31.458259
          ],
          [
            -64.168437,
            -31.458186
          ],
          [
            -64.168449,
            -31.458135
          ],
          [
            -64.168467,
            -31.458092
          ],
          [
            -64.16849,
            -31.458048
          ],
          [
            -64.168524,
            -31.458033
          ],
          [
            -64.168562,
            -31.458008
          ],
          [
            -64.168631,
            -31.45801
          ],
          [
            -64.168672,
            -31.458018
          ],
          [
            -64.168729,
            -31.458048
          ],
          [
            -64.168761,
            -31.458082
          ],
          [
            -64.168783,
            -31.458119
          ],
          [
            -64.168806,
            -31.458209
          ],
          [
            -64.168811,
            -31.458294
          ],
          [
            -64.168805,
            -31.458385
          ],
          [
            -64.168902,
            -31.458397
          ],
          [
            -64.169449,
            -31.458397
          ],
          [
            -64.172177,
            -31.458397
          ],
          [
            -64.172246,
            -31.458322
          ],
          [
            -64.171609,
            -31.457836
          ],
          [
            -64.171048,
            -31.457396
          ],
          [
            -64.170807,
            -31.457206
          ],
          [
            -64.170351,
            -31.456847
          ],
          [
            -64.169761,
            -31.457434
          ],
          [
            -64.16956,
            -31.457634
          ],
          [
            -64.168805,
            -31.458385
          ],
          [
            -64.168772,
            -31.458437
          ],
          [
            -64.168744,
            -31.458471
          ],
          [
            -64.168709,
            -31.4585
          ],
          [
            -64.168661,
            -31.458526
          ],
          [
            -64.16833,
            -31.458525
          ],
          [
            -64.167557,
            -31.458539
          ],
          [
            -64.166098,
            -31.458558
          ],
          [
            -64.165376,
            -31.458535
          ],
          [
            -64.164664,
            -31.458541
          ],
          [
            -64.164579,
            -31.458543
          ],
          [
            -64.163207,
            -31.458548
          ],
          [
            -64.16318,
            -31.458548
          ],
          [
            -64.162722,
            -31.45855
          ],
          [
            -64.161666,
            -31.458556
          ],
          [
            -64.161504,
            -31.458557
          ],
          [
            -64.160661,
            -31.458562
          ],
          [
            -64.160453,
            -31.458563
          ],
          [
            -64.16022,
            -31.458564
          ],
          [
            -64.159687,
            -31.458567
          ],
          [
            -64.159288,
            -31.458569
          ],
          [
            -64.158542,
            -31.458574
          ],
          [
            -64.157314,
            -31.45858
          ],
          [
            -64.156076,
            -31.458587
          ],
          [
            -64.155094,
            -31.458591
          ],
          [
            -64.153518,
            -31.458598
          ],
          [
            -64.152975,
            -31.4586
          ],
          [
            -64.152837,
            -31.458601
          ],
          [
            -64.152447,
            -31.458603
          ],
          [
            -64.15205,
            -31.458604
          ],
          [
            -64.151787,
            -31.458606
          ],
          [
            -64.151462,
            -31.458607
          ],
          [
            -64.151379,
            -31.458607
          ],
          [
            -64.150619,
            -31.458607
          ],
          [
            -64.148619,
            -31.458619
          ],
          [
            -64.148561,
            -31.45849
          ],
          [
            -64.148534,
            -31.458413
          ],
          [
            -64.148525,
            -31.458349
          ],
          [
            -64.148545,
            -31.456932
          ],
          [
            -64.148535,
            -31.456878
          ],
          [
            -64.148513,
            -31.456848
          ],
          [
            -64.148475,
            -31.456818
          ],
          [
            -64.148403,
            -31.456793
          ],
          [
            -64.148155,
            -31.456761
          ],
          [
            -64.148138,
            -31.456856
          ],
          [
            -64.148127,
            -31.456988
          ],
          [
            -64.148082,
            -31.457957
          ],
          [
            -64.148104,
            -31.458161
          ],
          [
            -64.148101,
            -31.458322
          ],
          [
            -64.148106,
            -31.458434
          ],
          [
            -64.148118,
            -31.458541
          ],
          [
            -64.148137,
            -31.458643
          ],
          [
            -64.148168,
            -31.458754
          ],
          [
            -64.148203,
            -31.458861
          ],
          [
            -64.148247,
            -31.458968
          ],
          [
            -64.148329,
            -31.459124
          ],
          [
            -64.148459,
            -31.459351
          ],
          [
            -64.148526,
            -31.459432
          ],
          [
            -64.14859,
            -31.459539
          ],
          [
            -64.148647,
            -31.459661
          ],
          [
            -64.148686,
            -31.459772
          ],
          [
            -64.148703,
            -31.459859
          ],
          [
            -64.148709,
            -31.459938
          ],
          [
            -64.148707,
            -31.460021
          ],
          [
            -64.148695,
            -31.460094
          ],
          [
            -64.148672,
            -31.460165
          ],
          [
            -64.148635,
            -31.460244
          ],
          [
            -64.148568,
            -31.460354
          ],
          [
            -64.148514,
            -31.460429
          ],
          [
            -64.148447,
            -31.4605
          ],
          [
            -64.148376,
            -31.460559
          ],
          [
            -64.148284,
            -31.460613
          ],
          [
            -64.148203,
            -31.460655
          ],
          [
            -64.148121,
            -31.460686
          ],
          [
            -64.148025,
            -31.460713
          ],
          [
            -64.147931,
            -31.460728
          ],
          [
            -64.147871,
            -31.460731
          ],
          [
            -64.14777,
            -31.460725
          ],
          [
            -64.147653,
            -31.46071
          ],
          [
            -64.147544,
            -31.460686
          ],
          [
            -64.147429,
            -31.460652
          ],
          [
            -64.147338,
            -31.460623
          ],
          [
            -64.147214,
            -31.460574
          ],
          [
            -64.147064,
            -31.460505
          ],
          [
            -64.146936,
            -31.460433
          ],
          [
            -64.146756,
            -31.460326
          ],
          [
            -64.146711,
            -31.46029
          ],
          [
            -64.146577,
            -31.460245
          ],
          [
            -64.146444,
            -31.460205
          ],
          [
            -64.146383,
            -31.46019
          ],
          [
            -64.146319,
            -31.46018
          ],
          [
            -64.146248,
            -31.460174
          ],
          [
            -64.144714,
            -31.460154
          ],
          [
            -64.144467,
            -31.460135
          ],
          [
            -64.144077,
            -31.460136
          ],
          [
            -64.143436,
            -31.460143
          ],
          [
            -64.143117,
            -31.46018
          ],
          [
            -64.142169,
            -31.460203
          ],
          [
            -64.141124,
            -31.460224
          ],
          [
            -64.138814,
            -31.460244
          ],
          [
            -64.136732,
            -31.460276
          ],
          [
            -64.134235,
            -31.4603
          ],
          [
            -64.132434,
            -31.460327
          ],
          [
            -64.129689,
            -31.460358
          ],
          [
            -64.129176,
            -31.46036
          ],
          [
            -64.128728,
            -31.460373
          ],
          [
            -64.128221,
            -31.460379
          ],
          [
            -64.127379,
            -31.460387
          ],
          [
            -64.126456,
            -31.460396
          ],
          [
            -64.125986,
            -31.4604
          ],
          [
            -64.125873,
            -31.460403
          ],
          [
            -64.124231,
            -31.460429
          ],
          [
            -64.123461,
            -31.460433
          ],
          [
            -64.122195,
            -31.460445
          ],
          [
            -64.120947,
            -31.460456
          ],
          [
            -64.120667,
            -31.460459
          ],
          [
            -64.120501,
            -31.46046
          ],
          [
            -64.120225,
            -31.460463
          ],
          [
            -64.118891,
            -31.460475
          ],
          [
            -64.116111,
            -31.46049
          ],
          [
            -64.115154,
            -31.460457
          ],
          [
            -64.115027,
            -31.460453
          ],
          [
            -64.114745,
            -31.460441
          ],
          [
            -64.11444,
            -31.460428
          ],
          [
            -64.113382,
            -31.460404
          ],
          [
            -64.112154,
            -31.460396
          ],
          [
            -64.11131,
            -31.460366
          ],
          [
            -64.110178,
            -31.460305
          ],
          [
            -64.109681,
            -31.460288
          ],
          [
            -64.109384,
            -31.460278
          ],
          [
            -64.109209,
            -31.460278
          ],
          [
            -64.109073,
            -31.460286
          ],
          [
            -64.108963,
            -31.460304
          ],
          [
            -64.108847,
            -31.460331
          ],
          [
            -64.108677,
            -31.460361
          ],
          [
            -64.108546,
            -31.460371
          ],
          [
            -64.108446,
            -31.460366
          ],
          [
            -64.108366,
            -31.460346
          ],
          [
            -64.108231,
            -31.460318
          ],
          [
            -64.108163,
            -31.460292
          ],
          [
            -64.108075,
            -31.460279
          ],
          [
            -64.107998,
            -31.460288
          ],
          [
            -64.107883,
            -31.460287
          ],
          [
            -64.107626,
            -31.460543
          ],
          [
            -64.10738,
            -31.460784
          ],
          [
            -64.107282,
            -31.460811
          ],
          [
            -64.10657,
            -31.461523
          ],
          [
            -64.105897,
            -31.462175
          ],
          [
            -64.105222,
            -31.462829
          ],
          [
            -64.104586,
            -31.463446
          ],
          [
            -64.104386,
            -31.46364
          ],
          [
            -64.1037,
            -31.464282
          ],
          [
            -64.103636,
            -31.464341
          ],
          [
            -64.102969,
            -31.464977
          ],
          [
            -64.101559,
            -31.464987
          ],
          [
            -64.101506,
            -31.464849
          ],
          [
            -64.101509,
            -31.4648
          ],
          [
            -64.101803,
            -31.464
          ],
          [
            -64.101852,
            -31.463868
          ],
          [
            -64.101885,
            -31.463828
          ],
          [
            -64.101964,
            -31.463798
          ],
          [
            -64.102037,
            -31.463796
          ],
          [
            -64.102155,
            -31.463814
          ],
          [
            -64.102209,
            -31.463818
          ],
          [
            -64.102259,
            -31.463812
          ],
          [
            -64.102414,
            -31.463722
          ],
          [
            -64.102482,
            -31.463691
          ],
          [
            -64.102601,
            -31.463672
          ],
          [
            -64.102757,
            -31.463673
          ],
          [
            -64.102858,
            -31.463687
          ],
          [
            -64.102941,
            -31.463727
          ],
          [
            -64.1037,
            -31.464282
          ],
          [
            -64.104386,
            -31.46364
          ],
          [
            -64.104586,
            -31.463446
          ],
          [
            -64.105222,
            -31.462829
          ],
          [
            -64.105897,
            -31.462175
          ],
          [
            -64.10657,
            -31.461523
          ],
          [
            -64.107282,
            -31.460811
          ],
          [
            -64.107328,
            -31.460751
          ],
          [
            -64.10762,
            -31.460465
          ],
          [
            -64.107699,
            -31.460385
          ],
          [
            -64.1078,
            -31.460279
          ],
          [
            -64.107981,
            -31.460123
          ],
          [
            -64.108077,
            -31.460025
          ],
          [
            -64.10811,
            -31.459995
          ],
          [
            -64.108229,
            -31.459886
          ],
          [
            -64.10837,
            -31.45975
          ],
          [
            -64.108748,
            -31.459375
          ],
          [
            -64.109339,
            -31.458789
          ],
          [
            -64.109918,
            -31.458218
          ],
          [
            -64.110536,
            -31.457626
          ],
          [
            -64.111076,
            -31.457083
          ],
          [
            -64.111187,
            -31.45698
          ],
          [
            -64.111839,
            -31.456333
          ],
          [
            -64.111962,
            -31.456218
          ],
          [
            -64.1123,
            -31.455902
          ],
          [
            -64.113051,
            -31.45516
          ],
          [
            -64.113534,
            -31.454686
          ],
          [
            -64.114152,
            -31.454083
          ],
          [
            -64.115117,
            -31.453165
          ],
          [
            -64.115282,
            -31.452998
          ],
          [
            -64.115359,
            -31.452921
          ],
          [
            -64.115374,
            -31.452905
          ],
          [
            -64.115769,
            -31.452488
          ],
          [
            -64.116201,
            -31.452066
          ],
          [
            -64.116276,
            -31.451989
          ],
          [
            -64.116412,
            -31.451868
          ],
          [
            -64.116537,
            -31.451752
          ],
          [
            -64.117283,
            -31.451063
          ],
          [
            -64.117439,
            -31.450889
          ],
          [
            -64.117519,
            -31.450796
          ],
          [
            -64.117684,
            -31.450576
          ],
          [
            -64.117783,
            -31.450433
          ],
          [
            -64.118048,
            -31.450014
          ],
          [
            -64.118207,
            -31.4498
          ],
          [
            -64.118303,
            -31.449685
          ],
          [
            -64.118427,
            -31.449561
          ],
          [
            -64.118571,
            -31.449426
          ],
          [
            -64.118711,
            -31.449305
          ],
          [
            -64.119095,
            -31.449016
          ],
          [
            -64.119288,
            -31.448866
          ],
          [
            -64.119401,
            -31.448781
          ],
          [
            -64.11983,
            -31.448464
          ],
          [
            -64.119984,
            -31.448343
          ],
          [
            -64.120142,
            -31.448192
          ],
          [
            -64.120417,
            -31.447916
          ],
          [
            -64.120856,
            -31.4475
          ],
          [
            -64.121991,
            -31.446364
          ],
          [
            -64.122065,
            -31.446289
          ],
          [
            -64.122127,
            -31.446211
          ],
          [
            -64.122184,
            -31.446129
          ],
          [
            -64.12225,
            -31.446023
          ],
          [
            -64.122305,
            -31.445917
          ],
          [
            -64.122341,
            -31.445823
          ],
          [
            -64.122376,
            -31.445709
          ],
          [
            -64.122398,
            -31.445596
          ],
          [
            -64.122409,
            -31.445472
          ],
          [
            -64.12241,
            -31.445356
          ],
          [
            -64.122402,
            -31.445199
          ],
          [
            -64.122376,
            -31.444724
          ],
          [
            -64.12235,
            -31.444214
          ],
          [
            -64.12231,
            -31.443543
          ],
          [
            -64.122325,
            -31.443265
          ],
          [
            -64.122344,
            -31.443161
          ],
          [
            -64.122371,
            -31.443065
          ],
          [
            -64.122398,
            -31.442987
          ],
          [
            -64.122439,
            -31.442894
          ],
          [
            -64.122477,
            -31.442817
          ],
          [
            -64.122525,
            -31.442739
          ],
          [
            -64.122578,
            -31.442657
          ],
          [
            -64.122641,
            -31.442576
          ],
          [
            -64.122753,
            -31.442457
          ],
          [
            -64.122833,
            -31.442381
          ],
          [
            -64.122928,
            -31.442312
          ],
          [
            -64.122978,
            -31.442279
          ],
          [
            -64.123058,
            -31.442228
          ],
          [
            -64.123161,
            -31.442175
          ],
          [
            -64.123279,
            -31.44212
          ],
          [
            -64.123395,
            -31.442075
          ],
          [
            -64.123523,
            -31.442036
          ],
          [
            -64.123661,
            -31.442001
          ],
          [
            -64.123787,
            -31.441981
          ],
          [
            -64.123923,
            -31.441969
          ],
          [
            -64.124055,
            -31.441968
          ],
          [
            -64.124174,
            -31.44197
          ],
          [
            -64.124307,
            -31.441986
          ],
          [
            -64.124438,
            -31.442008
          ],
          [
            -64.124624,
            -31.442051
          ],
          [
            -64.125022,
            -31.442162
          ],
          [
            -64.125183,
            -31.442197
          ],
          [
            -64.125327,
            -31.442219
          ],
          [
            -64.125441,
            -31.442228
          ],
          [
            -64.125544,
            -31.44223
          ],
          [
            -64.125643,
            -31.442228
          ],
          [
            -64.125767,
            -31.442216
          ],
          [
            -64.125885,
            -31.442197
          ],
          [
            -64.125996,
            -31.44217
          ],
          [
            -64.126104,
            -31.442136
          ],
          [
            -64.126204,
            -31.442099
          ],
          [
            -64.126306,
            -31.442053
          ],
          [
            -64.126386,
            -31.442012
          ],
          [
            -64.126471,
            -31.441963
          ],
          [
            -64.126556,
            -31.441907
          ],
          [
            -64.126665,
            -31.441824
          ],
          [
            -64.126768,
            -31.441728
          ],
          [
            -64.126861,
            -31.441627
          ],
          [
            -64.12693,
            -31.441545
          ],
          [
            -64.126985,
            -31.441479
          ],
          [
            -64.127039,
            -31.441403
          ],
          [
            -64.127081,
            -31.441337
          ],
          [
            -64.127123,
            -31.441266
          ],
          [
            -64.127161,
            -31.441193
          ],
          [
            -64.127195,
            -31.441117
          ],
          [
            -64.12723,
            -31.441019
          ],
          [
            -64.127266,
            -31.440899
          ],
          [
            -64.127312,
            -31.440728
          ],
          [
            -64.127363,
            -31.44051
          ],
          [
            -64.127392,
            -31.4404
          ],
          [
            -64.127425,
            -31.440292
          ],
          [
            -64.127478,
            -31.440152
          ],
          [
            -64.127531,
            -31.440021
          ],
          [
            -64.127585,
            -31.439898
          ],
          [
            -64.127646,
            -31.439764
          ],
          [
            -64.127755,
            -31.43954
          ],
          [
            -64.127916,
            -31.439233
          ],
          [
            -64.128072,
            -31.438928
          ],
          [
            -64.128093,
            -31.438867
          ],
          [
            -64.128118,
            -31.438796
          ],
          [
            -64.128195,
            -31.438503
          ],
          [
            -64.128222,
            -31.438401
          ],
          [
            -64.128267,
            -31.438265
          ],
          [
            -64.128296,
            -31.438197
          ],
          [
            -64.128324,
            -31.438146
          ],
          [
            -64.128367,
            -31.438101
          ],
          [
            -64.12849,
            -31.437994
          ],
          [
            -64.128547,
            -31.437947
          ],
          [
            -64.128644,
            -31.437839
          ],
          [
            -64.128691,
            -31.437782
          ],
          [
            -64.128725,
            -31.437723
          ],
          [
            -64.128786,
            -31.4376
          ],
          [
            -64.128881,
            -31.437396
          ],
          [
            -64.128981,
            -31.437237
          ],
          [
            -64.129054,
            -31.43713
          ],
          [
            -64.129141,
            -31.437011
          ],
          [
            -64.12925,
            -31.436881
          ],
          [
            -64.129405,
            -31.436702
          ],
          [
            -64.129533,
            -31.436565
          ],
          [
            -64.129889,
            -31.436226
          ],
          [
            -64.130678,
            -31.435428
          ],
          [
            -64.130745,
            -31.435361
          ],
          [
            -64.131379,
            -31.434738
          ],
          [
            -64.13146,
            -31.434659
          ],
          [
            -64.131604,
            -31.43452
          ],
          [
            -64.131812,
            -31.434318
          ],
          [
            -64.132004,
            -31.434148
          ],
          [
            -64.132131,
            -31.434043
          ],
          [
            -64.132241,
            -31.43396
          ],
          [
            -64.132372,
            -31.433879
          ],
          [
            -64.132513,
            -31.433804
          ],
          [
            -64.132674,
            -31.433718
          ],
          [
            -64.133241,
            -31.433447
          ],
          [
            -64.13368,
            -31.433238
          ],
          [
            -64.133857,
            -31.433153
          ],
          [
            -64.134346,
            -31.432919
          ],
          [
            -64.134434,
            -31.432884
          ],
          [
            -64.134551,
            -31.43285
          ],
          [
            -64.134651,
            -31.432824
          ],
          [
            -64.135802,
            -31.432523
          ],
          [
            -64.136063,
            -31.432451
          ],
          [
            -64.136884,
            -31.432226
          ],
          [
            -64.136969,
            -31.432194
          ],
          [
            -64.137044,
            -31.432165
          ],
          [
            -64.137769,
            -31.431816
          ],
          [
            -64.137936,
            -31.431752
          ],
          [
            -64.138091,
            -31.431703
          ],
          [
            -64.13828,
            -31.43166
          ],
          [
            -64.138469,
            -31.431636
          ],
          [
            -64.138619,
            -31.431621
          ],
          [
            -64.138759,
            -31.431614
          ],
          [
            -64.138808,
            -31.431611
          ],
          [
            -64.138948,
            -31.431619
          ],
          [
            -64.139072,
            -31.431636
          ],
          [
            -64.139202,
            -31.431671
          ],
          [
            -64.139326,
            -31.431712
          ],
          [
            -64.139498,
            -31.431805
          ],
          [
            -64.139937,
            -31.432184
          ],
          [
            -64.140237,
            -31.432483
          ],
          [
            -64.140288,
            -31.432524
          ],
          [
            -64.140354,
            -31.432565
          ],
          [
            -64.140466,
            -31.432616
          ],
          [
            -64.140556,
            -31.432652
          ],
          [
            -64.140664,
            -31.432682
          ],
          [
            -64.141106,
            -31.432775
          ],
          [
            -64.141445,
            -31.432819
          ],
          [
            -64.141731,
            -31.432823
          ],
          [
            -64.142746,
            -31.432803
          ],
          [
            -64.143318,
            -31.432814
          ],
          [
            -64.143567,
            -31.432828
          ],
          [
            -64.1438,
            -31.432851
          ],
          [
            -64.144016,
            -31.432874
          ],
          [
            -64.14416,
            -31.432901
          ],
          [
            -64.144656,
            -31.433032
          ],
          [
            -64.14496,
            -31.433099
          ],
          [
            -64.14519,
            -31.433146
          ],
          [
            -64.145392,
            -31.433179
          ],
          [
            -64.145543,
            -31.433204
          ],
          [
            -64.145681,
            -31.433221
          ],
          [
            -64.145811,
            -31.433233
          ],
          [
            -64.14591,
            -31.43324
          ],
          [
            -64.146099,
            -31.43325
          ],
          [
            -64.146275,
            -31.433257
          ],
          [
            -64.147077,
            -31.433251
          ],
          [
            -64.147383,
            -31.433249
          ],
          [
            -64.147544,
            -31.43325
          ],
          [
            -64.148072,
            -31.433253
          ],
          [
            -64.148307,
            -31.433255
          ],
          [
            -64.148426,
            -31.433256
          ],
          [
            -64.148501,
            -31.433256
          ],
          [
            -64.148592,
            -31.433256
          ],
          [
            -64.149626,
            -31.433257
          ],
          [
            -64.149953,
            -31.433257
          ],
          [
            -64.150087,
            -31.433249
          ],
          [
            -64.150205,
            -31.43323
          ],
          [
            -64.150711,
            -31.433131
          ],
          [
            -64.150858,
            -31.433113
          ],
          [
            -64.150989,
            -31.433098
          ],
          [
            -64.151235,
            -31.433072
          ],
          [
            -64.151502,
            -31.433053
          ],
          [
            -64.151672,
            -31.433046
          ],
          [
            -64.151832,
            -31.43304
          ],
          [
            -64.153013,
            -31.433052
          ],
          [
            -64.154139,
            -31.433047
          ],
          [
            -64.155463,
            -31.433044
          ],
          [
            -64.156185,
            -31.433043
          ],
          [
            -64.156754,
            -31.433042
          ],
          [
            -64.157146,
            -31.433035
          ],
          [
            -64.158757,
            -31.433038
          ],
          [
            -64.159772,
            -31.433062
          ],
          [
            -64.160113,
            -31.433062
          ],
          [
            -64.160304,
            -31.433057
          ],
          [
            -64.160494,
            -31.433042
          ],
          [
            -64.160717,
            -31.433014
          ],
          [
            -64.160906,
            -31.432989
          ],
          [
            -64.161094,
            -31.432954
          ],
          [
            -64.161392,
            -31.432878
          ],
          [
            -64.161506,
            -31.432841
          ],
          [
            -64.161705,
            -31.432776
          ],
          [
            -64.161884,
            -31.432713
          ],
          [
            -64.162088,
            -31.432626
          ],
          [
            -64.16227,
            -31.432542
          ],
          [
            -64.16311,
            -31.432082
          ],
          [
            -64.163381,
            -31.431933
          ],
          [
            -64.163693,
            -31.431762
          ],
          [
            -64.163898,
            -31.431656
          ],
          [
            -64.164122,
            -31.43154
          ],
          [
            -64.164282,
            -31.43147
          ],
          [
            -64.164505,
            -31.431378
          ],
          [
            -64.164719,
            -31.431294
          ],
          [
            -64.165003,
            -31.431213
          ],
          [
            -64.165169,
            -31.431172
          ],
          [
            -64.165356,
            -31.431132
          ],
          [
            -64.165639,
            -31.431087
          ],
          [
            -64.166364,
            -31.430964
          ],
          [
            -64.166859,
            -31.430856
          ],
          [
            -64.167016,
            -31.430815
          ],
          [
            -64.167219,
            -31.430756
          ],
          [
            -64.167464,
            -31.430679
          ],
          [
            -64.167562,
            -31.430644
          ],
          [
            -64.167723,
            -31.430581
          ],
          [
            -64.167823,
            -31.430541
          ],
          [
            -64.168149,
            -31.430396
          ],
          [
            -64.169074,
            -31.429933
          ],
          [
            -64.16941,
            -31.429766
          ],
          [
            -64.169499,
            -31.429715
          ],
          [
            -64.169571,
            -31.429668
          ],
          [
            -64.169949,
            -31.429393
          ],
          [
            -64.170085,
            -31.42927
          ],
          [
            -64.170208,
            -31.429155
          ],
          [
            -64.170661,
            -31.428681
          ],
          [
            -64.171112,
            -31.428201
          ],
          [
            -64.171415,
            -31.427895
          ],
          [
            -64.171577,
            -31.427733
          ],
          [
            -64.171664,
            -31.427636
          ],
          [
            -64.171768,
            -31.427531
          ],
          [
            -64.171952,
            -31.427347
          ],
          [
            -64.172051,
            -31.427248
          ],
          [
            -64.172232,
            -31.427067
          ],
          [
            -64.172823,
            -31.426481
          ],
          [
            -64.173023,
            -31.426288
          ],
          [
            -64.17363,
            -31.42569
          ],
          [
            -64.173962,
            -31.425359
          ],
          [
            -64.174126,
            -31.425195
          ],
          [
            -64.174333,
            -31.424975
          ],
          [
            -64.17439,
            -31.424913
          ],
          [
            -64.174546,
            -31.424738
          ],
          [
            -64.174613,
            -31.424663
          ],
          [
            -64.174672,
            -31.424607
          ],
          [
            -64.174792,
            -31.424495
          ],
          [
            -64.174942,
            -31.424368
          ],
          [
            -64.174997,
            -31.424309
          ],
          [
            -64.175271,
            -31.424
          ],
          [
            -64.175521,
            -31.42373
          ],
          [
            -64.175607,
            -31.423637
          ],
          [
            -64.175695,
            -31.423568
          ],
          [
            -64.175765,
            -31.423526
          ],
          [
            -64.175856,
            -31.423478
          ],
          [
            -64.175932,
            -31.423446
          ],
          [
            -64.175996,
            -31.423425
          ],
          [
            -64.176361,
            -31.423324
          ],
          [
            -64.176741,
            -31.423226
          ],
          [
            -64.177859,
            -31.422944
          ],
          [
            -64.179313,
            -31.422566
          ],
          [
            -64.180685,
            -31.422206
          ],
          [
            -64.181908,
            -31.421886
          ],
          [
            -64.181933,
            -31.42188
          ],
          [
            -64.182055,
            -31.421848
          ],
          [
            -64.183332,
            -31.421513
          ],
          [
            -64.183646,
            -31.421431
          ],
          [
            -64.184303,
            -31.421259
          ],
          [
            -64.184705,
            -31.421154
          ],
          [
            -64.186053,
            -31.420801
          ],
          [
            -64.186264,
            -31.420749
          ],
          [
            -64.187394,
            -31.420469
          ],
          [
            -64.187439,
            -31.420456
          ],
          [
            -64.187877,
            -31.420332
          ],
          [
            -64.188038,
            -31.420286
          ],
          [
            -64.188169,
            -31.420245
          ],
          [
            -64.188208,
            -31.420233
          ],
          [
            -64.188297,
            -31.420206
          ],
          [
            -64.188431,
            -31.42015
          ],
          [
            -64.188553,
            -31.4201
          ],
          [
            -64.188617,
            -31.420073
          ],
          [
            -64.188664,
            -31.420053
          ],
          [
            -64.188709,
            -31.420032
          ],
          [
            -64.188708,
            -31.420086
          ],
          [
            -64.188709,
            -31.420103
          ]
        ]
      }
    },
    {
      "type": "Feature",
      "id": "route-cordoba-2026-09-03-v3-07",
      "properties": {
        "truckId": "vehicle-07",
        "waypointDistancesKm": [
          0,
          0.3547477575570878,
          1.0395272492471848,
          2.608914858279691,
          3.6971263429289527,
          4.602816576491145,
          6.296669049889292,
          12.82077747582048,
          21.87178351773919
        ]
      },
      "geometry": {
        "type": "LineString",
        "coordinates": [
          [
            -64.188709,
            -31.420109
          ],
          [
            -64.18871,
            -31.420127
          ],
          [
            -64.188717,
            -31.420178
          ],
          [
            -64.188727,
            -31.42023
          ],
          [
            -64.188737,
            -31.420284
          ],
          [
            -64.188734,
            -31.420338
          ],
          [
            -64.188661,
            -31.420343
          ],
          [
            -64.188627,
            -31.420347
          ],
          [
            -64.188532,
            -31.420357
          ],
          [
            -64.188403,
            -31.420371
          ],
          [
            -64.188305,
            -31.420382
          ],
          [
            -64.188185,
            -31.420397
          ],
          [
            -64.187924,
            -31.420468
          ],
          [
            -64.187534,
            -31.420563
          ],
          [
            -64.187445,
            -31.420584
          ],
          [
            -64.186091,
            -31.4209
          ],
          [
            -64.186349,
            -31.421491
          ],
          [
            -64.186582,
            -31.422025
          ],
          [
            -64.187051,
            -31.423184
          ],
          [
            -64.187348,
            -31.423089
          ],
          [
            -64.187455,
            -31.423057
          ],
          [
            -64.18837,
            -31.422766
          ],
          [
            -64.189743,
            -31.422336
          ],
          [
            -64.190227,
            -31.423525
          ],
          [
            -64.1895,
            -31.423735
          ],
          [
            -64.188861,
            -31.42392
          ],
          [
            -64.187836,
            -31.424227
          ],
          [
            -64.187532,
            -31.424318
          ],
          [
            -64.186727,
            -31.424578
          ],
          [
            -64.18644,
            -31.425174
          ],
          [
            -64.186032,
            -31.426085
          ],
          [
            -64.186005,
            -31.426146
          ],
          [
            -64.185991,
            -31.426177
          ],
          [
            -64.185638,
            -31.426928
          ],
          [
            -64.185591,
            -31.427033
          ],
          [
            -64.185475,
            -31.427292
          ],
          [
            -64.185452,
            -31.42734
          ],
          [
            -64.185317,
            -31.427621
          ],
          [
            -64.185278,
            -31.427701
          ],
          [
            -64.185251,
            -31.427773
          ],
          [
            -64.18524,
            -31.427801
          ],
          [
            -64.185211,
            -31.427886
          ],
          [
            -64.185203,
            -31.42792
          ],
          [
            -64.185197,
            -31.427969
          ],
          [
            -64.185195,
            -31.427999
          ],
          [
            -64.185198,
            -31.42802
          ],
          [
            -64.185201,
            -31.428042
          ],
          [
            -64.185215,
            -31.428094
          ],
          [
            -64.18523,
            -31.428147
          ],
          [
            -64.185282,
            -31.428181
          ],
          [
            -64.18533,
            -31.428221
          ],
          [
            -64.185372,
            -31.428265
          ],
          [
            -64.185414,
            -31.42832
          ],
          [
            -64.185448,
            -31.42838
          ],
          [
            -64.185473,
            -31.428443
          ],
          [
            -64.185488,
            -31.428508
          ],
          [
            -64.185494,
            -31.428577
          ],
          [
            -64.185489,
            -31.428647
          ],
          [
            -64.185473,
            -31.428715
          ],
          [
            -64.185452,
            -31.428769
          ],
          [
            -64.185425,
            -31.42882
          ],
          [
            -64.185392,
            -31.428868
          ],
          [
            -64.185374,
            -31.42889
          ],
          [
            -64.185353,
            -31.428914
          ],
          [
            -64.18529,
            -31.42897
          ],
          [
            -64.185242,
            -31.429003
          ],
          [
            -64.185211,
            -31.429045
          ],
          [
            -64.185192,
            -31.429081
          ],
          [
            -64.185183,
            -31.429125
          ],
          [
            -64.185179,
            -31.429205
          ],
          [
            -64.185194,
            -31.429258
          ],
          [
            -64.185212,
            -31.4293
          ],
          [
            -64.185256,
            -31.429401
          ],
          [
            -64.18528,
            -31.429451
          ],
          [
            -64.185412,
            -31.429776
          ],
          [
            -64.185914,
            -31.430988
          ],
          [
            -64.186444,
            -31.432177
          ],
          [
            -64.186517,
            -31.432352
          ],
          [
            -64.186634,
            -31.432624
          ],
          [
            -64.18668,
            -31.432719
          ],
          [
            -64.186725,
            -31.432793
          ],
          [
            -64.18683,
            -31.432955
          ],
          [
            -64.186933,
            -31.433112
          ],
          [
            -64.187014,
            -31.433242
          ],
          [
            -64.187159,
            -31.433501
          ],
          [
            -64.187281,
            -31.433727
          ],
          [
            -64.187334,
            -31.433773
          ],
          [
            -64.18737,
            -31.433843
          ],
          [
            -64.187388,
            -31.433896
          ],
          [
            -64.187398,
            -31.433936
          ],
          [
            -64.187423,
            -31.433983
          ],
          [
            -64.187532,
            -31.43418
          ],
          [
            -64.187592,
            -31.434326
          ],
          [
            -64.187923,
            -31.435324
          ],
          [
            -64.187991,
            -31.435528
          ],
          [
            -64.188131,
            -31.435936
          ],
          [
            -64.188288,
            -31.436397
          ],
          [
            -64.188318,
            -31.436485
          ],
          [
            -64.188334,
            -31.436535
          ],
          [
            -64.188688,
            -31.437643
          ],
          [
            -64.188709,
            -31.43771
          ],
          [
            -64.188886,
            -31.438258
          ],
          [
            -64.1889,
            -31.438304
          ],
          [
            -64.188922,
            -31.438368
          ],
          [
            -64.188926,
            -31.438386
          ],
          [
            -64.188923,
            -31.43841
          ],
          [
            -64.188907,
            -31.438441
          ],
          [
            -64.188857,
            -31.438452
          ],
          [
            -64.188796,
            -31.438467
          ],
          [
            -64.188713,
            -31.438487
          ],
          [
            -64.18866,
            -31.4385
          ],
          [
            -64.18719,
            -31.43886
          ],
          [
            -64.186406,
            -31.439052
          ],
          [
            -64.186372,
            -31.439062
          ],
          [
            -64.186362,
            -31.439065
          ],
          [
            -64.186327,
            -31.439077
          ],
          [
            -64.186276,
            -31.439096
          ],
          [
            -64.18624,
            -31.439113
          ],
          [
            -64.186216,
            -31.439125
          ],
          [
            -64.1862,
            -31.439143
          ],
          [
            -64.186182,
            -31.439159
          ],
          [
            -64.186159,
            -31.439187
          ],
          [
            -64.186146,
            -31.439206
          ],
          [
            -64.186137,
            -31.439239
          ],
          [
            -64.186137,
            -31.439286
          ],
          [
            -64.186137,
            -31.4393
          ],
          [
            -64.186137,
            -31.439309
          ],
          [
            -64.186138,
            -31.439366
          ],
          [
            -64.186144,
            -31.439411
          ],
          [
            -64.18615,
            -31.439451
          ],
          [
            -64.186271,
            -31.44005
          ],
          [
            -64.186331,
            -31.440342
          ],
          [
            -64.186415,
            -31.440748
          ],
          [
            -64.186343,
            -31.440797
          ],
          [
            -64.186217,
            -31.440885
          ],
          [
            -64.185952,
            -31.44109
          ],
          [
            -64.185867,
            -31.441138
          ],
          [
            -64.185741,
            -31.441187
          ],
          [
            -64.185437,
            -31.441256
          ],
          [
            -64.185213,
            -31.441292
          ],
          [
            -64.185125,
            -31.441295
          ],
          [
            -64.184893,
            -31.441291
          ],
          [
            -64.184652,
            -31.441286
          ],
          [
            -64.184583,
            -31.441284
          ],
          [
            -64.184495,
            -31.441298
          ],
          [
            -64.18456,
            -31.441639
          ],
          [
            -64.184584,
            -31.441711
          ],
          [
            -64.184729,
            -31.441942
          ],
          [
            -64.184758,
            -31.442006
          ],
          [
            -64.184753,
            -31.442175
          ],
          [
            -64.185564,
            -31.442318
          ],
          [
            -64.186045,
            -31.442374
          ],
          [
            -64.186164,
            -31.442376
          ],
          [
            -64.18624,
            -31.442368
          ],
          [
            -64.186337,
            -31.442346
          ],
          [
            -64.186465,
            -31.442304
          ],
          [
            -64.18652,
            -31.44228
          ],
          [
            -64.186573,
            -31.44225
          ],
          [
            -64.186605,
            -31.442224
          ],
          [
            -64.186644,
            -31.442206
          ],
          [
            -64.186687,
            -31.442195
          ],
          [
            -64.18673,
            -31.442192
          ],
          [
            -64.186772,
            -31.442197
          ],
          [
            -64.186812,
            -31.44221
          ],
          [
            -64.186848,
            -31.442231
          ],
          [
            -64.186877,
            -31.442257
          ],
          [
            -64.1869,
            -31.442288
          ],
          [
            -64.186914,
            -31.442322
          ],
          [
            -64.186919,
            -31.442359
          ],
          [
            -64.186915,
            -31.442395
          ],
          [
            -64.186901,
            -31.44243
          ],
          [
            -64.18688,
            -31.442461
          ],
          [
            -64.18685,
            -31.442488
          ],
          [
            -64.186815,
            -31.442508
          ],
          [
            -64.186773,
            -31.442523
          ],
          [
            -64.186784,
            -31.442612
          ],
          [
            -64.186791,
            -31.442667
          ],
          [
            -64.186766,
            -31.442797
          ],
          [
            -64.186762,
            -31.443004
          ],
          [
            -64.186752,
            -31.443406
          ],
          [
            -64.18675,
            -31.443563
          ],
          [
            -64.18808,
            -31.443571
          ],
          [
            -64.188076,
            -31.443768
          ],
          [
            -64.18867,
            -31.44378
          ],
          [
            -64.189025,
            -31.44379
          ],
          [
            -64.189288,
            -31.443794
          ],
          [
            -64.189287,
            -31.443947
          ],
          [
            -64.189989,
            -31.444004
          ],
          [
            -64.189979,
            -31.444631
          ],
          [
            -64.190267,
            -31.444646
          ],
          [
            -64.190994,
            -31.444648
          ],
          [
            -64.191017,
            -31.444665
          ],
          [
            -64.191017,
            -31.445141
          ],
          [
            -64.191028,
            -31.445215
          ],
          [
            -64.192081,
            -31.445024
          ],
          [
            -64.192146,
            -31.445017
          ],
          [
            -64.192211,
            -31.445024
          ],
          [
            -64.192392,
            -31.445063
          ],
          [
            -64.192421,
            -31.445077
          ],
          [
            -64.192439,
            -31.445099
          ],
          [
            -64.192444,
            -31.445127
          ],
          [
            -64.192403,
            -31.44534
          ],
          [
            -64.192588,
            -31.445415
          ],
          [
            -64.192649,
            -31.445431
          ],
          [
            -64.19271,
            -31.445432
          ],
          [
            -64.19347,
            -31.445263
          ],
          [
            -64.193835,
            -31.445194
          ],
          [
            -64.193453,
            -31.443683
          ],
          [
            -64.193447,
            -31.443617
          ],
          [
            -64.193473,
            -31.443467
          ],
          [
            -64.193484,
            -31.443422
          ],
          [
            -64.193522,
            -31.44331
          ],
          [
            -64.193696,
            -31.443329
          ],
          [
            -64.193979,
            -31.443344
          ],
          [
            -64.194051,
            -31.443343
          ],
          [
            -64.194177,
            -31.443326
          ],
          [
            -64.194253,
            -31.443313
          ],
          [
            -64.194324,
            -31.443282
          ],
          [
            -64.194427,
            -31.443299
          ],
          [
            -64.194438,
            -31.443289
          ],
          [
            -64.19446,
            -31.443277
          ],
          [
            -64.19449,
            -31.443267
          ],
          [
            -64.19452,
            -31.443265
          ],
          [
            -64.19455,
            -31.443269
          ],
          [
            -64.194577,
            -31.44328
          ],
          [
            -64.194588,
            -31.443288
          ],
          [
            -64.195415,
            -31.443576
          ],
          [
            -64.19608,
            -31.443649
          ],
          [
            -64.196675,
            -31.443676
          ],
          [
            -64.197311,
            -31.443726
          ],
          [
            -64.197378,
            -31.443724
          ],
          [
            -64.197458,
            -31.443709
          ],
          [
            -64.197503,
            -31.44369
          ],
          [
            -64.197527,
            -31.443667
          ],
          [
            -64.197541,
            -31.443641
          ],
          [
            -64.197558,
            -31.4436
          ],
          [
            -64.197561,
            -31.443559
          ],
          [
            -64.197532,
            -31.443453
          ],
          [
            -64.197263,
            -31.442566
          ],
          [
            -64.197112,
            -31.441948
          ],
          [
            -64.196813,
            -31.440991
          ],
          [
            -64.196607,
            -31.440357
          ],
          [
            -64.196321,
            -31.439474
          ],
          [
            -64.196168,
            -31.439002
          ],
          [
            -64.195995,
            -31.439042
          ],
          [
            -64.195909,
            -31.439062
          ],
          [
            -64.195741,
            -31.439033
          ],
          [
            -64.195603,
            -31.439033
          ],
          [
            -64.195562,
            -31.439072
          ],
          [
            -64.195512,
            -31.43919
          ],
          [
            -64.195494,
            -31.439284
          ],
          [
            -64.195506,
            -31.43932
          ],
          [
            -64.195559,
            -31.439476
          ],
          [
            -64.19561,
            -31.439626
          ],
          [
            -64.195663,
            -31.439783
          ],
          [
            -64.195699,
            -31.439893
          ],
          [
            -64.195941,
            -31.439838
          ],
          [
            -64.195971,
            -31.439816
          ],
          [
            -64.195988,
            -31.439785
          ],
          [
            -64.195995,
            -31.439704
          ],
          [
            -64.195663,
            -31.439783
          ],
          [
            -64.19561,
            -31.439626
          ],
          [
            -64.195559,
            -31.439476
          ],
          [
            -64.195506,
            -31.43932
          ],
          [
            -64.195494,
            -31.439284
          ],
          [
            -64.195462,
            -31.439224
          ],
          [
            -64.195421,
            -31.439091
          ],
          [
            -64.195405,
            -31.439029
          ],
          [
            -64.195401,
            -31.438998
          ],
          [
            -64.195398,
            -31.438977
          ],
          [
            -64.195425,
            -31.43893
          ],
          [
            -64.195477,
            -31.438903
          ],
          [
            -64.195538,
            -31.438904
          ],
          [
            -64.195589,
            -31.438933
          ],
          [
            -64.195603,
            -31.438961
          ],
          [
            -64.195741,
            -31.439033
          ],
          [
            -64.195909,
            -31.439062
          ],
          [
            -64.195995,
            -31.439042
          ],
          [
            -64.196168,
            -31.439002
          ],
          [
            -64.195954,
            -31.438343
          ],
          [
            -64.19582,
            -31.437935
          ],
          [
            -64.195438,
            -31.436768
          ],
          [
            -64.195337,
            -31.436708
          ],
          [
            -64.195236,
            -31.436671
          ],
          [
            -64.195147,
            -31.436663
          ],
          [
            -64.195042,
            -31.436672
          ],
          [
            -64.194002,
            -31.437012
          ],
          [
            -64.19354,
            -31.437162
          ],
          [
            -64.193475,
            -31.437183
          ],
          [
            -64.19334,
            -31.437228
          ],
          [
            -64.192709,
            -31.437434
          ],
          [
            -64.192685,
            -31.437442
          ],
          [
            -64.192514,
            -31.437497
          ],
          [
            -64.192494,
            -31.437504
          ],
          [
            -64.192421,
            -31.437521
          ],
          [
            -64.192445,
            -31.437609
          ],
          [
            -64.192501,
            -31.437813
          ],
          [
            -64.192511,
            -31.437874
          ],
          [
            -64.19252,
            -31.437954
          ],
          [
            -64.192529,
            -31.438119
          ],
          [
            -64.19252,
            -31.438233
          ],
          [
            -64.192515,
            -31.438269
          ],
          [
            -64.192502,
            -31.438381
          ],
          [
            -64.192466,
            -31.438532
          ],
          [
            -64.192441,
            -31.438621
          ],
          [
            -64.192431,
            -31.438687
          ],
          [
            -64.19242,
            -31.438842
          ],
          [
            -64.192428,
            -31.438869
          ],
          [
            -64.192429,
            -31.438896
          ],
          [
            -64.192422,
            -31.438923
          ],
          [
            -64.192409,
            -31.438947
          ],
          [
            -64.192406,
            -31.43902
          ],
          [
            -64.19241,
            -31.439091
          ],
          [
            -64.192434,
            -31.439176
          ],
          [
            -64.192497,
            -31.439365
          ],
          [
            -64.192711,
            -31.439949
          ],
          [
            -64.1928,
            -31.440167
          ],
          [
            -64.192863,
            -31.440326
          ],
          [
            -64.192956,
            -31.440561
          ],
          [
            -64.192994,
            -31.440649
          ],
          [
            -64.193081,
            -31.440815
          ],
          [
            -64.19312,
            -31.440887
          ],
          [
            -64.193165,
            -31.440969
          ],
          [
            -64.193258,
            -31.441133
          ],
          [
            -64.193429,
            -31.441414
          ],
          [
            -64.193842,
            -31.442122
          ],
          [
            -64.193966,
            -31.442325
          ],
          [
            -64.194024,
            -31.44242
          ],
          [
            -64.19407,
            -31.442496
          ],
          [
            -64.194264,
            -31.442813
          ],
          [
            -64.194361,
            -31.442979
          ],
          [
            -64.194409,
            -31.443057
          ],
          [
            -64.194464,
            -31.44314
          ],
          [
            -64.194511,
            -31.44321
          ],
          [
            -64.194577,
            -31.44328
          ],
          [
            -64.194588,
            -31.443288
          ],
          [
            -64.194613,
            -31.443312
          ],
          [
            -64.194627,
            -31.443342
          ],
          [
            -64.194629,
            -31.443374
          ],
          [
            -64.194618,
            -31.443406
          ],
          [
            -64.194596,
            -31.443432
          ],
          [
            -64.194566,
            -31.443451
          ],
          [
            -64.194529,
            -31.44346
          ],
          [
            -64.194459,
            -31.443449
          ],
          [
            -64.193696,
            -31.443329
          ],
          [
            -64.193522,
            -31.44331
          ],
          [
            -64.193484,
            -31.443422
          ],
          [
            -64.193473,
            -31.443467
          ],
          [
            -64.193447,
            -31.443617
          ],
          [
            -64.193453,
            -31.443683
          ],
          [
            -64.193835,
            -31.445194
          ],
          [
            -64.193981,
            -31.44578
          ],
          [
            -64.193988,
            -31.445848
          ],
          [
            -64.194055,
            -31.44634
          ],
          [
            -64.194064,
            -31.446398
          ],
          [
            -64.194138,
            -31.446915
          ],
          [
            -64.194146,
            -31.446968
          ],
          [
            -64.194306,
            -31.447952
          ],
          [
            -64.194314,
            -31.448033
          ],
          [
            -64.194396,
            -31.448977
          ],
          [
            -64.194443,
            -31.449496
          ],
          [
            -64.194464,
            -31.449754
          ],
          [
            -64.19455,
            -31.450539
          ],
          [
            -64.194784,
            -31.451428
          ],
          [
            -64.194915,
            -31.451935
          ],
          [
            -64.195068,
            -31.452468
          ],
          [
            -64.195273,
            -31.453185
          ],
          [
            -64.195523,
            -31.45406
          ],
          [
            -64.195799,
            -31.455088
          ],
          [
            -64.195925,
            -31.455522
          ],
          [
            -64.196114,
            -31.456234
          ],
          [
            -64.196254,
            -31.456748
          ],
          [
            -64.196337,
            -31.457053
          ],
          [
            -64.196555,
            -31.45785
          ],
          [
            -64.1967,
            -31.458383
          ],
          [
            -64.196711,
            -31.458425
          ],
          [
            -64.196809,
            -31.458784
          ],
          [
            -64.196836,
            -31.458882
          ],
          [
            -64.19703,
            -31.459595
          ],
          [
            -64.197173,
            -31.460121
          ],
          [
            -64.197392,
            -31.460926
          ],
          [
            -64.19751,
            -31.461362
          ],
          [
            -64.197652,
            -31.46188
          ],
          [
            -64.197903,
            -31.462803
          ],
          [
            -64.19793,
            -31.462897
          ],
          [
            -64.198119,
            -31.463599
          ],
          [
            -64.198829,
            -31.463459
          ],
          [
            -64.199461,
            -31.463334
          ],
          [
            -64.200099,
            -31.463208
          ],
          [
            -64.200724,
            -31.463087
          ],
          [
            -64.2014,
            -31.462951
          ],
          [
            -64.201677,
            -31.462897
          ],
          [
            -64.201995,
            -31.462854
          ],
          [
            -64.202071,
            -31.46284
          ],
          [
            -64.202189,
            -31.462828
          ],
          [
            -64.202282,
            -31.463008
          ],
          [
            -64.202335,
            -31.463024
          ],
          [
            -64.202382,
            -31.463052
          ],
          [
            -64.202419,
            -31.463088
          ],
          [
            -64.202443,
            -31.463132
          ],
          [
            -64.202452,
            -31.463167
          ],
          [
            -64.202452,
            -31.463203
          ],
          [
            -64.202448,
            -31.463228
          ],
          [
            -64.202429,
            -31.463274
          ],
          [
            -64.202396,
            -31.463313
          ],
          [
            -64.202383,
            -31.463425
          ],
          [
            -64.202383,
            -31.463445
          ],
          [
            -64.202384,
            -31.463536
          ],
          [
            -64.202463,
            -31.463864
          ],
          [
            -64.202585,
            -31.464314
          ],
          [
            -64.202795,
            -31.465074
          ],
          [
            -64.202944,
            -31.465642
          ],
          [
            -64.203175,
            -31.466503
          ],
          [
            -64.203795,
            -31.468761
          ],
          [
            -64.203868,
            -31.469029
          ],
          [
            -64.203939,
            -31.46927
          ],
          [
            -64.204036,
            -31.46967
          ],
          [
            -64.204111,
            -31.469983
          ],
          [
            -64.204128,
            -31.470049
          ],
          [
            -64.204307,
            -31.470734
          ],
          [
            -64.204493,
            -31.471424
          ],
          [
            -64.20452,
            -31.471552
          ],
          [
            -64.204537,
            -31.471648
          ],
          [
            -64.204543,
            -31.471724
          ],
          [
            -64.20454,
            -31.471819
          ],
          [
            -64.204528,
            -31.471908
          ],
          [
            -64.204509,
            -31.472004
          ],
          [
            -64.204485,
            -31.472109
          ],
          [
            -64.204447,
            -31.472205
          ],
          [
            -64.204404,
            -31.472299
          ],
          [
            -64.204355,
            -31.472378
          ],
          [
            -64.204314,
            -31.472433
          ],
          [
            -64.204292,
            -31.472461
          ],
          [
            -64.204271,
            -31.472487
          ],
          [
            -64.20422,
            -31.472545
          ],
          [
            -64.204092,
            -31.472679
          ],
          [
            -64.204077,
            -31.472695
          ],
          [
            -64.203611,
            -31.473144
          ],
          [
            -64.203132,
            -31.473602
          ],
          [
            -64.20306,
            -31.473679
          ],
          [
            -64.202995,
            -31.473751
          ],
          [
            -64.202891,
            -31.473887
          ],
          [
            -64.202814,
            -31.474002
          ],
          [
            -64.202747,
            -31.474119
          ],
          [
            -64.202682,
            -31.47425
          ],
          [
            -64.202658,
            -31.474318
          ],
          [
            -64.202635,
            -31.474386
          ],
          [
            -64.202599,
            -31.474518
          ],
          [
            -64.202579,
            -31.474603
          ],
          [
            -64.202559,
            -31.474758
          ],
          [
            -64.202547,
            -31.474902
          ],
          [
            -64.202538,
            -31.475058
          ],
          [
            -64.20254,
            -31.475175
          ],
          [
            -64.20255,
            -31.475314
          ],
          [
            -64.202599,
            -31.476101
          ],
          [
            -64.202668,
            -31.477496
          ],
          [
            -64.202709,
            -31.478274
          ],
          [
            -64.202754,
            -31.4788
          ],
          [
            -64.202809,
            -31.47986
          ],
          [
            -64.202814,
            -31.479934
          ],
          [
            -64.202822,
            -31.480003
          ],
          [
            -64.202831,
            -31.480054
          ],
          [
            -64.202853,
            -31.480169
          ],
          [
            -64.202965,
            -31.48062
          ],
          [
            -64.202993,
            -31.480721
          ],
          [
            -64.20314,
            -31.481262
          ],
          [
            -64.203973,
            -31.481243
          ],
          [
            -64.204123,
            -31.481239
          ],
          [
            -64.204111,
            -31.480696
          ],
          [
            -64.202993,
            -31.480721
          ],
          [
            -64.202898,
            -31.480723
          ],
          [
            -64.202872,
            -31.48063
          ],
          [
            -64.202766,
            -31.480208
          ],
          [
            -64.20275,
            -31.480137
          ],
          [
            -64.202737,
            -31.480045
          ],
          [
            -64.202725,
            -31.479938
          ],
          [
            -64.202716,
            -31.479822
          ],
          [
            -64.202709,
            -31.479587
          ],
          [
            -64.202676,
            -31.478958
          ],
          [
            -64.202641,
            -31.478384
          ],
          [
            -64.202629,
            -31.478312
          ],
          [
            -64.202627,
            -31.47827
          ],
          [
            -64.202603,
            -31.477619
          ],
          [
            -64.2026,
            -31.4775
          ],
          [
            -64.202585,
            -31.477041
          ],
          [
            -64.202534,
            -31.476102
          ],
          [
            -64.202479,
            -31.475176
          ],
          [
            -64.202474,
            -31.475058
          ],
          [
            -64.202472,
            -31.475005
          ],
          [
            -64.202471,
            -31.474994
          ],
          [
            -64.202473,
            -31.474859
          ],
          [
            -64.20248,
            -31.474768
          ],
          [
            -64.202488,
            -31.474686
          ],
          [
            -64.202508,
            -31.474582
          ],
          [
            -64.202527,
            -31.474494
          ],
          [
            -64.202549,
            -31.474398
          ],
          [
            -64.202581,
            -31.474309
          ],
          [
            -64.202623,
            -31.474223
          ],
          [
            -64.202655,
            -31.474154
          ],
          [
            -64.202714,
            -31.474036
          ],
          [
            -64.202787,
            -31.473913
          ],
          [
            -64.20284,
            -31.473833
          ],
          [
            -64.202906,
            -31.473744
          ],
          [
            -64.203003,
            -31.473638
          ],
          [
            -64.203079,
            -31.473561
          ],
          [
            -64.203307,
            -31.473335
          ],
          [
            -64.204047,
            -31.472623
          ],
          [
            -64.204149,
            -31.472517
          ],
          [
            -64.204211,
            -31.472444
          ],
          [
            -64.204291,
            -31.472336
          ],
          [
            -64.204353,
            -31.472213
          ],
          [
            -64.204403,
            -31.472088
          ],
          [
            -64.204435,
            -31.471988
          ],
          [
            -64.204457,
            -31.47189
          ],
          [
            -64.20447,
            -31.471798
          ],
          [
            -64.20447,
            -31.471716
          ],
          [
            -64.204464,
            -31.471627
          ],
          [
            -64.20445,
            -31.471539
          ],
          [
            -64.204425,
            -31.471438
          ],
          [
            -64.20414,
            -31.470381
          ],
          [
            -64.204021,
            -31.469905
          ],
          [
            -64.204008,
            -31.469852
          ],
          [
            -64.203976,
            -31.469757
          ],
          [
            -64.203894,
            -31.469515
          ],
          [
            -64.203833,
            -31.469298
          ],
          [
            -64.203768,
            -31.469052
          ],
          [
            -64.203693,
            -31.468784
          ],
          [
            -64.203614,
            -31.468503
          ],
          [
            -64.203066,
            -31.466515
          ],
          [
            -64.202834,
            -31.465663
          ],
          [
            -64.202688,
            -31.465096
          ],
          [
            -64.202485,
            -31.464344
          ],
          [
            -64.202399,
            -31.464041
          ],
          [
            -64.20224,
            -31.463485
          ],
          [
            -64.20219,
            -31.463403
          ],
          [
            -64.202136,
            -31.463352
          ],
          [
            -64.20209,
            -31.463325
          ],
          [
            -64.202054,
            -31.463288
          ],
          [
            -64.20203,
            -31.463244
          ],
          [
            -64.20202,
            -31.463197
          ],
          [
            -64.202025,
            -31.463149
          ],
          [
            -64.202044,
            -31.463104
          ],
          [
            -64.202076,
            -31.463064
          ],
          [
            -64.202093,
            -31.462989
          ],
          [
            -64.202071,
            -31.46284
          ],
          [
            -64.201995,
            -31.462854
          ],
          [
            -64.201677,
            -31.462897
          ],
          [
            -64.2014,
            -31.462951
          ],
          [
            -64.200724,
            -31.463087
          ],
          [
            -64.200099,
            -31.463208
          ],
          [
            -64.199461,
            -31.463334
          ],
          [
            -64.198829,
            -31.463459
          ],
          [
            -64.198119,
            -31.463599
          ],
          [
            -64.19793,
            -31.462897
          ],
          [
            -64.197903,
            -31.462803
          ],
          [
            -64.197652,
            -31.46188
          ],
          [
            -64.19751,
            -31.461362
          ],
          [
            -64.197392,
            -31.460926
          ],
          [
            -64.197173,
            -31.460121
          ],
          [
            -64.19703,
            -31.459595
          ],
          [
            -64.196836,
            -31.458882
          ],
          [
            -64.196809,
            -31.458784
          ],
          [
            -64.196711,
            -31.458425
          ],
          [
            -64.1967,
            -31.458383
          ],
          [
            -64.196555,
            -31.45785
          ],
          [
            -64.196337,
            -31.457053
          ],
          [
            -64.196254,
            -31.456748
          ],
          [
            -64.196114,
            -31.456234
          ],
          [
            -64.195925,
            -31.455522
          ],
          [
            -64.195799,
            -31.455088
          ],
          [
            -64.195523,
            -31.45406
          ],
          [
            -64.195273,
            -31.453185
          ],
          [
            -64.195068,
            -31.452468
          ],
          [
            -64.194915,
            -31.451935
          ],
          [
            -64.194784,
            -31.451428
          ],
          [
            -64.19455,
            -31.450539
          ],
          [
            -64.194464,
            -31.449754
          ],
          [
            -64.194443,
            -31.449496
          ],
          [
            -64.194396,
            -31.448977
          ],
          [
            -64.194314,
            -31.448033
          ],
          [
            -64.194306,
            -31.447952
          ],
          [
            -64.194146,
            -31.446968
          ],
          [
            -64.194138,
            -31.446915
          ],
          [
            -64.194064,
            -31.446398
          ],
          [
            -64.194055,
            -31.44634
          ],
          [
            -64.193988,
            -31.445848
          ],
          [
            -64.193981,
            -31.44578
          ],
          [
            -64.193835,
            -31.445194
          ],
          [
            -64.193453,
            -31.443683
          ],
          [
            -64.193447,
            -31.443617
          ],
          [
            -64.193473,
            -31.443467
          ],
          [
            -64.193484,
            -31.443422
          ],
          [
            -64.193522,
            -31.44331
          ],
          [
            -64.192111,
            -31.443148
          ],
          [
            -64.191982,
            -31.443132
          ],
          [
            -64.190327,
            -31.442935
          ],
          [
            -64.189985,
            -31.442894
          ],
          [
            -64.188131,
            -31.442674
          ],
          [
            -64.187811,
            -31.442636
          ],
          [
            -64.187592,
            -31.442611
          ],
          [
            -64.18725,
            -31.442552
          ],
          [
            -64.187161,
            -31.442529
          ],
          [
            -64.18709,
            -31.442517
          ],
          [
            -64.187025,
            -31.442511
          ],
          [
            -64.186965,
            -31.442509
          ],
          [
            -64.186815,
            -31.442508
          ],
          [
            -64.186773,
            -31.442523
          ],
          [
            -64.186728,
            -31.442528
          ],
          [
            -64.186682,
            -31.442525
          ],
          [
            -64.186639,
            -31.442513
          ],
          [
            -64.1866,
            -31.442493
          ],
          [
            -64.183781,
            -31.442188
          ],
          [
            -64.18331,
            -31.442142
          ],
          [
            -64.183161,
            -31.442095
          ],
          [
            -64.18305,
            -31.442049
          ],
          [
            -64.182925,
            -31.441983
          ],
          [
            -64.182823,
            -31.441922
          ],
          [
            -64.182759,
            -31.441875
          ],
          [
            -64.182744,
            -31.441863
          ],
          [
            -64.18268,
            -31.44181
          ],
          [
            -64.182616,
            -31.44174
          ],
          [
            -64.182493,
            -31.441538
          ],
          [
            -64.182419,
            -31.441361
          ],
          [
            -64.182372,
            -31.441239
          ],
          [
            -64.182307,
            -31.441066
          ],
          [
            -64.181883,
            -31.440088
          ],
          [
            -64.181799,
            -31.439882
          ],
          [
            -64.181756,
            -31.439783
          ],
          [
            -64.181702,
            -31.439672
          ],
          [
            -64.181515,
            -31.439229
          ],
          [
            -64.181388,
            -31.438911
          ],
          [
            -64.181373,
            -31.438876
          ],
          [
            -64.181346,
            -31.438808
          ],
          [
            -64.181111,
            -31.438223
          ],
          [
            -64.181086,
            -31.438079
          ],
          [
            -64.181078,
            -31.437994
          ],
          [
            -64.181075,
            -31.437909
          ],
          [
            -64.181076,
            -31.437816
          ],
          [
            -64.181084,
            -31.437645
          ],
          [
            -64.181107,
            -31.437522
          ],
          [
            -64.181125,
            -31.437454
          ],
          [
            -64.181151,
            -31.437375
          ],
          [
            -64.181183,
            -31.437304
          ],
          [
            -64.181227,
            -31.437215
          ],
          [
            -64.182275,
            -31.435222
          ],
          [
            -64.183347,
            -31.433231
          ],
          [
            -64.183391,
            -31.43313
          ],
          [
            -64.183416,
            -31.433064
          ],
          [
            -64.183433,
            -31.432979
          ],
          [
            -64.183464,
            -31.432825
          ],
          [
            -64.183492,
            -31.432724
          ],
          [
            -64.183489,
            -31.432677
          ],
          [
            -64.183495,
            -31.43262
          ],
          [
            -64.183511,
            -31.432569
          ],
          [
            -64.183535,
            -31.432501
          ],
          [
            -64.183559,
            -31.432455
          ],
          [
            -64.18359,
            -31.43241
          ],
          [
            -64.183617,
            -31.432382
          ],
          [
            -64.183652,
            -31.432354
          ],
          [
            -64.183684,
            -31.432341
          ],
          [
            -64.183921,
            -31.432102
          ],
          [
            -64.184009,
            -31.431992
          ],
          [
            -64.184068,
            -31.431892
          ],
          [
            -64.184142,
            -31.431752
          ],
          [
            -64.184189,
            -31.431637
          ],
          [
            -64.184228,
            -31.431497
          ],
          [
            -64.184246,
            -31.431357
          ],
          [
            -64.18425,
            -31.431247
          ],
          [
            -64.184247,
            -31.431158
          ],
          [
            -64.184219,
            -31.431005
          ],
          [
            -64.184176,
            -31.430833
          ],
          [
            -64.184122,
            -31.430619
          ],
          [
            -64.184064,
            -31.430391
          ],
          [
            -64.184046,
            -31.430283
          ],
          [
            -64.184039,
            -31.43016
          ],
          [
            -64.184053,
            -31.430021
          ],
          [
            -64.184084,
            -31.42987
          ],
          [
            -64.184119,
            -31.429751
          ],
          [
            -64.18416,
            -31.429639
          ],
          [
            -64.184389,
            -31.429162
          ],
          [
            -64.184486,
            -31.42895
          ],
          [
            -64.184531,
            -31.428823
          ],
          [
            -64.184574,
            -31.428688
          ],
          [
            -64.184593,
            -31.428498
          ],
          [
            -64.184597,
            -31.428466
          ],
          [
            -64.184597,
            -31.428295
          ],
          [
            -64.184584,
            -31.428142
          ],
          [
            -64.184586,
            -31.428003
          ],
          [
            -64.184583,
            -31.42789
          ],
          [
            -64.184574,
            -31.42781
          ],
          [
            -64.184497,
            -31.427531
          ],
          [
            -64.184138,
            -31.426736
          ],
          [
            -64.183868,
            -31.42612
          ],
          [
            -64.183698,
            -31.425727
          ],
          [
            -64.18366,
            -31.425634
          ],
          [
            -64.183634,
            -31.425568
          ],
          [
            -64.183584,
            -31.425459
          ],
          [
            -64.183377,
            -31.424998
          ],
          [
            -64.183133,
            -31.424414
          ],
          [
            -64.182911,
            -31.423881
          ],
          [
            -64.182874,
            -31.423795
          ],
          [
            -64.182631,
            -31.423252
          ],
          [
            -64.182244,
            -31.42231
          ],
          [
            -64.182096,
            -31.421946
          ],
          [
            -64.182055,
            -31.421848
          ],
          [
            -64.183332,
            -31.421513
          ],
          [
            -64.183646,
            -31.421431
          ],
          [
            -64.184303,
            -31.421259
          ],
          [
            -64.184705,
            -31.421154
          ],
          [
            -64.186053,
            -31.420801
          ],
          [
            -64.186264,
            -31.420749
          ],
          [
            -64.187394,
            -31.420469
          ],
          [
            -64.187439,
            -31.420456
          ],
          [
            -64.187877,
            -31.420332
          ],
          [
            -64.188038,
            -31.420286
          ],
          [
            -64.188169,
            -31.420245
          ],
          [
            -64.188208,
            -31.420233
          ],
          [
            -64.188297,
            -31.420206
          ],
          [
            -64.188431,
            -31.42015
          ],
          [
            -64.188553,
            -31.4201
          ],
          [
            -64.188617,
            -31.420073
          ],
          [
            -64.188664,
            -31.420053
          ],
          [
            -64.188709,
            -31.420032
          ],
          [
            -64.188708,
            -31.420086
          ],
          [
            -64.188709,
            -31.420103
          ]
        ]
      }
    },
    {
      "type": "Feature",
      "id": "route-cordoba-2026-09-03-v3-08",
      "properties": {
        "truckId": "vehicle-08",
        "waypointDistancesKm": [
          0,
          1.1835866008774028,
          2.6161319930553426,
          6.578332558610278,
          7.035290016214777,
          9.681375669506297,
          16.891984617402038,
          17.638400308565824,
          25.32710430587129,
          36.611349455908154
        ]
      },
      "geometry": {
        "type": "LineString",
        "coordinates": [
          [
            -64.188709,
            -31.420109
          ],
          [
            -64.18871,
            -31.420127
          ],
          [
            -64.188717,
            -31.420178
          ],
          [
            -64.188727,
            -31.42023
          ],
          [
            -64.188737,
            -31.420284
          ],
          [
            -64.188734,
            -31.420338
          ],
          [
            -64.188686,
            -31.420476
          ],
          [
            -64.188614,
            -31.420637
          ],
          [
            -64.188602,
            -31.420666
          ],
          [
            -64.188216,
            -31.421509
          ],
          [
            -64.188139,
            -31.421536
          ],
          [
            -64.187971,
            -31.421596
          ],
          [
            -64.187883,
            -31.421621
          ],
          [
            -64.186582,
            -31.422025
          ],
          [
            -64.185253,
            -31.422438
          ],
          [
            -64.184746,
            -31.421253
          ],
          [
            -64.184705,
            -31.421154
          ],
          [
            -64.186053,
            -31.420801
          ],
          [
            -64.186264,
            -31.420749
          ],
          [
            -64.187394,
            -31.420469
          ],
          [
            -64.187439,
            -31.420456
          ],
          [
            -64.187877,
            -31.420332
          ],
          [
            -64.188038,
            -31.420286
          ],
          [
            -64.188169,
            -31.420245
          ],
          [
            -64.188208,
            -31.420233
          ],
          [
            -64.188297,
            -31.420206
          ],
          [
            -64.188431,
            -31.42015
          ],
          [
            -64.188553,
            -31.4201
          ],
          [
            -64.188617,
            -31.420073
          ],
          [
            -64.188664,
            -31.420053
          ],
          [
            -64.188709,
            -31.420032
          ],
          [
            -64.188747,
            -31.420017
          ],
          [
            -64.188791,
            -31.420004
          ],
          [
            -64.188816,
            -31.419999
          ],
          [
            -64.188834,
            -31.419994
          ],
          [
            -64.188873,
            -31.419986
          ],
          [
            -64.188902,
            -31.420031
          ],
          [
            -64.188915,
            -31.42005
          ],
          [
            -64.188942,
            -31.420119
          ],
          [
            -64.188957,
            -31.420203
          ],
          [
            -64.188948,
            -31.420282
          ],
          [
            -64.188947,
            -31.420332
          ],
          [
            -64.188949,
            -31.420382
          ],
          [
            -64.188958,
            -31.420447
          ],
          [
            -64.189023,
            -31.42062
          ],
          [
            -64.189256,
            -31.421209
          ],
          [
            -64.189285,
            -31.421277
          ],
          [
            -64.189743,
            -31.422336
          ],
          [
            -64.190227,
            -31.423525
          ],
          [
            -64.190706,
            -31.424648
          ],
          [
            -64.191078,
            -31.425517
          ],
          [
            -64.191219,
            -31.425847
          ],
          [
            -64.191496,
            -31.426511
          ],
          [
            -64.191991,
            -31.427764
          ],
          [
            -64.192414,
            -31.428765
          ],
          [
            -64.192497,
            -31.428947
          ],
          [
            -64.192619,
            -31.429233
          ],
          [
            -64.19298,
            -31.430111
          ],
          [
            -64.193092,
            -31.430379
          ],
          [
            -64.193856,
            -31.430138
          ],
          [
            -64.193381,
            -31.429011
          ],
          [
            -64.1929,
            -31.42784
          ],
          [
            -64.192867,
            -31.42776
          ],
          [
            -64.192419,
            -31.426684
          ],
          [
            -64.192241,
            -31.42627
          ],
          [
            -64.192925,
            -31.426075
          ],
          [
            -64.194044,
            -31.425728
          ],
          [
            -64.194091,
            -31.425714
          ],
          [
            -64.194251,
            -31.425668
          ],
          [
            -64.194324,
            -31.425646
          ],
          [
            -64.194347,
            -31.425638
          ],
          [
            -64.194891,
            -31.42545
          ],
          [
            -64.195089,
            -31.425942
          ],
          [
            -64.194506,
            -31.426099
          ],
          [
            -64.194523,
            -31.426142
          ],
          [
            -64.194526,
            -31.42615
          ],
          [
            -64.194601,
            -31.426349
          ],
          [
            -64.194737,
            -31.426671
          ],
          [
            -64.194821,
            -31.426884
          ],
          [
            -64.194834,
            -31.426914
          ],
          [
            -64.194872,
            -31.427
          ],
          [
            -64.194924,
            -31.427119
          ],
          [
            -64.194932,
            -31.427138
          ],
          [
            -64.195152,
            -31.4276
          ],
          [
            -64.195204,
            -31.427683
          ],
          [
            -64.195251,
            -31.42774
          ],
          [
            -64.195305,
            -31.427805
          ],
          [
            -64.19541,
            -31.427897
          ],
          [
            -64.195498,
            -31.427967
          ],
          [
            -64.19614,
            -31.428382
          ],
          [
            -64.196265,
            -31.428465
          ],
          [
            -64.196539,
            -31.428652
          ],
          [
            -64.196629,
            -31.428722
          ],
          [
            -64.196935,
            -31.429001
          ],
          [
            -64.197075,
            -31.429137
          ],
          [
            -64.197196,
            -31.429264
          ],
          [
            -64.197784,
            -31.429899
          ],
          [
            -64.197871,
            -31.429989
          ],
          [
            -64.198034,
            -31.43015
          ],
          [
            -64.198077,
            -31.430196
          ],
          [
            -64.198101,
            -31.430238
          ],
          [
            -64.198134,
            -31.430307
          ],
          [
            -64.19829,
            -31.430768
          ],
          [
            -64.198349,
            -31.430935
          ],
          [
            -64.198402,
            -31.431058
          ],
          [
            -64.198483,
            -31.431203
          ],
          [
            -64.198534,
            -31.431278
          ],
          [
            -64.198583,
            -31.431335
          ],
          [
            -64.198659,
            -31.431396
          ],
          [
            -64.198761,
            -31.431446
          ],
          [
            -64.198866,
            -31.431488
          ],
          [
            -64.198997,
            -31.431528
          ],
          [
            -64.199125,
            -31.431558
          ],
          [
            -64.199746,
            -31.431662
          ],
          [
            -64.199876,
            -31.431681
          ],
          [
            -64.200222,
            -31.431729
          ],
          [
            -64.200505,
            -31.431788
          ],
          [
            -64.200603,
            -31.431832
          ],
          [
            -64.200684,
            -31.431881
          ],
          [
            -64.200756,
            -31.431967
          ],
          [
            -64.200808,
            -31.432042
          ],
          [
            -64.200834,
            -31.432094
          ],
          [
            -64.200895,
            -31.432257
          ],
          [
            -64.200908,
            -31.43233
          ],
          [
            -64.200907,
            -31.432378
          ],
          [
            -64.200873,
            -31.432773
          ],
          [
            -64.200871,
            -31.432855
          ],
          [
            -64.200881,
            -31.432937
          ],
          [
            -64.200986,
            -31.433355
          ],
          [
            -64.201066,
            -31.433645
          ],
          [
            -64.201099,
            -31.433745
          ],
          [
            -64.201132,
            -31.433807
          ],
          [
            -64.201459,
            -31.434198
          ],
          [
            -64.201474,
            -31.434216
          ],
          [
            -64.201556,
            -31.434287
          ],
          [
            -64.20162,
            -31.434331
          ],
          [
            -64.202098,
            -31.434612
          ],
          [
            -64.202624,
            -31.434871
          ],
          [
            -64.20276,
            -31.434918
          ],
          [
            -64.202836,
            -31.434929
          ],
          [
            -64.202912,
            -31.434931
          ],
          [
            -64.203247,
            -31.434883
          ],
          [
            -64.203257,
            -31.434923
          ],
          [
            -64.203276,
            -31.434996
          ],
          [
            -64.203298,
            -31.435081
          ],
          [
            -64.203306,
            -31.435115
          ],
          [
            -64.203453,
            -31.43574
          ],
          [
            -64.203601,
            -31.436293
          ],
          [
            -64.203643,
            -31.436434
          ],
          [
            -64.203739,
            -31.43647
          ],
          [
            -64.203801,
            -31.436484
          ],
          [
            -64.203972,
            -31.436499
          ],
          [
            -64.204752,
            -31.436583
          ],
          [
            -64.204959,
            -31.436597
          ],
          [
            -64.205089,
            -31.436622
          ],
          [
            -64.205216,
            -31.436659
          ],
          [
            -64.205491,
            -31.436752
          ],
          [
            -64.20572,
            -31.436849
          ],
          [
            -64.205886,
            -31.436928
          ],
          [
            -64.206539,
            -31.43739
          ],
          [
            -64.206573,
            -31.437433
          ],
          [
            -64.206598,
            -31.437487
          ],
          [
            -64.206714,
            -31.43792
          ],
          [
            -64.206737,
            -31.437985
          ],
          [
            -64.206782,
            -31.438038
          ],
          [
            -64.207464,
            -31.438735
          ],
          [
            -64.207503,
            -31.438791
          ],
          [
            -64.207531,
            -31.438837
          ],
          [
            -64.207819,
            -31.439779
          ],
          [
            -64.207986,
            -31.440354
          ],
          [
            -64.208169,
            -31.441
          ],
          [
            -64.208335,
            -31.441608
          ],
          [
            -64.208503,
            -31.442209
          ],
          [
            -64.208671,
            -31.44281
          ],
          [
            -64.208837,
            -31.443405
          ],
          [
            -64.208847,
            -31.443439
          ],
          [
            -64.209013,
            -31.444036
          ],
          [
            -64.209186,
            -31.444652
          ],
          [
            -64.209329,
            -31.445164
          ],
          [
            -64.210244,
            -31.445276
          ],
          [
            -64.210814,
            -31.445345
          ],
          [
            -64.211118,
            -31.445382
          ],
          [
            -64.211296,
            -31.445404
          ],
          [
            -64.211376,
            -31.445413
          ],
          [
            -64.211568,
            -31.445437
          ],
          [
            -64.211838,
            -31.445467
          ],
          [
            -64.211952,
            -31.445479
          ],
          [
            -64.212087,
            -31.445493
          ],
          [
            -64.212295,
            -31.445517
          ],
          [
            -64.212331,
            -31.445263
          ],
          [
            -64.212455,
            -31.444316
          ],
          [
            -64.212607,
            -31.444439
          ],
          [
            -64.212728,
            -31.444566
          ],
          [
            -64.212789,
            -31.444614
          ],
          [
            -64.21288,
            -31.444639
          ],
          [
            -64.213147,
            -31.444652
          ],
          [
            -64.21315,
            -31.444372
          ],
          [
            -64.213174,
            -31.444332
          ],
          [
            -64.213298,
            -31.443974
          ],
          [
            -64.213316,
            -31.44395
          ],
          [
            -64.213358,
            -31.443918
          ],
          [
            -64.21362,
            -31.443881
          ],
          [
            -64.214048,
            -31.44382
          ],
          [
            -64.214017,
            -31.443731
          ],
          [
            -64.213901,
            -31.443104
          ],
          [
            -64.214478,
            -31.442991
          ],
          [
            -64.21459,
            -31.442969
          ],
          [
            -64.215151,
            -31.44286
          ],
          [
            -64.21529,
            -31.443411
          ],
          [
            -64.21543,
            -31.443971
          ],
          [
            -64.215563,
            -31.444506
          ],
          [
            -64.215296,
            -31.444562
          ],
          [
            -64.214995,
            -31.444624
          ],
          [
            -64.214906,
            -31.444642
          ],
          [
            -64.214917,
            -31.44469
          ],
          [
            -64.214975,
            -31.444938
          ],
          [
            -64.215029,
            -31.445087
          ],
          [
            -64.215035,
            -31.445123
          ],
          [
            -64.215039,
            -31.445179
          ],
          [
            -64.21504,
            -31.445229
          ],
          [
            -64.215041,
            -31.44529
          ],
          [
            -64.215045,
            -31.445335
          ],
          [
            -64.215045,
            -31.445346
          ],
          [
            -64.215048,
            -31.445385
          ],
          [
            -64.215115,
            -31.445538
          ],
          [
            -64.215142,
            -31.445589
          ],
          [
            -64.215153,
            -31.445644
          ],
          [
            -64.215145,
            -31.445704
          ],
          [
            -64.215117,
            -31.44576
          ],
          [
            -64.215071,
            -31.445807
          ],
          [
            -64.215012,
            -31.44584
          ],
          [
            -64.214943,
            -31.445858
          ],
          [
            -64.214872,
            -31.445858
          ],
          [
            -64.214805,
            -31.445841
          ],
          [
            -64.21459,
            -31.445808
          ],
          [
            -64.214512,
            -31.445806
          ],
          [
            -64.214438,
            -31.445804
          ],
          [
            -64.214356,
            -31.445808
          ],
          [
            -64.214253,
            -31.445808
          ],
          [
            -64.212083,
            -31.445556
          ],
          [
            -64.211949,
            -31.44554
          ],
          [
            -64.211828,
            -31.445526
          ],
          [
            -64.211291,
            -31.445466
          ],
          [
            -64.211264,
            -31.445517
          ],
          [
            -64.21124,
            -31.445586
          ],
          [
            -64.211241,
            -31.445598
          ],
          [
            -64.211246,
            -31.44566
          ],
          [
            -64.211295,
            -31.44571
          ],
          [
            -64.211387,
            -31.44576
          ],
          [
            -64.211417,
            -31.445813
          ],
          [
            -64.211438,
            -31.445852
          ],
          [
            -64.211452,
            -31.445888
          ],
          [
            -64.211631,
            -31.446494
          ],
          [
            -64.211733,
            -31.446862
          ],
          [
            -64.211788,
            -31.447055
          ],
          [
            -64.211823,
            -31.447179
          ],
          [
            -64.211939,
            -31.447593
          ],
          [
            -64.212092,
            -31.448119
          ],
          [
            -64.212257,
            -31.448676
          ],
          [
            -64.212411,
            -31.449216
          ],
          [
            -64.212562,
            -31.449739
          ],
          [
            -64.212721,
            -31.45029
          ],
          [
            -64.212885,
            -31.450858
          ],
          [
            -64.213045,
            -31.451435
          ],
          [
            -64.213326,
            -31.452346
          ],
          [
            -64.213465,
            -31.45286
          ],
          [
            -64.213585,
            -31.453278
          ],
          [
            -64.213663,
            -31.453547
          ],
          [
            -64.213914,
            -31.454413
          ],
          [
            -64.214336,
            -31.455915
          ],
          [
            -64.214361,
            -31.455968
          ],
          [
            -64.214396,
            -31.456024
          ],
          [
            -64.214443,
            -31.456083
          ],
          [
            -64.214485,
            -31.456109
          ],
          [
            -64.214511,
            -31.456135
          ],
          [
            -64.214529,
            -31.456186
          ],
          [
            -64.214617,
            -31.456519
          ],
          [
            -64.21464,
            -31.456609
          ],
          [
            -64.214775,
            -31.457142
          ],
          [
            -64.214785,
            -31.457177
          ],
          [
            -64.214893,
            -31.457612
          ],
          [
            -64.215031,
            -31.458142
          ],
          [
            -64.21522,
            -31.458857
          ],
          [
            -64.215274,
            -31.459072
          ],
          [
            -64.215328,
            -31.459287
          ],
          [
            -64.215342,
            -31.459347
          ],
          [
            -64.215347,
            -31.459404
          ],
          [
            -64.215349,
            -31.45948
          ],
          [
            -64.215356,
            -31.459574
          ],
          [
            -64.215271,
            -31.459511
          ],
          [
            -64.215119,
            -31.459419
          ],
          [
            -64.215008,
            -31.459359
          ],
          [
            -64.214891,
            -31.459311
          ],
          [
            -64.214605,
            -31.459216
          ],
          [
            -64.213539,
            -31.458862
          ],
          [
            -64.213434,
            -31.458827
          ],
          [
            -64.213332,
            -31.458793
          ],
          [
            -64.212805,
            -31.458618
          ],
          [
            -64.21164,
            -31.458231
          ],
          [
            -64.211572,
            -31.458208
          ],
          [
            -64.211354,
            -31.458671
          ],
          [
            -64.211333,
            -31.458739
          ],
          [
            -64.211319,
            -31.458798
          ],
          [
            -64.211298,
            -31.459014
          ],
          [
            -64.211119,
            -31.460832
          ],
          [
            -64.211875,
            -31.460666
          ],
          [
            -64.21264,
            -31.460499
          ],
          [
            -64.212772,
            -31.460211
          ],
          [
            -64.213182,
            -31.459367
          ],
          [
            -64.213434,
            -31.458827
          ],
          [
            -64.213466,
            -31.458758
          ],
          [
            -64.213574,
            -31.458795
          ],
          [
            -64.214499,
            -31.459113
          ],
          [
            -64.214743,
            -31.459195
          ],
          [
            -64.215021,
            -31.459296
          ],
          [
            -64.215082,
            -31.45932
          ],
          [
            -64.21516,
            -31.45936
          ],
          [
            -64.215276,
            -31.459429
          ],
          [
            -64.215349,
            -31.45948
          ],
          [
            -64.215398,
            -31.459524
          ],
          [
            -64.215546,
            -31.459652
          ],
          [
            -64.215605,
            -31.459699
          ],
          [
            -64.216569,
            -31.460469
          ],
          [
            -64.216716,
            -31.46057
          ],
          [
            -64.216844,
            -31.460661
          ],
          [
            -64.217148,
            -31.460854
          ],
          [
            -64.21751,
            -31.461072
          ],
          [
            -64.217718,
            -31.4612
          ],
          [
            -64.217893,
            -31.46131
          ],
          [
            -64.217998,
            -31.461377
          ],
          [
            -64.218095,
            -31.461432
          ],
          [
            -64.218233,
            -31.461494
          ],
          [
            -64.218343,
            -31.461535
          ],
          [
            -64.218449,
            -31.461568
          ],
          [
            -64.218558,
            -31.4616
          ],
          [
            -64.218705,
            -31.461627
          ],
          [
            -64.218859,
            -31.461655
          ],
          [
            -64.218926,
            -31.461672
          ],
          [
            -64.219115,
            -31.461713
          ],
          [
            -64.219206,
            -31.461734
          ],
          [
            -64.219294,
            -31.461736
          ],
          [
            -64.219393,
            -31.461718
          ],
          [
            -64.219471,
            -31.461676
          ],
          [
            -64.219514,
            -31.461631
          ],
          [
            -64.219541,
            -31.461587
          ],
          [
            -64.219624,
            -31.461594
          ],
          [
            -64.220352,
            -31.46166
          ],
          [
            -64.220869,
            -31.46171
          ],
          [
            -64.221265,
            -31.461782
          ],
          [
            -64.221481,
            -31.461837
          ],
          [
            -64.221615,
            -31.461879
          ],
          [
            -64.221921,
            -31.461998
          ],
          [
            -64.222374,
            -31.462229
          ],
          [
            -64.222926,
            -31.462515
          ],
          [
            -64.223139,
            -31.462613
          ],
          [
            -64.22331,
            -31.462673
          ],
          [
            -64.223463,
            -31.462712
          ],
          [
            -64.223659,
            -31.462741
          ],
          [
            -64.223829,
            -31.462754
          ],
          [
            -64.223969,
            -31.462759
          ],
          [
            -64.224131,
            -31.46276
          ],
          [
            -64.224358,
            -31.462738
          ],
          [
            -64.224561,
            -31.462712
          ],
          [
            -64.224757,
            -31.462692
          ],
          [
            -64.226659,
            -31.462438
          ],
          [
            -64.228545,
            -31.462191
          ],
          [
            -64.229896,
            -31.461988
          ],
          [
            -64.231316,
            -31.461767
          ],
          [
            -64.231582,
            -31.461721
          ],
          [
            -64.231851,
            -31.46168
          ],
          [
            -64.232527,
            -31.461561
          ],
          [
            -64.232952,
            -31.461487
          ],
          [
            -64.233016,
            -31.461478
          ],
          [
            -64.234248,
            -31.461297
          ],
          [
            -64.234578,
            -31.461243
          ],
          [
            -64.234958,
            -31.461183
          ],
          [
            -64.235442,
            -31.461105
          ],
          [
            -64.237507,
            -31.460765
          ],
          [
            -64.238203,
            -31.460662
          ],
          [
            -64.238569,
            -31.460603
          ],
          [
            -64.238686,
            -31.460574
          ],
          [
            -64.238792,
            -31.460539
          ],
          [
            -64.238895,
            -31.460485
          ],
          [
            -64.238965,
            -31.46043
          ],
          [
            -64.23904,
            -31.46035
          ],
          [
            -64.239346,
            -31.459947
          ],
          [
            -64.239621,
            -31.459585
          ],
          [
            -64.240063,
            -31.459011
          ],
          [
            -64.240122,
            -31.458924
          ],
          [
            -64.240213,
            -31.458822
          ],
          [
            -64.240362,
            -31.458657
          ],
          [
            -64.240406,
            -31.458608
          ],
          [
            -64.240447,
            -31.458579
          ],
          [
            -64.240492,
            -31.45855
          ],
          [
            -64.240522,
            -31.458505
          ],
          [
            -64.240557,
            -31.458466
          ],
          [
            -64.240581,
            -31.458377
          ],
          [
            -64.240583,
            -31.458332
          ],
          [
            -64.240578,
            -31.458288
          ],
          [
            -64.240564,
            -31.458245
          ],
          [
            -64.240315,
            -31.457661
          ],
          [
            -64.240259,
            -31.457559
          ],
          [
            -64.240202,
            -31.457492
          ],
          [
            -64.240122,
            -31.457418
          ],
          [
            -64.240036,
            -31.45736
          ],
          [
            -64.239907,
            -31.457302
          ],
          [
            -64.239792,
            -31.457267
          ],
          [
            -64.239638,
            -31.457249
          ],
          [
            -64.239187,
            -31.457241
          ],
          [
            -64.238598,
            -31.457242
          ],
          [
            -64.23852,
            -31.457247
          ],
          [
            -64.238454,
            -31.457259
          ],
          [
            -64.238327,
            -31.457293
          ],
          [
            -64.238284,
            -31.457339
          ],
          [
            -64.238228,
            -31.457373
          ],
          [
            -64.23816,
            -31.457392
          ],
          [
            -64.238088,
            -31.457393
          ],
          [
            -64.238019,
            -31.457376
          ],
          [
            -64.237959,
            -31.457343
          ],
          [
            -64.237913,
            -31.457295
          ],
          [
            -64.237882,
            -31.457225
          ],
          [
            -64.237883,
            -31.45715
          ],
          [
            -64.237899,
            -31.457106
          ],
          [
            -64.237861,
            -31.457004
          ],
          [
            -64.237871,
            -31.456069
          ],
          [
            -64.237873,
            -31.455833
          ],
          [
            -64.237894,
            -31.45507
          ],
          [
            -64.237895,
            -31.45499
          ],
          [
            -64.237897,
            -31.454849
          ],
          [
            -64.237905,
            -31.454788
          ],
          [
            -64.237916,
            -31.454679
          ],
          [
            -64.237912,
            -31.454496
          ],
          [
            -64.237932,
            -31.454363
          ],
          [
            -64.23792,
            -31.454304
          ],
          [
            -64.237868,
            -31.453737
          ],
          [
            -64.237857,
            -31.45363
          ],
          [
            -64.237841,
            -31.453511
          ],
          [
            -64.237804,
            -31.453294
          ],
          [
            -64.237699,
            -31.452684
          ],
          [
            -64.237686,
            -31.452571
          ],
          [
            -64.237679,
            -31.452471
          ],
          [
            -64.237677,
            -31.452292
          ],
          [
            -64.237656,
            -31.452167
          ],
          [
            -64.237633,
            -31.452102
          ],
          [
            -64.237603,
            -31.452047
          ],
          [
            -64.237551,
            -31.451973
          ],
          [
            -64.237497,
            -31.451949
          ],
          [
            -64.237457,
            -31.451921
          ],
          [
            -64.237416,
            -31.451869
          ],
          [
            -64.237407,
            -31.451813
          ],
          [
            -64.237421,
            -31.45177
          ],
          [
            -64.237444,
            -31.451746
          ],
          [
            -64.237506,
            -31.451712
          ],
          [
            -64.237575,
            -31.451701
          ],
          [
            -64.237651,
            -31.4517
          ],
          [
            -64.237707,
            -31.451702
          ],
          [
            -64.237764,
            -31.451712
          ],
          [
            -64.237885,
            -31.451717
          ],
          [
            -64.238237,
            -31.451739
          ],
          [
            -64.238433,
            -31.451755
          ],
          [
            -64.23895,
            -31.451775
          ],
          [
            -64.239819,
            -31.451808
          ],
          [
            -64.240174,
            -31.451822
          ],
          [
            -64.240548,
            -31.451836
          ],
          [
            -64.241447,
            -31.451869
          ],
          [
            -64.242769,
            -31.451917
          ],
          [
            -64.245107,
            -31.452
          ],
          [
            -64.246557,
            -31.452051
          ],
          [
            -64.247972,
            -31.452103
          ],
          [
            -64.248132,
            -31.452107
          ],
          [
            -64.248135,
            -31.451946
          ],
          [
            -64.248133,
            -31.4518
          ],
          [
            -64.248137,
            -31.4508
          ],
          [
            -64.248141,
            -31.449706
          ],
          [
            -64.248149,
            -31.449004
          ],
          [
            -64.248149,
            -31.448948
          ],
          [
            -64.24799,
            -31.448939
          ],
          [
            -64.247845,
            -31.448914
          ],
          [
            -64.247737,
            -31.448885
          ],
          [
            -64.247646,
            -31.448849
          ],
          [
            -64.247534,
            -31.448788
          ],
          [
            -64.247433,
            -31.448723
          ],
          [
            -64.247384,
            -31.448674
          ],
          [
            -64.24735,
            -31.448615
          ],
          [
            -64.247325,
            -31.448534
          ],
          [
            -64.247336,
            -31.448475
          ],
          [
            -64.247363,
            -31.448418
          ],
          [
            -64.247427,
            -31.448343
          ],
          [
            -64.246782,
            -31.447885
          ],
          [
            -64.246054,
            -31.447369
          ],
          [
            -64.24547,
            -31.447372
          ],
          [
            -64.244166,
            -31.447378
          ],
          [
            -64.242854,
            -31.447385
          ],
          [
            -64.240563,
            -31.447397
          ],
          [
            -64.239392,
            -31.447403
          ],
          [
            -64.237597,
            -31.447404
          ],
          [
            -64.235829,
            -31.44741
          ],
          [
            -64.235831,
            -31.446916
          ],
          [
            -64.237295,
            -31.446915
          ],
          [
            -64.237597,
            -31.446915
          ],
          [
            -64.237589,
            -31.446424
          ],
          [
            -64.237596,
            -31.445885
          ],
          [
            -64.237599,
            -31.445371
          ],
          [
            -64.237601,
            -31.444882
          ],
          [
            -64.239393,
            -31.444885
          ],
          [
            -64.240584,
            -31.444887
          ],
          [
            -64.240583,
            -31.444407
          ],
          [
            -64.24059,
            -31.443842
          ],
          [
            -64.240694,
            -31.443841
          ],
          [
            -64.240767,
            -31.443842
          ],
          [
            -64.240762,
            -31.44378
          ],
          [
            -64.240731,
            -31.443739
          ],
          [
            -64.240703,
            -31.443686
          ],
          [
            -64.240688,
            -31.443318
          ],
          [
            -64.240699,
            -31.443299
          ],
          [
            -64.24072,
            -31.443292
          ],
          [
            -64.240841,
            -31.443292
          ],
          [
            -64.242164,
            -31.44329
          ],
          [
            -64.242181,
            -31.443296
          ],
          [
            -64.242191,
            -31.443311
          ],
          [
            -64.242188,
            -31.443762
          ],
          [
            -64.240936,
            -31.443758
          ],
          [
            -64.240762,
            -31.44378
          ],
          [
            -64.240767,
            -31.443842
          ],
          [
            -64.240694,
            -31.443841
          ],
          [
            -64.24059,
            -31.443842
          ],
          [
            -64.240583,
            -31.444407
          ],
          [
            -64.240584,
            -31.444887
          ],
          [
            -64.242778,
            -31.44489
          ],
          [
            -64.242778,
            -31.44529
          ],
          [
            -64.243239,
            -31.445278
          ],
          [
            -64.243239,
            -31.445337
          ],
          [
            -64.243256,
            -31.445369
          ],
          [
            -64.243289,
            -31.44541
          ],
          [
            -64.244167,
            -31.446029
          ],
          [
            -64.244494,
            -31.446262
          ],
          [
            -64.245472,
            -31.446955
          ],
          [
            -64.246054,
            -31.447369
          ],
          [
            -64.246782,
            -31.447885
          ],
          [
            -64.247427,
            -31.448343
          ],
          [
            -64.247531,
            -31.448275
          ],
          [
            -64.247663,
            -31.448212
          ],
          [
            -64.247886,
            -31.448154
          ],
          [
            -64.24803,
            -31.448134
          ],
          [
            -64.248147,
            -31.448127
          ],
          [
            -64.248319,
            -31.448142
          ],
          [
            -64.248484,
            -31.448177
          ],
          [
            -64.248612,
            -31.448212
          ],
          [
            -64.248726,
            -31.448268
          ],
          [
            -64.248808,
            -31.448329
          ],
          [
            -64.248863,
            -31.448392
          ],
          [
            -64.2489,
            -31.44846
          ],
          [
            -64.248919,
            -31.448536
          ],
          [
            -64.248904,
            -31.448597
          ],
          [
            -64.24887,
            -31.448658
          ],
          [
            -64.248785,
            -31.448754
          ],
          [
            -64.248697,
            -31.448819
          ],
          [
            -64.248577,
            -31.448877
          ],
          [
            -64.248376,
            -31.448921
          ],
          [
            -64.248248,
            -31.44894
          ],
          [
            -64.248149,
            -31.448948
          ],
          [
            -64.248149,
            -31.449004
          ],
          [
            -64.248141,
            -31.449706
          ],
          [
            -64.248137,
            -31.4508
          ],
          [
            -64.248133,
            -31.4518
          ],
          [
            -64.248135,
            -31.451946
          ],
          [
            -64.248132,
            -31.452107
          ],
          [
            -64.252044,
            -31.452248
          ],
          [
            -64.252242,
            -31.452253
          ],
          [
            -64.253239,
            -31.452289
          ],
          [
            -64.253354,
            -31.452293
          ],
          [
            -64.255305,
            -31.452358
          ],
          [
            -64.256474,
            -31.4524
          ],
          [
            -64.257669,
            -31.452441
          ],
          [
            -64.25858,
            -31.452471
          ],
          [
            -64.258701,
            -31.452478
          ],
          [
            -64.258726,
            -31.45248
          ],
          [
            -64.258809,
            -31.452484
          ],
          [
            -64.258858,
            -31.452491
          ],
          [
            -64.258991,
            -31.452511
          ],
          [
            -64.25908,
            -31.452516
          ],
          [
            -64.259192,
            -31.452518
          ],
          [
            -64.259235,
            -31.452511
          ],
          [
            -64.259279,
            -31.452511
          ],
          [
            -64.259322,
            -31.452517
          ],
          [
            -64.259362,
            -31.452531
          ],
          [
            -64.259399,
            -31.452551
          ],
          [
            -64.259427,
            -31.452574
          ],
          [
            -64.259451,
            -31.452601
          ],
          [
            -64.259468,
            -31.45263
          ],
          [
            -64.25948,
            -31.452662
          ],
          [
            -64.259485,
            -31.452695
          ],
          [
            -64.259483,
            -31.452728
          ],
          [
            -64.259478,
            -31.452752
          ],
          [
            -64.259465,
            -31.452784
          ],
          [
            -64.259445,
            -31.452814
          ],
          [
            -64.259419,
            -31.45284
          ],
          [
            -64.259388,
            -31.452862
          ],
          [
            -64.259353,
            -31.452879
          ],
          [
            -64.259315,
            -31.452891
          ],
          [
            -64.259287,
            -31.452895
          ],
          [
            -64.259215,
            -31.452932
          ],
          [
            -64.259159,
            -31.452962
          ],
          [
            -64.259102,
            -31.453006
          ],
          [
            -64.259054,
            -31.453054
          ],
          [
            -64.258978,
            -31.453132
          ],
          [
            -64.258945,
            -31.453201
          ],
          [
            -64.258939,
            -31.453216
          ],
          [
            -64.258925,
            -31.453245
          ],
          [
            -64.258911,
            -31.453292
          ],
          [
            -64.258909,
            -31.453332
          ],
          [
            -64.258902,
            -31.453572
          ],
          [
            -64.258902,
            -31.454226
          ],
          [
            -64.258909,
            -31.455125
          ],
          [
            -64.258911,
            -31.455589
          ],
          [
            -64.258905,
            -31.456028
          ],
          [
            -64.258904,
            -31.456247
          ],
          [
            -64.258892,
            -31.460175
          ],
          [
            -64.258899,
            -31.460483
          ],
          [
            -64.258885,
            -31.462175
          ],
          [
            -64.258882,
            -31.463289
          ],
          [
            -64.258883,
            -31.463489
          ],
          [
            -64.258891,
            -31.464578
          ],
          [
            -64.258892,
            -31.46469
          ],
          [
            -64.2589,
            -31.465768
          ],
          [
            -64.258902,
            -31.465986
          ],
          [
            -64.258915,
            -31.467784
          ],
          [
            -64.258947,
            -31.472079
          ],
          [
            -64.258976,
            -31.472147
          ],
          [
            -64.259037,
            -31.472247
          ],
          [
            -64.259076,
            -31.472292
          ],
          [
            -64.25921,
            -31.472395
          ],
          [
            -64.259246,
            -31.472433
          ],
          [
            -64.259277,
            -31.472476
          ],
          [
            -64.259301,
            -31.472521
          ],
          [
            -64.259322,
            -31.472574
          ],
          [
            -64.259333,
            -31.472629
          ],
          [
            -64.259337,
            -31.472685
          ],
          [
            -64.259333,
            -31.472748
          ],
          [
            -64.259315,
            -31.472819
          ],
          [
            -64.259287,
            -31.47289
          ],
          [
            -64.259207,
            -31.473014
          ],
          [
            -64.259174,
            -31.473074
          ],
          [
            -64.259154,
            -31.473146
          ],
          [
            -64.259146,
            -31.473216
          ],
          [
            -64.259154,
            -31.47433
          ],
          [
            -64.25917,
            -31.476314
          ],
          [
            -64.259179,
            -31.476387
          ],
          [
            -64.259193,
            -31.476451
          ],
          [
            -64.25925,
            -31.476572
          ],
          [
            -64.259317,
            -31.476708
          ],
          [
            -64.259356,
            -31.47677
          ],
          [
            -64.259391,
            -31.476868
          ],
          [
            -64.259409,
            -31.476949
          ],
          [
            -64.259421,
            -31.477064
          ],
          [
            -64.259406,
            -31.477223
          ],
          [
            -64.25937,
            -31.477373
          ],
          [
            -64.259356,
            -31.477401
          ],
          [
            -64.259229,
            -31.477636
          ],
          [
            -64.259204,
            -31.477701
          ],
          [
            -64.259193,
            -31.477755
          ],
          [
            -64.259191,
            -31.477835
          ],
          [
            -64.259205,
            -31.479504
          ],
          [
            -64.259222,
            -31.481449
          ],
          [
            -64.25903,
            -31.481452
          ],
          [
            -64.258707,
            -31.481494
          ],
          [
            -64.25856,
            -31.481501
          ],
          [
            -64.256814,
            -31.481521
          ],
          [
            -64.256764,
            -31.481522
          ],
          [
            -64.254865,
            -31.481535
          ],
          [
            -64.254724,
            -31.481536
          ],
          [
            -64.253511,
            -31.481545
          ],
          [
            -64.252283,
            -31.481542
          ],
          [
            -64.252093,
            -31.481544
          ],
          [
            -64.251562,
            -31.481542
          ],
          [
            -64.251039,
            -31.481551
          ],
          [
            -64.25061,
            -31.481552
          ],
          [
            -64.250265,
            -31.48155
          ],
          [
            -64.249897,
            -31.481553
          ],
          [
            -64.249385,
            -31.481558
          ],
          [
            -64.249403,
            -31.481605
          ],
          [
            -64.24941,
            -31.481648
          ],
          [
            -64.249416,
            -31.481941
          ],
          [
            -64.24942,
            -31.482127
          ],
          [
            -64.249423,
            -31.483154
          ],
          [
            -64.249423,
            -31.48327
          ],
          [
            -64.248727,
            -31.483273
          ],
          [
            -64.248084,
            -31.483278
          ],
          [
            -64.247434,
            -31.483282
          ],
          [
            -64.246732,
            -31.483287
          ],
          [
            -64.246693,
            -31.483343
          ],
          [
            -64.246649,
            -31.48338
          ],
          [
            -64.246069,
            -31.483803
          ],
          [
            -64.245619,
            -31.48413
          ],
          [
            -64.245095,
            -31.484509
          ],
          [
            -64.243854,
            -31.483269
          ],
          [
            -64.243091,
            -31.482528
          ],
          [
            -64.242676,
            -31.482115
          ],
          [
            -64.24231,
            -31.481776
          ],
          [
            -64.242237,
            -31.481851
          ],
          [
            -64.242171,
            -31.481905
          ],
          [
            -64.242097,
            -31.481963
          ],
          [
            -64.241787,
            -31.481674
          ],
          [
            -64.241199,
            -31.481179
          ],
          [
            -64.23936,
            -31.479654
          ],
          [
            -64.239207,
            -31.479535
          ],
          [
            -64.235927,
            -31.476824
          ],
          [
            -64.235533,
            -31.476506
          ],
          [
            -64.235048,
            -31.4761
          ],
          [
            -64.235014,
            -31.476072
          ],
          [
            -64.234891,
            -31.475971
          ],
          [
            -64.234756,
            -31.475864
          ],
          [
            -64.234429,
            -31.475603
          ],
          [
            -64.233185,
            -31.474559
          ],
          [
            -64.232252,
            -31.473786
          ],
          [
            -64.231302,
            -31.472999
          ],
          [
            -64.231201,
            -31.472915
          ],
          [
            -64.23111,
            -31.472837
          ],
          [
            -64.231009,
            -31.472752
          ],
          [
            -64.23094,
            -31.472693
          ],
          [
            -64.229644,
            -31.471595
          ],
          [
            -64.228843,
            -31.470927
          ],
          [
            -64.22856,
            -31.470685
          ],
          [
            -64.227806,
            -31.470027
          ],
          [
            -64.227232,
            -31.469503
          ],
          [
            -64.225804,
            -31.468311
          ],
          [
            -64.225219,
            -31.467815
          ],
          [
            -64.224679,
            -31.467358
          ],
          [
            -64.224343,
            -31.467077
          ],
          [
            -64.224143,
            -31.466923
          ],
          [
            -64.223931,
            -31.466763
          ],
          [
            -64.22376,
            -31.466636
          ],
          [
            -64.223549,
            -31.466482
          ],
          [
            -64.223348,
            -31.466333
          ],
          [
            -64.223137,
            -31.466173
          ],
          [
            -64.222727,
            -31.465836
          ],
          [
            -64.222551,
            -31.465686
          ],
          [
            -64.222384,
            -31.465537
          ],
          [
            -64.222217,
            -31.465379
          ],
          [
            -64.222088,
            -31.465246
          ],
          [
            -64.221812,
            -31.46494
          ],
          [
            -64.221628,
            -31.464742
          ],
          [
            -64.221444,
            -31.464539
          ],
          [
            -64.221239,
            -31.46431
          ],
          [
            -64.220829,
            -31.463817
          ],
          [
            -64.220686,
            -31.463608
          ],
          [
            -64.220618,
            -31.463509
          ],
          [
            -64.220446,
            -31.463317
          ],
          [
            -64.220284,
            -31.46315
          ],
          [
            -64.220166,
            -31.463038
          ],
          [
            -64.220026,
            -31.462916
          ],
          [
            -64.219877,
            -31.462792
          ],
          [
            -64.21979,
            -31.462735
          ],
          [
            -64.219706,
            -31.462691
          ],
          [
            -64.219623,
            -31.46266
          ],
          [
            -64.219549,
            -31.462638
          ],
          [
            -64.219439,
            -31.46261
          ],
          [
            -64.219341,
            -31.462594
          ],
          [
            -64.219242,
            -31.462582
          ],
          [
            -64.219141,
            -31.462561
          ],
          [
            -64.219049,
            -31.462535
          ],
          [
            -64.21897,
            -31.462507
          ],
          [
            -64.218882,
            -31.46247
          ],
          [
            -64.21881,
            -31.462428
          ],
          [
            -64.218742,
            -31.462384
          ],
          [
            -64.218662,
            -31.462329
          ],
          [
            -64.218557,
            -31.462234
          ],
          [
            -64.218459,
            -31.46213
          ],
          [
            -64.218439,
            -31.462106
          ],
          [
            -64.218387,
            -31.462031
          ],
          [
            -64.218339,
            -31.461961
          ],
          [
            -64.218279,
            -31.461879
          ],
          [
            -64.218204,
            -31.461786
          ],
          [
            -64.218117,
            -31.461696
          ],
          [
            -64.218031,
            -31.461629
          ],
          [
            -64.217926,
            -31.461554
          ],
          [
            -64.217819,
            -31.461484
          ],
          [
            -64.217233,
            -31.461119
          ],
          [
            -64.216953,
            -31.460924
          ],
          [
            -64.216612,
            -31.460665
          ],
          [
            -64.216057,
            -31.460186
          ],
          [
            -64.215521,
            -31.459713
          ],
          [
            -64.215412,
            -31.459617
          ],
          [
            -64.215356,
            -31.459574
          ],
          [
            -64.215271,
            -31.459511
          ],
          [
            -64.215119,
            -31.459419
          ],
          [
            -64.215008,
            -31.459359
          ],
          [
            -64.214891,
            -31.459311
          ],
          [
            -64.214605,
            -31.459216
          ],
          [
            -64.213539,
            -31.458862
          ],
          [
            -64.213434,
            -31.458827
          ],
          [
            -64.213332,
            -31.458793
          ],
          [
            -64.212805,
            -31.458618
          ],
          [
            -64.21164,
            -31.458231
          ],
          [
            -64.211572,
            -31.458208
          ],
          [
            -64.211488,
            -31.45818
          ],
          [
            -64.210354,
            -31.457809
          ],
          [
            -64.210246,
            -31.457774
          ],
          [
            -64.210145,
            -31.457738
          ],
          [
            -64.209221,
            -31.45742
          ],
          [
            -64.209143,
            -31.457384
          ],
          [
            -64.209086,
            -31.457347
          ],
          [
            -64.209033,
            -31.45731
          ],
          [
            -64.208969,
            -31.457256
          ],
          [
            -64.208918,
            -31.4572
          ],
          [
            -64.20889,
            -31.457153
          ],
          [
            -64.208859,
            -31.4571
          ],
          [
            -64.208826,
            -31.457028
          ],
          [
            -64.208798,
            -31.456953
          ],
          [
            -64.208397,
            -31.455644
          ],
          [
            -64.208351,
            -31.455534
          ],
          [
            -64.208308,
            -31.455444
          ],
          [
            -64.208249,
            -31.455345
          ],
          [
            -64.208212,
            -31.455287
          ],
          [
            -64.20815,
            -31.455211
          ],
          [
            -64.208081,
            -31.455138
          ],
          [
            -64.208,
            -31.455064
          ],
          [
            -64.207916,
            -31.455001
          ],
          [
            -64.207743,
            -31.454871
          ],
          [
            -64.207428,
            -31.454637
          ],
          [
            -64.205146,
            -31.452945
          ],
          [
            -64.204278,
            -31.45232
          ],
          [
            -64.203233,
            -31.451595
          ],
          [
            -64.20307,
            -31.451483
          ],
          [
            -64.202859,
            -31.451349
          ],
          [
            -64.202754,
            -31.451289
          ],
          [
            -64.202641,
            -31.451232
          ],
          [
            -64.202529,
            -31.451189
          ],
          [
            -64.202381,
            -31.451146
          ],
          [
            -64.202191,
            -31.451102
          ],
          [
            -64.201883,
            -31.451031
          ],
          [
            -64.201253,
            -31.450862
          ],
          [
            -64.201196,
            -31.450848
          ],
          [
            -64.201139,
            -31.450834
          ],
          [
            -64.201094,
            -31.450827
          ],
          [
            -64.201064,
            -31.450822
          ],
          [
            -64.200992,
            -31.450818
          ],
          [
            -64.200935,
            -31.450822
          ],
          [
            -64.200882,
            -31.45083
          ],
          [
            -64.200816,
            -31.450844
          ],
          [
            -64.200729,
            -31.450869
          ],
          [
            -64.200605,
            -31.450914
          ],
          [
            -64.200575,
            -31.45094
          ],
          [
            -64.200529,
            -31.450969
          ],
          [
            -64.200478,
            -31.450989
          ],
          [
            -64.200422,
            -31.451
          ],
          [
            -64.200365,
            -31.451001
          ],
          [
            -64.200309,
            -31.450992
          ],
          [
            -64.200256,
            -31.450973
          ],
          [
            -64.200209,
            -31.450945
          ],
          [
            -64.20017,
            -31.45091
          ],
          [
            -64.200137,
            -31.450873
          ],
          [
            -64.20012,
            -31.450822
          ],
          [
            -64.2001,
            -31.450784
          ],
          [
            -64.200052,
            -31.450692
          ],
          [
            -64.19994,
            -31.450386
          ],
          [
            -64.199543,
            -31.449274
          ],
          [
            -64.199387,
            -31.448816
          ],
          [
            -64.199186,
            -31.448231
          ],
          [
            -64.198872,
            -31.447263
          ],
          [
            -64.198535,
            -31.446271
          ],
          [
            -64.198151,
            -31.445121
          ],
          [
            -64.198093,
            -31.445084
          ],
          [
            -64.19806,
            -31.445051
          ],
          [
            -64.198037,
            -31.444998
          ],
          [
            -64.197714,
            -31.444171
          ],
          [
            -64.197691,
            -31.444142
          ],
          [
            -64.197648,
            -31.44412
          ],
          [
            -64.194587,
            -31.443751
          ],
          [
            -64.194455,
            -31.443736
          ],
          [
            -64.193447,
            -31.443617
          ],
          [
            -64.193473,
            -31.443467
          ],
          [
            -64.193484,
            -31.443422
          ],
          [
            -64.193522,
            -31.44331
          ],
          [
            -64.192111,
            -31.443148
          ],
          [
            -64.191982,
            -31.443132
          ],
          [
            -64.190327,
            -31.442935
          ],
          [
            -64.189985,
            -31.442894
          ],
          [
            -64.188131,
            -31.442674
          ],
          [
            -64.187811,
            -31.442636
          ],
          [
            -64.187592,
            -31.442611
          ],
          [
            -64.18725,
            -31.442552
          ],
          [
            -64.187161,
            -31.442529
          ],
          [
            -64.18709,
            -31.442517
          ],
          [
            -64.187025,
            -31.442511
          ],
          [
            -64.186965,
            -31.442509
          ],
          [
            -64.186815,
            -31.442508
          ],
          [
            -64.186773,
            -31.442523
          ],
          [
            -64.186728,
            -31.442528
          ],
          [
            -64.186682,
            -31.442525
          ],
          [
            -64.186639,
            -31.442513
          ],
          [
            -64.1866,
            -31.442493
          ],
          [
            -64.183781,
            -31.442188
          ],
          [
            -64.18331,
            -31.442142
          ],
          [
            -64.183161,
            -31.442095
          ],
          [
            -64.18305,
            -31.442049
          ],
          [
            -64.182925,
            -31.441983
          ],
          [
            -64.182823,
            -31.441922
          ],
          [
            -64.182759,
            -31.441875
          ],
          [
            -64.182744,
            -31.441863
          ],
          [
            -64.18268,
            -31.44181
          ],
          [
            -64.182616,
            -31.44174
          ],
          [
            -64.182493,
            -31.441538
          ],
          [
            -64.182419,
            -31.441361
          ],
          [
            -64.182372,
            -31.441239
          ],
          [
            -64.182307,
            -31.441066
          ],
          [
            -64.181883,
            -31.440088
          ],
          [
            -64.181799,
            -31.439882
          ],
          [
            -64.181756,
            -31.439783
          ],
          [
            -64.181702,
            -31.439672
          ],
          [
            -64.181515,
            -31.439229
          ],
          [
            -64.181388,
            -31.438911
          ],
          [
            -64.181373,
            -31.438876
          ],
          [
            -64.181346,
            -31.438808
          ],
          [
            -64.181111,
            -31.438223
          ],
          [
            -64.181086,
            -31.438079
          ],
          [
            -64.181078,
            -31.437994
          ],
          [
            -64.181075,
            -31.437909
          ],
          [
            -64.181076,
            -31.437816
          ],
          [
            -64.181084,
            -31.437645
          ],
          [
            -64.181107,
            -31.437522
          ],
          [
            -64.181125,
            -31.437454
          ],
          [
            -64.181151,
            -31.437375
          ],
          [
            -64.181183,
            -31.437304
          ],
          [
            -64.181227,
            -31.437215
          ],
          [
            -64.182275,
            -31.435222
          ],
          [
            -64.183347,
            -31.433231
          ],
          [
            -64.183391,
            -31.43313
          ],
          [
            -64.183416,
            -31.433064
          ],
          [
            -64.183433,
            -31.432979
          ],
          [
            -64.183464,
            -31.432825
          ],
          [
            -64.183492,
            -31.432724
          ],
          [
            -64.183489,
            -31.432677
          ],
          [
            -64.183495,
            -31.43262
          ],
          [
            -64.183511,
            -31.432569
          ],
          [
            -64.183535,
            -31.432501
          ],
          [
            -64.183559,
            -31.432455
          ],
          [
            -64.18359,
            -31.43241
          ],
          [
            -64.183617,
            -31.432382
          ],
          [
            -64.183652,
            -31.432354
          ],
          [
            -64.183684,
            -31.432341
          ],
          [
            -64.183921,
            -31.432102
          ],
          [
            -64.184009,
            -31.431992
          ],
          [
            -64.184068,
            -31.431892
          ],
          [
            -64.184142,
            -31.431752
          ],
          [
            -64.184189,
            -31.431637
          ],
          [
            -64.184228,
            -31.431497
          ],
          [
            -64.184246,
            -31.431357
          ],
          [
            -64.18425,
            -31.431247
          ],
          [
            -64.184247,
            -31.431158
          ],
          [
            -64.184219,
            -31.431005
          ],
          [
            -64.184176,
            -31.430833
          ],
          [
            -64.184122,
            -31.430619
          ],
          [
            -64.184064,
            -31.430391
          ],
          [
            -64.184046,
            -31.430283
          ],
          [
            -64.184039,
            -31.43016
          ],
          [
            -64.184053,
            -31.430021
          ],
          [
            -64.184084,
            -31.42987
          ],
          [
            -64.184119,
            -31.429751
          ],
          [
            -64.18416,
            -31.429639
          ],
          [
            -64.184389,
            -31.429162
          ],
          [
            -64.184486,
            -31.42895
          ],
          [
            -64.184531,
            -31.428823
          ],
          [
            -64.184574,
            -31.428688
          ],
          [
            -64.184593,
            -31.428498
          ],
          [
            -64.184597,
            -31.428466
          ],
          [
            -64.184597,
            -31.428295
          ],
          [
            -64.184584,
            -31.428142
          ],
          [
            -64.184586,
            -31.428003
          ],
          [
            -64.184583,
            -31.42789
          ],
          [
            -64.184574,
            -31.42781
          ],
          [
            -64.184497,
            -31.427531
          ],
          [
            -64.184138,
            -31.426736
          ],
          [
            -64.183868,
            -31.42612
          ],
          [
            -64.183698,
            -31.425727
          ],
          [
            -64.18366,
            -31.425634
          ],
          [
            -64.183634,
            -31.425568
          ],
          [
            -64.183584,
            -31.425459
          ],
          [
            -64.183377,
            -31.424998
          ],
          [
            -64.183133,
            -31.424414
          ],
          [
            -64.182911,
            -31.423881
          ],
          [
            -64.182874,
            -31.423795
          ],
          [
            -64.182631,
            -31.423252
          ],
          [
            -64.182244,
            -31.42231
          ],
          [
            -64.182096,
            -31.421946
          ],
          [
            -64.182055,
            -31.421848
          ],
          [
            -64.183332,
            -31.421513
          ],
          [
            -64.183646,
            -31.421431
          ],
          [
            -64.184303,
            -31.421259
          ],
          [
            -64.184705,
            -31.421154
          ],
          [
            -64.186053,
            -31.420801
          ],
          [
            -64.186264,
            -31.420749
          ],
          [
            -64.187394,
            -31.420469
          ],
          [
            -64.187439,
            -31.420456
          ],
          [
            -64.187877,
            -31.420332
          ],
          [
            -64.188038,
            -31.420286
          ],
          [
            -64.188169,
            -31.420245
          ],
          [
            -64.188208,
            -31.420233
          ],
          [
            -64.188297,
            -31.420206
          ],
          [
            -64.188431,
            -31.42015
          ],
          [
            -64.188553,
            -31.4201
          ],
          [
            -64.188617,
            -31.420073
          ],
          [
            -64.188664,
            -31.420053
          ],
          [
            -64.188709,
            -31.420032
          ],
          [
            -64.188708,
            -31.420086
          ],
          [
            -64.188709,
            -31.420103
          ]
        ]
      }
    }
  ]
}
