{
  "type": "FeatureCollection",
  "metadata": {
    "runId": "cordoba-2026-08-29-v3",
    "targetDate": "2026-08-29",
    "modelVersion": "fleetflow-v0.6"
  },
  "features": [
    {
      "type": "Feature",
      "id": "route-cordoba-2026-08-29-v3-01",
      "properties": {
        "truckId": "vehicle-01",
        "waypointDistancesKm": [
          0,
          2.5641230705357523,
          2.9814967796744702,
          3.8763601162176102,
          5.669181327031696,
          8.725882176954944,
          12.255405631944148,
          14.062569193447583,
          22.28512631542595
        ]
      },
      "geometry": {
        "type": "LineString",
        "coordinates": [
          [
            -64.188709,
            -31.420109
          ],
          [
            -64.18871,
            -31.420127
          ],
          [
            -64.188717,
            -31.420178
          ],
          [
            -64.188727,
            -31.42023
          ],
          [
            -64.188737,
            -31.420284
          ],
          [
            -64.188734,
            -31.420338
          ],
          [
            -64.188686,
            -31.420476
          ],
          [
            -64.188614,
            -31.420637
          ],
          [
            -64.188602,
            -31.420666
          ],
          [
            -64.188216,
            -31.421509
          ],
          [
            -64.188139,
            -31.421536
          ],
          [
            -64.187971,
            -31.421596
          ],
          [
            -64.187883,
            -31.421621
          ],
          [
            -64.186582,
            -31.422025
          ],
          [
            -64.185253,
            -31.422438
          ],
          [
            -64.185197,
            -31.422455
          ],
          [
            -64.183898,
            -31.422858
          ],
          [
            -64.182631,
            -31.423252
          ],
          [
            -64.182244,
            -31.42231
          ],
          [
            -64.182096,
            -31.421946
          ],
          [
            -64.182055,
            -31.421848
          ],
          [
            -64.181996,
            -31.421707
          ],
          [
            -64.181525,
            -31.420577
          ],
          [
            -64.181044,
            -31.419435
          ],
          [
            -64.180579,
            -31.418327
          ],
          [
            -64.180572,
            -31.418311
          ],
          [
            -64.180565,
            -31.418294
          ],
          [
            -64.18008,
            -31.417168
          ],
          [
            -64.179602,
            -31.416049
          ],
          [
            -64.17914,
            -31.41493
          ],
          [
            -64.179101,
            -31.414847
          ],
          [
            -64.179079,
            -31.414799
          ],
          [
            -64.178639,
            -31.413739
          ],
          [
            -64.179932,
            -31.413364
          ],
          [
            -64.180884,
            -31.413089
          ],
          [
            -64.181263,
            -31.412979
          ],
          [
            -64.181959,
            -31.412778
          ],
          [
            -64.18258,
            -31.412599
          ],
          [
            -64.182618,
            -31.412588
          ],
          [
            -64.183143,
            -31.412436
          ],
          [
            -64.183865,
            -31.412228
          ],
          [
            -64.183897,
            -31.412219
          ],
          [
            -64.183883,
            -31.412187
          ],
          [
            -64.183413,
            -31.411113
          ],
          [
            -64.183402,
            -31.411089
          ],
          [
            -64.18338,
            -31.411096
          ],
          [
            -64.182903,
            -31.411243
          ],
          [
            -64.182158,
            -31.411473
          ],
          [
            -64.182113,
            -31.411487
          ],
          [
            -64.181415,
            -31.411686
          ],
          [
            -64.18079,
            -31.411865
          ],
          [
            -64.179466,
            -31.412243
          ],
          [
            -64.179026,
            -31.412366
          ],
          [
            -64.178927,
            -31.412121
          ],
          [
            -64.178887,
            -31.412022
          ],
          [
            -64.179026,
            -31.412366
          ],
          [
            -64.178852,
            -31.412415
          ],
          [
            -64.178761,
            -31.412441
          ],
          [
            -64.178717,
            -31.412453
          ],
          [
            -64.17863,
            -31.412477
          ],
          [
            -64.178175,
            -31.412602
          ],
          [
            -64.17813,
            -31.412613
          ],
          [
            -64.178089,
            -31.412623
          ],
          [
            -64.1768,
            -31.412977
          ],
          [
            -64.177279,
            -31.414134
          ],
          [
            -64.177774,
            -31.415275
          ],
          [
            -64.176467,
            -31.415664
          ],
          [
            -64.176184,
            -31.415764
          ],
          [
            -64.176043,
            -31.415814
          ],
          [
            -64.175744,
            -31.41592
          ],
          [
            -64.175585,
            -31.415975
          ],
          [
            -64.175537,
            -31.415873
          ],
          [
            -64.175499,
            -31.415814
          ],
          [
            -64.17564,
            -31.415768
          ],
          [
            -64.175454,
            -31.415205
          ],
          [
            -64.175299,
            -31.415246
          ],
          [
            -64.175336,
            -31.415356
          ],
          [
            -64.175484,
            -31.415791
          ],
          [
            -64.175499,
            -31.415814
          ],
          [
            -64.175537,
            -31.415873
          ],
          [
            -64.175585,
            -31.415975
          ],
          [
            -64.17545,
            -31.416022
          ],
          [
            -64.175207,
            -31.416089
          ],
          [
            -64.174904,
            -31.416136
          ],
          [
            -64.174646,
            -31.416086
          ],
          [
            -64.173295,
            -31.415758
          ],
          [
            -64.173262,
            -31.415735
          ],
          [
            -64.173245,
            -31.415709
          ],
          [
            -64.173234,
            -31.415675
          ],
          [
            -64.173232,
            -31.415629
          ],
          [
            -64.17327,
            -31.415516
          ],
          [
            -64.173579,
            -31.414623
          ],
          [
            -64.173605,
            -31.414529
          ],
          [
            -64.173615,
            -31.414453
          ],
          [
            -64.173654,
            -31.413511
          ],
          [
            -64.172762,
            -31.413271
          ],
          [
            -64.171551,
            -31.412938
          ],
          [
            -64.171192,
            -31.41284
          ],
          [
            -64.170362,
            -31.412614
          ],
          [
            -64.169178,
            -31.41229
          ],
          [
            -64.167947,
            -31.411954
          ],
          [
            -64.167031,
            -31.411702
          ],
          [
            -64.166762,
            -31.411624
          ],
          [
            -64.165929,
            -31.4114
          ],
          [
            -64.165567,
            -31.411301
          ],
          [
            -64.164323,
            -31.410961
          ],
          [
            -64.163122,
            -31.410632
          ],
          [
            -64.161936,
            -31.410328
          ],
          [
            -64.161234,
            -31.410133
          ],
          [
            -64.160742,
            -31.409997
          ],
          [
            -64.159526,
            -31.409672
          ],
          [
            -64.157906,
            -31.40922
          ],
          [
            -64.157831,
            -31.409198
          ],
          [
            -64.1582,
            -31.408177
          ],
          [
            -64.15822,
            -31.408127
          ],
          [
            -64.158581,
            -31.407128
          ],
          [
            -64.158603,
            -31.40707
          ],
          [
            -64.158788,
            -31.406574
          ],
          [
            -64.158806,
            -31.406528
          ],
          [
            -64.158826,
            -31.406475
          ],
          [
            -64.158971,
            -31.406087
          ],
          [
            -64.159009,
            -31.40597
          ],
          [
            -64.159035,
            -31.405899
          ],
          [
            -64.159345,
            -31.405078
          ],
          [
            -64.159724,
            -31.404027
          ],
          [
            -64.16021,
            -31.402709
          ],
          [
            -64.160633,
            -31.40157
          ],
          [
            -64.160989,
            -31.400577
          ],
          [
            -64.161317,
            -31.399671
          ],
          [
            -64.161583,
            -31.398972
          ],
          [
            -64.161593,
            -31.398877
          ],
          [
            -64.161575,
            -31.398782
          ],
          [
            -64.161555,
            -31.398722
          ],
          [
            -64.161441,
            -31.398287
          ],
          [
            -64.161436,
            -31.398267
          ],
          [
            -64.161428,
            -31.398201
          ],
          [
            -64.161435,
            -31.398129
          ],
          [
            -64.161462,
            -31.398028
          ],
          [
            -64.161598,
            -31.397738
          ],
          [
            -64.161958,
            -31.396967
          ],
          [
            -64.16205,
            -31.396853
          ],
          [
            -64.16,
            -31.396208
          ],
          [
            -64.159203,
            -31.395967
          ],
          [
            -64.159245,
            -31.395821
          ],
          [
            -64.159249,
            -31.395798
          ],
          [
            -64.159275,
            -31.395657
          ],
          [
            -64.159277,
            -31.395613
          ],
          [
            -64.159264,
            -31.395588
          ],
          [
            -64.159248,
            -31.395571
          ],
          [
            -64.159211,
            -31.395546
          ],
          [
            -64.158501,
            -31.395309
          ],
          [
            -64.158346,
            -31.395262
          ],
          [
            -64.158157,
            -31.395202
          ],
          [
            -64.157831,
            -31.395095
          ],
          [
            -64.156215,
            -31.394577
          ],
          [
            -64.156183,
            -31.394498
          ],
          [
            -64.156104,
            -31.394418
          ],
          [
            -64.15522,
            -31.393398
          ],
          [
            -64.154389,
            -31.392463
          ],
          [
            -64.153626,
            -31.391601
          ],
          [
            -64.154387,
            -31.391096
          ],
          [
            -64.155071,
            -31.39065
          ],
          [
            -64.155382,
            -31.391
          ],
          [
            -64.155792,
            -31.391462
          ],
          [
            -64.155844,
            -31.391513
          ],
          [
            -64.155148,
            -31.391967
          ],
          [
            -64.154389,
            -31.392463
          ],
          [
            -64.153626,
            -31.391601
          ],
          [
            -64.152872,
            -31.390732
          ],
          [
            -64.15248,
            -31.390281
          ],
          [
            -64.151632,
            -31.390184
          ],
          [
            -64.151746,
            -31.389457
          ],
          [
            -64.151351,
            -31.389016
          ],
          [
            -64.150594,
            -31.388165
          ],
          [
            -64.14982,
            -31.387295
          ],
          [
            -64.149045,
            -31.386423
          ],
          [
            -64.148285,
            -31.38557
          ],
          [
            -64.147829,
            -31.385057
          ],
          [
            -64.147836,
            -31.384587
          ],
          [
            -64.147839,
            -31.384361
          ],
          [
            -64.147846,
            -31.383931
          ],
          [
            -64.147849,
            -31.383718
          ],
          [
            -64.147855,
            -31.383266
          ],
          [
            -64.147843,
            -31.382603
          ],
          [
            -64.147836,
            -31.382505
          ],
          [
            -64.147823,
            -31.381935
          ],
          [
            -64.147818,
            -31.38135
          ],
          [
            -64.147818,
            -31.381275
          ],
          [
            -64.147813,
            -31.381122
          ],
          [
            -64.147805,
            -31.380619
          ],
          [
            -64.147804,
            -31.380468
          ],
          [
            -64.147794,
            -31.379872
          ],
          [
            -64.147798,
            -31.379816
          ],
          [
            -64.147813,
            -31.379756
          ],
          [
            -64.147839,
            -31.379696
          ],
          [
            -64.147848,
            -31.37965
          ],
          [
            -64.147852,
            -31.379575
          ],
          [
            -64.147848,
            -31.378766
          ],
          [
            -64.14784,
            -31.377692
          ],
          [
            -64.147839,
            -31.377564
          ],
          [
            -64.147837,
            -31.37663
          ],
          [
            -64.147827,
            -31.375556
          ],
          [
            -64.147819,
            -31.374477
          ],
          [
            -64.147817,
            -31.373919
          ],
          [
            -64.147808,
            -31.373409
          ],
          [
            -64.147799,
            -31.372645
          ],
          [
            -64.147795,
            -31.372171
          ],
          [
            -64.147796,
            -31.371859
          ],
          [
            -64.147792,
            -31.371662
          ],
          [
            -64.147778,
            -31.370904
          ],
          [
            -64.147765,
            -31.370074
          ],
          [
            -64.146991,
            -31.370086
          ],
          [
            -64.146342,
            -31.37009
          ],
          [
            -64.145494,
            -31.370094
          ],
          [
            -64.144638,
            -31.370098
          ],
          [
            -64.143823,
            -31.370101
          ],
          [
            -64.143812,
            -31.36898
          ],
          [
            -64.14421,
            -31.368969
          ],
          [
            -64.144624,
            -31.368957
          ],
          [
            -64.145492,
            -31.36895
          ],
          [
            -64.146341,
            -31.368955
          ],
          [
            -64.146985,
            -31.368943
          ],
          [
            -64.147759,
            -31.368934
          ],
          [
            -64.147753,
            -31.368529
          ],
          [
            -64.147742,
            -31.36771
          ],
          [
            -64.147733,
            -31.367303
          ],
          [
            -64.147738,
            -31.366931
          ],
          [
            -64.147731,
            -31.366458
          ],
          [
            -64.147728,
            -31.366195
          ],
          [
            -64.147732,
            -31.366117
          ],
          [
            -64.147743,
            -31.366047
          ],
          [
            -64.147761,
            -31.365979
          ],
          [
            -64.14776,
            -31.365895
          ],
          [
            -64.147786,
            -31.365826
          ],
          [
            -64.147798,
            -31.365787
          ],
          [
            -64.147801,
            -31.365758
          ],
          [
            -64.147802,
            -31.365736
          ],
          [
            -64.147799,
            -31.3657
          ],
          [
            -64.147791,
            -31.365642
          ],
          [
            -64.14778,
            -31.365567
          ],
          [
            -64.147763,
            -31.365519
          ],
          [
            -64.147761,
            -31.365475
          ],
          [
            -64.147772,
            -31.365432
          ],
          [
            -64.147783,
            -31.365291
          ],
          [
            -64.147784,
            -31.365243
          ],
          [
            -64.147782,
            -31.365204
          ],
          [
            -64.147773,
            -31.365159
          ],
          [
            -64.147761,
            -31.365115
          ],
          [
            -64.147735,
            -31.365042
          ],
          [
            -64.147694,
            -31.364952
          ],
          [
            -64.147679,
            -31.364909
          ],
          [
            -64.14767,
            -31.364863
          ],
          [
            -64.147662,
            -31.364798
          ],
          [
            -64.147657,
            -31.364679
          ],
          [
            -64.147658,
            -31.364517
          ],
          [
            -64.147656,
            -31.364368
          ],
          [
            -64.147656,
            -31.364177
          ],
          [
            -64.147653,
            -31.364027
          ],
          [
            -64.147652,
            -31.363891
          ],
          [
            -64.147656,
            -31.36374
          ],
          [
            -64.147662,
            -31.363544
          ],
          [
            -64.147668,
            -31.363392
          ],
          [
            -64.147675,
            -31.363251
          ],
          [
            -64.147676,
            -31.363045
          ],
          [
            -64.147672,
            -31.362857
          ],
          [
            -64.147671,
            -31.362768
          ],
          [
            -64.147665,
            -31.362394
          ],
          [
            -64.147664,
            -31.362368
          ],
          [
            -64.147662,
            -31.361988
          ],
          [
            -64.147659,
            -31.3618
          ],
          [
            -64.147657,
            -31.361616
          ],
          [
            -64.147643,
            -31.361437
          ],
          [
            -64.147629,
            -31.361246
          ],
          [
            -64.147619,
            -31.361107
          ],
          [
            -64.147611,
            -31.360976
          ],
          [
            -64.147605,
            -31.360838
          ],
          [
            -64.147601,
            -31.360676
          ],
          [
            -64.147596,
            -31.360584
          ],
          [
            -64.147596,
            -31.36052
          ],
          [
            -64.147589,
            -31.360459
          ],
          [
            -64.14758,
            -31.360401
          ],
          [
            -64.147568,
            -31.36035
          ],
          [
            -64.147539,
            -31.360255
          ],
          [
            -64.147505,
            -31.36023
          ],
          [
            -64.147476,
            -31.360203
          ],
          [
            -64.147451,
            -31.360163
          ],
          [
            -64.147438,
            -31.360119
          ],
          [
            -64.14744,
            -31.360073
          ],
          [
            -64.147457,
            -31.360029
          ],
          [
            -64.147476,
            -31.360002
          ],
          [
            -64.147501,
            -31.359978
          ],
          [
            -64.147551,
            -31.359948
          ],
          [
            -64.14761,
            -31.359933
          ],
          [
            -64.147672,
            -31.359934
          ],
          [
            -64.147735,
            -31.359952
          ],
          [
            -64.147771,
            -31.359975
          ],
          [
            -64.147804,
            -31.360007
          ],
          [
            -64.147829,
            -31.360051
          ],
          [
            -64.147838,
            -31.3601
          ],
          [
            -64.14783,
            -31.360149
          ],
          [
            -64.147807,
            -31.360194
          ],
          [
            -64.147764,
            -31.360237
          ],
          [
            -64.147747,
            -31.360308
          ],
          [
            -64.147728,
            -31.36038
          ],
          [
            -64.147715,
            -31.360438
          ],
          [
            -64.147703,
            -31.360513
          ],
          [
            -64.147698,
            -31.360589
          ],
          [
            -64.147697,
            -31.36071
          ],
          [
            -64.147704,
            -31.360831
          ],
          [
            -64.147712,
            -31.360981
          ],
          [
            -64.147724,
            -31.36111
          ],
          [
            -64.147741,
            -31.361286
          ],
          [
            -64.147752,
            -31.361454
          ],
          [
            -64.147767,
            -31.361757
          ],
          [
            -64.147778,
            -31.361957
          ],
          [
            -64.147782,
            -31.362345
          ],
          [
            -64.147783,
            -31.362373
          ],
          [
            -64.147787,
            -31.362751
          ],
          [
            -64.147787,
            -31.362849
          ],
          [
            -64.147784,
            -31.36295
          ],
          [
            -64.147776,
            -31.363136
          ],
          [
            -64.147756,
            -31.363302
          ],
          [
            -64.14774,
            -31.36347
          ],
          [
            -64.14773,
            -31.363728
          ],
          [
            -64.147728,
            -31.363866
          ],
          [
            -64.147725,
            -31.364074
          ],
          [
            -64.147726,
            -31.364435
          ],
          [
            -64.147727,
            -31.36451
          ],
          [
            -64.147733,
            -31.364608
          ],
          [
            -64.147742,
            -31.364711
          ],
          [
            -64.147749,
            -31.364763
          ],
          [
            -64.147763,
            -31.36481
          ],
          [
            -64.147783,
            -31.364862
          ],
          [
            -64.147843,
            -31.364988
          ],
          [
            -64.147894,
            -31.365082
          ],
          [
            -64.147944,
            -31.365177
          ],
          [
            -64.147956,
            -31.365197
          ],
          [
            -64.147985,
            -31.365233
          ],
          [
            -64.148036,
            -31.365281
          ],
          [
            -64.148098,
            -31.365338
          ],
          [
            -64.148118,
            -31.365364
          ],
          [
            -64.148146,
            -31.365392
          ],
          [
            -64.148166,
            -31.365424
          ],
          [
            -64.148176,
            -31.365459
          ],
          [
            -64.148178,
            -31.365496
          ],
          [
            -64.148171,
            -31.365532
          ],
          [
            -64.14817,
            -31.36559
          ],
          [
            -64.148171,
            -31.365645
          ],
          [
            -64.148182,
            -31.365694
          ],
          [
            -64.148234,
            -31.365779
          ],
          [
            -64.148383,
            -31.366142
          ],
          [
            -64.148576,
            -31.36673
          ],
          [
            -64.148824,
            -31.367442
          ],
          [
            -64.149102,
            -31.368168
          ],
          [
            -64.149369,
            -31.368886
          ],
          [
            -64.14963,
            -31.36962
          ],
          [
            -64.149756,
            -31.369978
          ],
          [
            -64.149814,
            -31.370304
          ],
          [
            -64.149832,
            -31.370351
          ],
          [
            -64.15016,
            -31.371241
          ],
          [
            -64.15042,
            -31.371948
          ],
          [
            -64.150608,
            -31.372447
          ],
          [
            -64.150687,
            -31.372657
          ],
          [
            -64.150938,
            -31.373325
          ],
          [
            -64.151165,
            -31.373969
          ],
          [
            -64.151386,
            -31.374592
          ],
          [
            -64.151628,
            -31.375237
          ],
          [
            -64.151883,
            -31.375887
          ],
          [
            -64.152141,
            -31.376538
          ],
          [
            -64.15246,
            -31.377391
          ],
          [
            -64.152794,
            -31.378304
          ],
          [
            -64.15282,
            -31.378361
          ],
          [
            -64.153301,
            -31.3789
          ],
          [
            -64.15358,
            -31.379216
          ],
          [
            -64.154258,
            -31.379985
          ],
          [
            -64.154327,
            -31.380064
          ],
          [
            -64.154722,
            -31.380513
          ],
          [
            -64.154892,
            -31.380705
          ],
          [
            -64.155151,
            -31.38099
          ],
          [
            -64.155765,
            -31.381691
          ],
          [
            -64.156137,
            -31.382109
          ],
          [
            -64.15615,
            -31.382125
          ],
          [
            -64.156571,
            -31.382598
          ],
          [
            -64.157369,
            -31.383491
          ],
          [
            -64.158387,
            -31.384646
          ],
          [
            -64.158559,
            -31.384841
          ],
          [
            -64.158637,
            -31.384917
          ],
          [
            -64.158918,
            -31.385219
          ],
          [
            -64.159768,
            -31.386205
          ],
          [
            -64.15983,
            -31.386274
          ],
          [
            -64.160588,
            -31.387125
          ],
          [
            -64.161357,
            -31.387979
          ],
          [
            -64.162133,
            -31.388852
          ],
          [
            -64.162572,
            -31.389353
          ],
          [
            -64.162867,
            -31.389696
          ],
          [
            -64.163631,
            -31.390568
          ],
          [
            -64.164425,
            -31.391439
          ],
          [
            -64.164557,
            -31.391601
          ],
          [
            -64.165194,
            -31.392303
          ],
          [
            -64.165991,
            -31.39319
          ],
          [
            -64.166809,
            -31.394139
          ],
          [
            -64.166973,
            -31.394326
          ],
          [
            -64.167701,
            -31.395159
          ],
          [
            -64.168532,
            -31.396086
          ],
          [
            -64.169206,
            -31.396804
          ],
          [
            -64.169411,
            -31.39707
          ],
          [
            -64.170277,
            -31.398056
          ],
          [
            -64.17041,
            -31.398204
          ],
          [
            -64.170601,
            -31.398416
          ],
          [
            -64.170956,
            -31.398816
          ],
          [
            -64.171029,
            -31.398877
          ],
          [
            -64.171073,
            -31.398915
          ],
          [
            -64.17112,
            -31.398967
          ],
          [
            -64.171134,
            -31.398984
          ],
          [
            -64.171375,
            -31.399269
          ],
          [
            -64.171533,
            -31.399439
          ],
          [
            -64.17157,
            -31.399486
          ],
          [
            -64.171598,
            -31.399522
          ],
          [
            -64.171619,
            -31.399572
          ],
          [
            -64.171643,
            -31.399695
          ],
          [
            -64.171667,
            -31.399698
          ],
          [
            -64.172425,
            -31.3998
          ],
          [
            -64.17291,
            -31.399818
          ],
          [
            -64.173636,
            -31.399839
          ],
          [
            -64.173673,
            -31.399891
          ],
          [
            -64.173679,
            -31.399925
          ],
          [
            -64.173343,
            -31.400861
          ],
          [
            -64.174535,
            -31.401185
          ],
          [
            -64.175843,
            -31.4015
          ],
          [
            -64.175851,
            -31.401781
          ],
          [
            -64.175858,
            -31.402535
          ],
          [
            -64.175858,
            -31.402643
          ],
          [
            -64.175855,
            -31.403778
          ],
          [
            -64.175852,
            -31.404964
          ],
          [
            -64.175855,
            -31.405408
          ],
          [
            -64.175877,
            -31.405521
          ],
          [
            -64.175895,
            -31.405559
          ],
          [
            -64.175928,
            -31.405615
          ],
          [
            -64.175984,
            -31.405695
          ],
          [
            -64.176041,
            -31.405745
          ],
          [
            -64.176092,
            -31.405785
          ],
          [
            -64.177134,
            -31.405165
          ],
          [
            -64.177349,
            -31.405045
          ],
          [
            -64.177457,
            -31.405007
          ],
          [
            -64.178265,
            -31.404711
          ],
          [
            -64.178601,
            -31.404609
          ],
          [
            -64.178817,
            -31.404551
          ],
          [
            -64.179068,
            -31.404494
          ],
          [
            -64.179472,
            -31.40443
          ],
          [
            -64.179721,
            -31.404403
          ],
          [
            -64.179991,
            -31.404375
          ],
          [
            -64.180409,
            -31.404348
          ],
          [
            -64.181686,
            -31.404274
          ],
          [
            -64.182614,
            -31.404246
          ],
          [
            -64.182626,
            -31.404381
          ],
          [
            -64.182656,
            -31.404595
          ],
          [
            -64.182701,
            -31.404839
          ],
          [
            -64.182719,
            -31.40491
          ],
          [
            -64.182879,
            -31.405545
          ],
          [
            -64.182932,
            -31.405738
          ],
          [
            -64.18294,
            -31.405766
          ],
          [
            -64.183201,
            -31.40677
          ],
          [
            -64.183212,
            -31.406813
          ],
          [
            -64.183262,
            -31.406951
          ],
          [
            -64.183339,
            -31.40717
          ],
          [
            -64.183389,
            -31.407298
          ],
          [
            -64.183645,
            -31.407908
          ],
          [
            -64.183726,
            -31.408102
          ],
          [
            -64.183788,
            -31.408253
          ],
          [
            -64.183949,
            -31.408629
          ],
          [
            -64.184257,
            -31.409361
          ],
          [
            -64.184637,
            -31.410262
          ],
          [
            -64.184804,
            -31.410657
          ],
          [
            -64.185292,
            -31.411809
          ],
          [
            -64.185718,
            -31.412838
          ],
          [
            -64.185737,
            -31.412882
          ],
          [
            -64.185762,
            -31.412943
          ],
          [
            -64.185948,
            -31.413383
          ],
          [
            -64.186125,
            -31.413802
          ],
          [
            -64.186243,
            -31.414082
          ],
          [
            -64.186591,
            -31.414907
          ],
          [
            -64.186704,
            -31.415175
          ],
          [
            -64.186715,
            -31.415201
          ],
          [
            -64.186739,
            -31.415256
          ],
          [
            -64.186794,
            -31.415387
          ],
          [
            -64.186829,
            -31.41547
          ],
          [
            -64.187167,
            -31.416272
          ],
          [
            -64.187176,
            -31.416293
          ],
          [
            -64.187381,
            -31.41678
          ],
          [
            -64.187392,
            -31.416806
          ],
          [
            -64.187665,
            -31.417451
          ],
          [
            -64.187673,
            -31.417469
          ],
          [
            -64.18769,
            -31.41751
          ],
          [
            -64.188184,
            -31.418665
          ],
          [
            -64.188568,
            -31.419564
          ],
          [
            -64.188701,
            -31.419841
          ],
          [
            -64.188713,
            -31.419861
          ],
          [
            -64.188728,
            -31.419891
          ],
          [
            -64.188735,
            -31.419927
          ],
          [
            -64.188737,
            -31.419959
          ],
          [
            -64.188733,
            -31.419976
          ],
          [
            -64.188728,
            -31.419991
          ],
          [
            -64.188709,
            -31.420032
          ],
          [
            -64.188708,
            -31.420086
          ],
          [
            -64.188709,
            -31.420103
          ]
        ]
      }
    },
    {
      "type": "Feature",
      "id": "route-cordoba-2026-08-29-v3-02",
      "properties": {
        "truckId": "vehicle-02",
        "waypointDistancesKm": [
          0,
          1.5148393380021457,
          2.838230093260715,
          5.079833701054437,
          7.090587635346849,
          8.212768544811473,
          9.603608947428814,
          12.274664239132532,
          18.52550826919374
        ]
      },
      "geometry": {
        "type": "LineString",
        "coordinates": [
          [
            -64.188709,
            -31.420109
          ],
          [
            -64.18871,
            -31.420127
          ],
          [
            -64.188717,
            -31.420178
          ],
          [
            -64.188727,
            -31.42023
          ],
          [
            -64.188737,
            -31.420284
          ],
          [
            -64.188734,
            -31.420338
          ],
          [
            -64.188686,
            -31.420476
          ],
          [
            -64.188614,
            -31.420637
          ],
          [
            -64.188602,
            -31.420666
          ],
          [
            -64.188216,
            -31.421509
          ],
          [
            -64.188139,
            -31.421536
          ],
          [
            -64.187971,
            -31.421596
          ],
          [
            -64.187883,
            -31.421621
          ],
          [
            -64.186582,
            -31.422025
          ],
          [
            -64.185253,
            -31.422438
          ],
          [
            -64.185197,
            -31.422455
          ],
          [
            -64.183898,
            -31.422858
          ],
          [
            -64.182631,
            -31.423252
          ],
          [
            -64.182565,
            -31.423271
          ],
          [
            -64.18253,
            -31.423283
          ],
          [
            -64.182506,
            -31.42329
          ],
          [
            -64.182219,
            -31.422615
          ],
          [
            -64.181948,
            -31.421985
          ],
          [
            -64.181908,
            -31.421886
          ],
          [
            -64.181858,
            -31.42176
          ],
          [
            -64.181401,
            -31.420612
          ],
          [
            -64.180946,
            -31.419465
          ],
          [
            -64.179696,
            -31.419842
          ],
          [
            -64.180036,
            -31.42065
          ],
          [
            -64.180178,
            -31.420989
          ],
          [
            -64.180395,
            -31.421509
          ],
          [
            -64.180685,
            -31.422206
          ],
          [
            -64.180726,
            -31.422306
          ],
          [
            -64.179365,
            -31.422693
          ],
          [
            -64.177897,
            -31.423051
          ],
          [
            -64.176787,
            -31.423339
          ],
          [
            -64.176741,
            -31.423226
          ],
          [
            -64.176601,
            -31.422834
          ],
          [
            -64.176535,
            -31.422648
          ],
          [
            -64.176522,
            -31.422612
          ],
          [
            -64.176516,
            -31.4226
          ],
          [
            -64.176511,
            -31.422587
          ],
          [
            -64.17648,
            -31.422515
          ],
          [
            -64.176422,
            -31.422382
          ],
          [
            -64.17638,
            -31.422285
          ],
          [
            -64.176333,
            -31.422185
          ],
          [
            -64.176291,
            -31.422122
          ],
          [
            -64.176232,
            -31.422059
          ],
          [
            -64.176178,
            -31.422006
          ],
          [
            -64.176086,
            -31.421933
          ],
          [
            -64.175942,
            -31.421822
          ],
          [
            -64.175796,
            -31.421709
          ],
          [
            -64.175687,
            -31.421628
          ],
          [
            -64.175653,
            -31.421602
          ],
          [
            -64.17562,
            -31.421578
          ],
          [
            -64.17558,
            -31.421548
          ],
          [
            -64.175271,
            -31.421365
          ],
          [
            -64.175155,
            -31.421323
          ],
          [
            -64.175211,
            -31.421188
          ],
          [
            -64.175341,
            -31.420883
          ],
          [
            -64.17565,
            -31.420056
          ],
          [
            -64.175703,
            -31.419862
          ],
          [
            -64.175726,
            -31.419771
          ],
          [
            -64.175735,
            -31.419737
          ],
          [
            -64.175779,
            -31.419509
          ],
          [
            -64.175793,
            -31.419393
          ],
          [
            -64.175795,
            -31.41928
          ],
          [
            -64.175786,
            -31.419178
          ],
          [
            -64.175764,
            -31.419067
          ],
          [
            -64.175725,
            -31.418914
          ],
          [
            -64.175699,
            -31.41875
          ],
          [
            -64.17567,
            -31.418663
          ],
          [
            -64.175648,
            -31.418623
          ],
          [
            -64.175615,
            -31.418585
          ],
          [
            -64.175568,
            -31.418555
          ],
          [
            -64.175453,
            -31.418519
          ],
          [
            -64.175356,
            -31.418508
          ],
          [
            -64.175318,
            -31.418503
          ],
          [
            -64.175277,
            -31.418498
          ],
          [
            -64.175043,
            -31.418475
          ],
          [
            -64.174945,
            -31.418467
          ],
          [
            -64.174766,
            -31.418473
          ],
          [
            -64.174675,
            -31.41849
          ],
          [
            -64.174541,
            -31.418536
          ],
          [
            -64.174429,
            -31.418561
          ],
          [
            -64.174371,
            -31.418558
          ],
          [
            -64.174318,
            -31.418544
          ],
          [
            -64.174301,
            -31.418502
          ],
          [
            -64.174292,
            -31.418456
          ],
          [
            -64.174291,
            -31.41841
          ],
          [
            -64.174295,
            -31.418375
          ],
          [
            -64.174306,
            -31.418347
          ],
          [
            -64.174323,
            -31.418314
          ],
          [
            -64.174346,
            -31.418282
          ],
          [
            -64.174374,
            -31.418253
          ],
          [
            -64.174416,
            -31.418223
          ],
          [
            -64.17449,
            -31.418236
          ],
          [
            -64.174602,
            -31.418303
          ],
          [
            -64.174631,
            -31.418333
          ],
          [
            -64.174645,
            -31.418348
          ],
          [
            -64.174681,
            -31.418365
          ],
          [
            -64.174706,
            -31.41837
          ],
          [
            -64.17475,
            -31.418378
          ],
          [
            -64.175105,
            -31.418401
          ],
          [
            -64.175295,
            -31.418414
          ],
          [
            -64.175338,
            -31.418416
          ],
          [
            -64.175377,
            -31.41842
          ],
          [
            -64.175528,
            -31.418414
          ],
          [
            -64.175649,
            -31.418401
          ],
          [
            -64.175707,
            -31.418389
          ],
          [
            -64.175725,
            -31.418385
          ],
          [
            -64.17577,
            -31.418283
          ],
          [
            -64.175809,
            -31.418193
          ],
          [
            -64.17585,
            -31.418124
          ],
          [
            -64.175862,
            -31.418107
          ],
          [
            -64.176015,
            -31.417881
          ],
          [
            -64.176048,
            -31.417807
          ],
          [
            -64.176118,
            -31.417597
          ],
          [
            -64.176163,
            -31.417447
          ],
          [
            -64.176191,
            -31.417324
          ],
          [
            -64.176208,
            -31.417076
          ],
          [
            -64.176218,
            -31.416804
          ],
          [
            -64.176213,
            -31.416585
          ],
          [
            -64.176188,
            -31.416378
          ],
          [
            -64.176125,
            -31.41611
          ],
          [
            -64.176079,
            -31.416056
          ],
          [
            -64.176052,
            -31.416028
          ],
          [
            -64.176027,
            -31.416002
          ],
          [
            -64.175995,
            -31.415976
          ],
          [
            -64.175964,
            -31.415955
          ],
          [
            -64.175935,
            -31.415941
          ],
          [
            -64.175903,
            -31.415928
          ],
          [
            -64.17587,
            -31.415921
          ],
          [
            -64.17583,
            -31.415919
          ],
          [
            -64.175744,
            -31.41592
          ],
          [
            -64.175585,
            -31.415975
          ],
          [
            -64.17545,
            -31.416022
          ],
          [
            -64.175362,
            -31.416097
          ],
          [
            -64.175325,
            -31.416164
          ],
          [
            -64.175301,
            -31.416228
          ],
          [
            -64.175296,
            -31.416277
          ],
          [
            -64.175295,
            -31.416302
          ],
          [
            -64.1753,
            -31.41633
          ],
          [
            -64.175325,
            -31.416381
          ],
          [
            -64.17535,
            -31.416433
          ],
          [
            -64.175377,
            -31.4165
          ],
          [
            -64.1754,
            -31.416581
          ],
          [
            -64.175408,
            -31.416635
          ],
          [
            -64.175407,
            -31.416704
          ],
          [
            -64.175394,
            -31.416777
          ],
          [
            -64.175368,
            -31.416888
          ],
          [
            -64.175343,
            -31.416989
          ],
          [
            -64.1753,
            -31.4171
          ],
          [
            -64.175257,
            -31.417186
          ],
          [
            -64.175219,
            -31.41725
          ],
          [
            -64.175164,
            -31.417332
          ],
          [
            -64.175098,
            -31.417414
          ],
          [
            -64.175287,
            -31.417402
          ],
          [
            -64.175476,
            -31.417332
          ],
          [
            -64.17559,
            -31.41729
          ],
          [
            -64.175631,
            -31.417277
          ],
          [
            -64.175918,
            -31.417177
          ],
          [
            -64.176208,
            -31.417076
          ],
          [
            -64.176191,
            -31.417324
          ],
          [
            -64.176195,
            -31.417427
          ],
          [
            -64.176187,
            -31.417588
          ],
          [
            -64.176109,
            -31.418226
          ],
          [
            -64.176092,
            -31.418339
          ],
          [
            -64.176043,
            -31.418567
          ],
          [
            -64.175989,
            -31.418892
          ],
          [
            -64.175916,
            -31.419299
          ],
          [
            -64.175818,
            -31.419716
          ],
          [
            -64.175618,
            -31.420397
          ],
          [
            -64.17545,
            -31.42091
          ],
          [
            -64.175335,
            -31.421222
          ],
          [
            -64.175271,
            -31.421365
          ],
          [
            -64.175075,
            -31.421762
          ],
          [
            -64.175051,
            -31.42181
          ],
          [
            -64.174797,
            -31.422321
          ],
          [
            -64.174679,
            -31.422565
          ],
          [
            -64.174555,
            -31.42279
          ],
          [
            -64.174349,
            -31.423083
          ],
          [
            -64.1743,
            -31.42314
          ],
          [
            -64.174187,
            -31.423245
          ],
          [
            -64.174115,
            -31.423319
          ],
          [
            -64.173965,
            -31.423464
          ],
          [
            -64.173798,
            -31.423598
          ],
          [
            -64.173636,
            -31.423724
          ],
          [
            -64.173436,
            -31.423875
          ],
          [
            -64.173183,
            -31.424032
          ],
          [
            -64.172972,
            -31.424151
          ],
          [
            -64.172919,
            -31.424181
          ],
          [
            -64.172509,
            -31.424412
          ],
          [
            -64.172225,
            -31.424549
          ],
          [
            -64.171993,
            -31.42465
          ],
          [
            -64.171628,
            -31.424784
          ],
          [
            -64.171037,
            -31.424981
          ],
          [
            -64.170866,
            -31.425028
          ],
          [
            -64.170769,
            -31.425051
          ],
          [
            -64.170722,
            -31.42506
          ],
          [
            -64.17049,
            -31.425121
          ],
          [
            -64.170263,
            -31.425165
          ],
          [
            -64.170078,
            -31.425193
          ],
          [
            -64.169971,
            -31.425203
          ],
          [
            -64.169853,
            -31.425218
          ],
          [
            -64.169717,
            -31.42524
          ],
          [
            -64.169419,
            -31.425293
          ],
          [
            -64.169341,
            -31.425306
          ],
          [
            -64.169296,
            -31.425309
          ],
          [
            -64.169265,
            -31.42531
          ],
          [
            -64.169224,
            -31.425303
          ],
          [
            -64.169173,
            -31.425288
          ],
          [
            -64.169123,
            -31.425281
          ],
          [
            -64.169075,
            -31.425279
          ],
          [
            -64.168999,
            -31.425281
          ],
          [
            -64.168965,
            -31.425291
          ],
          [
            -64.168933,
            -31.425301
          ],
          [
            -64.16844,
            -31.425386
          ],
          [
            -64.166809,
            -31.425674
          ],
          [
            -64.166695,
            -31.425646
          ],
          [
            -64.166667,
            -31.425626
          ],
          [
            -64.166646,
            -31.425594
          ],
          [
            -64.166621,
            -31.425547
          ],
          [
            -64.166602,
            -31.42548
          ],
          [
            -64.166593,
            -31.425443
          ],
          [
            -64.166533,
            -31.425202
          ],
          [
            -64.166515,
            -31.42512
          ],
          [
            -64.166328,
            -31.424282
          ],
          [
            -64.166259,
            -31.423985
          ],
          [
            -64.165856,
            -31.423989
          ],
          [
            -64.165347,
            -31.424021
          ],
          [
            -64.164873,
            -31.424062
          ],
          [
            -64.164742,
            -31.42407
          ],
          [
            -64.164397,
            -31.424107
          ],
          [
            -64.163539,
            -31.424201
          ],
          [
            -64.163345,
            -31.424188
          ],
          [
            -64.162111,
            -31.424274
          ],
          [
            -64.161482,
            -31.424332
          ],
          [
            -64.160848,
            -31.424383
          ],
          [
            -64.159593,
            -31.42449
          ],
          [
            -64.158435,
            -31.424598
          ],
          [
            -64.15834,
            -31.424607
          ],
          [
            -64.157726,
            -31.424664
          ],
          [
            -64.157066,
            -31.424726
          ],
          [
            -64.155836,
            -31.42484
          ],
          [
            -64.155738,
            -31.424085
          ],
          [
            -64.1557,
            -31.423787
          ],
          [
            -64.155562,
            -31.42272
          ],
          [
            -64.155554,
            -31.422645
          ],
          [
            -64.155412,
            -31.421566
          ],
          [
            -64.155277,
            -31.420523
          ],
          [
            -64.155126,
            -31.419459
          ],
          [
            -64.155007,
            -31.41841
          ],
          [
            -64.154941,
            -31.417917
          ],
          [
            -64.154861,
            -31.417319
          ],
          [
            -64.155351,
            -31.417278
          ],
          [
            -64.15611,
            -31.417214
          ],
          [
            -64.156252,
            -31.418295
          ],
          [
            -64.157267,
            -31.418201
          ],
          [
            -64.157382,
            -31.418192
          ],
          [
            -64.157405,
            -31.41819
          ],
          [
            -64.157474,
            -31.418186
          ],
          [
            -64.158227,
            -31.418123
          ],
          [
            -64.158259,
            -31.418119
          ],
          [
            -64.158355,
            -31.418111
          ],
          [
            -64.158344,
            -31.41806
          ],
          [
            -64.158325,
            -31.418007
          ],
          [
            -64.158165,
            -31.417695
          ],
          [
            -64.157988,
            -31.417355
          ],
          [
            -64.157623,
            -31.416712
          ],
          [
            -64.157569,
            -31.416631
          ],
          [
            -64.157516,
            -31.41656
          ],
          [
            -64.157465,
            -31.416503
          ],
          [
            -64.157401,
            -31.41644
          ],
          [
            -64.157482,
            -31.416045
          ],
          [
            -64.157605,
            -31.415351
          ],
          [
            -64.157624,
            -31.415282
          ],
          [
            -64.157656,
            -31.415185
          ],
          [
            -64.158059,
            -31.414188
          ],
          [
            -64.157994,
            -31.414122
          ],
          [
            -64.157964,
            -31.414055
          ],
          [
            -64.157954,
            -31.413963
          ],
          [
            -64.157957,
            -31.41389
          ],
          [
            -64.157977,
            -31.413782
          ],
          [
            -64.157144,
            -31.413551
          ],
          [
            -64.156352,
            -31.413332
          ],
          [
            -64.156189,
            -31.413773
          ],
          [
            -64.15602,
            -31.414227
          ],
          [
            -64.156006,
            -31.414406
          ],
          [
            -64.155616,
            -31.415426
          ],
          [
            -64.155488,
            -31.41539
          ],
          [
            -64.154797,
            -31.415207
          ],
          [
            -64.154072,
            -31.415011
          ],
          [
            -64.153675,
            -31.416036
          ],
          [
            -64.153377,
            -31.416848
          ],
          [
            -64.153367,
            -31.416886
          ],
          [
            -64.153372,
            -31.416949
          ],
          [
            -64.153182,
            -31.417025
          ],
          [
            -64.15287,
            -31.417192
          ],
          [
            -64.152787,
            -31.417227
          ],
          [
            -64.151804,
            -31.417587
          ],
          [
            -64.151425,
            -31.417707
          ],
          [
            -64.151418,
            -31.417746
          ],
          [
            -64.15131,
            -31.418367
          ],
          [
            -64.151301,
            -31.418419
          ],
          [
            -64.151291,
            -31.418476
          ],
          [
            -64.151271,
            -31.418629
          ],
          [
            -64.151266,
            -31.418707
          ],
          [
            -64.151266,
            -31.41882
          ],
          [
            -64.151287,
            -31.419
          ],
          [
            -64.15139,
            -31.419828
          ],
          [
            -64.151448,
            -31.420319
          ],
          [
            -64.151519,
            -31.420851
          ],
          [
            -64.15166,
            -31.421921
          ],
          [
            -64.151792,
            -31.422998
          ],
          [
            -64.1518,
            -31.423063
          ],
          [
            -64.151969,
            -31.423046
          ],
          [
            -64.152557,
            -31.422988
          ],
          [
            -64.152568,
            -31.422856
          ],
          [
            -64.152626,
            -31.422734
          ],
          [
            -64.152725,
            -31.422634
          ],
          [
            -64.152856,
            -31.422564
          ],
          [
            -64.153005,
            -31.422532
          ],
          [
            -64.153157,
            -31.422541
          ],
          [
            -64.153299,
            -31.42259
          ],
          [
            -64.153416,
            -31.422672
          ],
          [
            -64.153498,
            -31.422782
          ],
          [
            -64.153537,
            -31.422907
          ],
          [
            -64.153529,
            -31.423036
          ],
          [
            -64.153475,
            -31.423157
          ],
          [
            -64.153381,
            -31.423259
          ],
          [
            -64.153256,
            -31.423331
          ],
          [
            -64.15311,
            -31.423367
          ],
          [
            -64.152953,
            -31.423362
          ],
          [
            -64.152805,
            -31.423316
          ],
          [
            -64.152682,
            -31.423231
          ],
          [
            -64.152596,
            -31.423118
          ],
          [
            -64.152557,
            -31.422988
          ],
          [
            -64.1518,
            -31.423063
          ],
          [
            -64.150563,
            -31.423173
          ],
          [
            -64.149306,
            -31.42328
          ],
          [
            -64.148613,
            -31.423343
          ],
          [
            -64.14858,
            -31.423346
          ],
          [
            -64.148633,
            -31.423739
          ],
          [
            -64.148624,
            -31.423766
          ],
          [
            -64.148601,
            -31.423782
          ],
          [
            -64.148134,
            -31.423835
          ],
          [
            -64.147743,
            -31.423877
          ],
          [
            -64.147671,
            -31.423875
          ],
          [
            -64.147615,
            -31.42385
          ],
          [
            -64.147583,
            -31.423823
          ],
          [
            -64.147568,
            -31.42377
          ],
          [
            -64.147531,
            -31.423444
          ],
          [
            -64.146812,
            -31.423511
          ],
          [
            -64.145545,
            -31.423635
          ],
          [
            -64.144308,
            -31.423743
          ],
          [
            -64.143046,
            -31.423857
          ],
          [
            -64.141797,
            -31.423974
          ],
          [
            -64.140552,
            -31.424096
          ],
          [
            -64.139908,
            -31.424164
          ],
          [
            -64.139406,
            -31.424208
          ],
          [
            -64.139343,
            -31.424219
          ],
          [
            -64.139298,
            -31.424244
          ],
          [
            -64.139272,
            -31.424266
          ],
          [
            -64.138879,
            -31.424664
          ],
          [
            -64.138829,
            -31.424725
          ],
          [
            -64.138373,
            -31.424232
          ],
          [
            -64.137989,
            -31.423797
          ],
          [
            -64.137961,
            -31.423743
          ],
          [
            -64.137943,
            -31.423694
          ],
          [
            -64.137871,
            -31.423224
          ],
          [
            -64.137084,
            -31.423298
          ],
          [
            -64.136265,
            -31.423381
          ],
          [
            -64.135481,
            -31.423449
          ],
          [
            -64.134666,
            -31.423515
          ],
          [
            -64.133531,
            -31.423532
          ],
          [
            -64.132438,
            -31.423542
          ],
          [
            -64.131308,
            -31.423554
          ],
          [
            -64.131301,
            -31.422923
          ],
          [
            -64.1313,
            -31.422876
          ],
          [
            -64.131296,
            -31.422464
          ],
          [
            -64.13242,
            -31.422468
          ],
          [
            -64.133516,
            -31.422472
          ],
          [
            -64.133627,
            -31.42247
          ],
          [
            -64.134544,
            -31.422411
          ],
          [
            -64.135332,
            -31.422343
          ],
          [
            -64.136117,
            -31.422282
          ],
          [
            -64.136929,
            -31.422202
          ],
          [
            -64.137707,
            -31.422109
          ],
          [
            -64.137794,
            -31.422702
          ],
          [
            -64.137871,
            -31.423224
          ],
          [
            -64.137943,
            -31.423694
          ],
          [
            -64.137961,
            -31.423743
          ],
          [
            -64.137989,
            -31.423797
          ],
          [
            -64.138373,
            -31.424232
          ],
          [
            -64.138829,
            -31.424725
          ],
          [
            -64.138879,
            -31.424664
          ],
          [
            -64.139272,
            -31.424266
          ],
          [
            -64.139298,
            -31.424244
          ],
          [
            -64.139343,
            -31.424219
          ],
          [
            -64.139406,
            -31.424208
          ],
          [
            -64.139908,
            -31.424164
          ],
          [
            -64.140552,
            -31.424096
          ],
          [
            -64.141797,
            -31.423974
          ],
          [
            -64.143046,
            -31.423857
          ],
          [
            -64.144308,
            -31.423743
          ],
          [
            -64.145545,
            -31.423635
          ],
          [
            -64.146812,
            -31.423511
          ],
          [
            -64.147531,
            -31.423444
          ],
          [
            -64.147525,
            -31.423399
          ],
          [
            -64.14749,
            -31.423176
          ],
          [
            -64.14749,
            -31.423136
          ],
          [
            -64.147508,
            -31.423107
          ],
          [
            -64.147541,
            -31.423076
          ],
          [
            -64.147609,
            -31.423015
          ],
          [
            -64.147649,
            -31.422993
          ],
          [
            -64.14771,
            -31.422972
          ],
          [
            -64.148014,
            -31.422949
          ],
          [
            -64.148463,
            -31.4229
          ],
          [
            -64.148508,
            -31.422905
          ],
          [
            -64.148525,
            -31.422926
          ],
          [
            -64.148529,
            -31.422958
          ],
          [
            -64.14858,
            -31.423346
          ],
          [
            -64.148613,
            -31.423343
          ],
          [
            -64.149306,
            -31.42328
          ],
          [
            -64.150563,
            -31.423173
          ],
          [
            -64.1518,
            -31.423063
          ],
          [
            -64.152557,
            -31.422988
          ],
          [
            -64.152568,
            -31.422856
          ],
          [
            -64.152626,
            -31.422734
          ],
          [
            -64.152725,
            -31.422634
          ],
          [
            -64.152856,
            -31.422564
          ],
          [
            -64.153005,
            -31.422532
          ],
          [
            -64.153157,
            -31.422541
          ],
          [
            -64.153299,
            -31.42259
          ],
          [
            -64.153416,
            -31.422672
          ],
          [
            -64.153498,
            -31.422782
          ],
          [
            -64.153537,
            -31.422907
          ],
          [
            -64.154314,
            -31.42284
          ],
          [
            -64.155562,
            -31.42272
          ],
          [
            -64.156799,
            -31.4226
          ],
          [
            -64.158066,
            -31.422477
          ],
          [
            -64.158666,
            -31.422417
          ],
          [
            -64.159311,
            -31.422357
          ],
          [
            -64.159969,
            -31.422286
          ],
          [
            -64.160047,
            -31.422284
          ],
          [
            -64.160136,
            -31.422291
          ],
          [
            -64.160581,
            -31.422363
          ],
          [
            -64.160912,
            -31.422433
          ],
          [
            -64.161051,
            -31.422464
          ],
          [
            -64.161297,
            -31.422505
          ],
          [
            -64.161429,
            -31.422517
          ],
          [
            -64.161615,
            -31.422529
          ],
          [
            -64.161879,
            -31.422536
          ],
          [
            -64.163091,
            -31.422563
          ],
          [
            -64.163299,
            -31.422566
          ],
          [
            -64.163718,
            -31.42258
          ],
          [
            -64.164124,
            -31.422593
          ],
          [
            -64.164408,
            -31.422618
          ],
          [
            -64.164488,
            -31.422662
          ],
          [
            -64.164532,
            -31.422705
          ],
          [
            -64.164574,
            -31.422767
          ],
          [
            -64.1646,
            -31.42283
          ],
          [
            -64.164623,
            -31.422988
          ],
          [
            -64.164674,
            -31.423447
          ],
          [
            -64.164726,
            -31.423936
          ],
          [
            -64.164735,
            -31.424011
          ],
          [
            -64.164871,
            -31.424002
          ],
          [
            -64.165336,
            -31.423957
          ],
          [
            -64.1654,
            -31.423954
          ],
          [
            -64.165822,
            -31.423933
          ],
          [
            -64.165867,
            -31.423931
          ],
          [
            -64.166244,
            -31.423926
          ],
          [
            -64.16631,
            -31.423927
          ],
          [
            -64.166957,
            -31.423938
          ],
          [
            -64.167358,
            -31.423946
          ],
          [
            -64.167428,
            -31.423957
          ],
          [
            -64.167497,
            -31.42398
          ],
          [
            -64.167552,
            -31.424005
          ],
          [
            -64.168851,
            -31.424755
          ],
          [
            -64.1689,
            -31.424796
          ],
          [
            -64.168942,
            -31.424825
          ],
          [
            -64.168979,
            -31.42487
          ],
          [
            -64.169008,
            -31.424923
          ],
          [
            -64.169022,
            -31.424964
          ],
          [
            -64.169048,
            -31.425045
          ],
          [
            -64.16907,
            -31.425072
          ],
          [
            -64.169099,
            -31.425099
          ],
          [
            -64.169124,
            -31.425133
          ],
          [
            -64.169142,
            -31.425164
          ],
          [
            -64.169161,
            -31.425189
          ],
          [
            -64.169183,
            -31.425211
          ],
          [
            -64.169207,
            -31.425226
          ],
          [
            -64.169235,
            -31.425235
          ],
          [
            -64.169268,
            -31.425244
          ],
          [
            -64.1693,
            -31.425244
          ],
          [
            -64.169326,
            -31.425242
          ],
          [
            -64.169381,
            -31.425236
          ],
          [
            -64.169404,
            -31.425234
          ],
          [
            -64.170656,
            -31.425013
          ],
          [
            -64.171127,
            -31.4249
          ],
          [
            -64.171374,
            -31.424824
          ],
          [
            -64.171611,
            -31.424741
          ],
          [
            -64.171996,
            -31.424593
          ],
          [
            -64.172312,
            -31.424449
          ],
          [
            -64.172769,
            -31.424206
          ],
          [
            -64.173035,
            -31.424057
          ],
          [
            -64.173234,
            -31.423937
          ],
          [
            -64.17346,
            -31.423782
          ],
          [
            -64.173711,
            -31.423588
          ],
          [
            -64.17388,
            -31.423447
          ],
          [
            -64.174027,
            -31.423307
          ],
          [
            -64.174115,
            -31.423319
          ],
          [
            -64.174169,
            -31.423343
          ],
          [
            -64.174289,
            -31.4234
          ],
          [
            -64.174319,
            -31.423444
          ],
          [
            -64.174324,
            -31.423452
          ],
          [
            -64.174405,
            -31.423543
          ],
          [
            -64.174516,
            -31.423642
          ],
          [
            -64.174679,
            -31.423753
          ],
          [
            -64.17483,
            -31.423817
          ],
          [
            -64.174913,
            -31.423852
          ],
          [
            -64.175,
            -31.423871
          ],
          [
            -64.175044,
            -31.423879
          ],
          [
            -64.175097,
            -31.423881
          ],
          [
            -64.175136,
            -31.42388
          ],
          [
            -64.175179,
            -31.423878
          ],
          [
            -64.175252,
            -31.423859
          ],
          [
            -64.175305,
            -31.423832
          ],
          [
            -64.175349,
            -31.423796
          ],
          [
            -64.175385,
            -31.423753
          ],
          [
            -64.175452,
            -31.423658
          ],
          [
            -64.175523,
            -31.423557
          ],
          [
            -64.175624,
            -31.423485
          ],
          [
            -64.175668,
            -31.423462
          ],
          [
            -64.175739,
            -31.423432
          ],
          [
            -64.175788,
            -31.423418
          ],
          [
            -64.175825,
            -31.423407
          ],
          [
            -64.176026,
            -31.423351
          ],
          [
            -64.176285,
            -31.423288
          ],
          [
            -64.176398,
            -31.423265
          ],
          [
            -64.176516,
            -31.423243
          ],
          [
            -64.176741,
            -31.423226
          ],
          [
            -64.177859,
            -31.422944
          ],
          [
            -64.179313,
            -31.422566
          ],
          [
            -64.180685,
            -31.422206
          ],
          [
            -64.181908,
            -31.421886
          ],
          [
            -64.181933,
            -31.42188
          ],
          [
            -64.182055,
            -31.421848
          ],
          [
            -64.183332,
            -31.421513
          ],
          [
            -64.183646,
            -31.421431
          ],
          [
            -64.184303,
            -31.421259
          ],
          [
            -64.184705,
            -31.421154
          ],
          [
            -64.186053,
            -31.420801
          ],
          [
            -64.186264,
            -31.420749
          ],
          [
            -64.187394,
            -31.420469
          ],
          [
            -64.187439,
            -31.420456
          ],
          [
            -64.187877,
            -31.420332
          ],
          [
            -64.188038,
            -31.420286
          ],
          [
            -64.188169,
            -31.420245
          ],
          [
            -64.188208,
            -31.420233
          ],
          [
            -64.188297,
            -31.420206
          ],
          [
            -64.188431,
            -31.42015
          ],
          [
            -64.188553,
            -31.4201
          ],
          [
            -64.188617,
            -31.420073
          ],
          [
            -64.188664,
            -31.420053
          ],
          [
            -64.188709,
            -31.420032
          ],
          [
            -64.188708,
            -31.420086
          ],
          [
            -64.188709,
            -31.420103
          ]
        ]
      }
    },
    {
      "type": "Feature",
      "id": "route-cordoba-2026-08-29-v3-03",
      "properties": {
        "truckId": "vehicle-03",
        "waypointDistancesKm": [
          0,
          0.8262999378678283,
          4.100716667457719,
          4.9027964924962335,
          6.643611162946976,
          8.08479208310875,
          14.13074316300032,
          14.737155586927138,
          25.416739482861114
        ]
      },
      "geometry": {
        "type": "LineString",
        "coordinates": [
          [
            -64.188709,
            -31.420109
          ],
          [
            -64.18871,
            -31.420127
          ],
          [
            -64.188717,
            -31.420178
          ],
          [
            -64.188727,
            -31.42023
          ],
          [
            -64.188737,
            -31.420284
          ],
          [
            -64.188734,
            -31.420338
          ],
          [
            -64.188686,
            -31.420476
          ],
          [
            -64.188614,
            -31.420637
          ],
          [
            -64.188602,
            -31.420666
          ],
          [
            -64.188216,
            -31.421509
          ],
          [
            -64.188139,
            -31.421536
          ],
          [
            -64.187971,
            -31.421596
          ],
          [
            -64.187883,
            -31.421621
          ],
          [
            -64.186582,
            -31.422025
          ],
          [
            -64.185253,
            -31.422438
          ],
          [
            -64.185197,
            -31.422455
          ],
          [
            -64.183898,
            -31.422858
          ],
          [
            -64.184402,
            -31.424036
          ],
          [
            -64.184414,
            -31.424065
          ],
          [
            -64.184709,
            -31.42476
          ],
          [
            -64.184881,
            -31.425165
          ],
          [
            -64.185395,
            -31.426354
          ],
          [
            -64.185595,
            -31.426811
          ],
          [
            -64.185638,
            -31.426928
          ],
          [
            -64.185591,
            -31.427033
          ],
          [
            -64.185475,
            -31.427292
          ],
          [
            -64.185452,
            -31.42734
          ],
          [
            -64.185317,
            -31.427621
          ],
          [
            -64.185278,
            -31.427701
          ],
          [
            -64.185251,
            -31.427773
          ],
          [
            -64.18524,
            -31.427801
          ],
          [
            -64.185211,
            -31.427886
          ],
          [
            -64.185203,
            -31.42792
          ],
          [
            -64.185197,
            -31.427969
          ],
          [
            -64.185195,
            -31.427999
          ],
          [
            -64.185198,
            -31.42802
          ],
          [
            -64.185201,
            -31.428042
          ],
          [
            -64.185215,
            -31.428094
          ],
          [
            -64.18523,
            -31.428147
          ],
          [
            -64.185282,
            -31.428181
          ],
          [
            -64.18533,
            -31.428221
          ],
          [
            -64.185372,
            -31.428265
          ],
          [
            -64.185414,
            -31.42832
          ],
          [
            -64.185448,
            -31.42838
          ],
          [
            -64.185473,
            -31.428443
          ],
          [
            -64.185488,
            -31.428508
          ],
          [
            -64.185494,
            -31.428577
          ],
          [
            -64.185489,
            -31.428647
          ],
          [
            -64.185473,
            -31.428715
          ],
          [
            -64.185452,
            -31.428769
          ],
          [
            -64.185425,
            -31.42882
          ],
          [
            -64.185392,
            -31.428868
          ],
          [
            -64.185374,
            -31.42889
          ],
          [
            -64.185353,
            -31.428914
          ],
          [
            -64.18529,
            -31.42897
          ],
          [
            -64.185242,
            -31.429003
          ],
          [
            -64.185187,
            -31.429034
          ],
          [
            -64.185128,
            -31.429059
          ],
          [
            -64.185067,
            -31.429079
          ],
          [
            -64.185004,
            -31.429094
          ],
          [
            -64.184939,
            -31.429102
          ],
          [
            -64.184873,
            -31.429105
          ],
          [
            -64.18483,
            -31.429103
          ],
          [
            -64.184758,
            -31.429095
          ],
          [
            -64.184688,
            -31.42908
          ],
          [
            -64.18462,
            -31.429055
          ],
          [
            -64.184557,
            -31.429028
          ],
          [
            -64.184479,
            -31.428983
          ],
          [
            -64.184455,
            -31.428963
          ],
          [
            -64.184435,
            -31.428946
          ],
          [
            -64.184419,
            -31.428931
          ],
          [
            -64.184363,
            -31.428928
          ],
          [
            -64.184253,
            -31.428923
          ],
          [
            -64.184208,
            -31.42892
          ],
          [
            -64.184162,
            -31.428916
          ],
          [
            -64.184097,
            -31.428914
          ],
          [
            -64.184004,
            -31.428911
          ],
          [
            -64.183927,
            -31.428913
          ],
          [
            -64.183864,
            -31.428916
          ],
          [
            -64.183711,
            -31.428936
          ],
          [
            -64.183639,
            -31.428944
          ],
          [
            -64.183507,
            -31.428957
          ],
          [
            -64.183383,
            -31.428974
          ],
          [
            -64.183269,
            -31.428993
          ],
          [
            -64.183175,
            -31.429012
          ],
          [
            -64.183069,
            -31.429035
          ],
          [
            -64.18294,
            -31.429071
          ],
          [
            -64.182833,
            -31.4291
          ],
          [
            -64.182725,
            -31.42914
          ],
          [
            -64.182592,
            -31.429191
          ],
          [
            -64.182491,
            -31.429238
          ],
          [
            -64.182377,
            -31.429312
          ],
          [
            -64.182195,
            -31.429436
          ],
          [
            -64.181951,
            -31.429592
          ],
          [
            -64.181533,
            -31.429848
          ],
          [
            -64.181431,
            -31.429908
          ],
          [
            -64.181276,
            -31.429997
          ],
          [
            -64.181188,
            -31.430046
          ],
          [
            -64.181172,
            -31.430068
          ],
          [
            -64.18115,
            -31.430085
          ],
          [
            -64.18117,
            -31.430154
          ],
          [
            -64.18141,
            -31.430423
          ],
          [
            -64.181495,
            -31.430531
          ],
          [
            -64.181555,
            -31.430629
          ],
          [
            -64.181593,
            -31.430708
          ],
          [
            -64.181607,
            -31.430751
          ],
          [
            -64.181642,
            -31.430859
          ],
          [
            -64.181661,
            -31.430952
          ],
          [
            -64.181661,
            -31.430971
          ],
          [
            -64.18166,
            -31.43104
          ],
          [
            -64.181639,
            -31.431129
          ],
          [
            -64.181621,
            -31.43119
          ],
          [
            -64.181576,
            -31.431335
          ],
          [
            -64.181528,
            -31.43147
          ],
          [
            -64.181455,
            -31.431636
          ],
          [
            -64.181403,
            -31.431722
          ],
          [
            -64.181278,
            -31.431878
          ],
          [
            -64.181169,
            -31.43198
          ],
          [
            -64.18102,
            -31.432087
          ],
          [
            -64.180879,
            -31.432183
          ],
          [
            -64.180626,
            -31.432314
          ],
          [
            -64.180447,
            -31.432389
          ],
          [
            -64.18024,
            -31.43247
          ],
          [
            -64.180053,
            -31.43253
          ],
          [
            -64.17994,
            -31.432563
          ],
          [
            -64.179282,
            -31.432706
          ],
          [
            -64.179092,
            -31.432741
          ],
          [
            -64.178896,
            -31.432771
          ],
          [
            -64.178703,
            -31.43279
          ],
          [
            -64.178303,
            -31.432803
          ],
          [
            -64.178034,
            -31.432803
          ],
          [
            -64.177837,
            -31.43279
          ],
          [
            -64.177509,
            -31.432761
          ],
          [
            -64.177179,
            -31.432748
          ],
          [
            -64.176902,
            -31.432756
          ],
          [
            -64.176674,
            -31.432783
          ],
          [
            -64.176393,
            -31.432837
          ],
          [
            -64.176225,
            -31.432876
          ],
          [
            -64.175955,
            -31.432965
          ],
          [
            -64.175693,
            -31.433072
          ],
          [
            -64.175584,
            -31.433129
          ],
          [
            -64.175369,
            -31.433255
          ],
          [
            -64.175299,
            -31.433293
          ],
          [
            -64.175251,
            -31.433318
          ],
          [
            -64.175055,
            -31.433417
          ],
          [
            -64.174878,
            -31.433526
          ],
          [
            -64.174695,
            -31.433651
          ],
          [
            -64.174401,
            -31.433829
          ],
          [
            -64.174133,
            -31.433983
          ],
          [
            -64.17399,
            -31.434052
          ],
          [
            -64.173858,
            -31.434098
          ],
          [
            -64.173688,
            -31.43414
          ],
          [
            -64.173532,
            -31.434167
          ],
          [
            -64.173352,
            -31.434189
          ],
          [
            -64.17321,
            -31.434192
          ],
          [
            -64.173055,
            -31.434181
          ],
          [
            -64.172943,
            -31.43416
          ],
          [
            -64.172754,
            -31.434117
          ],
          [
            -64.1726,
            -31.434071
          ],
          [
            -64.172488,
            -31.434025
          ],
          [
            -64.172393,
            -31.43398
          ],
          [
            -64.172267,
            -31.43391
          ],
          [
            -64.172176,
            -31.433844
          ],
          [
            -64.172059,
            -31.433743
          ],
          [
            -64.171963,
            -31.433643
          ],
          [
            -64.171895,
            -31.43356
          ],
          [
            -64.171834,
            -31.433461
          ],
          [
            -64.171794,
            -31.433387
          ],
          [
            -64.171711,
            -31.43319
          ],
          [
            -64.171629,
            -31.432906
          ],
          [
            -64.171587,
            -31.432711
          ],
          [
            -64.17156,
            -31.432495
          ],
          [
            -64.171551,
            -31.432268
          ],
          [
            -64.171557,
            -31.43208
          ],
          [
            -64.171575,
            -31.431969
          ],
          [
            -64.171585,
            -31.431879
          ],
          [
            -64.17156,
            -31.431871
          ],
          [
            -64.171538,
            -31.431858
          ],
          [
            -64.171448,
            -31.431831
          ],
          [
            -64.171389,
            -31.431833
          ],
          [
            -64.17122,
            -31.431861
          ],
          [
            -64.170619,
            -31.431964
          ],
          [
            -64.170343,
            -31.432004
          ],
          [
            -64.170239,
            -31.432034
          ],
          [
            -64.17015,
            -31.43207
          ],
          [
            -64.170085,
            -31.43211
          ],
          [
            -64.169989,
            -31.432197
          ],
          [
            -64.169959,
            -31.432249
          ],
          [
            -64.169917,
            -31.432276
          ],
          [
            -64.169883,
            -31.432294
          ],
          [
            -64.169846,
            -31.432309
          ],
          [
            -64.169811,
            -31.432318
          ],
          [
            -64.169773,
            -31.432318
          ],
          [
            -64.169736,
            -31.432305
          ],
          [
            -64.169697,
            -31.432287
          ],
          [
            -64.169658,
            -31.432259
          ],
          [
            -64.169625,
            -31.432215
          ],
          [
            -64.169602,
            -31.432166
          ],
          [
            -64.169592,
            -31.4321
          ],
          [
            -64.169581,
            -31.43203
          ],
          [
            -64.169575,
            -31.431958
          ],
          [
            -64.169578,
            -31.431876
          ],
          [
            -64.16959,
            -31.431817
          ],
          [
            -64.16961,
            -31.431746
          ],
          [
            -64.169628,
            -31.431697
          ],
          [
            -64.169647,
            -31.43166
          ],
          [
            -64.169685,
            -31.431603
          ],
          [
            -64.169705,
            -31.431583
          ],
          [
            -64.169725,
            -31.431563
          ],
          [
            -64.169782,
            -31.431394
          ],
          [
            -64.169791,
            -31.431356
          ],
          [
            -64.1698,
            -31.4313
          ],
          [
            -64.169835,
            -31.430669
          ],
          [
            -64.169835,
            -31.430595
          ],
          [
            -64.169833,
            -31.430515
          ],
          [
            -64.169824,
            -31.430468
          ],
          [
            -64.169799,
            -31.430385
          ],
          [
            -64.169773,
            -31.430324
          ],
          [
            -64.169754,
            -31.430271
          ],
          [
            -64.169743,
            -31.430212
          ],
          [
            -64.169738,
            -31.430153
          ],
          [
            -64.169757,
            -31.429927
          ],
          [
            -64.169758,
            -31.429857
          ],
          [
            -64.169754,
            -31.429798
          ],
          [
            -64.169721,
            -31.42955
          ],
          [
            -64.169684,
            -31.429259
          ],
          [
            -64.169657,
            -31.429079
          ],
          [
            -64.169657,
            -31.429073
          ],
          [
            -64.169608,
            -31.428731
          ],
          [
            -64.169602,
            -31.428698
          ],
          [
            -64.169524,
            -31.428284
          ],
          [
            -64.169275,
            -31.42832
          ],
          [
            -64.168762,
            -31.42839
          ],
          [
            -64.168652,
            -31.428406
          ],
          [
            -64.16794,
            -31.428503
          ],
          [
            -64.16779,
            -31.428531
          ],
          [
            -64.167803,
            -31.428584
          ],
          [
            -64.167818,
            -31.428613
          ],
          [
            -64.168447,
            -31.429263
          ],
          [
            -64.168541,
            -31.429361
          ],
          [
            -64.168682,
            -31.429508
          ],
          [
            -64.168916,
            -31.429752
          ],
          [
            -64.168992,
            -31.429801
          ],
          [
            -64.169077,
            -31.429817
          ],
          [
            -64.169217,
            -31.429744
          ],
          [
            -64.169258,
            -31.4297
          ],
          [
            -64.169293,
            -31.429654
          ],
          [
            -64.169494,
            -31.42939
          ],
          [
            -64.169564,
            -31.429248
          ],
          [
            -64.169594,
            -31.429188
          ],
          [
            -64.169625,
            -31.429137
          ],
          [
            -64.169657,
            -31.429079
          ],
          [
            -64.169657,
            -31.429073
          ],
          [
            -64.169608,
            -31.428731
          ],
          [
            -64.169602,
            -31.428698
          ],
          [
            -64.169524,
            -31.428284
          ],
          [
            -64.169275,
            -31.42832
          ],
          [
            -64.168762,
            -31.42839
          ],
          [
            -64.168652,
            -31.428406
          ],
          [
            -64.16794,
            -31.428503
          ],
          [
            -64.16779,
            -31.428531
          ],
          [
            -64.167288,
            -31.428605
          ],
          [
            -64.16665,
            -31.428709
          ],
          [
            -64.165543,
            -31.428894
          ],
          [
            -64.166123,
            -31.429704
          ],
          [
            -64.166135,
            -31.429795
          ],
          [
            -64.166174,
            -31.430012
          ],
          [
            -64.166024,
            -31.430037
          ],
          [
            -64.165311,
            -31.430156
          ],
          [
            -64.165432,
            -31.430761
          ],
          [
            -64.16545,
            -31.430819
          ],
          [
            -64.165473,
            -31.430873
          ],
          [
            -64.165639,
            -31.431087
          ],
          [
            -64.166364,
            -31.430964
          ],
          [
            -64.166538,
            -31.430864
          ],
          [
            -64.166593,
            -31.430828
          ],
          [
            -64.166661,
            -31.430771
          ],
          [
            -64.1674,
            -31.430545
          ],
          [
            -64.167483,
            -31.43052
          ],
          [
            -64.167522,
            -31.430591
          ],
          [
            -64.167562,
            -31.430644
          ],
          [
            -64.167664,
            -31.430791
          ],
          [
            -64.16769,
            -31.430836
          ],
          [
            -64.167697,
            -31.430873
          ],
          [
            -64.167707,
            -31.430991
          ],
          [
            -64.167722,
            -31.431044
          ],
          [
            -64.167751,
            -31.431097
          ],
          [
            -64.167795,
            -31.431149
          ],
          [
            -64.167835,
            -31.431189
          ],
          [
            -64.167887,
            -31.431228
          ],
          [
            -64.167962,
            -31.431271
          ],
          [
            -64.168494,
            -31.43148
          ],
          [
            -64.168554,
            -31.431503
          ],
          [
            -64.1686,
            -31.431521
          ],
          [
            -64.168938,
            -31.431653
          ],
          [
            -64.169011,
            -31.431667
          ],
          [
            -64.169093,
            -31.431673
          ],
          [
            -64.169209,
            -31.431672
          ],
          [
            -64.169386,
            -31.431665
          ],
          [
            -64.169477,
            -31.431654
          ],
          [
            -64.169685,
            -31.431603
          ],
          [
            -64.169705,
            -31.431583
          ],
          [
            -64.169725,
            -31.431563
          ],
          [
            -64.169757,
            -31.431547
          ],
          [
            -64.169791,
            -31.431534
          ],
          [
            -64.169828,
            -31.431525
          ],
          [
            -64.169856,
            -31.431521
          ],
          [
            -64.169883,
            -31.431522
          ],
          [
            -64.169928,
            -31.431532
          ],
          [
            -64.169956,
            -31.431542
          ],
          [
            -64.169986,
            -31.431557
          ],
          [
            -64.170007,
            -31.431571
          ],
          [
            -64.170038,
            -31.431595
          ],
          [
            -64.170048,
            -31.43163
          ],
          [
            -64.170055,
            -31.431665
          ],
          [
            -64.170062,
            -31.431716
          ],
          [
            -64.170068,
            -31.43176
          ],
          [
            -64.170072,
            -31.431801
          ],
          [
            -64.170073,
            -31.431856
          ],
          [
            -64.17007,
            -31.431911
          ],
          [
            -64.170065,
            -31.431959
          ],
          [
            -64.170055,
            -31.432008
          ],
          [
            -64.170035,
            -31.432078
          ],
          [
            -64.170012,
            -31.432143
          ],
          [
            -64.169989,
            -31.432197
          ],
          [
            -64.169959,
            -31.432249
          ],
          [
            -64.16992,
            -31.432375
          ],
          [
            -64.169856,
            -31.432581
          ],
          [
            -64.169836,
            -31.432656
          ],
          [
            -64.169819,
            -31.432754
          ],
          [
            -64.169771,
            -31.432973
          ],
          [
            -64.169735,
            -31.4331
          ],
          [
            -64.169687,
            -31.433256
          ],
          [
            -64.169631,
            -31.433412
          ],
          [
            -64.169535,
            -31.433575
          ],
          [
            -64.169507,
            -31.433624
          ],
          [
            -64.169417,
            -31.433786
          ],
          [
            -64.169016,
            -31.434482
          ],
          [
            -64.168962,
            -31.434553
          ],
          [
            -64.168898,
            -31.434625
          ],
          [
            -64.168796,
            -31.434707
          ],
          [
            -64.168794,
            -31.43524
          ],
          [
            -64.168794,
            -31.435513
          ],
          [
            -64.168795,
            -31.436119
          ],
          [
            -64.168795,
            -31.43632
          ],
          [
            -64.168795,
            -31.436813
          ],
          [
            -64.168796,
            -31.437228
          ],
          [
            -64.168796,
            -31.437625
          ],
          [
            -64.168796,
            -31.438123
          ],
          [
            -64.168796,
            -31.43828
          ],
          [
            -64.169203,
            -31.438311
          ],
          [
            -64.169291,
            -31.438481
          ],
          [
            -64.169333,
            -31.438517
          ],
          [
            -64.169496,
            -31.43856
          ],
          [
            -64.169527,
            -31.438627
          ],
          [
            -64.169553,
            -31.438678
          ],
          [
            -64.169643,
            -31.438703
          ],
          [
            -64.17018,
            -31.438754
          ],
          [
            -64.170178,
            -31.439347
          ],
          [
            -64.170189,
            -31.439422
          ],
          [
            -64.170275,
            -31.439524
          ],
          [
            -64.170189,
            -31.439422
          ],
          [
            -64.170178,
            -31.439347
          ],
          [
            -64.170179,
            -31.439116
          ],
          [
            -64.17018,
            -31.438754
          ],
          [
            -64.169643,
            -31.438703
          ],
          [
            -64.169553,
            -31.438678
          ],
          [
            -64.169527,
            -31.438627
          ],
          [
            -64.169496,
            -31.43856
          ],
          [
            -64.169333,
            -31.438517
          ],
          [
            -64.169291,
            -31.438481
          ],
          [
            -64.169203,
            -31.438311
          ],
          [
            -64.168796,
            -31.43828
          ],
          [
            -64.168797,
            -31.438988
          ],
          [
            -64.168798,
            -31.44001
          ],
          [
            -64.168808,
            -31.440406
          ],
          [
            -64.16881,
            -31.440531
          ],
          [
            -64.168808,
            -31.440576
          ],
          [
            -64.168804,
            -31.440648
          ],
          [
            -64.168791,
            -31.441481
          ],
          [
            -64.168785,
            -31.442725
          ],
          [
            -64.168781,
            -31.443533
          ],
          [
            -64.168781,
            -31.443617
          ],
          [
            -64.168781,
            -31.443696
          ],
          [
            -64.168671,
            -31.443698
          ],
          [
            -64.168564,
            -31.443699
          ],
          [
            -64.167894,
            -31.443686
          ],
          [
            -64.167254,
            -31.443681
          ],
          [
            -64.166625,
            -31.443676
          ],
          [
            -64.166293,
            -31.443673
          ],
          [
            -64.1652,
            -31.443663
          ],
          [
            -64.164779,
            -31.443659
          ],
          [
            -64.164097,
            -31.443647
          ],
          [
            -64.163418,
            -31.44364
          ],
          [
            -64.162773,
            -31.443632
          ],
          [
            -64.162775,
            -31.444288
          ],
          [
            -64.162776,
            -31.444696
          ],
          [
            -64.16278,
            -31.445926
          ],
          [
            -64.162784,
            -31.447165
          ],
          [
            -64.162787,
            -31.448107
          ],
          [
            -64.162053,
            -31.448112
          ],
          [
            -64.161344,
            -31.448119
          ],
          [
            -64.160631,
            -31.448126
          ],
          [
            -64.159922,
            -31.448133
          ],
          [
            -64.159173,
            -31.448136
          ],
          [
            -64.158489,
            -31.448144
          ],
          [
            -64.15803,
            -31.448145
          ],
          [
            -64.157887,
            -31.448146
          ],
          [
            -64.156871,
            -31.44815
          ],
          [
            -64.156375,
            -31.448151
          ],
          [
            -64.154966,
            -31.448156
          ],
          [
            -64.153783,
            -31.448145
          ],
          [
            -64.152593,
            -31.448133
          ],
          [
            -64.152123,
            -31.448128
          ],
          [
            -64.151965,
            -31.44813
          ],
          [
            -64.15184,
            -31.448125
          ],
          [
            -64.151082,
            -31.448133
          ],
          [
            -64.150419,
            -31.44814
          ],
          [
            -64.14976,
            -31.448146
          ],
          [
            -64.149092,
            -31.448153
          ],
          [
            -64.14846,
            -31.448161
          ],
          [
            -64.148453,
            -31.448389
          ],
          [
            -64.148427,
            -31.449786
          ],
          [
            -64.148414,
            -31.450197
          ],
          [
            -64.148398,
            -31.450648
          ],
          [
            -64.148398,
            -31.450711
          ],
          [
            -64.148388,
            -31.451158
          ],
          [
            -64.148369,
            -31.451797
          ],
          [
            -64.148337,
            -31.453057
          ],
          [
            -64.148335,
            -31.453158
          ],
          [
            -64.148321,
            -31.453592
          ],
          [
            -64.148286,
            -31.454898
          ],
          [
            -64.148272,
            -31.455377
          ],
          [
            -64.148237,
            -31.456124
          ],
          [
            -64.148215,
            -31.456595
          ],
          [
            -64.148205,
            -31.456672
          ],
          [
            -64.148191,
            -31.45672
          ],
          [
            -64.148155,
            -31.456761
          ],
          [
            -64.148138,
            -31.456856
          ],
          [
            -64.148127,
            -31.456988
          ],
          [
            -64.148082,
            -31.457957
          ],
          [
            -64.148104,
            -31.458161
          ],
          [
            -64.148101,
            -31.458322
          ],
          [
            -64.148106,
            -31.458434
          ],
          [
            -64.148118,
            -31.458541
          ],
          [
            -64.148137,
            -31.458643
          ],
          [
            -64.148168,
            -31.458754
          ],
          [
            -64.148203,
            -31.458861
          ],
          [
            -64.148247,
            -31.458968
          ],
          [
            -64.148329,
            -31.459124
          ],
          [
            -64.148459,
            -31.459351
          ],
          [
            -64.148526,
            -31.459432
          ],
          [
            -64.14859,
            -31.459539
          ],
          [
            -64.148647,
            -31.459661
          ],
          [
            -64.148686,
            -31.459772
          ],
          [
            -64.148703,
            -31.459859
          ],
          [
            -64.148709,
            -31.459938
          ],
          [
            -64.148707,
            -31.460021
          ],
          [
            -64.148695,
            -31.460094
          ],
          [
            -64.148672,
            -31.460165
          ],
          [
            -64.148635,
            -31.460244
          ],
          [
            -64.148568,
            -31.460354
          ],
          [
            -64.148514,
            -31.460429
          ],
          [
            -64.148447,
            -31.4605
          ],
          [
            -64.148376,
            -31.460559
          ],
          [
            -64.148284,
            -31.460613
          ],
          [
            -64.148203,
            -31.460655
          ],
          [
            -64.148121,
            -31.460686
          ],
          [
            -64.148025,
            -31.460713
          ],
          [
            -64.147931,
            -31.460728
          ],
          [
            -64.147871,
            -31.460731
          ],
          [
            -64.147757,
            -31.460769
          ],
          [
            -64.147652,
            -31.46081
          ],
          [
            -64.147587,
            -31.460842
          ],
          [
            -64.147532,
            -31.460877
          ],
          [
            -64.147489,
            -31.460917
          ],
          [
            -64.147453,
            -31.460959
          ],
          [
            -64.147427,
            -31.460998
          ],
          [
            -64.147405,
            -31.461043
          ],
          [
            -64.147393,
            -31.46109
          ],
          [
            -64.147389,
            -31.461129
          ],
          [
            -64.147395,
            -31.461168
          ],
          [
            -64.147407,
            -31.461202
          ],
          [
            -64.147428,
            -31.461235
          ],
          [
            -64.147453,
            -31.461261
          ],
          [
            -64.147487,
            -31.461287
          ],
          [
            -64.147553,
            -31.461325
          ],
          [
            -64.147594,
            -31.461341
          ],
          [
            -64.14763,
            -31.461362
          ],
          [
            -64.147662,
            -31.461388
          ],
          [
            -64.147688,
            -31.461418
          ],
          [
            -64.147705,
            -31.461447
          ],
          [
            -64.147717,
            -31.461477
          ],
          [
            -64.147724,
            -31.461509
          ],
          [
            -64.147725,
            -31.461541
          ],
          [
            -64.147721,
            -31.461572
          ],
          [
            -64.147711,
            -31.461603
          ],
          [
            -64.147702,
            -31.461628
          ],
          [
            -64.147681,
            -31.461655
          ],
          [
            -64.147663,
            -31.461675
          ],
          [
            -64.147665,
            -31.461788
          ],
          [
            -64.147671,
            -31.461862
          ],
          [
            -64.147693,
            -31.461946
          ],
          [
            -64.147716,
            -31.462009
          ],
          [
            -64.147745,
            -31.46209
          ],
          [
            -64.147859,
            -31.462363
          ],
          [
            -64.147903,
            -31.4625
          ],
          [
            -64.147934,
            -31.462654
          ],
          [
            -64.147949,
            -31.462775
          ],
          [
            -64.147962,
            -31.462909
          ],
          [
            -64.147966,
            -31.463101
          ],
          [
            -64.147966,
            -31.463294
          ],
          [
            -64.147967,
            -31.463554
          ],
          [
            -64.147964,
            -31.464266
          ],
          [
            -64.147962,
            -31.464689
          ],
          [
            -64.147949,
            -31.465956
          ],
          [
            -64.147947,
            -31.46717
          ],
          [
            -64.147942,
            -31.467464
          ],
          [
            -64.147937,
            -31.467901
          ],
          [
            -64.147935,
            -31.468193
          ],
          [
            -64.147933,
            -31.468353
          ],
          [
            -64.147929,
            -31.468717
          ],
          [
            -64.147921,
            -31.469353
          ],
          [
            -64.147933,
            -31.469565
          ],
          [
            -64.147921,
            -31.46961
          ],
          [
            -64.14789,
            -31.469661
          ],
          [
            -64.147853,
            -31.469722
          ],
          [
            -64.147808,
            -31.469807
          ],
          [
            -64.147833,
            -31.469867
          ],
          [
            -64.147834,
            -31.469932
          ],
          [
            -64.14781,
            -31.469993
          ],
          [
            -64.147791,
            -31.470014
          ],
          [
            -64.147841,
            -31.470163
          ],
          [
            -64.147855,
            -31.470187
          ],
          [
            -64.147909,
            -31.470282
          ],
          [
            -64.147928,
            -31.470373
          ],
          [
            -64.147903,
            -31.470441
          ],
          [
            -64.147901,
            -31.470549
          ],
          [
            -64.147898,
            -31.47065
          ],
          [
            -64.147893,
            -31.470968
          ],
          [
            -64.14789,
            -31.47135
          ],
          [
            -64.147878,
            -31.471905
          ],
          [
            -64.14787,
            -31.472373
          ],
          [
            -64.147858,
            -31.473187
          ],
          [
            -64.147858,
            -31.473413
          ],
          [
            -64.147857,
            -31.473489
          ],
          [
            -64.14785,
            -31.474335
          ],
          [
            -64.147845,
            -31.474948
          ],
          [
            -64.147834,
            -31.475497
          ],
          [
            -64.147671,
            -31.475498
          ],
          [
            -64.146452,
            -31.475502
          ],
          [
            -64.145367,
            -31.475506
          ],
          [
            -64.144621,
            -31.475515
          ],
          [
            -64.143885,
            -31.475505
          ],
          [
            -64.143079,
            -31.475518
          ],
          [
            -64.141755,
            -31.475524
          ],
          [
            -64.140735,
            -31.475532
          ],
          [
            -64.139989,
            -31.475533
          ],
          [
            -64.13922,
            -31.475539
          ],
          [
            -64.138442,
            -31.47555
          ],
          [
            -64.137668,
            -31.475564
          ],
          [
            -64.137708,
            -31.476941
          ],
          [
            -64.137713,
            -31.477111
          ],
          [
            -64.137713,
            -31.477235
          ],
          [
            -64.137717,
            -31.479109
          ],
          [
            -64.136945,
            -31.479116
          ],
          [
            -64.136188,
            -31.479122
          ],
          [
            -64.136204,
            -31.480822
          ],
          [
            -64.136534,
            -31.48082
          ],
          [
            -64.13695,
            -31.480817
          ],
          [
            -64.137722,
            -31.480811
          ],
          [
            -64.138518,
            -31.480805
          ],
          [
            -64.139272,
            -31.4808
          ],
          [
            -64.140024,
            -31.480794
          ],
          [
            -64.140812,
            -31.480789
          ],
          [
            -64.141556,
            -31.480783
          ],
          [
            -64.14228,
            -31.480778
          ],
          [
            -64.143111,
            -31.480772
          ],
          [
            -64.143891,
            -31.480766
          ],
          [
            -64.144674,
            -31.480759
          ],
          [
            -64.145411,
            -31.480755
          ],
          [
            -64.146195,
            -31.480749
          ],
          [
            -64.146988,
            -31.480744
          ],
          [
            -64.147765,
            -31.480725
          ],
          [
            -64.147773,
            -31.480201
          ],
          [
            -64.147776,
            -31.479043
          ],
          [
            -64.14778,
            -31.478525
          ],
          [
            -64.147795,
            -31.477788
          ],
          [
            -64.14781,
            -31.477189
          ],
          [
            -64.147813,
            -31.477052
          ],
          [
            -64.147831,
            -31.475909
          ],
          [
            -64.147834,
            -31.475497
          ],
          [
            -64.147845,
            -31.474948
          ],
          [
            -64.14785,
            -31.474335
          ],
          [
            -64.147857,
            -31.473489
          ],
          [
            -64.147858,
            -31.473413
          ],
          [
            -64.147858,
            -31.473187
          ],
          [
            -64.14787,
            -31.472373
          ],
          [
            -64.147878,
            -31.471905
          ],
          [
            -64.14789,
            -31.47135
          ],
          [
            -64.147893,
            -31.470968
          ],
          [
            -64.147898,
            -31.47065
          ],
          [
            -64.147901,
            -31.470549
          ],
          [
            -64.147903,
            -31.470441
          ],
          [
            -64.147823,
            -31.470239
          ],
          [
            -64.147777,
            -31.470187
          ],
          [
            -64.147714,
            -31.470134
          ],
          [
            -64.147627,
            -31.470096
          ],
          [
            -64.147561,
            -31.470092
          ],
          [
            -64.147499,
            -31.470073
          ],
          [
            -64.147485,
            -31.470063
          ],
          [
            -64.147446,
            -31.470039
          ],
          [
            -64.147407,
            -31.469993
          ],
          [
            -64.147385,
            -31.46994
          ],
          [
            -64.147381,
            -31.469884
          ],
          [
            -64.147397,
            -31.469829
          ],
          [
            -64.147442,
            -31.469768
          ],
          [
            -64.147511,
            -31.469726
          ],
          [
            -64.147604,
            -31.469707
          ],
          [
            -64.147698,
            -31.469723
          ],
          [
            -64.147834,
            -31.469617
          ],
          [
            -64.147898,
            -31.469496
          ],
          [
            -64.147921,
            -31.469353
          ],
          [
            -64.147929,
            -31.468717
          ],
          [
            -64.147933,
            -31.468353
          ],
          [
            -64.147935,
            -31.468193
          ],
          [
            -64.147937,
            -31.467901
          ],
          [
            -64.147942,
            -31.467464
          ],
          [
            -64.147873,
            -31.46717
          ],
          [
            -64.147853,
            -31.467032
          ],
          [
            -64.147848,
            -31.466978
          ],
          [
            -64.147864,
            -31.465956
          ],
          [
            -64.14788,
            -31.464689
          ],
          [
            -64.147881,
            -31.463453
          ],
          [
            -64.147881,
            -31.463137
          ],
          [
            -64.147864,
            -31.462779
          ],
          [
            -64.147839,
            -31.462628
          ],
          [
            -64.147798,
            -31.462497
          ],
          [
            -64.147611,
            -31.461986
          ],
          [
            -64.147586,
            -31.461935
          ],
          [
            -64.147552,
            -31.461884
          ],
          [
            -64.147513,
            -31.461834
          ],
          [
            -64.147429,
            -31.461749
          ],
          [
            -64.147391,
            -31.461742
          ],
          [
            -64.147355,
            -31.46173
          ],
          [
            -64.147321,
            -31.461713
          ],
          [
            -64.147291,
            -31.461692
          ],
          [
            -64.147265,
            -31.461668
          ],
          [
            -64.147243,
            -31.46164
          ],
          [
            -64.147227,
            -31.46161
          ],
          [
            -64.147216,
            -31.461578
          ],
          [
            -64.147211,
            -31.461545
          ],
          [
            -64.147211,
            -31.461512
          ],
          [
            -64.147218,
            -31.46148
          ],
          [
            -64.14723,
            -31.461448
          ],
          [
            -64.147257,
            -31.461312
          ],
          [
            -64.147259,
            -31.461234
          ],
          [
            -64.147254,
            -31.461155
          ],
          [
            -64.147241,
            -31.461088
          ],
          [
            -64.147221,
            -31.461025
          ],
          [
            -64.147191,
            -31.46095
          ],
          [
            -64.147156,
            -31.460868
          ],
          [
            -64.147115,
            -31.460787
          ],
          [
            -64.147075,
            -31.460721
          ],
          [
            -64.147033,
            -31.460662
          ],
          [
            -64.146988,
            -31.460602
          ],
          [
            -64.146942,
            -31.460541
          ],
          [
            -64.146879,
            -31.46047
          ],
          [
            -64.146756,
            -31.460326
          ],
          [
            -64.146711,
            -31.46029
          ],
          [
            -64.146526,
            -31.460114
          ],
          [
            -64.146399,
            -31.459933
          ],
          [
            -64.146322,
            -31.459796
          ],
          [
            -64.146256,
            -31.459646
          ],
          [
            -64.146246,
            -31.459607
          ],
          [
            -64.146236,
            -31.459529
          ],
          [
            -64.146235,
            -31.45946
          ],
          [
            -64.146247,
            -31.459382
          ],
          [
            -64.146265,
            -31.459306
          ],
          [
            -64.146291,
            -31.459224
          ],
          [
            -64.146331,
            -31.459138
          ],
          [
            -64.146374,
            -31.459065
          ],
          [
            -64.146423,
            -31.458999
          ],
          [
            -64.146476,
            -31.458943
          ],
          [
            -64.146536,
            -31.458892
          ],
          [
            -64.146602,
            -31.458845
          ],
          [
            -64.146681,
            -31.4588
          ],
          [
            -64.146769,
            -31.45876
          ],
          [
            -64.146858,
            -31.458734
          ],
          [
            -64.146948,
            -31.458714
          ],
          [
            -64.147044,
            -31.458701
          ],
          [
            -64.147161,
            -31.458697
          ],
          [
            -64.147303,
            -31.458705
          ],
          [
            -64.147359,
            -31.458716
          ],
          [
            -64.147604,
            -31.458693
          ],
          [
            -64.147703,
            -31.458672
          ],
          [
            -64.147802,
            -31.458631
          ],
          [
            -64.147878,
            -31.45858
          ],
          [
            -64.147926,
            -31.458527
          ],
          [
            -64.147972,
            -31.458466
          ],
          [
            -64.148005,
            -31.458402
          ],
          [
            -64.148025,
            -31.458333
          ],
          [
            -64.148037,
            -31.458247
          ],
          [
            -64.148043,
            -31.458162
          ],
          [
            -64.148082,
            -31.457957
          ],
          [
            -64.148127,
            -31.456988
          ],
          [
            -64.148138,
            -31.456856
          ],
          [
            -64.148155,
            -31.456761
          ],
          [
            -64.148126,
            -31.456596
          ],
          [
            -64.148144,
            -31.456124
          ],
          [
            -64.148179,
            -31.454893
          ],
          [
            -64.148212,
            -31.453588
          ],
          [
            -64.148228,
            -31.453155
          ],
          [
            -64.148231,
            -31.453054
          ],
          [
            -64.148237,
            -31.452908
          ],
          [
            -64.148244,
            -31.452713
          ],
          [
            -64.148263,
            -31.452213
          ],
          [
            -64.148279,
            -31.451793
          ],
          [
            -64.148301,
            -31.450646
          ],
          [
            -64.148313,
            -31.450195
          ],
          [
            -64.148318,
            -31.449783
          ],
          [
            -64.148357,
            -31.448387
          ],
          [
            -64.148361,
            -31.448161
          ],
          [
            -64.148365,
            -31.447317
          ],
          [
            -64.148368,
            -31.44682
          ],
          [
            -64.148368,
            -31.446462
          ],
          [
            -64.148371,
            -31.44632
          ],
          [
            -64.148371,
            -31.446088
          ],
          [
            -64.14837,
            -31.445875
          ],
          [
            -64.148371,
            -31.445818
          ],
          [
            -64.148384,
            -31.445384
          ],
          [
            -64.148389,
            -31.445267
          ],
          [
            -64.148434,
            -31.443965
          ],
          [
            -64.148437,
            -31.443856
          ],
          [
            -64.148445,
            -31.443413
          ],
          [
            -64.148487,
            -31.442035
          ],
          [
            -64.148569,
            -31.441993
          ],
          [
            -64.148712,
            -31.441939
          ],
          [
            -64.149038,
            -31.441816
          ],
          [
            -64.149104,
            -31.441791
          ],
          [
            -64.149153,
            -31.441773
          ],
          [
            -64.149202,
            -31.441755
          ],
          [
            -64.149245,
            -31.441739
          ],
          [
            -64.149522,
            -31.441638
          ],
          [
            -64.149608,
            -31.441605
          ],
          [
            -64.150304,
            -31.441385
          ],
          [
            -64.15073,
            -31.441264
          ],
          [
            -64.151225,
            -31.441129
          ],
          [
            -64.151765,
            -31.440994
          ],
          [
            -64.152475,
            -31.440854
          ],
          [
            -64.153103,
            -31.440756
          ],
          [
            -64.153795,
            -31.440669
          ],
          [
            -64.154545,
            -31.440593
          ],
          [
            -64.155106,
            -31.440554
          ],
          [
            -64.155494,
            -31.440534
          ],
          [
            -64.156908,
            -31.440534
          ],
          [
            -64.159176,
            -31.44054
          ],
          [
            -64.15974,
            -31.44054
          ],
          [
            -64.160654,
            -31.440541
          ],
          [
            -64.160691,
            -31.440509
          ],
          [
            -64.160811,
            -31.44045
          ],
          [
            -64.160849,
            -31.440421
          ],
          [
            -64.160866,
            -31.440396
          ],
          [
            -64.160892,
            -31.440361
          ],
          [
            -64.160928,
            -31.440278
          ],
          [
            -64.160963,
            -31.440219
          ],
          [
            -64.161255,
            -31.439872
          ],
          [
            -64.161342,
            -31.439781
          ],
          [
            -64.161401,
            -31.439732
          ],
          [
            -64.161714,
            -31.439487
          ],
          [
            -64.161936,
            -31.439327
          ],
          [
            -64.162954,
            -31.438648
          ],
          [
            -64.163015,
            -31.438607
          ],
          [
            -64.163438,
            -31.438325
          ],
          [
            -64.163795,
            -31.438083
          ],
          [
            -64.163923,
            -31.438002
          ],
          [
            -64.163931,
            -31.437129
          ],
          [
            -64.163929,
            -31.436156
          ],
          [
            -64.163928,
            -31.435249
          ],
          [
            -64.163927,
            -31.434348
          ],
          [
            -64.163925,
            -31.433421
          ],
          [
            -64.163924,
            -31.43252
          ],
          [
            -64.163923,
            -31.431896
          ],
          [
            -64.163923,
            -31.431815
          ],
          [
            -64.163898,
            -31.431656
          ],
          [
            -64.164122,
            -31.43154
          ],
          [
            -64.164282,
            -31.43147
          ],
          [
            -64.164505,
            -31.431378
          ],
          [
            -64.164719,
            -31.431294
          ],
          [
            -64.165003,
            -31.431213
          ],
          [
            -64.165169,
            -31.431172
          ],
          [
            -64.165356,
            -31.431132
          ],
          [
            -64.165639,
            -31.431087
          ],
          [
            -64.166364,
            -31.430964
          ],
          [
            -64.166859,
            -31.430856
          ],
          [
            -64.167016,
            -31.430815
          ],
          [
            -64.167219,
            -31.430756
          ],
          [
            -64.167464,
            -31.430679
          ],
          [
            -64.167562,
            -31.430644
          ],
          [
            -64.167723,
            -31.430581
          ],
          [
            -64.167823,
            -31.430541
          ],
          [
            -64.168149,
            -31.430396
          ],
          [
            -64.169074,
            -31.429933
          ],
          [
            -64.16941,
            -31.429766
          ],
          [
            -64.169499,
            -31.429715
          ],
          [
            -64.169571,
            -31.429668
          ],
          [
            -64.169949,
            -31.429393
          ],
          [
            -64.170085,
            -31.42927
          ],
          [
            -64.170208,
            -31.429155
          ],
          [
            -64.170661,
            -31.428681
          ],
          [
            -64.171112,
            -31.428201
          ],
          [
            -64.171415,
            -31.427895
          ],
          [
            -64.171577,
            -31.427733
          ],
          [
            -64.171664,
            -31.427636
          ],
          [
            -64.171768,
            -31.427531
          ],
          [
            -64.171952,
            -31.427347
          ],
          [
            -64.172051,
            -31.427248
          ],
          [
            -64.172232,
            -31.427067
          ],
          [
            -64.172823,
            -31.426481
          ],
          [
            -64.173023,
            -31.426288
          ],
          [
            -64.17363,
            -31.42569
          ],
          [
            -64.173962,
            -31.425359
          ],
          [
            -64.174126,
            -31.425195
          ],
          [
            -64.174333,
            -31.424975
          ],
          [
            -64.17439,
            -31.424913
          ],
          [
            -64.174546,
            -31.424738
          ],
          [
            -64.174613,
            -31.424663
          ],
          [
            -64.174672,
            -31.424607
          ],
          [
            -64.174792,
            -31.424495
          ],
          [
            -64.174942,
            -31.424368
          ],
          [
            -64.174997,
            -31.424309
          ],
          [
            -64.175271,
            -31.424
          ],
          [
            -64.175521,
            -31.42373
          ],
          [
            -64.175607,
            -31.423637
          ],
          [
            -64.175695,
            -31.423568
          ],
          [
            -64.175765,
            -31.423526
          ],
          [
            -64.175856,
            -31.423478
          ],
          [
            -64.175932,
            -31.423446
          ],
          [
            -64.175996,
            -31.423425
          ],
          [
            -64.176361,
            -31.423324
          ],
          [
            -64.176741,
            -31.423226
          ],
          [
            -64.177859,
            -31.422944
          ],
          [
            -64.179313,
            -31.422566
          ],
          [
            -64.180685,
            -31.422206
          ],
          [
            -64.181908,
            -31.421886
          ],
          [
            -64.181933,
            -31.42188
          ],
          [
            -64.182055,
            -31.421848
          ],
          [
            -64.183332,
            -31.421513
          ],
          [
            -64.183646,
            -31.421431
          ],
          [
            -64.184303,
            -31.421259
          ],
          [
            -64.184705,
            -31.421154
          ],
          [
            -64.186053,
            -31.420801
          ],
          [
            -64.186264,
            -31.420749
          ],
          [
            -64.187394,
            -31.420469
          ],
          [
            -64.187439,
            -31.420456
          ],
          [
            -64.187877,
            -31.420332
          ],
          [
            -64.188038,
            -31.420286
          ],
          [
            -64.188169,
            -31.420245
          ],
          [
            -64.188208,
            -31.420233
          ],
          [
            -64.188297,
            -31.420206
          ],
          [
            -64.188431,
            -31.42015
          ],
          [
            -64.188553,
            -31.4201
          ],
          [
            -64.188617,
            -31.420073
          ],
          [
            -64.188664,
            -31.420053
          ],
          [
            -64.188709,
            -31.420032
          ],
          [
            -64.188708,
            -31.420086
          ],
          [
            -64.188709,
            -31.420103
          ]
        ]
      }
    },
    {
      "type": "Feature",
      "id": "route-cordoba-2026-08-29-v3-04",
      "properties": {
        "truckId": "vehicle-04",
        "waypointDistancesKm": [
          0,
          1.8851204291687056,
          3.3554643056121187,
          5.881328838710873,
          6.130960641287521,
          6.549836170661754,
          8.392081316562829,
          11.519077716054813
        ]
      },
      "geometry": {
        "type": "LineString",
        "coordinates": [
          [
            -64.188709,
            -31.420109
          ],
          [
            -64.18871,
            -31.420127
          ],
          [
            -64.188717,
            -31.420178
          ],
          [
            -64.188727,
            -31.42023
          ],
          [
            -64.188737,
            -31.420284
          ],
          [
            -64.188734,
            -31.420338
          ],
          [
            -64.188686,
            -31.420476
          ],
          [
            -64.188614,
            -31.420637
          ],
          [
            -64.188602,
            -31.420666
          ],
          [
            -64.188216,
            -31.421509
          ],
          [
            -64.188008,
            -31.421909
          ],
          [
            -64.187455,
            -31.423057
          ],
          [
            -64.187282,
            -31.423421
          ],
          [
            -64.187225,
            -31.42354
          ],
          [
            -64.187285,
            -31.423692
          ],
          [
            -64.187532,
            -31.424318
          ],
          [
            -64.18803,
            -31.425456
          ],
          [
            -64.188043,
            -31.425489
          ],
          [
            -64.188058,
            -31.425523
          ],
          [
            -64.188566,
            -31.426674
          ],
          [
            -64.188835,
            -31.427327
          ],
          [
            -64.189333,
            -31.428574
          ],
          [
            -64.189351,
            -31.428612
          ],
          [
            -64.189536,
            -31.429017
          ],
          [
            -64.189748,
            -31.429515
          ],
          [
            -64.189859,
            -31.429768
          ],
          [
            -64.190335,
            -31.430949
          ],
          [
            -64.190402,
            -31.431119
          ],
          [
            -64.190413,
            -31.431145
          ],
          [
            -64.190459,
            -31.431261
          ],
          [
            -64.190704,
            -31.431885
          ],
          [
            -64.191082,
            -31.432801
          ],
          [
            -64.191179,
            -31.433073
          ],
          [
            -64.191209,
            -31.433172
          ],
          [
            -64.191228,
            -31.433248
          ],
          [
            -64.191266,
            -31.433432
          ],
          [
            -64.191377,
            -31.434038
          ],
          [
            -64.19142,
            -31.434404
          ],
          [
            -64.191433,
            -31.434473
          ],
          [
            -64.191489,
            -31.434808
          ],
          [
            -64.191517,
            -31.434919
          ],
          [
            -64.191843,
            -31.435996
          ],
          [
            -64.191897,
            -31.436164
          ],
          [
            -64.191965,
            -31.436379
          ],
          [
            -64.191979,
            -31.436426
          ],
          [
            -64.192131,
            -31.436861
          ],
          [
            -64.192205,
            -31.437022
          ],
          [
            -64.192305,
            -31.437224
          ],
          [
            -64.192359,
            -31.437338
          ],
          [
            -64.192433,
            -31.437347
          ],
          [
            -64.192458,
            -31.437357
          ],
          [
            -64.192685,
            -31.437442
          ],
          [
            -64.192709,
            -31.437434
          ],
          [
            -64.19334,
            -31.437228
          ],
          [
            -64.193475,
            -31.437183
          ],
          [
            -64.19354,
            -31.437162
          ],
          [
            -64.194002,
            -31.437012
          ],
          [
            -64.195042,
            -31.436672
          ],
          [
            -64.195166,
            -31.43658
          ],
          [
            -64.195206,
            -31.436534
          ],
          [
            -64.195213,
            -31.436527
          ],
          [
            -64.19526,
            -31.436448
          ],
          [
            -64.195306,
            -31.436335
          ],
          [
            -64.194681,
            -31.434456
          ],
          [
            -64.19465,
            -31.434379
          ],
          [
            -64.194603,
            -31.4343
          ],
          [
            -64.194544,
            -31.434211
          ],
          [
            -64.194498,
            -31.434146
          ],
          [
            -64.194414,
            -31.434049
          ],
          [
            -64.1943,
            -31.433935
          ],
          [
            -64.194173,
            -31.433822
          ],
          [
            -64.19411,
            -31.433771
          ],
          [
            -64.193767,
            -31.433475
          ],
          [
            -64.193658,
            -31.433384
          ],
          [
            -64.193563,
            -31.433243
          ],
          [
            -64.19353,
            -31.433149
          ],
          [
            -64.193518,
            -31.433035
          ],
          [
            -64.193533,
            -31.432921
          ],
          [
            -64.193576,
            -31.432812
          ],
          [
            -64.193644,
            -31.432713
          ],
          [
            -64.193656,
            -31.432702
          ],
          [
            -64.193685,
            -31.432675
          ],
          [
            -64.193705,
            -31.432656
          ],
          [
            -64.193774,
            -31.432598
          ],
          [
            -64.193815,
            -31.432577
          ],
          [
            -64.193903,
            -31.432536
          ],
          [
            -64.193957,
            -31.432523
          ],
          [
            -64.19402,
            -31.432507
          ],
          [
            -64.194157,
            -31.43249
          ],
          [
            -64.194317,
            -31.432506
          ],
          [
            -64.194467,
            -31.432554
          ],
          [
            -64.194567,
            -31.432611
          ],
          [
            -64.194653,
            -31.432682
          ],
          [
            -64.194736,
            -31.432787
          ],
          [
            -64.194772,
            -31.432867
          ],
          [
            -64.194789,
            -31.432906
          ],
          [
            -64.194809,
            -31.433031
          ],
          [
            -64.194802,
            -31.433092
          ],
          [
            -64.194794,
            -31.433157
          ],
          [
            -64.194746,
            -31.433277
          ],
          [
            -64.194667,
            -31.433385
          ],
          [
            -64.194562,
            -31.433474
          ],
          [
            -64.194518,
            -31.433625
          ],
          [
            -64.194504,
            -31.433723
          ],
          [
            -64.194507,
            -31.433773
          ],
          [
            -64.194523,
            -31.433838
          ],
          [
            -64.194538,
            -31.433878
          ],
          [
            -64.194583,
            -31.433965
          ],
          [
            -64.194643,
            -31.434069
          ],
          [
            -64.194717,
            -31.434186
          ],
          [
            -64.194745,
            -31.434245
          ],
          [
            -64.194954,
            -31.43481
          ],
          [
            -64.195151,
            -31.435342
          ],
          [
            -64.19525,
            -31.435608
          ],
          [
            -64.195956,
            -31.435385
          ],
          [
            -64.196076,
            -31.435365
          ],
          [
            -64.196126,
            -31.435374
          ],
          [
            -64.196154,
            -31.43539
          ],
          [
            -64.196248,
            -31.435456
          ],
          [
            -64.196154,
            -31.43539
          ],
          [
            -64.196126,
            -31.435374
          ],
          [
            -64.196076,
            -31.435365
          ],
          [
            -64.195956,
            -31.435385
          ],
          [
            -64.19525,
            -31.435608
          ],
          [
            -64.195704,
            -31.436449
          ],
          [
            -64.19619,
            -31.437565
          ],
          [
            -64.196455,
            -31.438189
          ],
          [
            -64.19692,
            -31.439288
          ],
          [
            -64.197289,
            -31.440153
          ],
          [
            -64.197664,
            -31.441085
          ],
          [
            -64.19726,
            -31.4412
          ],
          [
            -64.197202,
            -31.441236
          ],
          [
            -64.197158,
            -31.44128
          ],
          [
            -64.197133,
            -31.441324
          ],
          [
            -64.197119,
            -31.441398
          ],
          [
            -64.197164,
            -31.44178
          ],
          [
            -64.197206,
            -31.441919
          ],
          [
            -64.197526,
            -31.442928
          ],
          [
            -64.197768,
            -31.443692
          ],
          [
            -64.197906,
            -31.444097
          ],
          [
            -64.198153,
            -31.444822
          ],
          [
            -64.198246,
            -31.445115
          ],
          [
            -64.198957,
            -31.447243
          ],
          [
            -64.199713,
            -31.447062
          ],
          [
            -64.200018,
            -31.448018
          ],
          [
            -64.199279,
            -31.448209
          ],
          [
            -64.199186,
            -31.448231
          ],
          [
            -64.198872,
            -31.447263
          ],
          [
            -64.198535,
            -31.446271
          ],
          [
            -64.198151,
            -31.445121
          ],
          [
            -64.198093,
            -31.445084
          ],
          [
            -64.19806,
            -31.445051
          ],
          [
            -64.198037,
            -31.444998
          ],
          [
            -64.197714,
            -31.444171
          ],
          [
            -64.197691,
            -31.444142
          ],
          [
            -64.197648,
            -31.44412
          ],
          [
            -64.194713,
            -31.443766
          ],
          [
            -64.194587,
            -31.443751
          ],
          [
            -64.194455,
            -31.443736
          ],
          [
            -64.193447,
            -31.443617
          ],
          [
            -64.193453,
            -31.443683
          ],
          [
            -64.193722,
            -31.444747
          ],
          [
            -64.193835,
            -31.445194
          ],
          [
            -64.19347,
            -31.445263
          ],
          [
            -64.19271,
            -31.445432
          ],
          [
            -64.192649,
            -31.445431
          ],
          [
            -64.192588,
            -31.445415
          ],
          [
            -64.192403,
            -31.44534
          ],
          [
            -64.192444,
            -31.445127
          ],
          [
            -64.192439,
            -31.445099
          ],
          [
            -64.192421,
            -31.445077
          ],
          [
            -64.192392,
            -31.445063
          ],
          [
            -64.192211,
            -31.445024
          ],
          [
            -64.192146,
            -31.445017
          ],
          [
            -64.192081,
            -31.445024
          ],
          [
            -64.191028,
            -31.445215
          ],
          [
            -64.191017,
            -31.445141
          ],
          [
            -64.191017,
            -31.444665
          ],
          [
            -64.190994,
            -31.444648
          ],
          [
            -64.190267,
            -31.444646
          ],
          [
            -64.189979,
            -31.444631
          ],
          [
            -64.189973,
            -31.445002
          ],
          [
            -64.189974,
            -31.445213
          ],
          [
            -64.190304,
            -31.445223
          ],
          [
            -64.19076,
            -31.445236
          ],
          [
            -64.190851,
            -31.445233
          ],
          [
            -64.191028,
            -31.445215
          ],
          [
            -64.192081,
            -31.445024
          ],
          [
            -64.192146,
            -31.445017
          ],
          [
            -64.192211,
            -31.445024
          ],
          [
            -64.192392,
            -31.445063
          ],
          [
            -64.192421,
            -31.445077
          ],
          [
            -64.192439,
            -31.445099
          ],
          [
            -64.192444,
            -31.445127
          ],
          [
            -64.192403,
            -31.44534
          ],
          [
            -64.192588,
            -31.445415
          ],
          [
            -64.192649,
            -31.445431
          ],
          [
            -64.19271,
            -31.445432
          ],
          [
            -64.19347,
            -31.445263
          ],
          [
            -64.193835,
            -31.445194
          ],
          [
            -64.193453,
            -31.443683
          ],
          [
            -64.193447,
            -31.443617
          ],
          [
            -64.193473,
            -31.443467
          ],
          [
            -64.193484,
            -31.443422
          ],
          [
            -64.193522,
            -31.44331
          ],
          [
            -64.193696,
            -31.443329
          ],
          [
            -64.193979,
            -31.443344
          ],
          [
            -64.194051,
            -31.443343
          ],
          [
            -64.194177,
            -31.443326
          ],
          [
            -64.194253,
            -31.443313
          ],
          [
            -64.194324,
            -31.443282
          ],
          [
            -64.194354,
            -31.443253
          ],
          [
            -64.194379,
            -31.443216
          ],
          [
            -64.194392,
            -31.443148
          ],
          [
            -64.194363,
            -31.443096
          ],
          [
            -64.194274,
            -31.44294
          ],
          [
            -64.194218,
            -31.442849
          ],
          [
            -64.194185,
            -31.442797
          ],
          [
            -64.194151,
            -31.442746
          ],
          [
            -64.194118,
            -31.442695
          ],
          [
            -64.194076,
            -31.442627
          ],
          [
            -64.194014,
            -31.442525
          ],
          [
            -64.193959,
            -31.442439
          ],
          [
            -64.193912,
            -31.442366
          ],
          [
            -64.193829,
            -31.442226
          ],
          [
            -64.19376,
            -31.442113
          ],
          [
            -64.193737,
            -31.442074
          ],
          [
            -64.193681,
            -31.441983
          ],
          [
            -64.193566,
            -31.441787
          ],
          [
            -64.193369,
            -31.441455
          ],
          [
            -64.193228,
            -31.441211
          ],
          [
            -64.193154,
            -31.441095
          ],
          [
            -64.19306,
            -31.440914
          ],
          [
            -64.192984,
            -31.440773
          ],
          [
            -64.192934,
            -31.440668
          ],
          [
            -64.192885,
            -31.44056
          ],
          [
            -64.192824,
            -31.440407
          ],
          [
            -64.192739,
            -31.440183
          ],
          [
            -64.192611,
            -31.439827
          ],
          [
            -64.192441,
            -31.439387
          ],
          [
            -64.192348,
            -31.439172
          ],
          [
            -64.192313,
            -31.439108
          ],
          [
            -64.19228,
            -31.439056
          ],
          [
            -64.192214,
            -31.439105
          ],
          [
            -64.191908,
            -31.439336
          ],
          [
            -64.191504,
            -31.439606
          ],
          [
            -64.191141,
            -31.439837
          ],
          [
            -64.190953,
            -31.43995
          ],
          [
            -64.190674,
            -31.440132
          ],
          [
            -64.190505,
            -31.44023
          ],
          [
            -64.190359,
            -31.440303
          ],
          [
            -64.190229,
            -31.44036
          ],
          [
            -64.190068,
            -31.440418
          ],
          [
            -64.18967,
            -31.440544
          ],
          [
            -64.189557,
            -31.440585
          ],
          [
            -64.189425,
            -31.440642
          ],
          [
            -64.189169,
            -31.440771
          ],
          [
            -64.18907,
            -31.440824
          ],
          [
            -64.188765,
            -31.440963
          ],
          [
            -64.188535,
            -31.441069
          ],
          [
            -64.188421,
            -31.441108
          ],
          [
            -64.188243,
            -31.441164
          ],
          [
            -64.188118,
            -31.441194
          ],
          [
            -64.188011,
            -31.44122
          ],
          [
            -64.187969,
            -31.441227
          ],
          [
            -64.1878,
            -31.441252
          ],
          [
            -64.187526,
            -31.441281
          ],
          [
            -64.187412,
            -31.441281
          ],
          [
            -64.187191,
            -31.441266
          ],
          [
            -64.18676,
            -31.441234
          ],
          [
            -64.186657,
            -31.441214
          ],
          [
            -64.186589,
            -31.441195
          ],
          [
            -64.186556,
            -31.441186
          ],
          [
            -64.186494,
            -31.441164
          ],
          [
            -64.186447,
            -31.441125
          ],
          [
            -64.186418,
            -31.441088
          ],
          [
            -64.186407,
            -31.441066
          ],
          [
            -64.186395,
            -31.441023
          ],
          [
            -64.186384,
            -31.440976
          ],
          [
            -64.186343,
            -31.440797
          ],
          [
            -64.186256,
            -31.440354
          ],
          [
            -64.186069,
            -31.439411
          ],
          [
            -64.186063,
            -31.439374
          ],
          [
            -64.186057,
            -31.439324
          ],
          [
            -64.186055,
            -31.439303
          ],
          [
            -64.186054,
            -31.439289
          ],
          [
            -64.186053,
            -31.439275
          ],
          [
            -64.18605,
            -31.439248
          ],
          [
            -64.18604,
            -31.439215
          ],
          [
            -64.186024,
            -31.439191
          ],
          [
            -64.186006,
            -31.439167
          ],
          [
            -64.18598,
            -31.439148
          ],
          [
            -64.18596,
            -31.439125
          ],
          [
            -64.185947,
            -31.439098
          ],
          [
            -64.185941,
            -31.439069
          ],
          [
            -64.185943,
            -31.43904
          ],
          [
            -64.185952,
            -31.439012
          ],
          [
            -64.18597,
            -31.438987
          ],
          [
            -64.185974,
            -31.438961
          ],
          [
            -64.185978,
            -31.438929
          ],
          [
            -64.185977,
            -31.438903
          ],
          [
            -64.185971,
            -31.438875
          ],
          [
            -64.18596,
            -31.438837
          ],
          [
            -64.185944,
            -31.43879
          ],
          [
            -64.18593,
            -31.43874
          ],
          [
            -64.185837,
            -31.438333
          ],
          [
            -64.185602,
            -31.437219
          ],
          [
            -64.185483,
            -31.43664
          ],
          [
            -64.185313,
            -31.435767
          ],
          [
            -64.185148,
            -31.435103
          ],
          [
            -64.185135,
            -31.435064
          ],
          [
            -64.18512,
            -31.435032
          ],
          [
            -64.1851,
            -31.435007
          ],
          [
            -64.185063,
            -31.434971
          ],
          [
            -64.185027,
            -31.434957
          ],
          [
            -64.185005,
            -31.43494
          ],
          [
            -64.184998,
            -31.434934
          ],
          [
            -64.184979,
            -31.434904
          ],
          [
            -64.184972,
            -31.434871
          ],
          [
            -64.184959,
            -31.434784
          ],
          [
            -64.184954,
            -31.434744
          ],
          [
            -64.18494,
            -31.434698
          ],
          [
            -64.184933,
            -31.434671
          ],
          [
            -64.18492,
            -31.434629
          ],
          [
            -64.184831,
            -31.434327
          ],
          [
            -64.184761,
            -31.434052
          ],
          [
            -64.184716,
            -31.433908
          ],
          [
            -64.184657,
            -31.433753
          ],
          [
            -64.184615,
            -31.433654
          ],
          [
            -64.184573,
            -31.433577
          ],
          [
            -64.184542,
            -31.433528
          ],
          [
            -64.184496,
            -31.433474
          ],
          [
            -64.184401,
            -31.433391
          ],
          [
            -64.184383,
            -31.433376
          ],
          [
            -64.184367,
            -31.433358
          ],
          [
            -64.184356,
            -31.433338
          ],
          [
            -64.184348,
            -31.433317
          ],
          [
            -64.18405,
            -31.433145
          ],
          [
            -64.183898,
            -31.433057
          ],
          [
            -64.18378,
            -31.432986
          ],
          [
            -64.183666,
            -31.43292
          ],
          [
            -64.183617,
            -31.432904
          ],
          [
            -64.183578,
            -31.432882
          ],
          [
            -64.183555,
            -31.432859
          ],
          [
            -64.183541,
            -31.432847
          ],
          [
            -64.183508,
            -31.4328
          ],
          [
            -64.183498,
            -31.432763
          ],
          [
            -64.183492,
            -31.432724
          ],
          [
            -64.183489,
            -31.432677
          ],
          [
            -64.183495,
            -31.43262
          ],
          [
            -64.183511,
            -31.432569
          ],
          [
            -64.183535,
            -31.432501
          ],
          [
            -64.183559,
            -31.432455
          ],
          [
            -64.18359,
            -31.43241
          ],
          [
            -64.183617,
            -31.432382
          ],
          [
            -64.183652,
            -31.432354
          ],
          [
            -64.183684,
            -31.432341
          ],
          [
            -64.183921,
            -31.432102
          ],
          [
            -64.184009,
            -31.431992
          ],
          [
            -64.184068,
            -31.431892
          ],
          [
            -64.184142,
            -31.431752
          ],
          [
            -64.184189,
            -31.431637
          ],
          [
            -64.184228,
            -31.431497
          ],
          [
            -64.184246,
            -31.431357
          ],
          [
            -64.18425,
            -31.431247
          ],
          [
            -64.184247,
            -31.431158
          ],
          [
            -64.184219,
            -31.431005
          ],
          [
            -64.184176,
            -31.430833
          ],
          [
            -64.184122,
            -31.430619
          ],
          [
            -64.184064,
            -31.430391
          ],
          [
            -64.184046,
            -31.430283
          ],
          [
            -64.184039,
            -31.43016
          ],
          [
            -64.184053,
            -31.430021
          ],
          [
            -64.184084,
            -31.42987
          ],
          [
            -64.184119,
            -31.429751
          ],
          [
            -64.18416,
            -31.429639
          ],
          [
            -64.184389,
            -31.429162
          ],
          [
            -64.184486,
            -31.42895
          ],
          [
            -64.184531,
            -31.428823
          ],
          [
            -64.184574,
            -31.428688
          ],
          [
            -64.184593,
            -31.428498
          ],
          [
            -64.184597,
            -31.428466
          ],
          [
            -64.184597,
            -31.428295
          ],
          [
            -64.184584,
            -31.428142
          ],
          [
            -64.184586,
            -31.428003
          ],
          [
            -64.184583,
            -31.42789
          ],
          [
            -64.184574,
            -31.42781
          ],
          [
            -64.184497,
            -31.427531
          ],
          [
            -64.184138,
            -31.426736
          ],
          [
            -64.183868,
            -31.42612
          ],
          [
            -64.183698,
            -31.425727
          ],
          [
            -64.18366,
            -31.425634
          ],
          [
            -64.183634,
            -31.425568
          ],
          [
            -64.183584,
            -31.425459
          ],
          [
            -64.183377,
            -31.424998
          ],
          [
            -64.183133,
            -31.424414
          ],
          [
            -64.182911,
            -31.423881
          ],
          [
            -64.182874,
            -31.423795
          ],
          [
            -64.182631,
            -31.423252
          ],
          [
            -64.182244,
            -31.42231
          ],
          [
            -64.182096,
            -31.421946
          ],
          [
            -64.182055,
            -31.421848
          ],
          [
            -64.183332,
            -31.421513
          ],
          [
            -64.183646,
            -31.421431
          ],
          [
            -64.184303,
            -31.421259
          ],
          [
            -64.184705,
            -31.421154
          ],
          [
            -64.186053,
            -31.420801
          ],
          [
            -64.186264,
            -31.420749
          ],
          [
            -64.187394,
            -31.420469
          ],
          [
            -64.187439,
            -31.420456
          ],
          [
            -64.187877,
            -31.420332
          ],
          [
            -64.188038,
            -31.420286
          ],
          [
            -64.188169,
            -31.420245
          ],
          [
            -64.188208,
            -31.420233
          ],
          [
            -64.188297,
            -31.420206
          ],
          [
            -64.188431,
            -31.42015
          ],
          [
            -64.188553,
            -31.4201
          ],
          [
            -64.188617,
            -31.420073
          ],
          [
            -64.188664,
            -31.420053
          ],
          [
            -64.188709,
            -31.420032
          ],
          [
            -64.188708,
            -31.420086
          ],
          [
            -64.188709,
            -31.420103
          ]
        ]
      }
    },
    {
      "type": "Feature",
      "id": "route-cordoba-2026-08-29-v3-05",
      "properties": {
        "truckId": "vehicle-05",
        "waypointDistancesKm": [
          0,
          1.1835866008774028,
          2.0790734856117217,
          3.1345902600413775,
          4.984671326807225,
          6.982956621418892,
          13.586194892216076,
          24.477982872177474
        ]
      },
      "geometry": {
        "type": "LineString",
        "coordinates": [
          [
            -64.188709,
            -31.420109
          ],
          [
            -64.18871,
            -31.420127
          ],
          [
            -64.188717,
            -31.420178
          ],
          [
            -64.188727,
            -31.42023
          ],
          [
            -64.188737,
            -31.420284
          ],
          [
            -64.188734,
            -31.420338
          ],
          [
            -64.188686,
            -31.420476
          ],
          [
            -64.188614,
            -31.420637
          ],
          [
            -64.188602,
            -31.420666
          ],
          [
            -64.188216,
            -31.421509
          ],
          [
            -64.188139,
            -31.421536
          ],
          [
            -64.187971,
            -31.421596
          ],
          [
            -64.187883,
            -31.421621
          ],
          [
            -64.186582,
            -31.422025
          ],
          [
            -64.185253,
            -31.422438
          ],
          [
            -64.184746,
            -31.421253
          ],
          [
            -64.184705,
            -31.421154
          ],
          [
            -64.186053,
            -31.420801
          ],
          [
            -64.186264,
            -31.420749
          ],
          [
            -64.187394,
            -31.420469
          ],
          [
            -64.187439,
            -31.420456
          ],
          [
            -64.187877,
            -31.420332
          ],
          [
            -64.188038,
            -31.420286
          ],
          [
            -64.188169,
            -31.420245
          ],
          [
            -64.188208,
            -31.420233
          ],
          [
            -64.188297,
            -31.420206
          ],
          [
            -64.188431,
            -31.42015
          ],
          [
            -64.188553,
            -31.4201
          ],
          [
            -64.188617,
            -31.420073
          ],
          [
            -64.188664,
            -31.420053
          ],
          [
            -64.188709,
            -31.420032
          ],
          [
            -64.188747,
            -31.420017
          ],
          [
            -64.188791,
            -31.420004
          ],
          [
            -64.188816,
            -31.419999
          ],
          [
            -64.188834,
            -31.419994
          ],
          [
            -64.188873,
            -31.419986
          ],
          [
            -64.188902,
            -31.420031
          ],
          [
            -64.188915,
            -31.42005
          ],
          [
            -64.188942,
            -31.420119
          ],
          [
            -64.188957,
            -31.420203
          ],
          [
            -64.188948,
            -31.420282
          ],
          [
            -64.188947,
            -31.420332
          ],
          [
            -64.188949,
            -31.420382
          ],
          [
            -64.188958,
            -31.420447
          ],
          [
            -64.189023,
            -31.42062
          ],
          [
            -64.189256,
            -31.421209
          ],
          [
            -64.189285,
            -31.421277
          ],
          [
            -64.189743,
            -31.422336
          ],
          [
            -64.191026,
            -31.421953
          ],
          [
            -64.191681,
            -31.421802
          ],
          [
            -64.192042,
            -31.421714
          ],
          [
            -64.192103,
            -31.421747
          ],
          [
            -64.192116,
            -31.421753
          ],
          [
            -64.192669,
            -31.422089
          ],
          [
            -64.192782,
            -31.422189
          ],
          [
            -64.192844,
            -31.422266
          ],
          [
            -64.192874,
            -31.422319
          ],
          [
            -64.193034,
            -31.422629
          ],
          [
            -64.193039,
            -31.422638
          ],
          [
            -64.193065,
            -31.422687
          ],
          [
            -64.19309,
            -31.422744
          ],
          [
            -64.193094,
            -31.422754
          ],
          [
            -64.193529,
            -31.423727
          ],
          [
            -64.193534,
            -31.423741
          ],
          [
            -64.193557,
            -31.423803
          ],
          [
            -64.193576,
            -31.423844
          ],
          [
            -64.19358,
            -31.423853
          ],
          [
            -64.194015,
            -31.424875
          ],
          [
            -64.194019,
            -31.424886
          ],
          [
            -64.194046,
            -31.424949
          ],
          [
            -64.193997,
            -31.424966
          ],
          [
            -64.193798,
            -31.425034
          ],
          [
            -64.193764,
            -31.425045
          ],
          [
            -64.192833,
            -31.425338
          ],
          [
            -64.192652,
            -31.425395
          ],
          [
            -64.191219,
            -31.425847
          ],
          [
            -64.191496,
            -31.426511
          ],
          [
            -64.191991,
            -31.427764
          ],
          [
            -64.192414,
            -31.428765
          ],
          [
            -64.192497,
            -31.428947
          ],
          [
            -64.192619,
            -31.429233
          ],
          [
            -64.19298,
            -31.430111
          ],
          [
            -64.193092,
            -31.430379
          ],
          [
            -64.193856,
            -31.430138
          ],
          [
            -64.193381,
            -31.429011
          ],
          [
            -64.1929,
            -31.42784
          ],
          [
            -64.192867,
            -31.42776
          ],
          [
            -64.192419,
            -31.426684
          ],
          [
            -64.192241,
            -31.42627
          ],
          [
            -64.192925,
            -31.426075
          ],
          [
            -64.194044,
            -31.425728
          ],
          [
            -64.194091,
            -31.425714
          ],
          [
            -64.194251,
            -31.425668
          ],
          [
            -64.194324,
            -31.425646
          ],
          [
            -64.194347,
            -31.425638
          ],
          [
            -64.194891,
            -31.42545
          ],
          [
            -64.195089,
            -31.425942
          ],
          [
            -64.194506,
            -31.426099
          ],
          [
            -64.194523,
            -31.426142
          ],
          [
            -64.194526,
            -31.42615
          ],
          [
            -64.194601,
            -31.426349
          ],
          [
            -64.194737,
            -31.426671
          ],
          [
            -64.194821,
            -31.426884
          ],
          [
            -64.194834,
            -31.426914
          ],
          [
            -64.194872,
            -31.427
          ],
          [
            -64.194924,
            -31.427119
          ],
          [
            -64.194932,
            -31.427138
          ],
          [
            -64.195152,
            -31.4276
          ],
          [
            -64.195204,
            -31.427683
          ],
          [
            -64.195251,
            -31.42774
          ],
          [
            -64.195305,
            -31.427805
          ],
          [
            -64.19541,
            -31.427897
          ],
          [
            -64.195498,
            -31.427967
          ],
          [
            -64.19614,
            -31.428382
          ],
          [
            -64.196265,
            -31.428465
          ],
          [
            -64.196539,
            -31.428652
          ],
          [
            -64.196629,
            -31.428722
          ],
          [
            -64.196935,
            -31.429001
          ],
          [
            -64.197075,
            -31.429137
          ],
          [
            -64.197196,
            -31.429264
          ],
          [
            -64.197784,
            -31.429899
          ],
          [
            -64.197871,
            -31.429989
          ],
          [
            -64.198034,
            -31.43015
          ],
          [
            -64.198077,
            -31.430196
          ],
          [
            -64.198101,
            -31.430238
          ],
          [
            -64.198134,
            -31.430307
          ],
          [
            -64.19829,
            -31.430768
          ],
          [
            -64.198349,
            -31.430935
          ],
          [
            -64.198402,
            -31.431058
          ],
          [
            -64.198483,
            -31.431203
          ],
          [
            -64.198534,
            -31.431278
          ],
          [
            -64.198583,
            -31.431335
          ],
          [
            -64.198659,
            -31.431396
          ],
          [
            -64.198761,
            -31.431446
          ],
          [
            -64.198866,
            -31.431488
          ],
          [
            -64.198997,
            -31.431528
          ],
          [
            -64.199125,
            -31.431558
          ],
          [
            -64.199746,
            -31.431662
          ],
          [
            -64.199757,
            -31.431692
          ],
          [
            -64.199776,
            -31.431821
          ],
          [
            -64.199775,
            -31.431897
          ],
          [
            -64.19963,
            -31.432765
          ],
          [
            -64.199491,
            -31.43359
          ],
          [
            -64.199586,
            -31.433596
          ],
          [
            -64.199706,
            -31.433587
          ],
          [
            -64.199879,
            -31.433566
          ],
          [
            -64.200437,
            -31.433462
          ],
          [
            -64.200711,
            -31.433404
          ],
          [
            -64.200648,
            -31.433116
          ],
          [
            -64.200617,
            -31.43295
          ],
          [
            -64.200611,
            -31.432844
          ],
          [
            -64.200617,
            -31.432737
          ],
          [
            -64.200652,
            -31.432472
          ],
          [
            -64.200652,
            -31.432375
          ],
          [
            -64.200639,
            -31.432325
          ],
          [
            -64.200632,
            -31.432298
          ],
          [
            -64.200599,
            -31.432232
          ],
          [
            -64.200561,
            -31.432171
          ],
          [
            -64.200513,
            -31.432126
          ],
          [
            -64.200434,
            -31.432057
          ],
          [
            -64.200364,
            -31.432017
          ],
          [
            -64.200257,
            -31.431971
          ],
          [
            -64.200138,
            -31.431947
          ],
          [
            -64.199775,
            -31.431897
          ],
          [
            -64.198876,
            -31.43178
          ],
          [
            -64.198753,
            -31.431761
          ],
          [
            -64.19864,
            -31.431725
          ],
          [
            -64.198559,
            -31.431686
          ],
          [
            -64.198461,
            -31.43163
          ],
          [
            -64.198391,
            -31.431574
          ],
          [
            -64.198335,
            -31.431502
          ],
          [
            -64.198294,
            -31.431442
          ],
          [
            -64.198256,
            -31.43136
          ],
          [
            -64.198305,
            -31.431344
          ],
          [
            -64.198459,
            -31.431302
          ],
          [
            -64.198534,
            -31.431278
          ],
          [
            -64.198583,
            -31.431335
          ],
          [
            -64.198659,
            -31.431396
          ],
          [
            -64.198761,
            -31.431446
          ],
          [
            -64.198866,
            -31.431488
          ],
          [
            -64.198997,
            -31.431528
          ],
          [
            -64.199125,
            -31.431558
          ],
          [
            -64.199746,
            -31.431662
          ],
          [
            -64.199876,
            -31.431681
          ],
          [
            -64.200222,
            -31.431729
          ],
          [
            -64.200505,
            -31.431788
          ],
          [
            -64.200603,
            -31.431832
          ],
          [
            -64.200684,
            -31.431881
          ],
          [
            -64.200756,
            -31.431967
          ],
          [
            -64.200808,
            -31.432042
          ],
          [
            -64.200834,
            -31.432094
          ],
          [
            -64.200895,
            -31.432257
          ],
          [
            -64.200908,
            -31.43233
          ],
          [
            -64.200907,
            -31.432378
          ],
          [
            -64.200873,
            -31.432773
          ],
          [
            -64.200871,
            -31.432855
          ],
          [
            -64.200881,
            -31.432937
          ],
          [
            -64.200986,
            -31.433355
          ],
          [
            -64.201066,
            -31.433645
          ],
          [
            -64.201099,
            -31.433745
          ],
          [
            -64.201132,
            -31.433807
          ],
          [
            -64.201459,
            -31.434198
          ],
          [
            -64.201474,
            -31.434216
          ],
          [
            -64.201556,
            -31.434287
          ],
          [
            -64.20162,
            -31.434331
          ],
          [
            -64.202098,
            -31.434612
          ],
          [
            -64.202624,
            -31.434871
          ],
          [
            -64.20276,
            -31.434918
          ],
          [
            -64.202836,
            -31.434929
          ],
          [
            -64.202912,
            -31.434931
          ],
          [
            -64.203247,
            -31.434883
          ],
          [
            -64.203387,
            -31.434848
          ],
          [
            -64.203455,
            -31.434824
          ],
          [
            -64.203491,
            -31.434807
          ],
          [
            -64.203792,
            -31.434573
          ],
          [
            -64.203874,
            -31.434524
          ],
          [
            -64.203998,
            -31.434456
          ],
          [
            -64.204144,
            -31.434398
          ],
          [
            -64.204699,
            -31.43422
          ],
          [
            -64.204823,
            -31.434195
          ],
          [
            -64.204943,
            -31.43418
          ],
          [
            -64.205058,
            -31.434184
          ],
          [
            -64.205172,
            -31.434207
          ],
          [
            -64.205295,
            -31.434248
          ],
          [
            -64.205414,
            -31.434297
          ],
          [
            -64.205474,
            -31.434335
          ],
          [
            -64.205537,
            -31.434378
          ],
          [
            -64.206329,
            -31.435179
          ],
          [
            -64.206476,
            -31.43532
          ],
          [
            -64.206542,
            -31.435366
          ],
          [
            -64.207378,
            -31.435839
          ],
          [
            -64.207443,
            -31.435861
          ],
          [
            -64.207508,
            -31.43586
          ],
          [
            -64.207751,
            -31.436746
          ],
          [
            -64.207887,
            -31.437223
          ],
          [
            -64.207921,
            -31.43731
          ],
          [
            -64.207964,
            -31.43738
          ],
          [
            -64.208047,
            -31.437459
          ],
          [
            -64.208264,
            -31.437604
          ],
          [
            -64.208332,
            -31.437573
          ],
          [
            -64.208714,
            -31.437494
          ],
          [
            -64.208905,
            -31.437458
          ],
          [
            -64.208966,
            -31.437538
          ],
          [
            -64.2095,
            -31.437927
          ],
          [
            -64.209554,
            -31.437965
          ],
          [
            -64.209701,
            -31.438067
          ],
          [
            -64.209874,
            -31.438192
          ],
          [
            -64.210003,
            -31.43828
          ],
          [
            -64.209566,
            -31.438594
          ],
          [
            -64.209469,
            -31.438655
          ],
          [
            -64.209411,
            -31.438688
          ],
          [
            -64.209641,
            -31.43885
          ],
          [
            -64.209981,
            -31.439089
          ],
          [
            -64.210209,
            -31.439249
          ],
          [
            -64.210092,
            -31.439289
          ],
          [
            -64.208204,
            -31.439696
          ],
          [
            -64.207819,
            -31.439779
          ],
          [
            -64.207986,
            -31.440354
          ],
          [
            -64.208169,
            -31.441
          ],
          [
            -64.208335,
            -31.441608
          ],
          [
            -64.208503,
            -31.442209
          ],
          [
            -64.208671,
            -31.44281
          ],
          [
            -64.208837,
            -31.443405
          ],
          [
            -64.208847,
            -31.443439
          ],
          [
            -64.209013,
            -31.444036
          ],
          [
            -64.209186,
            -31.444652
          ],
          [
            -64.209329,
            -31.445164
          ],
          [
            -64.210244,
            -31.445276
          ],
          [
            -64.210814,
            -31.445345
          ],
          [
            -64.211118,
            -31.445382
          ],
          [
            -64.211296,
            -31.445404
          ],
          [
            -64.211294,
            -31.445422
          ],
          [
            -64.211292,
            -31.445448
          ],
          [
            -64.211291,
            -31.445466
          ],
          [
            -64.211264,
            -31.445517
          ],
          [
            -64.21124,
            -31.445586
          ],
          [
            -64.211241,
            -31.445598
          ],
          [
            -64.211246,
            -31.44566
          ],
          [
            -64.211295,
            -31.44571
          ],
          [
            -64.211387,
            -31.44576
          ],
          [
            -64.211417,
            -31.445813
          ],
          [
            -64.211438,
            -31.445852
          ],
          [
            -64.211452,
            -31.445888
          ],
          [
            -64.211631,
            -31.446494
          ],
          [
            -64.211733,
            -31.446862
          ],
          [
            -64.211788,
            -31.447055
          ],
          [
            -64.211823,
            -31.447179
          ],
          [
            -64.211939,
            -31.447593
          ],
          [
            -64.212092,
            -31.448119
          ],
          [
            -64.212257,
            -31.448676
          ],
          [
            -64.212411,
            -31.449216
          ],
          [
            -64.212562,
            -31.449739
          ],
          [
            -64.212721,
            -31.45029
          ],
          [
            -64.212885,
            -31.450858
          ],
          [
            -64.213045,
            -31.451435
          ],
          [
            -64.213326,
            -31.452346
          ],
          [
            -64.213465,
            -31.45286
          ],
          [
            -64.213585,
            -31.453278
          ],
          [
            -64.213663,
            -31.453547
          ],
          [
            -64.213914,
            -31.454413
          ],
          [
            -64.214336,
            -31.455915
          ],
          [
            -64.214361,
            -31.455968
          ],
          [
            -64.214396,
            -31.456024
          ],
          [
            -64.214443,
            -31.456083
          ],
          [
            -64.214485,
            -31.456109
          ],
          [
            -64.214511,
            -31.456135
          ],
          [
            -64.214529,
            -31.456186
          ],
          [
            -64.214617,
            -31.456519
          ],
          [
            -64.21464,
            -31.456609
          ],
          [
            -64.214775,
            -31.457142
          ],
          [
            -64.214785,
            -31.457177
          ],
          [
            -64.214893,
            -31.457612
          ],
          [
            -64.215031,
            -31.458142
          ],
          [
            -64.21522,
            -31.458857
          ],
          [
            -64.215274,
            -31.459072
          ],
          [
            -64.215328,
            -31.459287
          ],
          [
            -64.215342,
            -31.459347
          ],
          [
            -64.215347,
            -31.459404
          ],
          [
            -64.215349,
            -31.45948
          ],
          [
            -64.215398,
            -31.459524
          ],
          [
            -64.215546,
            -31.459652
          ],
          [
            -64.215605,
            -31.459699
          ],
          [
            -64.216569,
            -31.460469
          ],
          [
            -64.216716,
            -31.46057
          ],
          [
            -64.216844,
            -31.460661
          ],
          [
            -64.217148,
            -31.460854
          ],
          [
            -64.21751,
            -31.461072
          ],
          [
            -64.217718,
            -31.4612
          ],
          [
            -64.217893,
            -31.46131
          ],
          [
            -64.217998,
            -31.461377
          ],
          [
            -64.218095,
            -31.461432
          ],
          [
            -64.218233,
            -31.461494
          ],
          [
            -64.218343,
            -31.461535
          ],
          [
            -64.218449,
            -31.461568
          ],
          [
            -64.218558,
            -31.4616
          ],
          [
            -64.218705,
            -31.461627
          ],
          [
            -64.218859,
            -31.461655
          ],
          [
            -64.218926,
            -31.461672
          ],
          [
            -64.2191,
            -31.461748
          ],
          [
            -64.219252,
            -31.46183
          ],
          [
            -64.219373,
            -31.461912
          ],
          [
            -64.219453,
            -31.461979
          ],
          [
            -64.219513,
            -31.462039
          ],
          [
            -64.219551,
            -31.462083
          ],
          [
            -64.219583,
            -31.462128
          ],
          [
            -64.219679,
            -31.462282
          ],
          [
            -64.21973,
            -31.462358
          ],
          [
            -64.219791,
            -31.462437
          ],
          [
            -64.219861,
            -31.46251
          ],
          [
            -64.219963,
            -31.462605
          ],
          [
            -64.220075,
            -31.462703
          ],
          [
            -64.220206,
            -31.462818
          ],
          [
            -64.220313,
            -31.462921
          ],
          [
            -64.220414,
            -31.463024
          ],
          [
            -64.220513,
            -31.463128
          ],
          [
            -64.220725,
            -31.463368
          ],
          [
            -64.22086,
            -31.46353
          ],
          [
            -64.220996,
            -31.463739
          ],
          [
            -64.221127,
            -31.463908
          ],
          [
            -64.221226,
            -31.464028
          ],
          [
            -64.221276,
            -31.464088
          ],
          [
            -64.221531,
            -31.464388
          ],
          [
            -64.221622,
            -31.464491
          ],
          [
            -64.221751,
            -31.464636
          ],
          [
            -64.221896,
            -31.464791
          ],
          [
            -64.222129,
            -31.465029
          ],
          [
            -64.222233,
            -31.465133
          ],
          [
            -64.222358,
            -31.465251
          ],
          [
            -64.222498,
            -31.465376
          ],
          [
            -64.222737,
            -31.465584
          ],
          [
            -64.222981,
            -31.465784
          ],
          [
            -64.223277,
            -31.466034
          ],
          [
            -64.223499,
            -31.466211
          ],
          [
            -64.223684,
            -31.466362
          ],
          [
            -64.22387,
            -31.466518
          ],
          [
            -64.224054,
            -31.466678
          ],
          [
            -64.224239,
            -31.46684
          ],
          [
            -64.224426,
            -31.467002
          ],
          [
            -64.224767,
            -31.467303
          ],
          [
            -64.225271,
            -31.467728
          ],
          [
            -64.22666,
            -31.468898
          ],
          [
            -64.22724,
            -31.469383
          ],
          [
            -64.227881,
            -31.469981
          ],
          [
            -64.228514,
            -31.470518
          ],
          [
            -64.228725,
            -31.470705
          ],
          [
            -64.22881,
            -31.470782
          ],
          [
            -64.229643,
            -31.471489
          ],
          [
            -64.230098,
            -31.471887
          ],
          [
            -64.231138,
            -31.472742
          ],
          [
            -64.231241,
            -31.472827
          ],
          [
            -64.231555,
            -31.472805
          ],
          [
            -64.231624,
            -31.472798
          ],
          [
            -64.233237,
            -31.472773
          ],
          [
            -64.234768,
            -31.472751
          ],
          [
            -64.236349,
            -31.472726
          ],
          [
            -64.237471,
            -31.472711
          ],
          [
            -64.237895,
            -31.472703
          ],
          [
            -64.238023,
            -31.472692
          ],
          [
            -64.238073,
            -31.472678
          ],
          [
            -64.238114,
            -31.472657
          ],
          [
            -64.238135,
            -31.47264
          ],
          [
            -64.238213,
            -31.472563
          ],
          [
            -64.238234,
            -31.472523
          ],
          [
            -64.238263,
            -31.472483
          ],
          [
            -64.238385,
            -31.472394
          ],
          [
            -64.238483,
            -31.472357
          ],
          [
            -64.238628,
            -31.472344
          ],
          [
            -64.238733,
            -31.472358
          ],
          [
            -64.238825,
            -31.472396
          ],
          [
            -64.238863,
            -31.472412
          ],
          [
            -64.238965,
            -31.4725
          ],
          [
            -64.238999,
            -31.472544
          ],
          [
            -64.239037,
            -31.472641
          ],
          [
            -64.239043,
            -31.47274
          ],
          [
            -64.239007,
            -31.472865
          ],
          [
            -64.238983,
            -31.472909
          ],
          [
            -64.239005,
            -31.472965
          ],
          [
            -64.239028,
            -31.472999
          ],
          [
            -64.239073,
            -31.473053
          ],
          [
            -64.240398,
            -31.474138
          ],
          [
            -64.241023,
            -31.47465
          ],
          [
            -64.241506,
            -31.475047
          ],
          [
            -64.241961,
            -31.475419
          ],
          [
            -64.242433,
            -31.47581
          ],
          [
            -64.242926,
            -31.476216
          ],
          [
            -64.242989,
            -31.476267
          ],
          [
            -64.243448,
            -31.476645
          ],
          [
            -64.243917,
            -31.477031
          ],
          [
            -64.244393,
            -31.477423
          ],
          [
            -64.244849,
            -31.477798
          ],
          [
            -64.245305,
            -31.477385
          ],
          [
            -64.244987,
            -31.477137
          ],
          [
            -64.244997,
            -31.477018
          ],
          [
            -64.244989,
            -31.476639
          ],
          [
            -64.244966,
            -31.475636
          ],
          [
            -64.244301,
            -31.475647
          ],
          [
            -64.243716,
            -31.475658
          ],
          [
            -64.243638,
            -31.475659
          ],
          [
            -64.243583,
            -31.475668
          ],
          [
            -64.243541,
            -31.475681
          ],
          [
            -64.243376,
            -31.475822
          ],
          [
            -64.242926,
            -31.476216
          ],
          [
            -64.242433,
            -31.47581
          ],
          [
            -64.241961,
            -31.475419
          ],
          [
            -64.241506,
            -31.475047
          ],
          [
            -64.241023,
            -31.47465
          ],
          [
            -64.240398,
            -31.474138
          ],
          [
            -64.239073,
            -31.473053
          ],
          [
            -64.238989,
            -31.473009
          ],
          [
            -64.238963,
            -31.473002
          ],
          [
            -64.238929,
            -31.472998
          ],
          [
            -64.238887,
            -31.472996
          ],
          [
            -64.23883,
            -31.473035
          ],
          [
            -64.23872,
            -31.473074
          ],
          [
            -64.238602,
            -31.473087
          ],
          [
            -64.238484,
            -31.473071
          ],
          [
            -64.238463,
            -31.473063
          ],
          [
            -64.238376,
            -31.473029
          ],
          [
            -64.238349,
            -31.473013
          ],
          [
            -64.238291,
            -31.472974
          ],
          [
            -64.238241,
            -31.47292
          ],
          [
            -64.23822,
            -31.472885
          ],
          [
            -64.238181,
            -31.472794
          ],
          [
            -64.238134,
            -31.472763
          ],
          [
            -64.238093,
            -31.472746
          ],
          [
            -64.238065,
            -31.472735
          ],
          [
            -64.23799,
            -31.472713
          ],
          [
            -64.237895,
            -31.472703
          ],
          [
            -64.237471,
            -31.472711
          ],
          [
            -64.236349,
            -31.472726
          ],
          [
            -64.234768,
            -31.472751
          ],
          [
            -64.233237,
            -31.472773
          ],
          [
            -64.231624,
            -31.472798
          ],
          [
            -64.231555,
            -31.472805
          ],
          [
            -64.231241,
            -31.472827
          ],
          [
            -64.23111,
            -31.472837
          ],
          [
            -64.231009,
            -31.472752
          ],
          [
            -64.23094,
            -31.472693
          ],
          [
            -64.229644,
            -31.471595
          ],
          [
            -64.228843,
            -31.470927
          ],
          [
            -64.22856,
            -31.470685
          ],
          [
            -64.227806,
            -31.470027
          ],
          [
            -64.227232,
            -31.469503
          ],
          [
            -64.225804,
            -31.468311
          ],
          [
            -64.225219,
            -31.467815
          ],
          [
            -64.224679,
            -31.467358
          ],
          [
            -64.224343,
            -31.467077
          ],
          [
            -64.224143,
            -31.466923
          ],
          [
            -64.223931,
            -31.466763
          ],
          [
            -64.22376,
            -31.466636
          ],
          [
            -64.223549,
            -31.466482
          ],
          [
            -64.223348,
            -31.466333
          ],
          [
            -64.223137,
            -31.466173
          ],
          [
            -64.222727,
            -31.465836
          ],
          [
            -64.222551,
            -31.465686
          ],
          [
            -64.222384,
            -31.465537
          ],
          [
            -64.222217,
            -31.465379
          ],
          [
            -64.222088,
            -31.465246
          ],
          [
            -64.221812,
            -31.46494
          ],
          [
            -64.221628,
            -31.464742
          ],
          [
            -64.221444,
            -31.464539
          ],
          [
            -64.221239,
            -31.46431
          ],
          [
            -64.220829,
            -31.463817
          ],
          [
            -64.220686,
            -31.463608
          ],
          [
            -64.220618,
            -31.463509
          ],
          [
            -64.220446,
            -31.463317
          ],
          [
            -64.220284,
            -31.46315
          ],
          [
            -64.220166,
            -31.463038
          ],
          [
            -64.220026,
            -31.462916
          ],
          [
            -64.219877,
            -31.462792
          ],
          [
            -64.21979,
            -31.462735
          ],
          [
            -64.219706,
            -31.462691
          ],
          [
            -64.219623,
            -31.46266
          ],
          [
            -64.219549,
            -31.462638
          ],
          [
            -64.219439,
            -31.46261
          ],
          [
            -64.219341,
            -31.462594
          ],
          [
            -64.219242,
            -31.462582
          ],
          [
            -64.219141,
            -31.462561
          ],
          [
            -64.219049,
            -31.462535
          ],
          [
            -64.21897,
            -31.462507
          ],
          [
            -64.218882,
            -31.46247
          ],
          [
            -64.21881,
            -31.462428
          ],
          [
            -64.218742,
            -31.462384
          ],
          [
            -64.218662,
            -31.462329
          ],
          [
            -64.218557,
            -31.462234
          ],
          [
            -64.218459,
            -31.46213
          ],
          [
            -64.218439,
            -31.462106
          ],
          [
            -64.218387,
            -31.462031
          ],
          [
            -64.218339,
            -31.461961
          ],
          [
            -64.218279,
            -31.461879
          ],
          [
            -64.218204,
            -31.461786
          ],
          [
            -64.218117,
            -31.461696
          ],
          [
            -64.218031,
            -31.461629
          ],
          [
            -64.217926,
            -31.461554
          ],
          [
            -64.217819,
            -31.461484
          ],
          [
            -64.217233,
            -31.461119
          ],
          [
            -64.216953,
            -31.460924
          ],
          [
            -64.216612,
            -31.460665
          ],
          [
            -64.216057,
            -31.460186
          ],
          [
            -64.215521,
            -31.459713
          ],
          [
            -64.215412,
            -31.459617
          ],
          [
            -64.215356,
            -31.459574
          ],
          [
            -64.215271,
            -31.459511
          ],
          [
            -64.215119,
            -31.459419
          ],
          [
            -64.215008,
            -31.459359
          ],
          [
            -64.214891,
            -31.459311
          ],
          [
            -64.214605,
            -31.459216
          ],
          [
            -64.213539,
            -31.458862
          ],
          [
            -64.213434,
            -31.458827
          ],
          [
            -64.213332,
            -31.458793
          ],
          [
            -64.212805,
            -31.458618
          ],
          [
            -64.21164,
            -31.458231
          ],
          [
            -64.211572,
            -31.458208
          ],
          [
            -64.211488,
            -31.45818
          ],
          [
            -64.210354,
            -31.457809
          ],
          [
            -64.210246,
            -31.457774
          ],
          [
            -64.210145,
            -31.457738
          ],
          [
            -64.209221,
            -31.45742
          ],
          [
            -64.209143,
            -31.457384
          ],
          [
            -64.209086,
            -31.457347
          ],
          [
            -64.209033,
            -31.45731
          ],
          [
            -64.208969,
            -31.457256
          ],
          [
            -64.208918,
            -31.4572
          ],
          [
            -64.20889,
            -31.457153
          ],
          [
            -64.208859,
            -31.4571
          ],
          [
            -64.208826,
            -31.457028
          ],
          [
            -64.208798,
            -31.456953
          ],
          [
            -64.208397,
            -31.455644
          ],
          [
            -64.208351,
            -31.455534
          ],
          [
            -64.208308,
            -31.455444
          ],
          [
            -64.208249,
            -31.455345
          ],
          [
            -64.208212,
            -31.455287
          ],
          [
            -64.20815,
            -31.455211
          ],
          [
            -64.208081,
            -31.455138
          ],
          [
            -64.208,
            -31.455064
          ],
          [
            -64.207916,
            -31.455001
          ],
          [
            -64.207743,
            -31.454871
          ],
          [
            -64.207428,
            -31.454637
          ],
          [
            -64.205146,
            -31.452945
          ],
          [
            -64.204278,
            -31.45232
          ],
          [
            -64.203233,
            -31.451595
          ],
          [
            -64.20307,
            -31.451483
          ],
          [
            -64.202859,
            -31.451349
          ],
          [
            -64.202754,
            -31.451289
          ],
          [
            -64.202641,
            -31.451232
          ],
          [
            -64.202529,
            -31.451189
          ],
          [
            -64.202381,
            -31.451146
          ],
          [
            -64.202191,
            -31.451102
          ],
          [
            -64.201883,
            -31.451031
          ],
          [
            -64.201253,
            -31.450862
          ],
          [
            -64.201196,
            -31.450848
          ],
          [
            -64.201139,
            -31.450834
          ],
          [
            -64.201094,
            -31.450827
          ],
          [
            -64.201064,
            -31.450822
          ],
          [
            -64.200992,
            -31.450818
          ],
          [
            -64.200935,
            -31.450822
          ],
          [
            -64.200882,
            -31.45083
          ],
          [
            -64.200816,
            -31.450844
          ],
          [
            -64.200729,
            -31.450869
          ],
          [
            -64.200605,
            -31.450914
          ],
          [
            -64.200575,
            -31.45094
          ],
          [
            -64.200529,
            -31.450969
          ],
          [
            -64.200478,
            -31.450989
          ],
          [
            -64.200422,
            -31.451
          ],
          [
            -64.200365,
            -31.451001
          ],
          [
            -64.200309,
            -31.450992
          ],
          [
            -64.200256,
            -31.450973
          ],
          [
            -64.200209,
            -31.450945
          ],
          [
            -64.20017,
            -31.45091
          ],
          [
            -64.200137,
            -31.450873
          ],
          [
            -64.20012,
            -31.450822
          ],
          [
            -64.2001,
            -31.450784
          ],
          [
            -64.200052,
            -31.450692
          ],
          [
            -64.19994,
            -31.450386
          ],
          [
            -64.199543,
            -31.449274
          ],
          [
            -64.199387,
            -31.448816
          ],
          [
            -64.199186,
            -31.448231
          ],
          [
            -64.198872,
            -31.447263
          ],
          [
            -64.198535,
            -31.446271
          ],
          [
            -64.198151,
            -31.445121
          ],
          [
            -64.198093,
            -31.445084
          ],
          [
            -64.19806,
            -31.445051
          ],
          [
            -64.198037,
            -31.444998
          ],
          [
            -64.197714,
            -31.444171
          ],
          [
            -64.197691,
            -31.444142
          ],
          [
            -64.197648,
            -31.44412
          ],
          [
            -64.194587,
            -31.443751
          ],
          [
            -64.194455,
            -31.443736
          ],
          [
            -64.193447,
            -31.443617
          ],
          [
            -64.193473,
            -31.443467
          ],
          [
            -64.193484,
            -31.443422
          ],
          [
            -64.193522,
            -31.44331
          ],
          [
            -64.192111,
            -31.443148
          ],
          [
            -64.191982,
            -31.443132
          ],
          [
            -64.190327,
            -31.442935
          ],
          [
            -64.189985,
            -31.442894
          ],
          [
            -64.188131,
            -31.442674
          ],
          [
            -64.187811,
            -31.442636
          ],
          [
            -64.187592,
            -31.442611
          ],
          [
            -64.18725,
            -31.442552
          ],
          [
            -64.187161,
            -31.442529
          ],
          [
            -64.18709,
            -31.442517
          ],
          [
            -64.187025,
            -31.442511
          ],
          [
            -64.186965,
            -31.442509
          ],
          [
            -64.186815,
            -31.442508
          ],
          [
            -64.186773,
            -31.442523
          ],
          [
            -64.186728,
            -31.442528
          ],
          [
            -64.186682,
            -31.442525
          ],
          [
            -64.186639,
            -31.442513
          ],
          [
            -64.1866,
            -31.442493
          ],
          [
            -64.183781,
            -31.442188
          ],
          [
            -64.18331,
            -31.442142
          ],
          [
            -64.183161,
            -31.442095
          ],
          [
            -64.18305,
            -31.442049
          ],
          [
            -64.182925,
            -31.441983
          ],
          [
            -64.182823,
            -31.441922
          ],
          [
            -64.182759,
            -31.441875
          ],
          [
            -64.182744,
            -31.441863
          ],
          [
            -64.18268,
            -31.44181
          ],
          [
            -64.182616,
            -31.44174
          ],
          [
            -64.182493,
            -31.441538
          ],
          [
            -64.182419,
            -31.441361
          ],
          [
            -64.182372,
            -31.441239
          ],
          [
            -64.182307,
            -31.441066
          ],
          [
            -64.181883,
            -31.440088
          ],
          [
            -64.181799,
            -31.439882
          ],
          [
            -64.181756,
            -31.439783
          ],
          [
            -64.181702,
            -31.439672
          ],
          [
            -64.181515,
            -31.439229
          ],
          [
            -64.181388,
            -31.438911
          ],
          [
            -64.181373,
            -31.438876
          ],
          [
            -64.181346,
            -31.438808
          ],
          [
            -64.181111,
            -31.438223
          ],
          [
            -64.181086,
            -31.438079
          ],
          [
            -64.181078,
            -31.437994
          ],
          [
            -64.181075,
            -31.437909
          ],
          [
            -64.181076,
            -31.437816
          ],
          [
            -64.181084,
            -31.437645
          ],
          [
            -64.181107,
            -31.437522
          ],
          [
            -64.181125,
            -31.437454
          ],
          [
            -64.181151,
            -31.437375
          ],
          [
            -64.181183,
            -31.437304
          ],
          [
            -64.181227,
            -31.437215
          ],
          [
            -64.182275,
            -31.435222
          ],
          [
            -64.183347,
            -31.433231
          ],
          [
            -64.183391,
            -31.43313
          ],
          [
            -64.183416,
            -31.433064
          ],
          [
            -64.183433,
            -31.432979
          ],
          [
            -64.183464,
            -31.432825
          ],
          [
            -64.183492,
            -31.432724
          ],
          [
            -64.183489,
            -31.432677
          ],
          [
            -64.183495,
            -31.43262
          ],
          [
            -64.183511,
            -31.432569
          ],
          [
            -64.183535,
            -31.432501
          ],
          [
            -64.183559,
            -31.432455
          ],
          [
            -64.18359,
            -31.43241
          ],
          [
            -64.183617,
            -31.432382
          ],
          [
            -64.183652,
            -31.432354
          ],
          [
            -64.183684,
            -31.432341
          ],
          [
            -64.183921,
            -31.432102
          ],
          [
            -64.184009,
            -31.431992
          ],
          [
            -64.184068,
            -31.431892
          ],
          [
            -64.184142,
            -31.431752
          ],
          [
            -64.184189,
            -31.431637
          ],
          [
            -64.184228,
            -31.431497
          ],
          [
            -64.184246,
            -31.431357
          ],
          [
            -64.18425,
            -31.431247
          ],
          [
            -64.184247,
            -31.431158
          ],
          [
            -64.184219,
            -31.431005
          ],
          [
            -64.184176,
            -31.430833
          ],
          [
            -64.184122,
            -31.430619
          ],
          [
            -64.184064,
            -31.430391
          ],
          [
            -64.184046,
            -31.430283
          ],
          [
            -64.184039,
            -31.43016
          ],
          [
            -64.184053,
            -31.430021
          ],
          [
            -64.184084,
            -31.42987
          ],
          [
            -64.184119,
            -31.429751
          ],
          [
            -64.18416,
            -31.429639
          ],
          [
            -64.184389,
            -31.429162
          ],
          [
            -64.184486,
            -31.42895
          ],
          [
            -64.184531,
            -31.428823
          ],
          [
            -64.184574,
            -31.428688
          ],
          [
            -64.184593,
            -31.428498
          ],
          [
            -64.184597,
            -31.428466
          ],
          [
            -64.184597,
            -31.428295
          ],
          [
            -64.184584,
            -31.428142
          ],
          [
            -64.184586,
            -31.428003
          ],
          [
            -64.184583,
            -31.42789
          ],
          [
            -64.184574,
            -31.42781
          ],
          [
            -64.184497,
            -31.427531
          ],
          [
            -64.184138,
            -31.426736
          ],
          [
            -64.183868,
            -31.42612
          ],
          [
            -64.183698,
            -31.425727
          ],
          [
            -64.18366,
            -31.425634
          ],
          [
            -64.183634,
            -31.425568
          ],
          [
            -64.183584,
            -31.425459
          ],
          [
            -64.183377,
            -31.424998
          ],
          [
            -64.183133,
            -31.424414
          ],
          [
            -64.182911,
            -31.423881
          ],
          [
            -64.182874,
            -31.423795
          ],
          [
            -64.182631,
            -31.423252
          ],
          [
            -64.182244,
            -31.42231
          ],
          [
            -64.182096,
            -31.421946
          ],
          [
            -64.182055,
            -31.421848
          ],
          [
            -64.183332,
            -31.421513
          ],
          [
            -64.183646,
            -31.421431
          ],
          [
            -64.184303,
            -31.421259
          ],
          [
            -64.184705,
            -31.421154
          ],
          [
            -64.186053,
            -31.420801
          ],
          [
            -64.186264,
            -31.420749
          ],
          [
            -64.187394,
            -31.420469
          ],
          [
            -64.187439,
            -31.420456
          ],
          [
            -64.187877,
            -31.420332
          ],
          [
            -64.188038,
            -31.420286
          ],
          [
            -64.188169,
            -31.420245
          ],
          [
            -64.188208,
            -31.420233
          ],
          [
            -64.188297,
            -31.420206
          ],
          [
            -64.188431,
            -31.42015
          ],
          [
            -64.188553,
            -31.4201
          ],
          [
            -64.188617,
            -31.420073
          ],
          [
            -64.188664,
            -31.420053
          ],
          [
            -64.188709,
            -31.420032
          ],
          [
            -64.188708,
            -31.420086
          ],
          [
            -64.188709,
            -31.420103
          ]
        ]
      }
    },
    {
      "type": "Feature",
      "id": "route-cordoba-2026-08-29-v3-06",
      "properties": {
        "truckId": "vehicle-06",
        "waypointDistancesKm": [
          0,
          2.8362337939483306,
          3.3896917457246087,
          5.947418853637909,
          9.946790729355147,
          11.935307519003342,
          12.567688604240834,
          22.708979757028338
        ]
      },
      "geometry": {
        "type": "LineString",
        "coordinates": [
          [
            -64.188709,
            -31.420109
          ],
          [
            -64.18871,
            -31.420127
          ],
          [
            -64.188717,
            -31.420178
          ],
          [
            -64.188727,
            -31.42023
          ],
          [
            -64.188737,
            -31.420284
          ],
          [
            -64.188734,
            -31.420338
          ],
          [
            -64.188686,
            -31.420476
          ],
          [
            -64.188614,
            -31.420637
          ],
          [
            -64.188602,
            -31.420666
          ],
          [
            -64.188216,
            -31.421509
          ],
          [
            -64.188139,
            -31.421536
          ],
          [
            -64.187971,
            -31.421596
          ],
          [
            -64.187883,
            -31.421621
          ],
          [
            -64.186582,
            -31.422025
          ],
          [
            -64.185253,
            -31.422438
          ],
          [
            -64.184746,
            -31.421253
          ],
          [
            -64.184705,
            -31.421154
          ],
          [
            -64.186053,
            -31.420801
          ],
          [
            -64.186264,
            -31.420749
          ],
          [
            -64.187394,
            -31.420469
          ],
          [
            -64.187439,
            -31.420456
          ],
          [
            -64.187877,
            -31.420332
          ],
          [
            -64.188038,
            -31.420286
          ],
          [
            -64.188169,
            -31.420245
          ],
          [
            -64.188208,
            -31.420233
          ],
          [
            -64.188297,
            -31.420206
          ],
          [
            -64.188431,
            -31.42015
          ],
          [
            -64.188553,
            -31.4201
          ],
          [
            -64.188617,
            -31.420073
          ],
          [
            -64.188664,
            -31.420053
          ],
          [
            -64.188709,
            -31.420032
          ],
          [
            -64.188747,
            -31.420017
          ],
          [
            -64.188791,
            -31.420004
          ],
          [
            -64.188816,
            -31.419999
          ],
          [
            -64.188834,
            -31.419994
          ],
          [
            -64.188873,
            -31.419986
          ],
          [
            -64.188977,
            -31.419966
          ],
          [
            -64.18928,
            -31.419934
          ],
          [
            -64.189473,
            -31.419896
          ],
          [
            -64.189832,
            -31.419802
          ],
          [
            -64.189976,
            -31.419802
          ],
          [
            -64.190263,
            -31.419718
          ],
          [
            -64.191479,
            -31.419398
          ],
          [
            -64.19279,
            -31.419035
          ],
          [
            -64.194047,
            -31.418698
          ],
          [
            -64.195343,
            -31.418339
          ],
          [
            -64.195893,
            -31.418187
          ],
          [
            -64.196665,
            -31.417972
          ],
          [
            -64.197822,
            -31.417657
          ],
          [
            -64.197979,
            -31.417614
          ],
          [
            -64.198433,
            -31.417486
          ],
          [
            -64.198706,
            -31.4174
          ],
          [
            -64.199394,
            -31.417167
          ],
          [
            -64.199549,
            -31.41713
          ],
          [
            -64.200832,
            -31.416911
          ],
          [
            -64.201834,
            -31.416784
          ],
          [
            -64.202689,
            -31.416673
          ],
          [
            -64.203428,
            -31.416565
          ],
          [
            -64.203522,
            -31.416545
          ],
          [
            -64.203699,
            -31.416511
          ],
          [
            -64.204232,
            -31.416381
          ],
          [
            -64.205161,
            -31.416135
          ],
          [
            -64.205209,
            -31.416128
          ],
          [
            -64.205286,
            -31.416133
          ],
          [
            -64.205615,
            -31.41616
          ],
          [
            -64.206167,
            -31.416207
          ],
          [
            -64.206157,
            -31.416167
          ],
          [
            -64.206136,
            -31.416123
          ],
          [
            -64.205952,
            -31.415873
          ],
          [
            -64.205676,
            -31.415507
          ],
          [
            -64.205622,
            -31.415452
          ],
          [
            -64.205615,
            -31.415446
          ],
          [
            -64.205575,
            -31.415413
          ],
          [
            -64.205162,
            -31.415105
          ],
          [
            -64.204817,
            -31.415417
          ],
          [
            -64.205549,
            -31.416092
          ],
          [
            -64.205615,
            -31.41616
          ],
          [
            -64.205638,
            -31.416216
          ],
          [
            -64.205627,
            -31.416272
          ],
          [
            -64.205421,
            -31.416695
          ],
          [
            -64.20629,
            -31.417316
          ],
          [
            -64.206336,
            -31.417356
          ],
          [
            -64.206356,
            -31.417384
          ],
          [
            -64.206493,
            -31.417776
          ],
          [
            -64.206708,
            -31.418396
          ],
          [
            -64.206339,
            -31.418496
          ],
          [
            -64.20558,
            -31.418701
          ],
          [
            -64.204767,
            -31.418905
          ],
          [
            -64.204976,
            -31.419494
          ],
          [
            -64.205174,
            -31.420051
          ],
          [
            -64.205379,
            -31.420653
          ],
          [
            -64.205578,
            -31.421214
          ],
          [
            -64.205912,
            -31.422068
          ],
          [
            -64.206701,
            -31.421808
          ],
          [
            -64.20781,
            -31.421464
          ],
          [
            -64.208802,
            -31.421156
          ],
          [
            -64.210115,
            -31.420904
          ],
          [
            -64.211468,
            -31.420643
          ],
          [
            -64.211519,
            -31.420605
          ],
          [
            -64.211581,
            -31.420578
          ],
          [
            -64.211657,
            -31.420561
          ],
          [
            -64.211783,
            -31.420534
          ],
          [
            -64.211945,
            -31.420505
          ],
          [
            -64.212468,
            -31.4204
          ],
          [
            -64.212596,
            -31.420384
          ],
          [
            -64.21306,
            -31.420349
          ],
          [
            -64.213654,
            -31.420319
          ],
          [
            -64.214028,
            -31.420296
          ],
          [
            -64.214443,
            -31.42025
          ],
          [
            -64.214821,
            -31.42019
          ],
          [
            -64.215066,
            -31.42014
          ],
          [
            -64.215352,
            -31.420082
          ],
          [
            -64.215983,
            -31.419953
          ],
          [
            -64.216628,
            -31.41983
          ],
          [
            -64.21715,
            -31.419779
          ],
          [
            -64.217304,
            -31.419769
          ],
          [
            -64.217624,
            -31.41977
          ],
          [
            -64.218439,
            -31.419781
          ],
          [
            -64.219769,
            -31.419799
          ],
          [
            -64.220379,
            -31.419807
          ],
          [
            -64.221389,
            -31.419821
          ],
          [
            -64.221492,
            -31.419817
          ],
          [
            -64.221887,
            -31.419769
          ],
          [
            -64.221947,
            -31.419775
          ],
          [
            -64.222007,
            -31.419817
          ],
          [
            -64.222656,
            -31.419686
          ],
          [
            -64.223543,
            -31.419508
          ],
          [
            -64.223398,
            -31.418966
          ],
          [
            -64.223257,
            -31.418437
          ],
          [
            -64.223104,
            -31.417862
          ],
          [
            -64.224236,
            -31.417634
          ],
          [
            -64.224451,
            -31.417595
          ],
          [
            -64.225765,
            -31.417357
          ],
          [
            -64.226119,
            -31.417296
          ],
          [
            -64.225765,
            -31.417357
          ],
          [
            -64.224236,
            -31.417634
          ],
          [
            -64.224392,
            -31.418222
          ],
          [
            -64.224531,
            -31.418754
          ],
          [
            -64.224679,
            -31.419302
          ],
          [
            -64.225058,
            -31.41923
          ],
          [
            -64.226535,
            -31.418949
          ],
          [
            -64.22715,
            -31.418832
          ],
          [
            -64.228001,
            -31.418663
          ],
          [
            -64.228859,
            -31.418494
          ],
          [
            -64.229694,
            -31.418329
          ],
          [
            -64.230628,
            -31.418147
          ],
          [
            -64.231462,
            -31.417985
          ],
          [
            -64.232289,
            -31.417824
          ],
          [
            -64.23215,
            -31.417315
          ],
          [
            -64.232021,
            -31.416833
          ],
          [
            -64.231979,
            -31.416677
          ],
          [
            -64.231712,
            -31.415677
          ],
          [
            -64.231693,
            -31.415609
          ],
          [
            -64.231447,
            -31.414689
          ],
          [
            -64.231257,
            -31.41398
          ],
          [
            -64.23112,
            -31.413463
          ],
          [
            -64.230994,
            -31.412993
          ],
          [
            -64.230868,
            -31.41252
          ],
          [
            -64.231933,
            -31.412314
          ],
          [
            -64.232048,
            -31.412292
          ],
          [
            -64.232625,
            -31.41218
          ],
          [
            -64.233462,
            -31.412018
          ],
          [
            -64.234023,
            -31.41191
          ],
          [
            -64.234547,
            -31.411809
          ],
          [
            -64.235012,
            -31.411719
          ],
          [
            -64.235466,
            -31.411631
          ],
          [
            -64.235665,
            -31.411592
          ],
          [
            -64.236414,
            -31.411448
          ],
          [
            -64.236927,
            -31.411348
          ],
          [
            -64.236989,
            -31.411345
          ],
          [
            -64.237065,
            -31.41135
          ],
          [
            -64.237176,
            -31.411379
          ],
          [
            -64.238143,
            -31.411633
          ],
          [
            -64.238467,
            -31.411726
          ],
          [
            -64.23854,
            -31.411743
          ],
          [
            -64.238675,
            -31.411755
          ],
          [
            -64.239044,
            -31.411782
          ],
          [
            -64.23929,
            -31.411796
          ],
          [
            -64.239697,
            -31.411825
          ],
          [
            -64.239992,
            -31.411844
          ],
          [
            -64.240129,
            -31.411844
          ],
          [
            -64.241005,
            -31.4118
          ],
          [
            -64.2411,
            -31.411796
          ],
          [
            -64.241222,
            -31.411789
          ],
          [
            -64.24133,
            -31.411783
          ],
          [
            -64.241863,
            -31.411755
          ],
          [
            -64.242479,
            -31.411722
          ],
          [
            -64.242951,
            -31.41169
          ],
          [
            -64.243667,
            -31.411656
          ],
          [
            -64.244163,
            -31.411622
          ],
          [
            -64.244276,
            -31.411615
          ],
          [
            -64.244571,
            -31.411599
          ],
          [
            -64.244894,
            -31.41157
          ],
          [
            -64.24504,
            -31.411562
          ],
          [
            -64.245469,
            -31.411519
          ],
          [
            -64.245762,
            -31.411495
          ],
          [
            -64.246208,
            -31.411452
          ],
          [
            -64.246346,
            -31.41144
          ],
          [
            -64.246434,
            -31.411438
          ],
          [
            -64.246514,
            -31.411437
          ],
          [
            -64.246596,
            -31.411444
          ],
          [
            -64.246675,
            -31.411461
          ],
          [
            -64.246666,
            -31.41161
          ],
          [
            -64.246653,
            -31.411661
          ],
          [
            -64.246418,
            -31.412442
          ],
          [
            -64.246241,
            -31.413051
          ],
          [
            -64.245973,
            -31.413846
          ],
          [
            -64.245935,
            -31.413968
          ],
          [
            -64.245902,
            -31.414095
          ],
          [
            -64.245893,
            -31.414197
          ],
          [
            -64.245899,
            -31.41471
          ],
          [
            -64.246388,
            -31.414708
          ],
          [
            -64.246904,
            -31.414706
          ],
          [
            -64.247453,
            -31.414707
          ],
          [
            -64.248124,
            -31.414706
          ],
          [
            -64.248125,
            -31.414585
          ],
          [
            -64.24813,
            -31.413781
          ],
          [
            -64.248122,
            -31.413217
          ],
          [
            -64.248116,
            -31.412017
          ],
          [
            -64.248116,
            -31.411981
          ],
          [
            -64.248116,
            -31.411949
          ],
          [
            -64.248155,
            -31.411948
          ],
          [
            -64.248194,
            -31.411945
          ],
          [
            -64.24924,
            -31.41187
          ],
          [
            -64.249446,
            -31.411855
          ],
          [
            -64.250304,
            -31.411781
          ],
          [
            -64.250808,
            -31.411742
          ],
          [
            -64.250904,
            -31.411736
          ],
          [
            -64.251227,
            -31.411707
          ],
          [
            -64.251793,
            -31.411669
          ],
          [
            -64.252149,
            -31.411647
          ],
          [
            -64.252616,
            -31.411612
          ],
          [
            -64.25339,
            -31.411549
          ],
          [
            -64.253489,
            -31.411538
          ],
          [
            -64.253555,
            -31.411538
          ],
          [
            -64.254239,
            -31.411532
          ],
          [
            -64.255737,
            -31.411526
          ],
          [
            -64.256458,
            -31.411531
          ],
          [
            -64.256907,
            -31.411535
          ],
          [
            -64.25721,
            -31.411533
          ],
          [
            -64.25748,
            -31.411535
          ],
          [
            -64.257923,
            -31.411525
          ],
          [
            -64.258062,
            -31.411523
          ],
          [
            -64.258649,
            -31.411519
          ],
          [
            -64.259213,
            -31.411516
          ],
          [
            -64.259432,
            -31.411519
          ],
          [
            -64.260165,
            -31.411517
          ],
          [
            -64.260376,
            -31.41152
          ],
          [
            -64.260914,
            -31.411519
          ],
          [
            -64.260955,
            -31.41152
          ],
          [
            -64.26154,
            -31.411521
          ],
          [
            -64.261672,
            -31.411522
          ],
          [
            -64.261929,
            -31.411521
          ],
          [
            -64.262373,
            -31.411519
          ],
          [
            -64.263124,
            -31.411528
          ],
          [
            -64.263862,
            -31.411528
          ],
          [
            -64.264391,
            -31.411531
          ],
          [
            -64.264687,
            -31.411537
          ],
          [
            -64.26491,
            -31.411541
          ],
          [
            -64.265415,
            -31.411549
          ],
          [
            -64.265417,
            -31.411085
          ],
          [
            -64.265419,
            -31.41036
          ],
          [
            -64.265425,
            -31.409236
          ],
          [
            -64.265415,
            -31.408027
          ],
          [
            -64.265437,
            -31.406941
          ],
          [
            -64.264908,
            -31.40694
          ],
          [
            -64.264699,
            -31.406943
          ],
          [
            -64.264691,
            -31.407856
          ],
          [
            -64.264689,
            -31.408031
          ],
          [
            -64.264689,
            -31.409236
          ],
          [
            -64.264681,
            -31.410374
          ],
          [
            -64.264687,
            -31.411537
          ],
          [
            -64.264391,
            -31.411531
          ],
          [
            -64.263862,
            -31.411528
          ],
          [
            -64.263851,
            -31.412539
          ],
          [
            -64.263845,
            -31.41304
          ],
          [
            -64.263839,
            -31.413539
          ],
          [
            -64.263844,
            -31.414524
          ],
          [
            -64.263838,
            -31.415517
          ],
          [
            -64.263841,
            -31.41576
          ],
          [
            -64.263844,
            -31.416503
          ],
          [
            -64.263846,
            -31.4169
          ],
          [
            -64.263842,
            -31.417496
          ],
          [
            -64.26385,
            -31.418093
          ],
          [
            -64.263854,
            -31.41849
          ],
          [
            -64.263853,
            -31.419246
          ],
          [
            -64.263856,
            -31.419487
          ],
          [
            -64.263866,
            -31.420477
          ],
          [
            -64.261764,
            -31.420475
          ],
          [
            -64.26153,
            -31.420477
          ],
          [
            -64.260387,
            -31.420479
          ],
          [
            -64.259215,
            -31.42048
          ],
          [
            -64.258063,
            -31.420475
          ],
          [
            -64.256901,
            -31.420475
          ],
          [
            -64.256226,
            -31.420474
          ],
          [
            -64.255748,
            -31.420474
          ],
          [
            -64.253595,
            -31.420467
          ],
          [
            -64.253406,
            -31.420451
          ],
          [
            -64.25229,
            -31.420442
          ],
          [
            -64.25171,
            -31.420438
          ],
          [
            -64.251157,
            -31.420439
          ],
          [
            -64.250879,
            -31.42044
          ],
          [
            -64.25051,
            -31.420441
          ],
          [
            -64.249541,
            -31.420445
          ],
          [
            -64.249305,
            -31.420445
          ],
          [
            -64.248519,
            -31.420448
          ],
          [
            -64.248171,
            -31.420449
          ],
          [
            -64.248102,
            -31.420459
          ],
          [
            -64.247997,
            -31.420473
          ],
          [
            -64.247023,
            -31.420482
          ],
          [
            -64.246898,
            -31.420483
          ],
          [
            -64.245954,
            -31.420496
          ],
          [
            -64.244901,
            -31.420504
          ],
          [
            -64.243869,
            -31.420532
          ],
          [
            -64.243339,
            -31.42054
          ],
          [
            -64.242881,
            -31.420551
          ],
          [
            -64.242838,
            -31.420551
          ],
          [
            -64.241771,
            -31.420541
          ],
          [
            -64.240796,
            -31.42054
          ],
          [
            -64.240167,
            -31.420544
          ],
          [
            -64.240112,
            -31.420554
          ],
          [
            -64.239566,
            -31.420797
          ],
          [
            -64.239531,
            -31.420684
          ],
          [
            -64.239476,
            -31.420498
          ],
          [
            -64.23944,
            -31.420373
          ],
          [
            -64.239135,
            -31.420537
          ],
          [
            -64.23876,
            -31.420743
          ],
          [
            -64.238712,
            -31.420774
          ],
          [
            -64.23869,
            -31.420799
          ],
          [
            -64.238606,
            -31.420905
          ],
          [
            -64.238538,
            -31.421003
          ],
          [
            -64.238279,
            -31.421396
          ],
          [
            -64.237692,
            -31.422292
          ],
          [
            -64.237644,
            -31.42235
          ],
          [
            -64.237591,
            -31.4224
          ],
          [
            -64.237199,
            -31.422701
          ],
          [
            -64.237133,
            -31.422759
          ],
          [
            -64.237064,
            -31.422818
          ],
          [
            -64.236431,
            -31.423435
          ],
          [
            -64.236371,
            -31.42339
          ],
          [
            -64.235894,
            -31.422996
          ],
          [
            -64.235567,
            -31.422721
          ],
          [
            -64.2346,
            -31.422901
          ],
          [
            -64.234469,
            -31.422926
          ],
          [
            -64.233683,
            -31.423082
          ],
          [
            -64.232846,
            -31.42325
          ],
          [
            -64.23199,
            -31.423422
          ],
          [
            -64.231099,
            -31.4236
          ],
          [
            -64.230258,
            -31.42377
          ],
          [
            -64.229427,
            -31.423937
          ],
          [
            -64.228554,
            -31.424112
          ],
          [
            -64.227356,
            -31.424347
          ],
          [
            -64.226129,
            -31.424582
          ],
          [
            -64.225367,
            -31.424727
          ],
          [
            -64.224928,
            -31.424814
          ],
          [
            -64.224202,
            -31.424956
          ],
          [
            -64.223429,
            -31.425101
          ],
          [
            -64.222765,
            -31.425231
          ],
          [
            -64.221993,
            -31.425384
          ],
          [
            -64.221259,
            -31.425526
          ],
          [
            -64.220521,
            -31.425669
          ],
          [
            -64.219769,
            -31.425813
          ],
          [
            -64.219042,
            -31.425955
          ],
          [
            -64.218287,
            -31.426102
          ],
          [
            -64.217649,
            -31.426226
          ],
          [
            -64.217327,
            -31.426288
          ],
          [
            -64.217017,
            -31.426348
          ],
          [
            -64.216671,
            -31.426408
          ],
          [
            -64.216315,
            -31.426484
          ],
          [
            -64.2159,
            -31.426567
          ],
          [
            -64.215662,
            -31.426611
          ],
          [
            -64.215017,
            -31.426734
          ],
          [
            -64.213216,
            -31.427048
          ],
          [
            -64.213131,
            -31.427065
          ],
          [
            -64.212522,
            -31.427176
          ],
          [
            -64.212437,
            -31.427191
          ],
          [
            -64.212407,
            -31.427196
          ],
          [
            -64.212341,
            -31.427208
          ],
          [
            -64.211808,
            -31.427305
          ],
          [
            -64.211743,
            -31.427317
          ],
          [
            -64.211663,
            -31.427331
          ],
          [
            -64.211105,
            -31.427433
          ],
          [
            -64.211043,
            -31.427444
          ],
          [
            -64.210427,
            -31.42756
          ],
          [
            -64.210334,
            -31.427578
          ],
          [
            -64.210227,
            -31.427596
          ],
          [
            -64.208754,
            -31.427879
          ],
          [
            -64.208649,
            -31.427984
          ],
          [
            -64.208463,
            -31.427883
          ],
          [
            -64.208279,
            -31.427796
          ],
          [
            -64.208146,
            -31.427755
          ],
          [
            -64.208038,
            -31.427736
          ],
          [
            -64.207912,
            -31.427727
          ],
          [
            -64.207804,
            -31.427721
          ],
          [
            -64.207695,
            -31.427718
          ],
          [
            -64.207553,
            -31.427731
          ],
          [
            -64.207446,
            -31.427747
          ],
          [
            -64.207277,
            -31.427785
          ],
          [
            -64.206246,
            -31.428042
          ],
          [
            -64.20444,
            -31.428475
          ],
          [
            -64.204201,
            -31.428531
          ],
          [
            -64.204057,
            -31.42855
          ],
          [
            -64.203855,
            -31.428576
          ],
          [
            -64.203081,
            -31.428627
          ],
          [
            -64.202943,
            -31.428634
          ],
          [
            -64.202205,
            -31.428681
          ],
          [
            -64.201566,
            -31.428731
          ],
          [
            -64.201252,
            -31.428756
          ],
          [
            -64.200677,
            -31.428802
          ],
          [
            -64.200619,
            -31.428809
          ],
          [
            -64.200024,
            -31.428863
          ],
          [
            -64.199805,
            -31.428859
          ],
          [
            -64.199682,
            -31.428836
          ],
          [
            -64.198513,
            -31.428558
          ],
          [
            -64.197892,
            -31.428419
          ],
          [
            -64.197755,
            -31.428385
          ],
          [
            -64.19764,
            -31.428351
          ],
          [
            -64.197483,
            -31.428302
          ],
          [
            -64.197381,
            -31.42827
          ],
          [
            -64.197254,
            -31.428218
          ],
          [
            -64.196639,
            -31.42792
          ],
          [
            -64.195274,
            -31.427165
          ],
          [
            -64.194872,
            -31.427
          ],
          [
            -64.194509,
            -31.426863
          ],
          [
            -64.194478,
            -31.426787
          ],
          [
            -64.194469,
            -31.426766
          ],
          [
            -64.194257,
            -31.426227
          ],
          [
            -64.194255,
            -31.426221
          ],
          [
            -64.194239,
            -31.42618
          ],
          [
            -64.19422,
            -31.426133
          ],
          [
            -64.194217,
            -31.426124
          ],
          [
            -64.194076,
            -31.425803
          ],
          [
            -64.194072,
            -31.425793
          ],
          [
            -64.194044,
            -31.425728
          ],
          [
            -64.194016,
            -31.425659
          ],
          [
            -64.194012,
            -31.425649
          ],
          [
            -64.193799,
            -31.425129
          ],
          [
            -64.193794,
            -31.425118
          ],
          [
            -64.193764,
            -31.425045
          ],
          [
            -64.193737,
            -31.424979
          ],
          [
            -64.193732,
            -31.424969
          ],
          [
            -64.193303,
            -31.423935
          ],
          [
            -64.1933,
            -31.423927
          ],
          [
            -64.19328,
            -31.423877
          ],
          [
            -64.193257,
            -31.423821
          ],
          [
            -64.193252,
            -31.423808
          ],
          [
            -64.193046,
            -31.423323
          ],
          [
            -64.19301,
            -31.423229
          ],
          [
            -64.192822,
            -31.422835
          ],
          [
            -64.192817,
            -31.422826
          ],
          [
            -64.192787,
            -31.422763
          ],
          [
            -64.192763,
            -31.42271
          ],
          [
            -64.192758,
            -31.422699
          ],
          [
            -64.192698,
            -31.422564
          ],
          [
            -64.192573,
            -31.422383
          ],
          [
            -64.192455,
            -31.422273
          ],
          [
            -64.192403,
            -31.42223
          ],
          [
            -64.192332,
            -31.42218
          ],
          [
            -64.191757,
            -31.421847
          ],
          [
            -64.191748,
            -31.421842
          ],
          [
            -64.191681,
            -31.421802
          ],
          [
            -64.19163,
            -31.421772
          ],
          [
            -64.191615,
            -31.421762
          ],
          [
            -64.190716,
            -31.421211
          ],
          [
            -64.190627,
            -31.421142
          ],
          [
            -64.190514,
            -31.42103
          ],
          [
            -64.190452,
            -31.420938
          ],
          [
            -64.19044,
            -31.420922
          ],
          [
            -64.190435,
            -31.420913
          ],
          [
            -64.19041,
            -31.420877
          ],
          [
            -64.19039,
            -31.420832
          ],
          [
            -64.190385,
            -31.420821
          ],
          [
            -64.190038,
            -31.420001
          ],
          [
            -64.190031,
            -31.419983
          ],
          [
            -64.190007,
            -31.419899
          ],
          [
            -64.189976,
            -31.419802
          ],
          [
            -64.189956,
            -31.419714
          ],
          [
            -64.189951,
            -31.419695
          ],
          [
            -64.189855,
            -31.419325
          ],
          [
            -64.189817,
            -31.419043
          ],
          [
            -64.18966,
            -31.418461
          ],
          [
            -64.189595,
            -31.418267
          ],
          [
            -64.189097,
            -31.417094
          ],
          [
            -64.189089,
            -31.417076
          ],
          [
            -64.189049,
            -31.417087
          ],
          [
            -64.18777,
            -31.417441
          ],
          [
            -64.187673,
            -31.417469
          ],
          [
            -64.18769,
            -31.41751
          ],
          [
            -64.188184,
            -31.418665
          ],
          [
            -64.188568,
            -31.419564
          ],
          [
            -64.188701,
            -31.419841
          ],
          [
            -64.188713,
            -31.419861
          ],
          [
            -64.188728,
            -31.419891
          ],
          [
            -64.188735,
            -31.419927
          ],
          [
            -64.188737,
            -31.419959
          ],
          [
            -64.188733,
            -31.419976
          ],
          [
            -64.188728,
            -31.419991
          ],
          [
            -64.188709,
            -31.420032
          ],
          [
            -64.188708,
            -31.420086
          ],
          [
            -64.188709,
            -31.420103
          ]
        ]
      }
    },
    {
      "type": "Feature",
      "id": "route-cordoba-2026-08-29-v3-07",
      "properties": {
        "truckId": "vehicle-07",
        "waypointDistancesKm": [
          0,
          6.811550352168593,
          10.333288426171178,
          12.060096469056518,
          15.10264408374185,
          19.329032415110944,
          31.160339811263107,
          38.76544989455649
        ]
      },
      "geometry": {
        "type": "LineString",
        "coordinates": [
          [
            -64.188709,
            -31.420109
          ],
          [
            -64.18871,
            -31.420127
          ],
          [
            -64.188717,
            -31.420178
          ],
          [
            -64.188727,
            -31.42023
          ],
          [
            -64.188737,
            -31.420284
          ],
          [
            -64.188734,
            -31.420338
          ],
          [
            -64.188686,
            -31.420476
          ],
          [
            -64.188614,
            -31.420637
          ],
          [
            -64.188602,
            -31.420666
          ],
          [
            -64.188216,
            -31.421509
          ],
          [
            -64.188139,
            -31.421536
          ],
          [
            -64.187971,
            -31.421596
          ],
          [
            -64.187883,
            -31.421621
          ],
          [
            -64.186582,
            -31.422025
          ],
          [
            -64.187051,
            -31.423184
          ],
          [
            -64.187348,
            -31.423089
          ],
          [
            -64.187455,
            -31.423057
          ],
          [
            -64.18837,
            -31.422766
          ],
          [
            -64.189743,
            -31.422336
          ],
          [
            -64.191026,
            -31.421953
          ],
          [
            -64.190613,
            -31.421516
          ],
          [
            -64.190113,
            -31.421069
          ],
          [
            -64.190082,
            -31.420974
          ],
          [
            -64.19,
            -31.420834
          ],
          [
            -64.189978,
            -31.420712
          ],
          [
            -64.18997,
            -31.420554
          ],
          [
            -64.189962,
            -31.420073
          ],
          [
            -64.189978,
            -31.419996
          ],
          [
            -64.190007,
            -31.419899
          ],
          [
            -64.189976,
            -31.419802
          ],
          [
            -64.189956,
            -31.419714
          ],
          [
            -64.189951,
            -31.419695
          ],
          [
            -64.189855,
            -31.419325
          ],
          [
            -64.189817,
            -31.419043
          ],
          [
            -64.189817,
            -31.418845
          ],
          [
            -64.189827,
            -31.418696
          ],
          [
            -64.189856,
            -31.418532
          ],
          [
            -64.189885,
            -31.418373
          ],
          [
            -64.189918,
            -31.418231
          ],
          [
            -64.18992,
            -31.418223
          ],
          [
            -64.189931,
            -31.418171
          ],
          [
            -64.189955,
            -31.418097
          ],
          [
            -64.189959,
            -31.418085
          ],
          [
            -64.190416,
            -31.416687
          ],
          [
            -64.190422,
            -31.416663
          ],
          [
            -64.190453,
            -31.416566
          ],
          [
            -64.190822,
            -31.41525
          ],
          [
            -64.191018,
            -31.414692
          ],
          [
            -64.190728,
            -31.414015
          ],
          [
            -64.190641,
            -31.413793
          ],
          [
            -64.190513,
            -31.413467
          ],
          [
            -64.190506,
            -31.413448
          ],
          [
            -64.190302,
            -31.412929
          ],
          [
            -64.190294,
            -31.412909
          ],
          [
            -64.190081,
            -31.412365
          ],
          [
            -64.190027,
            -31.412229
          ],
          [
            -64.189801,
            -31.411651
          ],
          [
            -64.189773,
            -31.411576
          ],
          [
            -64.189392,
            -31.410554
          ],
          [
            -64.189004,
            -31.409416
          ],
          [
            -64.188509,
            -31.408133
          ],
          [
            -64.188397,
            -31.407846
          ],
          [
            -64.188295,
            -31.40759
          ],
          [
            -64.188209,
            -31.407376
          ],
          [
            -64.188164,
            -31.407265
          ],
          [
            -64.188152,
            -31.407231
          ],
          [
            -64.188132,
            -31.40717
          ],
          [
            -64.188096,
            -31.407062
          ],
          [
            -64.18802,
            -31.406838
          ],
          [
            -64.188,
            -31.406773
          ],
          [
            -64.187791,
            -31.406
          ],
          [
            -64.187758,
            -31.405879
          ],
          [
            -64.187743,
            -31.40565
          ],
          [
            -64.187738,
            -31.405576
          ],
          [
            -64.18773,
            -31.40551
          ],
          [
            -64.187711,
            -31.405367
          ],
          [
            -64.187608,
            -31.404405
          ],
          [
            -64.187525,
            -31.403846
          ],
          [
            -64.187686,
            -31.403795
          ],
          [
            -64.188245,
            -31.403593
          ],
          [
            -64.18844,
            -31.403519
          ],
          [
            -64.188709,
            -31.403416
          ],
          [
            -64.189095,
            -31.403251
          ],
          [
            -64.189528,
            -31.403057
          ],
          [
            -64.189869,
            -31.402884
          ],
          [
            -64.190352,
            -31.402598
          ],
          [
            -64.190856,
            -31.402279
          ],
          [
            -64.190986,
            -31.402193
          ],
          [
            -64.191298,
            -31.401926
          ],
          [
            -64.19138,
            -31.40185
          ],
          [
            -64.191684,
            -31.401542
          ],
          [
            -64.191995,
            -31.401193
          ],
          [
            -64.192371,
            -31.400703
          ],
          [
            -64.192738,
            -31.400168
          ],
          [
            -64.192912,
            -31.399907
          ],
          [
            -64.192972,
            -31.39981
          ],
          [
            -64.193137,
            -31.399447
          ],
          [
            -64.193286,
            -31.399076
          ],
          [
            -64.19336,
            -31.398851
          ],
          [
            -64.193454,
            -31.398607
          ],
          [
            -64.19352,
            -31.398401
          ],
          [
            -64.193579,
            -31.398183
          ],
          [
            -64.193625,
            -31.397981
          ],
          [
            -64.193658,
            -31.397814
          ],
          [
            -64.193705,
            -31.397374
          ],
          [
            -64.193729,
            -31.39694
          ],
          [
            -64.193728,
            -31.3967
          ],
          [
            -64.193725,
            -31.396515
          ],
          [
            -64.193697,
            -31.396222
          ],
          [
            -64.193666,
            -31.395888
          ],
          [
            -64.193649,
            -31.395769
          ],
          [
            -64.193612,
            -31.395612
          ],
          [
            -64.193737,
            -31.395603
          ],
          [
            -64.193777,
            -31.395605
          ],
          [
            -64.193817,
            -31.395615
          ],
          [
            -64.194438,
            -31.395897
          ],
          [
            -64.194968,
            -31.396174
          ],
          [
            -64.195463,
            -31.3964
          ],
          [
            -64.196013,
            -31.39667
          ],
          [
            -64.196493,
            -31.396903
          ],
          [
            -64.197525,
            -31.397395
          ],
          [
            -64.197836,
            -31.397542
          ],
          [
            -64.198683,
            -31.397944
          ],
          [
            -64.198883,
            -31.397747
          ],
          [
            -64.199489,
            -31.397212
          ],
          [
            -64.200351,
            -31.396457
          ],
          [
            -64.200899,
            -31.395958
          ],
          [
            -64.201004,
            -31.395856
          ],
          [
            -64.201091,
            -31.395754
          ],
          [
            -64.201159,
            -31.395686
          ],
          [
            -64.201211,
            -31.395608
          ],
          [
            -64.201247,
            -31.395552
          ],
          [
            -64.201331,
            -31.395419
          ],
          [
            -64.201799,
            -31.394593
          ],
          [
            -64.202577,
            -31.393181
          ],
          [
            -64.20271,
            -31.392944
          ],
          [
            -64.202737,
            -31.392895
          ],
          [
            -64.202783,
            -31.392811
          ],
          [
            -64.202969,
            -31.392469
          ],
          [
            -64.203074,
            -31.392275
          ],
          [
            -64.203397,
            -31.391672
          ],
          [
            -64.203703,
            -31.391098
          ],
          [
            -64.2037,
            -31.390995
          ],
          [
            -64.203696,
            -31.39092
          ],
          [
            -64.203691,
            -31.390898
          ],
          [
            -64.203674,
            -31.390821
          ],
          [
            -64.203732,
            -31.39076
          ],
          [
            -64.203818,
            -31.390696
          ],
          [
            -64.204073,
            -31.390588
          ],
          [
            -64.204262,
            -31.390542
          ],
          [
            -64.204655,
            -31.390417
          ],
          [
            -64.20492,
            -31.390338
          ],
          [
            -64.205798,
            -31.390053
          ],
          [
            -64.206182,
            -31.389931
          ],
          [
            -64.206794,
            -31.389736
          ],
          [
            -64.207015,
            -31.389666
          ],
          [
            -64.20746,
            -31.389525
          ],
          [
            -64.208122,
            -31.389314
          ],
          [
            -64.20877,
            -31.389108
          ],
          [
            -64.209714,
            -31.388813
          ],
          [
            -64.210047,
            -31.388712
          ],
          [
            -64.210587,
            -31.388547
          ],
          [
            -64.211338,
            -31.388313
          ],
          [
            -64.212616,
            -31.387893
          ],
          [
            -64.213892,
            -31.387491
          ],
          [
            -64.214548,
            -31.387272
          ],
          [
            -64.215045,
            -31.387108
          ],
          [
            -64.215168,
            -31.387067
          ],
          [
            -64.215832,
            -31.386854
          ],
          [
            -64.216462,
            -31.386653
          ],
          [
            -64.217736,
            -31.386245
          ],
          [
            -64.218049,
            -31.386145
          ],
          [
            -64.2182,
            -31.386071
          ],
          [
            -64.21893,
            -31.385815
          ],
          [
            -64.219055,
            -31.385819
          ],
          [
            -64.219268,
            -31.385642
          ],
          [
            -64.219465,
            -31.3855
          ],
          [
            -64.21995,
            -31.385093
          ],
          [
            -64.220121,
            -31.384959
          ],
          [
            -64.221205,
            -31.384115
          ],
          [
            -64.221414,
            -31.383953
          ],
          [
            -64.22146,
            -31.383918
          ],
          [
            -64.221651,
            -31.383771
          ],
          [
            -64.221951,
            -31.383551
          ],
          [
            -64.222326,
            -31.383295
          ],
          [
            -64.222418,
            -31.383233
          ],
          [
            -64.22253,
            -31.383155
          ],
          [
            -64.223075,
            -31.38281
          ],
          [
            -64.223306,
            -31.382627
          ],
          [
            -64.223375,
            -31.382552
          ],
          [
            -64.223434,
            -31.382476
          ],
          [
            -64.223475,
            -31.382414
          ],
          [
            -64.223528,
            -31.382309
          ],
          [
            -64.223552,
            -31.38225
          ],
          [
            -64.223574,
            -31.382182
          ],
          [
            -64.223594,
            -31.382105
          ],
          [
            -64.223621,
            -31.381974
          ],
          [
            -64.223644,
            -31.381773
          ],
          [
            -64.223642,
            -31.381678
          ],
          [
            -64.223629,
            -31.381595
          ],
          [
            -64.223604,
            -31.381521
          ],
          [
            -64.223564,
            -31.381438
          ],
          [
            -64.223521,
            -31.381362
          ],
          [
            -64.223469,
            -31.381274
          ],
          [
            -64.223385,
            -31.381166
          ],
          [
            -64.223159,
            -31.380895
          ],
          [
            -64.223107,
            -31.380821
          ],
          [
            -64.22307,
            -31.380755
          ],
          [
            -64.223044,
            -31.380698
          ],
          [
            -64.223032,
            -31.380655
          ],
          [
            -64.22302,
            -31.380599
          ],
          [
            -64.223004,
            -31.380488
          ],
          [
            -64.222997,
            -31.380344
          ],
          [
            -64.223002,
            -31.380257
          ],
          [
            -64.223018,
            -31.380141
          ],
          [
            -64.223044,
            -31.380049
          ],
          [
            -64.222878,
            -31.379263
          ],
          [
            -64.22269,
            -31.37837
          ],
          [
            -64.223322,
            -31.378255
          ],
          [
            -64.223143,
            -31.37744
          ],
          [
            -64.223083,
            -31.377162
          ],
          [
            -64.222874,
            -31.376275
          ],
          [
            -64.22266,
            -31.375317
          ],
          [
            -64.222446,
            -31.374354
          ],
          [
            -64.222431,
            -31.374287
          ],
          [
            -64.222177,
            -31.373188
          ],
          [
            -64.222048,
            -31.372628
          ],
          [
            -64.221904,
            -31.371936
          ],
          [
            -64.221861,
            -31.371738
          ],
          [
            -64.221778,
            -31.371378
          ],
          [
            -64.221729,
            -31.371163
          ],
          [
            -64.221662,
            -31.370874
          ],
          [
            -64.221526,
            -31.370372
          ],
          [
            -64.221492,
            -31.370226
          ],
          [
            -64.221458,
            -31.370065
          ],
          [
            -64.221354,
            -31.369563
          ],
          [
            -64.221257,
            -31.369105
          ],
          [
            -64.22123,
            -31.369
          ],
          [
            -64.221109,
            -31.368789
          ],
          [
            -64.221088,
            -31.368736
          ],
          [
            -64.220987,
            -31.368335
          ],
          [
            -64.220958,
            -31.368226
          ],
          [
            -64.220944,
            -31.368155
          ],
          [
            -64.220905,
            -31.368003
          ],
          [
            -64.220877,
            -31.367863
          ],
          [
            -64.220768,
            -31.367314
          ],
          [
            -64.220602,
            -31.366557
          ],
          [
            -64.220568,
            -31.366375
          ],
          [
            -64.220556,
            -31.366323
          ],
          [
            -64.220543,
            -31.366282
          ],
          [
            -64.22053,
            -31.366243
          ],
          [
            -64.220512,
            -31.366208
          ],
          [
            -64.220489,
            -31.366173
          ],
          [
            -64.220465,
            -31.366143
          ],
          [
            -64.220433,
            -31.366103
          ],
          [
            -64.220395,
            -31.366053
          ],
          [
            -64.220374,
            -31.366037
          ],
          [
            -64.220356,
            -31.36602
          ],
          [
            -64.220341,
            -31.366
          ],
          [
            -64.220328,
            -31.365979
          ],
          [
            -64.220317,
            -31.365957
          ],
          [
            -64.22031,
            -31.365935
          ],
          [
            -64.220306,
            -31.365911
          ],
          [
            -64.220304,
            -31.365888
          ],
          [
            -64.220306,
            -31.365864
          ],
          [
            -64.220311,
            -31.365841
          ],
          [
            -64.220318,
            -31.365818
          ],
          [
            -64.220329,
            -31.365797
          ],
          [
            -64.220342,
            -31.365776
          ],
          [
            -64.220367,
            -31.365715
          ],
          [
            -64.220381,
            -31.365675
          ],
          [
            -64.22039,
            -31.365641
          ],
          [
            -64.220395,
            -31.365612
          ],
          [
            -64.220395,
            -31.365591
          ],
          [
            -64.220389,
            -31.365564
          ],
          [
            -64.220378,
            -31.365531
          ],
          [
            -64.220232,
            -31.365193
          ],
          [
            -64.220181,
            -31.365066
          ],
          [
            -64.220168,
            -31.365039
          ],
          [
            -64.220158,
            -31.365024
          ],
          [
            -64.220146,
            -31.36501
          ],
          [
            -64.220128,
            -31.364997
          ],
          [
            -64.220103,
            -31.364979
          ],
          [
            -64.220076,
            -31.364962
          ],
          [
            -64.220049,
            -31.364953
          ],
          [
            -64.219996,
            -31.364949
          ],
          [
            -64.219964,
            -31.364951
          ],
          [
            -64.219922,
            -31.364954
          ],
          [
            -64.219878,
            -31.364959
          ],
          [
            -64.219793,
            -31.364977
          ],
          [
            -64.219708,
            -31.365006
          ],
          [
            -64.219634,
            -31.365039
          ],
          [
            -64.219298,
            -31.365257
          ],
          [
            -64.219056,
            -31.365426
          ],
          [
            -64.218921,
            -31.365516
          ],
          [
            -64.218741,
            -31.365651
          ],
          [
            -64.218645,
            -31.365681
          ],
          [
            -64.218585,
            -31.365694
          ],
          [
            -64.218537,
            -31.365704
          ],
          [
            -64.218454,
            -31.365716
          ],
          [
            -64.218421,
            -31.365721
          ],
          [
            -64.218376,
            -31.365723
          ],
          [
            -64.218335,
            -31.365723
          ],
          [
            -64.218309,
            -31.365726
          ],
          [
            -64.218282,
            -31.36573
          ],
          [
            -64.218256,
            -31.365735
          ],
          [
            -64.218211,
            -31.365747
          ],
          [
            -64.218185,
            -31.365768
          ],
          [
            -64.218157,
            -31.365786
          ],
          [
            -64.218127,
            -31.365801
          ],
          [
            -64.218094,
            -31.365813
          ],
          [
            -64.21806,
            -31.365821
          ],
          [
            -64.218025,
            -31.365826
          ],
          [
            -64.217989,
            -31.365826
          ],
          [
            -64.217954,
            -31.365823
          ],
          [
            -64.217919,
            -31.365816
          ],
          [
            -64.217894,
            -31.365809
          ],
          [
            -64.217843,
            -31.36579
          ],
          [
            -64.21781,
            -31.365763
          ],
          [
            -64.21779,
            -31.365746
          ],
          [
            -64.21776,
            -31.365712
          ],
          [
            -64.21775,
            -31.365697
          ],
          [
            -64.217734,
            -31.365665
          ],
          [
            -64.217723,
            -31.36563
          ],
          [
            -64.217718,
            -31.365595
          ],
          [
            -64.217719,
            -31.36556
          ],
          [
            -64.217726,
            -31.365525
          ],
          [
            -64.217739,
            -31.365492
          ],
          [
            -64.217758,
            -31.36546
          ],
          [
            -64.217772,
            -31.365347
          ],
          [
            -64.217771,
            -31.365302
          ],
          [
            -64.217761,
            -31.365262
          ],
          [
            -64.217737,
            -31.3652
          ],
          [
            -64.217663,
            -31.365026
          ],
          [
            -64.217581,
            -31.364899
          ],
          [
            -64.217559,
            -31.364866
          ],
          [
            -64.217453,
            -31.364812
          ],
          [
            -64.217323,
            -31.364787
          ],
          [
            -64.217119,
            -31.364644
          ],
          [
            -64.217029,
            -31.3645
          ],
          [
            -64.216995,
            -31.36434
          ],
          [
            -64.216973,
            -31.364198
          ],
          [
            -64.217376,
            -31.364135
          ],
          [
            -64.217839,
            -31.364062
          ],
          [
            -64.217941,
            -31.364049
          ],
          [
            -64.217951,
            -31.364194
          ],
          [
            -64.217903,
            -31.364357
          ],
          [
            -64.217843,
            -31.364521
          ],
          [
            -64.217905,
            -31.364806
          ],
          [
            -64.21792,
            -31.364915
          ],
          [
            -64.21796,
            -31.365172
          ],
          [
            -64.217967,
            -31.365236
          ],
          [
            -64.217986,
            -31.365286
          ],
          [
            -64.218021,
            -31.365344
          ],
          [
            -64.218058,
            -31.365348
          ],
          [
            -64.218093,
            -31.365356
          ],
          [
            -64.218126,
            -31.365368
          ],
          [
            -64.218158,
            -31.365384
          ],
          [
            -64.218187,
            -31.365403
          ],
          [
            -64.21822,
            -31.365433
          ],
          [
            -64.218241,
            -31.365457
          ],
          [
            -64.21826,
            -31.365491
          ],
          [
            -64.218282,
            -31.365533
          ],
          [
            -64.218307,
            -31.365546
          ],
          [
            -64.218331,
            -31.365557
          ],
          [
            -64.218351,
            -31.365568
          ],
          [
            -64.218373,
            -31.365577
          ],
          [
            -64.218394,
            -31.365581
          ],
          [
            -64.218444,
            -31.365586
          ],
          [
            -64.218488,
            -31.365587
          ],
          [
            -64.218524,
            -31.365585
          ],
          [
            -64.218558,
            -31.36558
          ],
          [
            -64.218587,
            -31.365573
          ],
          [
            -64.218613,
            -31.365564
          ],
          [
            -64.218647,
            -31.365551
          ],
          [
            -64.218676,
            -31.365537
          ],
          [
            -64.218715,
            -31.365511
          ],
          [
            -64.219379,
            -31.365084
          ],
          [
            -64.219747,
            -31.364871
          ],
          [
            -64.219779,
            -31.36485
          ],
          [
            -64.219807,
            -31.364829
          ],
          [
            -64.219833,
            -31.364806
          ],
          [
            -64.219862,
            -31.364775
          ],
          [
            -64.219889,
            -31.364739
          ],
          [
            -64.21995,
            -31.364667
          ],
          [
            -64.219973,
            -31.364641
          ],
          [
            -64.220002,
            -31.364618
          ],
          [
            -64.220035,
            -31.364599
          ],
          [
            -64.22007,
            -31.364586
          ],
          [
            -64.220108,
            -31.364577
          ],
          [
            -64.220149,
            -31.364575
          ],
          [
            -64.22019,
            -31.364578
          ],
          [
            -64.22023,
            -31.364588
          ],
          [
            -64.220267,
            -31.364604
          ],
          [
            -64.2203,
            -31.364624
          ],
          [
            -64.220328,
            -31.36465
          ],
          [
            -64.220351,
            -31.364679
          ],
          [
            -64.220367,
            -31.364712
          ],
          [
            -64.220376,
            -31.364746
          ],
          [
            -64.220379,
            -31.364775
          ],
          [
            -64.220376,
            -31.364804
          ],
          [
            -64.220368,
            -31.364833
          ],
          [
            -64.220355,
            -31.36486
          ],
          [
            -64.22035,
            -31.364893
          ],
          [
            -64.220346,
            -31.364922
          ],
          [
            -64.220342,
            -31.364958
          ],
          [
            -64.220335,
            -31.365014
          ],
          [
            -64.22033,
            -31.36508
          ],
          [
            -64.220328,
            -31.365117
          ],
          [
            -64.220328,
            -31.365146
          ],
          [
            -64.220331,
            -31.365169
          ],
          [
            -64.220337,
            -31.365196
          ],
          [
            -64.220344,
            -31.365215
          ],
          [
            -64.220431,
            -31.365435
          ],
          [
            -64.220487,
            -31.365553
          ],
          [
            -64.220505,
            -31.365576
          ],
          [
            -64.220524,
            -31.365594
          ],
          [
            -64.220551,
            -31.365615
          ],
          [
            -64.22058,
            -31.365638
          ],
          [
            -64.220603,
            -31.365653
          ],
          [
            -64.220642,
            -31.365679
          ],
          [
            -64.220685,
            -31.365707
          ],
          [
            -64.220711,
            -31.365723
          ],
          [
            -64.220768,
            -31.365746
          ],
          [
            -64.220809,
            -31.365758
          ],
          [
            -64.220846,
            -31.365765
          ],
          [
            -64.220895,
            -31.365769
          ],
          [
            -64.220937,
            -31.365771
          ],
          [
            -64.220987,
            -31.365769
          ],
          [
            -64.221052,
            -31.365762
          ],
          [
            -64.221096,
            -31.365753
          ],
          [
            -64.221415,
            -31.365628
          ],
          [
            -64.221698,
            -31.365507
          ],
          [
            -64.221781,
            -31.365471
          ],
          [
            -64.222115,
            -31.365326
          ],
          [
            -64.222153,
            -31.365311
          ],
          [
            -64.222213,
            -31.365293
          ],
          [
            -64.222392,
            -31.365245
          ],
          [
            -64.22243,
            -31.365231
          ],
          [
            -64.222949,
            -31.365022
          ],
          [
            -64.223849,
            -31.364633
          ],
          [
            -64.223936,
            -31.364596
          ],
          [
            -64.224392,
            -31.364399
          ],
          [
            -64.225121,
            -31.364079
          ],
          [
            -64.225247,
            -31.364027
          ],
          [
            -64.226246,
            -31.363598
          ],
          [
            -64.226479,
            -31.363492
          ],
          [
            -64.227283,
            -31.363139
          ],
          [
            -64.227624,
            -31.362989
          ],
          [
            -64.227866,
            -31.362883
          ],
          [
            -64.22846,
            -31.362622
          ],
          [
            -64.228823,
            -31.362463
          ],
          [
            -64.229221,
            -31.362288
          ],
          [
            -64.230007,
            -31.361943
          ],
          [
            -64.230194,
            -31.361861
          ],
          [
            -64.23027,
            -31.361828
          ],
          [
            -64.230304,
            -31.361813
          ],
          [
            -64.230706,
            -31.361637
          ],
          [
            -64.23123,
            -31.361407
          ],
          [
            -64.231275,
            -31.361389
          ],
          [
            -64.23147,
            -31.36131
          ],
          [
            -64.232154,
            -31.361019
          ],
          [
            -64.232709,
            -31.360772
          ],
          [
            -64.233498,
            -31.360432
          ],
          [
            -64.233795,
            -31.360308
          ],
          [
            -64.234109,
            -31.360182
          ],
          [
            -64.234959,
            -31.359803
          ],
          [
            -64.235134,
            -31.359727
          ],
          [
            -64.235765,
            -31.359455
          ],
          [
            -64.236398,
            -31.359179
          ],
          [
            -64.237331,
            -31.358773
          ],
          [
            -64.237777,
            -31.35858
          ],
          [
            -64.238365,
            -31.358325
          ],
          [
            -64.238437,
            -31.358293
          ],
          [
            -64.238497,
            -31.358267
          ],
          [
            -64.238636,
            -31.358206
          ],
          [
            -64.238726,
            -31.358166
          ],
          [
            -64.239129,
            -31.358003
          ],
          [
            -64.239201,
            -31.357977
          ],
          [
            -64.239291,
            -31.357938
          ],
          [
            -64.239372,
            -31.357917
          ],
          [
            -64.239553,
            -31.357884
          ],
          [
            -64.239638,
            -31.357862
          ],
          [
            -64.239644,
            -31.357851
          ],
          [
            -64.239662,
            -31.357823
          ],
          [
            -64.239682,
            -31.357798
          ],
          [
            -64.239721,
            -31.357762
          ],
          [
            -64.239765,
            -31.357732
          ],
          [
            -64.239813,
            -31.357709
          ],
          [
            -64.239861,
            -31.357689
          ],
          [
            -64.239908,
            -31.357675
          ],
          [
            -64.239964,
            -31.357668
          ],
          [
            -64.240024,
            -31.357665
          ],
          [
            -64.24008,
            -31.357669
          ],
          [
            -64.240149,
            -31.357684
          ],
          [
            -64.240196,
            -31.357705
          ],
          [
            -64.24024,
            -31.35773
          ],
          [
            -64.240298,
            -31.357745
          ],
          [
            -64.240344,
            -31.357755
          ],
          [
            -64.240391,
            -31.357755
          ],
          [
            -64.240436,
            -31.357751
          ],
          [
            -64.240479,
            -31.357742
          ],
          [
            -64.240531,
            -31.357724
          ],
          [
            -64.240575,
            -31.35769
          ],
          [
            -64.240636,
            -31.35763
          ],
          [
            -64.240701,
            -31.357562
          ],
          [
            -64.24074,
            -31.357526
          ],
          [
            -64.240936,
            -31.357344
          ],
          [
            -64.241168,
            -31.357126
          ],
          [
            -64.241282,
            -31.357022
          ],
          [
            -64.241553,
            -31.356776
          ],
          [
            -64.241793,
            -31.356556
          ],
          [
            -64.241936,
            -31.35644
          ],
          [
            -64.242053,
            -31.356366
          ],
          [
            -64.242193,
            -31.356281
          ],
          [
            -64.242498,
            -31.35598
          ],
          [
            -64.242602,
            -31.355881
          ],
          [
            -64.243028,
            -31.355483
          ],
          [
            -64.243639,
            -31.354913
          ],
          [
            -64.243695,
            -31.354861
          ],
          [
            -64.243815,
            -31.354757
          ],
          [
            -64.243957,
            -31.354618
          ],
          [
            -64.244344,
            -31.354252
          ],
          [
            -64.244773,
            -31.353851
          ],
          [
            -64.245078,
            -31.353564
          ],
          [
            -64.245382,
            -31.353279
          ],
          [
            -64.246053,
            -31.352663
          ],
          [
            -64.246399,
            -31.352336
          ],
          [
            -64.246677,
            -31.352081
          ],
          [
            -64.246823,
            -31.351945
          ],
          [
            -64.246927,
            -31.351849
          ],
          [
            -64.247033,
            -31.351737
          ],
          [
            -64.247125,
            -31.351641
          ],
          [
            -64.247283,
            -31.351471
          ],
          [
            -64.247344,
            -31.3514
          ],
          [
            -64.247425,
            -31.351304
          ],
          [
            -64.247365,
            -31.351238
          ],
          [
            -64.246983,
            -31.35082
          ],
          [
            -64.246826,
            -31.350633
          ],
          [
            -64.246629,
            -31.350405
          ],
          [
            -64.2462,
            -31.349902
          ],
          [
            -64.245509,
            -31.349106
          ],
          [
            -64.245235,
            -31.348789
          ],
          [
            -64.244353,
            -31.347762
          ],
          [
            -64.244272,
            -31.347672
          ],
          [
            -64.244226,
            -31.347617
          ],
          [
            -64.24417,
            -31.34755
          ],
          [
            -64.244106,
            -31.347477
          ],
          [
            -64.243032,
            -31.346319
          ],
          [
            -64.242521,
            -31.345794
          ],
          [
            -64.241951,
            -31.345192
          ],
          [
            -64.241217,
            -31.345743
          ],
          [
            -64.241069,
            -31.345854
          ],
          [
            -64.241074,
            -31.345445
          ],
          [
            -64.241068,
            -31.344982
          ],
          [
            -64.24107,
            -31.344746
          ],
          [
            -64.241075,
            -31.343898
          ],
          [
            -64.240394,
            -31.343898
          ],
          [
            -64.240396,
            -31.343353
          ],
          [
            -64.240969,
            -31.343359
          ],
          [
            -64.241929,
            -31.343361
          ],
          [
            -64.242514,
            -31.343358
          ],
          [
            -64.243472,
            -31.343355
          ],
          [
            -64.244313,
            -31.343353
          ],
          [
            -64.244458,
            -31.343351
          ],
          [
            -64.24601,
            -31.343345
          ],
          [
            -64.246095,
            -31.343345
          ],
          [
            -64.246373,
            -31.343344
          ],
          [
            -64.246476,
            -31.343333
          ],
          [
            -64.246608,
            -31.34332
          ],
          [
            -64.246727,
            -31.3433
          ],
          [
            -64.246852,
            -31.343265
          ],
          [
            -64.246954,
            -31.343238
          ],
          [
            -64.246983,
            -31.343228
          ],
          [
            -64.248146,
            -31.342829
          ],
          [
            -64.248204,
            -31.342806
          ],
          [
            -64.249353,
            -31.34236
          ],
          [
            -64.250068,
            -31.342084
          ],
          [
            -64.250481,
            -31.341924
          ],
          [
            -64.250816,
            -31.341798
          ],
          [
            -64.251329,
            -31.341611
          ],
          [
            -64.251828,
            -31.341411
          ],
          [
            -64.2522,
            -31.34126
          ],
          [
            -64.253017,
            -31.340945
          ],
          [
            -64.253345,
            -31.340818
          ],
          [
            -64.254097,
            -31.340527
          ],
          [
            -64.254753,
            -31.340269
          ],
          [
            -64.255112,
            -31.340126
          ],
          [
            -64.255418,
            -31.339941
          ],
          [
            -64.255487,
            -31.339854
          ],
          [
            -64.255529,
            -31.339778
          ],
          [
            -64.25555,
            -31.339679
          ],
          [
            -64.255535,
            -31.339637
          ],
          [
            -64.255532,
            -31.339593
          ],
          [
            -64.255539,
            -31.339549
          ],
          [
            -64.255558,
            -31.339508
          ],
          [
            -64.255587,
            -31.339471
          ],
          [
            -64.25561,
            -31.339452
          ],
          [
            -64.255636,
            -31.339435
          ],
          [
            -64.255664,
            -31.339421
          ],
          [
            -64.255694,
            -31.339411
          ],
          [
            -64.25573,
            -31.339404
          ],
          [
            -64.255766,
            -31.339402
          ],
          [
            -64.255803,
            -31.339405
          ],
          [
            -64.255838,
            -31.339413
          ],
          [
            -64.255872,
            -31.339425
          ],
          [
            -64.255903,
            -31.339442
          ],
          [
            -64.25606,
            -31.339451
          ],
          [
            -64.256134,
            -31.339445
          ],
          [
            -64.256263,
            -31.339424
          ],
          [
            -64.256409,
            -31.339311
          ],
          [
            -64.256463,
            -31.339269
          ],
          [
            -64.257262,
            -31.338651
          ],
          [
            -64.258163,
            -31.337986
          ],
          [
            -64.25913,
            -31.337279
          ],
          [
            -64.259214,
            -31.337219
          ],
          [
            -64.259688,
            -31.336921
          ],
          [
            -64.260177,
            -31.336664
          ],
          [
            -64.260537,
            -31.336486
          ],
          [
            -64.261268,
            -31.336167
          ],
          [
            -64.262067,
            -31.33578
          ],
          [
            -64.262127,
            -31.335666
          ],
          [
            -64.262159,
            -31.335556
          ],
          [
            -64.2622,
            -31.33537
          ],
          [
            -64.262255,
            -31.334902
          ],
          [
            -64.262271,
            -31.334711
          ],
          [
            -64.262279,
            -31.334614
          ],
          [
            -64.262299,
            -31.334254
          ],
          [
            -64.262298,
            -31.334228
          ],
          [
            -64.262295,
            -31.334107
          ],
          [
            -64.262295,
            -31.334069
          ],
          [
            -64.2623,
            -31.333297
          ],
          [
            -64.262243,
            -31.33244
          ],
          [
            -64.262292,
            -31.33236
          ],
          [
            -64.262292,
            -31.331959
          ],
          [
            -64.262299,
            -31.331789
          ],
          [
            -64.262309,
            -31.331642
          ],
          [
            -64.26232,
            -31.331539
          ],
          [
            -64.262326,
            -31.331413
          ],
          [
            -64.262328,
            -31.331214
          ],
          [
            -64.262329,
            -31.331082
          ],
          [
            -64.262333,
            -31.330817
          ],
          [
            -64.262332,
            -31.330549
          ],
          [
            -64.262272,
            -31.330425
          ],
          [
            -64.262204,
            -31.330283
          ],
          [
            -64.261561,
            -31.329088
          ],
          [
            -64.260945,
            -31.327892
          ],
          [
            -64.260496,
            -31.327027
          ],
          [
            -64.260297,
            -31.326635
          ],
          [
            -64.259806,
            -31.325716
          ],
          [
            -64.259762,
            -31.325639
          ],
          [
            -64.259719,
            -31.325588
          ],
          [
            -64.259623,
            -31.325498
          ],
          [
            -64.259574,
            -31.325458
          ],
          [
            -64.259457,
            -31.325361
          ],
          [
            -64.25928,
            -31.325238
          ],
          [
            -64.259072,
            -31.325116
          ],
          [
            -64.2588,
            -31.324962
          ],
          [
            -64.258674,
            -31.324904
          ],
          [
            -64.258518,
            -31.324846
          ],
          [
            -64.258272,
            -31.324776
          ],
          [
            -64.258014,
            -31.324717
          ],
          [
            -64.257816,
            -31.32468
          ],
          [
            -64.257588,
            -31.324659
          ],
          [
            -64.257397,
            -31.324649
          ],
          [
            -64.257336,
            -31.324637
          ],
          [
            -64.257274,
            -31.3246
          ],
          [
            -64.257262,
            -31.324527
          ],
          [
            -64.257282,
            -31.32425
          ],
          [
            -64.257293,
            -31.324175
          ],
          [
            -64.257306,
            -31.324033
          ],
          [
            -64.257303,
            -31.323963
          ],
          [
            -64.257268,
            -31.323852
          ],
          [
            -64.25695,
            -31.323166
          ],
          [
            -64.25631,
            -31.32339
          ],
          [
            -64.255527,
            -31.323663
          ],
          [
            -64.255727,
            -31.324047
          ],
          [
            -64.255746,
            -31.324103
          ],
          [
            -64.255755,
            -31.324165
          ],
          [
            -64.256367,
            -31.324167
          ],
          [
            -64.257293,
            -31.324175
          ],
          [
            -64.257282,
            -31.32425
          ],
          [
            -64.257262,
            -31.324527
          ],
          [
            -64.257274,
            -31.3246
          ],
          [
            -64.257336,
            -31.324637
          ],
          [
            -64.257397,
            -31.324649
          ],
          [
            -64.257588,
            -31.324659
          ],
          [
            -64.257816,
            -31.32468
          ],
          [
            -64.258014,
            -31.324717
          ],
          [
            -64.258272,
            -31.324776
          ],
          [
            -64.258518,
            -31.324846
          ],
          [
            -64.258674,
            -31.324904
          ],
          [
            -64.2588,
            -31.324962
          ],
          [
            -64.259072,
            -31.325116
          ],
          [
            -64.25928,
            -31.325238
          ],
          [
            -64.259457,
            -31.325361
          ],
          [
            -64.259574,
            -31.325458
          ],
          [
            -64.259623,
            -31.325498
          ],
          [
            -64.259719,
            -31.325588
          ],
          [
            -64.259762,
            -31.325639
          ],
          [
            -64.259806,
            -31.325716
          ],
          [
            -64.260297,
            -31.326635
          ],
          [
            -64.260496,
            -31.327027
          ],
          [
            -64.260945,
            -31.327892
          ],
          [
            -64.261561,
            -31.329088
          ],
          [
            -64.262204,
            -31.330283
          ],
          [
            -64.262272,
            -31.330425
          ],
          [
            -64.262332,
            -31.330549
          ],
          [
            -64.262333,
            -31.330817
          ],
          [
            -64.262329,
            -31.331082
          ],
          [
            -64.262328,
            -31.331214
          ],
          [
            -64.262326,
            -31.331413
          ],
          [
            -64.26232,
            -31.331539
          ],
          [
            -64.262309,
            -31.331642
          ],
          [
            -64.262299,
            -31.331789
          ],
          [
            -64.262292,
            -31.331959
          ],
          [
            -64.262292,
            -31.33236
          ],
          [
            -64.262243,
            -31.33244
          ],
          [
            -64.2623,
            -31.333297
          ],
          [
            -64.262295,
            -31.334069
          ],
          [
            -64.262295,
            -31.334107
          ],
          [
            -64.262298,
            -31.334228
          ],
          [
            -64.262299,
            -31.334254
          ],
          [
            -64.262279,
            -31.334614
          ],
          [
            -64.262271,
            -31.334711
          ],
          [
            -64.262255,
            -31.334902
          ],
          [
            -64.2622,
            -31.33537
          ],
          [
            -64.262159,
            -31.335556
          ],
          [
            -64.262127,
            -31.335666
          ],
          [
            -64.262067,
            -31.33578
          ],
          [
            -64.261268,
            -31.336167
          ],
          [
            -64.260537,
            -31.336486
          ],
          [
            -64.260177,
            -31.336664
          ],
          [
            -64.259688,
            -31.336921
          ],
          [
            -64.259214,
            -31.337219
          ],
          [
            -64.25913,
            -31.337279
          ],
          [
            -64.258163,
            -31.337986
          ],
          [
            -64.257262,
            -31.338651
          ],
          [
            -64.256463,
            -31.339269
          ],
          [
            -64.256409,
            -31.339311
          ],
          [
            -64.256263,
            -31.339424
          ],
          [
            -64.255992,
            -31.339639
          ],
          [
            -64.25598,
            -31.339674
          ],
          [
            -64.255961,
            -31.339707
          ],
          [
            -64.255935,
            -31.339736
          ],
          [
            -64.255903,
            -31.33976
          ],
          [
            -64.255866,
            -31.339779
          ],
          [
            -64.255827,
            -31.339792
          ],
          [
            -64.255784,
            -31.339799
          ],
          [
            -64.255649,
            -31.339847
          ],
          [
            -64.255558,
            -31.339878
          ],
          [
            -64.255418,
            -31.339941
          ],
          [
            -64.255112,
            -31.340126
          ],
          [
            -64.255003,
            -31.340262
          ],
          [
            -64.254928,
            -31.340371
          ],
          [
            -64.25489,
            -31.340445
          ],
          [
            -64.254866,
            -31.340497
          ],
          [
            -64.254844,
            -31.340561
          ],
          [
            -64.254778,
            -31.340834
          ],
          [
            -64.254761,
            -31.340894
          ],
          [
            -64.254749,
            -31.340986
          ],
          [
            -64.254716,
            -31.341027
          ],
          [
            -64.254681,
            -31.341054
          ],
          [
            -64.254609,
            -31.341108
          ],
          [
            -64.254135,
            -31.341388
          ],
          [
            -64.253493,
            -31.341767
          ],
          [
            -64.253437,
            -31.341802
          ],
          [
            -64.25326,
            -31.341959
          ],
          [
            -64.253225,
            -31.341997
          ],
          [
            -64.253208,
            -31.342033
          ],
          [
            -64.253202,
            -31.342068
          ],
          [
            -64.253205,
            -31.342095
          ],
          [
            -64.253212,
            -31.342133
          ],
          [
            -64.253222,
            -31.342172
          ],
          [
            -64.253233,
            -31.34222
          ],
          [
            -64.25326,
            -31.342241
          ],
          [
            -64.253279,
            -31.342263
          ],
          [
            -64.253297,
            -31.342295
          ],
          [
            -64.253306,
            -31.342333
          ],
          [
            -64.253304,
            -31.342372
          ],
          [
            -64.253295,
            -31.342403
          ],
          [
            -64.253273,
            -31.342438
          ],
          [
            -64.253251,
            -31.342462
          ],
          [
            -64.25322,
            -31.342482
          ],
          [
            -64.253197,
            -31.342493
          ],
          [
            -64.253169,
            -31.342502
          ],
          [
            -64.253137,
            -31.342507
          ],
          [
            -64.253053,
            -31.34256
          ],
          [
            -64.252961,
            -31.342612
          ],
          [
            -64.252911,
            -31.342638
          ],
          [
            -64.25287,
            -31.34266
          ],
          [
            -64.252835,
            -31.342684
          ],
          [
            -64.252804,
            -31.342712
          ],
          [
            -64.252777,
            -31.342744
          ],
          [
            -64.252745,
            -31.342783
          ],
          [
            -64.252711,
            -31.342827
          ],
          [
            -64.252644,
            -31.342943
          ],
          [
            -64.252572,
            -31.343059
          ],
          [
            -64.252446,
            -31.343282
          ],
          [
            -64.25231,
            -31.343507
          ],
          [
            -64.252153,
            -31.34377
          ],
          [
            -64.25207,
            -31.343908
          ],
          [
            -64.251862,
            -31.34425
          ],
          [
            -64.251791,
            -31.344366
          ],
          [
            -64.25154,
            -31.344778
          ],
          [
            -64.251318,
            -31.345146
          ],
          [
            -64.250992,
            -31.345679
          ],
          [
            -64.250683,
            -31.346177
          ],
          [
            -64.250626,
            -31.346271
          ],
          [
            -64.250503,
            -31.346474
          ],
          [
            -64.250235,
            -31.346907
          ],
          [
            -64.249912,
            -31.347447
          ],
          [
            -64.249635,
            -31.347898
          ],
          [
            -64.249256,
            -31.348532
          ],
          [
            -64.249088,
            -31.348801
          ],
          [
            -64.248746,
            -31.349362
          ],
          [
            -64.248428,
            -31.349864
          ],
          [
            -64.248149,
            -31.350312
          ],
          [
            -64.24781,
            -31.350894
          ],
          [
            -64.247533,
            -31.351323
          ],
          [
            -64.247454,
            -31.351429
          ],
          [
            -64.24742,
            -31.351471
          ],
          [
            -64.247309,
            -31.351604
          ],
          [
            -64.247057,
            -31.351881
          ],
          [
            -64.246933,
            -31.352005
          ],
          [
            -64.24674,
            -31.352181
          ],
          [
            -64.246379,
            -31.352496
          ],
          [
            -64.245791,
            -31.353048
          ],
          [
            -64.24519,
            -31.353608
          ],
          [
            -64.244421,
            -31.354332
          ],
          [
            -64.244327,
            -31.35442
          ],
          [
            -64.244028,
            -31.354702
          ],
          [
            -64.243902,
            -31.354823
          ],
          [
            -64.243706,
            -31.355001
          ],
          [
            -64.243399,
            -31.35529
          ],
          [
            -64.243116,
            -31.355563
          ],
          [
            -64.242677,
            -31.355961
          ],
          [
            -64.243028,
            -31.356246
          ],
          [
            -64.243523,
            -31.356639
          ],
          [
            -64.243558,
            -31.356689
          ],
          [
            -64.243234,
            -31.35686
          ],
          [
            -64.242976,
            -31.356981
          ],
          [
            -64.242864,
            -31.357029
          ],
          [
            -64.242439,
            -31.357208
          ],
          [
            -64.242084,
            -31.357338
          ],
          [
            -64.241699,
            -31.357473
          ],
          [
            -64.241398,
            -31.357557
          ],
          [
            -64.241167,
            -31.357617
          ],
          [
            -64.241004,
            -31.357668
          ],
          [
            -64.240899,
            -31.357702
          ],
          [
            -64.240815,
            -31.357736
          ],
          [
            -64.240749,
            -31.357772
          ],
          [
            -64.240681,
            -31.357817
          ],
          [
            -64.240581,
            -31.35791
          ],
          [
            -64.240466,
            -31.358017
          ],
          [
            -64.240375,
            -31.35809
          ],
          [
            -64.240362,
            -31.358117
          ],
          [
            -64.24037,
            -31.358176
          ],
          [
            -64.240371,
            -31.358219
          ],
          [
            -64.240376,
            -31.358267
          ],
          [
            -64.240389,
            -31.358308
          ],
          [
            -64.240407,
            -31.35835
          ],
          [
            -64.240431,
            -31.35839
          ],
          [
            -64.240477,
            -31.358456
          ],
          [
            -64.240523,
            -31.358526
          ],
          [
            -64.240585,
            -31.358631
          ],
          [
            -64.240932,
            -31.359223
          ],
          [
            -64.24129,
            -31.359831
          ],
          [
            -64.241467,
            -31.360138
          ],
          [
            -64.241557,
            -31.360294
          ],
          [
            -64.241645,
            -31.360442
          ],
          [
            -64.241708,
            -31.360551
          ],
          [
            -64.241765,
            -31.360654
          ],
          [
            -64.241862,
            -31.360823
          ],
          [
            -64.241949,
            -31.360971
          ],
          [
            -64.241996,
            -31.361049
          ],
          [
            -64.242043,
            -31.36112
          ],
          [
            -64.242075,
            -31.361166
          ],
          [
            -64.242109,
            -31.36121
          ],
          [
            -64.242172,
            -31.361286
          ],
          [
            -64.242228,
            -31.361345
          ],
          [
            -64.242315,
            -31.361432
          ],
          [
            -64.242396,
            -31.361511
          ],
          [
            -64.242532,
            -31.361632
          ],
          [
            -64.242639,
            -31.361725
          ],
          [
            -64.242651,
            -31.361735
          ],
          [
            -64.242835,
            -31.36189
          ],
          [
            -64.243178,
            -31.362232
          ],
          [
            -64.243481,
            -31.362431
          ],
          [
            -64.243703,
            -31.362563
          ],
          [
            -64.243938,
            -31.362696
          ],
          [
            -64.244171,
            -31.362813
          ],
          [
            -64.244355,
            -31.362903
          ],
          [
            -64.244598,
            -31.36301
          ],
          [
            -64.244901,
            -31.363136
          ],
          [
            -64.245245,
            -31.363275
          ],
          [
            -64.245573,
            -31.363408
          ],
          [
            -64.245946,
            -31.363561
          ],
          [
            -64.246308,
            -31.363714
          ],
          [
            -64.246536,
            -31.363815
          ],
          [
            -64.246747,
            -31.363915
          ],
          [
            -64.246957,
            -31.364019
          ],
          [
            -64.247164,
            -31.364127
          ],
          [
            -64.247362,
            -31.364241
          ],
          [
            -64.24757,
            -31.364362
          ],
          [
            -64.24777,
            -31.36449
          ],
          [
            -64.247954,
            -31.364616
          ],
          [
            -64.24816,
            -31.364762
          ],
          [
            -64.24834,
            -31.364901
          ],
          [
            -64.248428,
            -31.364974
          ],
          [
            -64.248613,
            -31.36513
          ],
          [
            -64.248784,
            -31.365282
          ],
          [
            -64.248953,
            -31.36545
          ],
          [
            -64.24911,
            -31.365611
          ],
          [
            -64.249262,
            -31.365781
          ],
          [
            -64.249489,
            -31.366051
          ],
          [
            -64.2496,
            -31.366196
          ],
          [
            -64.249701,
            -31.366332
          ],
          [
            -64.249768,
            -31.366421
          ],
          [
            -64.249881,
            -31.36659
          ],
          [
            -64.249991,
            -31.366763
          ],
          [
            -64.25011,
            -31.366966
          ],
          [
            -64.250214,
            -31.367163
          ],
          [
            -64.250325,
            -31.367391
          ],
          [
            -64.250424,
            -31.367599
          ],
          [
            -64.250502,
            -31.367789
          ],
          [
            -64.25064,
            -31.368162
          ],
          [
            -64.250825,
            -31.368697
          ],
          [
            -64.251061,
            -31.369388
          ],
          [
            -64.251177,
            -31.369728
          ],
          [
            -64.251282,
            -31.370028
          ],
          [
            -64.251399,
            -31.370362
          ],
          [
            -64.251513,
            -31.370672
          ],
          [
            -64.251628,
            -31.370969
          ],
          [
            -64.251764,
            -31.371305
          ],
          [
            -64.251875,
            -31.371568
          ],
          [
            -64.251945,
            -31.371728
          ],
          [
            -64.252059,
            -31.371985
          ],
          [
            -64.252165,
            -31.372213
          ],
          [
            -64.252265,
            -31.37242
          ],
          [
            -64.252352,
            -31.372597
          ],
          [
            -64.25246,
            -31.372811
          ],
          [
            -64.252651,
            -31.373178
          ],
          [
            -64.25279,
            -31.373432
          ],
          [
            -64.252928,
            -31.373679
          ],
          [
            -64.253212,
            -31.374163
          ],
          [
            -64.253572,
            -31.374742
          ],
          [
            -64.253687,
            -31.374915
          ],
          [
            -64.253817,
            -31.375112
          ],
          [
            -64.254071,
            -31.375478
          ],
          [
            -64.2542,
            -31.37566
          ],
          [
            -64.254535,
            -31.376105
          ],
          [
            -64.254988,
            -31.376672
          ],
          [
            -64.255203,
            -31.376933
          ],
          [
            -64.25562,
            -31.377414
          ],
          [
            -64.256047,
            -31.377897
          ],
          [
            -64.256496,
            -31.378387
          ],
          [
            -64.257047,
            -31.378991
          ],
          [
            -64.257419,
            -31.379405
          ],
          [
            -64.257665,
            -31.379691
          ],
          [
            -64.257927,
            -31.379994
          ],
          [
            -64.258135,
            -31.380251
          ],
          [
            -64.258362,
            -31.380531
          ],
          [
            -64.25866,
            -31.380914
          ],
          [
            -64.259002,
            -31.381369
          ],
          [
            -64.259208,
            -31.381652
          ],
          [
            -64.259465,
            -31.382016
          ],
          [
            -64.259869,
            -31.382614
          ],
          [
            -64.260233,
            -31.38318
          ],
          [
            -64.26112,
            -31.384611
          ],
          [
            -64.261438,
            -31.385121
          ],
          [
            -64.261952,
            -31.385959
          ],
          [
            -64.262427,
            -31.386725
          ],
          [
            -64.262681,
            -31.387138
          ],
          [
            -64.26299,
            -31.38764
          ],
          [
            -64.263232,
            -31.38803
          ],
          [
            -64.263473,
            -31.388423
          ],
          [
            -64.263951,
            -31.389197
          ],
          [
            -64.264165,
            -31.389554
          ],
          [
            -64.264316,
            -31.389815
          ],
          [
            -64.264518,
            -31.390186
          ],
          [
            -64.264684,
            -31.390502
          ],
          [
            -64.264839,
            -31.39082
          ],
          [
            -64.265156,
            -31.391314
          ],
          [
            -64.265315,
            -31.391656
          ],
          [
            -64.265405,
            -31.39187
          ],
          [
            -64.265491,
            -31.392059
          ],
          [
            -64.265554,
            -31.392173
          ],
          [
            -64.26563,
            -31.392294
          ],
          [
            -64.265698,
            -31.392391
          ],
          [
            -64.265764,
            -31.392485
          ],
          [
            -64.265883,
            -31.392647
          ],
          [
            -64.265956,
            -31.392784
          ],
          [
            -64.266021,
            -31.392905
          ],
          [
            -64.266074,
            -31.393004
          ],
          [
            -64.266105,
            -31.393065
          ],
          [
            -64.266129,
            -31.393125
          ],
          [
            -64.266159,
            -31.393204
          ],
          [
            -64.266263,
            -31.393486
          ],
          [
            -64.266294,
            -31.393573
          ],
          [
            -64.266365,
            -31.393771
          ],
          [
            -64.266385,
            -31.393818
          ],
          [
            -64.266411,
            -31.393869
          ],
          [
            -64.26644,
            -31.393915
          ],
          [
            -64.266476,
            -31.393959
          ],
          [
            -64.266516,
            -31.393997
          ],
          [
            -64.266565,
            -31.39404
          ],
          [
            -64.266617,
            -31.394075
          ],
          [
            -64.266689,
            -31.394117
          ],
          [
            -64.26677,
            -31.394176
          ],
          [
            -64.266838,
            -31.394223
          ],
          [
            -64.266911,
            -31.394281
          ],
          [
            -64.266971,
            -31.394338
          ],
          [
            -64.267029,
            -31.394402
          ],
          [
            -64.267092,
            -31.394478
          ],
          [
            -64.267136,
            -31.39454
          ],
          [
            -64.267176,
            -31.394607
          ],
          [
            -64.267209,
            -31.394676
          ],
          [
            -64.267236,
            -31.394752
          ],
          [
            -64.267257,
            -31.394817
          ],
          [
            -64.267276,
            -31.394892
          ],
          [
            -64.267287,
            -31.39495
          ],
          [
            -64.267295,
            -31.395026
          ],
          [
            -64.267294,
            -31.395098
          ],
          [
            -64.267284,
            -31.395189
          ],
          [
            -64.26727,
            -31.395253
          ],
          [
            -64.267247,
            -31.395327
          ],
          [
            -64.267207,
            -31.395407
          ],
          [
            -64.267165,
            -31.395457
          ],
          [
            -64.267118,
            -31.395502
          ],
          [
            -64.267062,
            -31.395542
          ],
          [
            -64.267002,
            -31.395576
          ],
          [
            -64.266934,
            -31.395603
          ],
          [
            -64.266879,
            -31.39562
          ],
          [
            -64.266801,
            -31.395638
          ],
          [
            -64.266733,
            -31.395643
          ],
          [
            -64.266645,
            -31.395633
          ],
          [
            -64.266561,
            -31.39561
          ],
          [
            -64.266482,
            -31.395578
          ],
          [
            -64.26638,
            -31.395515
          ],
          [
            -64.266319,
            -31.39547
          ],
          [
            -64.266269,
            -31.39543
          ],
          [
            -64.266166,
            -31.395347
          ],
          [
            -64.266106,
            -31.395304
          ],
          [
            -64.266044,
            -31.395271
          ],
          [
            -64.265976,
            -31.395243
          ],
          [
            -64.265877,
            -31.395216
          ],
          [
            -64.26577,
            -31.395201
          ],
          [
            -64.265394,
            -31.395185
          ],
          [
            -64.264804,
            -31.395165
          ],
          [
            -64.264518,
            -31.395156
          ],
          [
            -64.264378,
            -31.395146
          ],
          [
            -64.26422,
            -31.39514
          ],
          [
            -64.264064,
            -31.395132
          ],
          [
            -64.263831,
            -31.395126
          ],
          [
            -64.263578,
            -31.395071
          ],
          [
            -64.263323,
            -31.395009
          ],
          [
            -64.262998,
            -31.394934
          ],
          [
            -64.262713,
            -31.394866
          ],
          [
            -64.262352,
            -31.394739
          ],
          [
            -64.261631,
            -31.394623
          ],
          [
            -64.261191,
            -31.394545
          ],
          [
            -64.260724,
            -31.394458
          ],
          [
            -64.260638,
            -31.394441
          ],
          [
            -64.260469,
            -31.394409
          ],
          [
            -64.260294,
            -31.394379
          ],
          [
            -64.260111,
            -31.394348
          ],
          [
            -64.259969,
            -31.394326
          ],
          [
            -64.259887,
            -31.394314
          ],
          [
            -64.259801,
            -31.394304
          ],
          [
            -64.259727,
            -31.394295
          ],
          [
            -64.259637,
            -31.394288
          ],
          [
            -64.259521,
            -31.394282
          ],
          [
            -64.259393,
            -31.394278
          ],
          [
            -64.259289,
            -31.394277
          ],
          [
            -64.259181,
            -31.39428
          ],
          [
            -64.259075,
            -31.394286
          ],
          [
            -64.25896,
            -31.394296
          ],
          [
            -64.25884,
            -31.394309
          ],
          [
            -64.258719,
            -31.394328
          ],
          [
            -64.2586,
            -31.394349
          ],
          [
            -64.258493,
            -31.394372
          ],
          [
            -64.258387,
            -31.394396
          ],
          [
            -64.258278,
            -31.394425
          ],
          [
            -64.258177,
            -31.394457
          ],
          [
            -64.258059,
            -31.394501
          ],
          [
            -64.257862,
            -31.394573
          ],
          [
            -64.257792,
            -31.394597
          ],
          [
            -64.257601,
            -31.394665
          ],
          [
            -64.257426,
            -31.394728
          ],
          [
            -64.257278,
            -31.394777
          ],
          [
            -64.257072,
            -31.394847
          ],
          [
            -64.256879,
            -31.394919
          ],
          [
            -64.256732,
            -31.394974
          ],
          [
            -64.256481,
            -31.395063
          ],
          [
            -64.256195,
            -31.395165
          ],
          [
            -64.255906,
            -31.395268
          ],
          [
            -64.25567,
            -31.395351
          ],
          [
            -64.255566,
            -31.395388
          ],
          [
            -64.255455,
            -31.395429
          ],
          [
            -64.255218,
            -31.395514
          ],
          [
            -64.255021,
            -31.395585
          ],
          [
            -64.254661,
            -31.395719
          ],
          [
            -64.254404,
            -31.395814
          ],
          [
            -64.254263,
            -31.395865
          ],
          [
            -64.253974,
            -31.395968
          ],
          [
            -64.253563,
            -31.396114
          ],
          [
            -64.253293,
            -31.396211
          ],
          [
            -64.253252,
            -31.396127
          ],
          [
            -64.253203,
            -31.396025
          ],
          [
            -64.253094,
            -31.395801
          ],
          [
            -64.252965,
            -31.395536
          ],
          [
            -64.252672,
            -31.394932
          ],
          [
            -64.252348,
            -31.395041
          ],
          [
            -64.252215,
            -31.395085
          ],
          [
            -64.25206,
            -31.395137
          ],
          [
            -64.251775,
            -31.395229
          ],
          [
            -64.25126,
            -31.395415
          ],
          [
            -64.250945,
            -31.395517
          ],
          [
            -64.251132,
            -31.395913
          ],
          [
            -64.251298,
            -31.396301
          ],
          [
            -64.251315,
            -31.396356
          ],
          [
            -64.251327,
            -31.396409
          ],
          [
            -64.25138,
            -31.396397
          ],
          [
            -64.251429,
            -31.396383
          ],
          [
            -64.251478,
            -31.396368
          ],
          [
            -64.251528,
            -31.396355
          ],
          [
            -64.251582,
            -31.396345
          ],
          [
            -64.251631,
            -31.39634
          ],
          [
            -64.251682,
            -31.396337
          ],
          [
            -64.251732,
            -31.396338
          ],
          [
            -64.251779,
            -31.396342
          ],
          [
            -64.251816,
            -31.396346
          ],
          [
            -64.251847,
            -31.396369
          ],
          [
            -64.251865,
            -31.396387
          ],
          [
            -64.251882,
            -31.396417
          ],
          [
            -64.251894,
            -31.396442
          ],
          [
            -64.251902,
            -31.396467
          ],
          [
            -64.251904,
            -31.396492
          ],
          [
            -64.251905,
            -31.396517
          ],
          [
            -64.251902,
            -31.396548
          ],
          [
            -64.251896,
            -31.396587
          ],
          [
            -64.251886,
            -31.396628
          ],
          [
            -64.251835,
            -31.396643
          ],
          [
            -64.251777,
            -31.396658
          ],
          [
            -64.251718,
            -31.396668
          ],
          [
            -64.251663,
            -31.396671
          ],
          [
            -64.251613,
            -31.396669
          ],
          [
            -64.251556,
            -31.39666
          ],
          [
            -64.25151,
            -31.396647
          ],
          [
            -64.251473,
            -31.396634
          ],
          [
            -64.251426,
            -31.396612
          ],
          [
            -64.25131,
            -31.396557
          ],
          [
            -64.251269,
            -31.396541
          ],
          [
            -64.251232,
            -31.396531
          ],
          [
            -64.25119,
            -31.396521
          ],
          [
            -64.251133,
            -31.396514
          ],
          [
            -64.251007,
            -31.396507
          ],
          [
            -64.250542,
            -31.396485
          ],
          [
            -64.25008,
            -31.396463
          ],
          [
            -64.249629,
            -31.396441
          ],
          [
            -64.24917,
            -31.39642
          ],
          [
            -64.248708,
            -31.396399
          ],
          [
            -64.248368,
            -31.396385
          ],
          [
            -64.248245,
            -31.396379
          ],
          [
            -64.248181,
            -31.396376
          ],
          [
            -64.248007,
            -31.396367
          ],
          [
            -64.247736,
            -31.396355
          ],
          [
            -64.24728,
            -31.396331
          ],
          [
            -64.246755,
            -31.396306
          ],
          [
            -64.246499,
            -31.396292
          ],
          [
            -64.245918,
            -31.396264
          ],
          [
            -64.245843,
            -31.39626
          ],
          [
            -64.245563,
            -31.396248
          ],
          [
            -64.244679,
            -31.396205
          ],
          [
            -64.244569,
            -31.3962
          ],
          [
            -64.244448,
            -31.396192
          ],
          [
            -64.244051,
            -31.396173
          ],
          [
            -64.243668,
            -31.39615
          ],
          [
            -64.243205,
            -31.396122
          ],
          [
            -64.242543,
            -31.396091
          ],
          [
            -64.242004,
            -31.39606
          ],
          [
            -64.241895,
            -31.396053
          ],
          [
            -64.241689,
            -31.396048
          ],
          [
            -64.241143,
            -31.396034
          ],
          [
            -64.240867,
            -31.396047
          ],
          [
            -64.240632,
            -31.396067
          ],
          [
            -64.24055,
            -31.396083
          ],
          [
            -64.240397,
            -31.396112
          ],
          [
            -64.239925,
            -31.396235
          ],
          [
            -64.239485,
            -31.396372
          ],
          [
            -64.238895,
            -31.396567
          ],
          [
            -64.238317,
            -31.396759
          ],
          [
            -64.237674,
            -31.396965
          ],
          [
            -64.237215,
            -31.397113
          ],
          [
            -64.235629,
            -31.397616
          ],
          [
            -64.233747,
            -31.398225
          ],
          [
            -64.233362,
            -31.398347
          ],
          [
            -64.232188,
            -31.398718
          ],
          [
            -64.231477,
            -31.398964
          ],
          [
            -64.230682,
            -31.399205
          ],
          [
            -64.229962,
            -31.399434
          ],
          [
            -64.229501,
            -31.399585
          ],
          [
            -64.227643,
            -31.400199
          ],
          [
            -64.226578,
            -31.400534
          ],
          [
            -64.225762,
            -31.400783
          ],
          [
            -64.22529,
            -31.400927
          ],
          [
            -64.225239,
            -31.400943
          ],
          [
            -64.225154,
            -31.400968
          ],
          [
            -64.223991,
            -31.40132
          ],
          [
            -64.222839,
            -31.401687
          ],
          [
            -64.221738,
            -31.40206
          ],
          [
            -64.220614,
            -31.402418
          ],
          [
            -64.219464,
            -31.402784
          ],
          [
            -64.218336,
            -31.403144
          ],
          [
            -64.217977,
            -31.403257
          ],
          [
            -64.217193,
            -31.403505
          ],
          [
            -64.217157,
            -31.403516
          ],
          [
            -64.216072,
            -31.403859
          ],
          [
            -64.214941,
            -31.404217
          ],
          [
            -64.213791,
            -31.404581
          ],
          [
            -64.21266,
            -31.404938
          ],
          [
            -64.212031,
            -31.40514
          ],
          [
            -64.211525,
            -31.405302
          ],
          [
            -64.21039,
            -31.405657
          ],
          [
            -64.209252,
            -31.406013
          ],
          [
            -64.208574,
            -31.406225
          ],
          [
            -64.208127,
            -31.406364
          ],
          [
            -64.20801,
            -31.406397
          ],
          [
            -64.207098,
            -31.406653
          ],
          [
            -64.206672,
            -31.406773
          ],
          [
            -64.206094,
            -31.406946
          ],
          [
            -64.205842,
            -31.407015
          ],
          [
            -64.205316,
            -31.407161
          ],
          [
            -64.204612,
            -31.407363
          ],
          [
            -64.20369,
            -31.407629
          ],
          [
            -64.203407,
            -31.407711
          ],
          [
            -64.202118,
            -31.408095
          ],
          [
            -64.20072,
            -31.408485
          ],
          [
            -64.199376,
            -31.40886
          ],
          [
            -64.198046,
            -31.409258
          ],
          [
            -64.197272,
            -31.409487
          ],
          [
            -64.196673,
            -31.409666
          ],
          [
            -64.195439,
            -31.41001
          ],
          [
            -64.195287,
            -31.410021
          ],
          [
            -64.19391,
            -31.410425
          ],
          [
            -64.193691,
            -31.41049
          ],
          [
            -64.193225,
            -31.410626
          ],
          [
            -64.19263,
            -31.410801
          ],
          [
            -64.191328,
            -31.411203
          ],
          [
            -64.191516,
            -31.411587
          ],
          [
            -64.191631,
            -31.411801
          ],
          [
            -64.191676,
            -31.411898
          ],
          [
            -64.191721,
            -31.412009
          ],
          [
            -64.191795,
            -31.412224
          ],
          [
            -64.191861,
            -31.412443
          ],
          [
            -64.191886,
            -31.412605
          ],
          [
            -64.191905,
            -31.412812
          ],
          [
            -64.191899,
            -31.412906
          ],
          [
            -64.191783,
            -31.413258
          ],
          [
            -64.191709,
            -31.413482
          ],
          [
            -64.191618,
            -31.413773
          ],
          [
            -64.191161,
            -31.41514
          ],
          [
            -64.190694,
            -31.416604
          ],
          [
            -64.190416,
            -31.416687
          ],
          [
            -64.189089,
            -31.417076
          ],
          [
            -64.189049,
            -31.417087
          ],
          [
            -64.18777,
            -31.417441
          ],
          [
            -64.187673,
            -31.417469
          ],
          [
            -64.18769,
            -31.41751
          ],
          [
            -64.188184,
            -31.418665
          ],
          [
            -64.188568,
            -31.419564
          ],
          [
            -64.188701,
            -31.419841
          ],
          [
            -64.188713,
            -31.419861
          ],
          [
            -64.188728,
            -31.419891
          ],
          [
            -64.188735,
            -31.419927
          ],
          [
            -64.188737,
            -31.419959
          ],
          [
            -64.188733,
            -31.419976
          ],
          [
            -64.188728,
            -31.419991
          ],
          [
            -64.188709,
            -31.420032
          ],
          [
            -64.188708,
            -31.420086
          ],
          [
            -64.188709,
            -31.420103
          ]
        ]
      }
    },
    {
      "type": "Feature",
      "id": "route-cordoba-2026-08-29-v3-08",
      "properties": {
        "truckId": "vehicle-08",
        "waypointDistancesKm": [
          0,
          2.6864977461376323,
          3.8463069519071884,
          7.5420448636778,
          10.255366854872769,
          10.891908936579885,
          12.466431697018338,
          15.378243839486816,
          22.195875616010426
        ]
      },
      "geometry": {
        "type": "LineString",
        "coordinates": [
          [
            -64.188709,
            -31.420109
          ],
          [
            -64.18871,
            -31.420127
          ],
          [
            -64.188717,
            -31.420178
          ],
          [
            -64.188727,
            -31.42023
          ],
          [
            -64.188737,
            -31.420284
          ],
          [
            -64.188734,
            -31.420338
          ],
          [
            -64.188686,
            -31.420476
          ],
          [
            -64.188614,
            -31.420637
          ],
          [
            -64.188602,
            -31.420666
          ],
          [
            -64.188216,
            -31.421509
          ],
          [
            -64.188139,
            -31.421536
          ],
          [
            -64.187971,
            -31.421596
          ],
          [
            -64.187883,
            -31.421621
          ],
          [
            -64.186582,
            -31.422025
          ],
          [
            -64.187051,
            -31.423184
          ],
          [
            -64.187348,
            -31.423089
          ],
          [
            -64.187455,
            -31.423057
          ],
          [
            -64.18837,
            -31.422766
          ],
          [
            -64.189743,
            -31.422336
          ],
          [
            -64.191026,
            -31.421953
          ],
          [
            -64.190613,
            -31.421516
          ],
          [
            -64.190113,
            -31.421069
          ],
          [
            -64.190082,
            -31.420974
          ],
          [
            -64.19,
            -31.420834
          ],
          [
            -64.189978,
            -31.420712
          ],
          [
            -64.18997,
            -31.420554
          ],
          [
            -64.189962,
            -31.420073
          ],
          [
            -64.189978,
            -31.419996
          ],
          [
            -64.190007,
            -31.419899
          ],
          [
            -64.189976,
            -31.419802
          ],
          [
            -64.189956,
            -31.419714
          ],
          [
            -64.189951,
            -31.419695
          ],
          [
            -64.189855,
            -31.419325
          ],
          [
            -64.189817,
            -31.419043
          ],
          [
            -64.189817,
            -31.418845
          ],
          [
            -64.189827,
            -31.418696
          ],
          [
            -64.189856,
            -31.418532
          ],
          [
            -64.189885,
            -31.418373
          ],
          [
            -64.189918,
            -31.418231
          ],
          [
            -64.18992,
            -31.418223
          ],
          [
            -64.189931,
            -31.418171
          ],
          [
            -64.189955,
            -31.418097
          ],
          [
            -64.189959,
            -31.418085
          ],
          [
            -64.190416,
            -31.416687
          ],
          [
            -64.190422,
            -31.416663
          ],
          [
            -64.190453,
            -31.416566
          ],
          [
            -64.190822,
            -31.41525
          ],
          [
            -64.191018,
            -31.414692
          ],
          [
            -64.190728,
            -31.414015
          ],
          [
            -64.190641,
            -31.413793
          ],
          [
            -64.190513,
            -31.413467
          ],
          [
            -64.190506,
            -31.413448
          ],
          [
            -64.190302,
            -31.412929
          ],
          [
            -64.190294,
            -31.412909
          ],
          [
            -64.190081,
            -31.412365
          ],
          [
            -64.190027,
            -31.412229
          ],
          [
            -64.189801,
            -31.411651
          ],
          [
            -64.189773,
            -31.411576
          ],
          [
            -64.189392,
            -31.410554
          ],
          [
            -64.189004,
            -31.409416
          ],
          [
            -64.18866,
            -31.409521
          ],
          [
            -64.188516,
            -31.409565
          ],
          [
            -64.188337,
            -31.409621
          ],
          [
            -64.187868,
            -31.409761
          ],
          [
            -64.187571,
            -31.40985
          ],
          [
            -64.188035,
            -31.410984
          ],
          [
            -64.188255,
            -31.41153
          ],
          [
            -64.188429,
            -31.411961
          ],
          [
            -64.188461,
            -31.412038
          ],
          [
            -64.188414,
            -31.412053
          ],
          [
            -64.18783,
            -31.412229
          ],
          [
            -64.187675,
            -31.412279
          ],
          [
            -64.187176,
            -31.412446
          ],
          [
            -64.187127,
            -31.412461
          ],
          [
            -64.185737,
            -31.412882
          ],
          [
            -64.185687,
            -31.412897
          ],
          [
            -64.185375,
            -31.412988
          ],
          [
            -64.18518,
            -31.413046
          ],
          [
            -64.185128,
            -31.413061
          ],
          [
            -64.185038,
            -31.413087
          ],
          [
            -64.184988,
            -31.413102
          ],
          [
            -64.184883,
            -31.413133
          ],
          [
            -64.184383,
            -31.413279
          ],
          [
            -64.184349,
            -31.413289
          ],
          [
            -64.183851,
            -31.413435
          ],
          [
            -64.183045,
            -31.413671
          ],
          [
            -64.182846,
            -31.41373
          ],
          [
            -64.18243,
            -31.413853
          ],
          [
            -64.181724,
            -31.414065
          ],
          [
            -64.181713,
            -31.414039
          ],
          [
            -64.18128,
            -31.41302
          ],
          [
            -64.181263,
            -31.412979
          ],
          [
            -64.181959,
            -31.412778
          ],
          [
            -64.18258,
            -31.412599
          ],
          [
            -64.182618,
            -31.412588
          ],
          [
            -64.183143,
            -31.412436
          ],
          [
            -64.183865,
            -31.412228
          ],
          [
            -64.183897,
            -31.412219
          ],
          [
            -64.183883,
            -31.412187
          ],
          [
            -64.183787,
            -31.411968
          ],
          [
            -64.183413,
            -31.411113
          ],
          [
            -64.183402,
            -31.411089
          ],
          [
            -64.182851,
            -31.409775
          ],
          [
            -64.184257,
            -31.409361
          ],
          [
            -64.185659,
            -31.408968
          ],
          [
            -64.187035,
            -31.408567
          ],
          [
            -64.187643,
            -31.408388
          ],
          [
            -64.188509,
            -31.408133
          ],
          [
            -64.188397,
            -31.407846
          ],
          [
            -64.188295,
            -31.40759
          ],
          [
            -64.188209,
            -31.407376
          ],
          [
            -64.188164,
            -31.407265
          ],
          [
            -64.188152,
            -31.407231
          ],
          [
            -64.188132,
            -31.40717
          ],
          [
            -64.188096,
            -31.407062
          ],
          [
            -64.18802,
            -31.406838
          ],
          [
            -64.188,
            -31.406773
          ],
          [
            -64.187791,
            -31.406
          ],
          [
            -64.187758,
            -31.405879
          ],
          [
            -64.187743,
            -31.40565
          ],
          [
            -64.187738,
            -31.405576
          ],
          [
            -64.18773,
            -31.40551
          ],
          [
            -64.187711,
            -31.405367
          ],
          [
            -64.187608,
            -31.404405
          ],
          [
            -64.187525,
            -31.403846
          ],
          [
            -64.187686,
            -31.403795
          ],
          [
            -64.188245,
            -31.403593
          ],
          [
            -64.18844,
            -31.403519
          ],
          [
            -64.188709,
            -31.403416
          ],
          [
            -64.189095,
            -31.403251
          ],
          [
            -64.189528,
            -31.403057
          ],
          [
            -64.189869,
            -31.402884
          ],
          [
            -64.190352,
            -31.402598
          ],
          [
            -64.190856,
            -31.402279
          ],
          [
            -64.190986,
            -31.402193
          ],
          [
            -64.191298,
            -31.401926
          ],
          [
            -64.19138,
            -31.40185
          ],
          [
            -64.191684,
            -31.401542
          ],
          [
            -64.191995,
            -31.401193
          ],
          [
            -64.192371,
            -31.400703
          ],
          [
            -64.192738,
            -31.400168
          ],
          [
            -64.192912,
            -31.399907
          ],
          [
            -64.192972,
            -31.39981
          ],
          [
            -64.193137,
            -31.399447
          ],
          [
            -64.193286,
            -31.399076
          ],
          [
            -64.19336,
            -31.398851
          ],
          [
            -64.193454,
            -31.398607
          ],
          [
            -64.19352,
            -31.398401
          ],
          [
            -64.193579,
            -31.398183
          ],
          [
            -64.193625,
            -31.397981
          ],
          [
            -64.193658,
            -31.397814
          ],
          [
            -64.193705,
            -31.397374
          ],
          [
            -64.193729,
            -31.39694
          ],
          [
            -64.193728,
            -31.3967
          ],
          [
            -64.193725,
            -31.396515
          ],
          [
            -64.193697,
            -31.396222
          ],
          [
            -64.193666,
            -31.395888
          ],
          [
            -64.193649,
            -31.395769
          ],
          [
            -64.193612,
            -31.395612
          ],
          [
            -64.193566,
            -31.395397
          ],
          [
            -64.193533,
            -31.395219
          ],
          [
            -64.193604,
            -31.395164
          ],
          [
            -64.194018,
            -31.39454
          ],
          [
            -64.194597,
            -31.393642
          ],
          [
            -64.195161,
            -31.392763
          ],
          [
            -64.19573,
            -31.391897
          ],
          [
            -64.195954,
            -31.391549
          ],
          [
            -64.196321,
            -31.390995
          ],
          [
            -64.1969,
            -31.390118
          ],
          [
            -64.196067,
            -31.389726
          ],
          [
            -64.195864,
            -31.38963
          ],
          [
            -64.194835,
            -31.389132
          ],
          [
            -64.19432,
            -31.388889
          ],
          [
            -64.193817,
            -31.388645
          ],
          [
            -64.192771,
            -31.388133
          ],
          [
            -64.193048,
            -31.387719
          ],
          [
            -64.193348,
            -31.387272
          ],
          [
            -64.193936,
            -31.386378
          ],
          [
            -64.193553,
            -31.386196
          ],
          [
            -64.193485,
            -31.386155
          ],
          [
            -64.192887,
            -31.386532
          ],
          [
            -64.192809,
            -31.386588
          ],
          [
            -64.192598,
            -31.386735
          ],
          [
            -64.192536,
            -31.386771
          ],
          [
            -64.192459,
            -31.38681
          ],
          [
            -64.192196,
            -31.386885
          ],
          [
            -64.192107,
            -31.386903
          ],
          [
            -64.191957,
            -31.38691
          ],
          [
            -64.191761,
            -31.386948
          ],
          [
            -64.191675,
            -31.386968
          ],
          [
            -64.191649,
            -31.386974
          ],
          [
            -64.191133,
            -31.387107
          ],
          [
            -64.191042,
            -31.387142
          ],
          [
            -64.190935,
            -31.387185
          ],
          [
            -64.190616,
            -31.387343
          ],
          [
            -64.190177,
            -31.387593
          ],
          [
            -64.189996,
            -31.387575
          ],
          [
            -64.189295,
            -31.387568
          ],
          [
            -64.187945,
            -31.387565
          ],
          [
            -64.187582,
            -31.387564
          ],
          [
            -64.187538,
            -31.387566
          ],
          [
            -64.187243,
            -31.387564
          ],
          [
            -64.18654,
            -31.387562
          ],
          [
            -64.18519,
            -31.387559
          ],
          [
            -64.183815,
            -31.387556
          ],
          [
            -64.182474,
            -31.387553
          ],
          [
            -64.181091,
            -31.38755
          ],
          [
            -64.179731,
            -31.387547
          ],
          [
            -64.178377,
            -31.387544
          ],
          [
            -64.17734,
            -31.387533
          ],
          [
            -64.177268,
            -31.387524
          ],
          [
            -64.177206,
            -31.387497
          ],
          [
            -64.177212,
            -31.386358
          ],
          [
            -64.177215,
            -31.385215
          ],
          [
            -64.177222,
            -31.384021
          ],
          [
            -64.176714,
            -31.384031
          ],
          [
            -64.176014,
            -31.384029
          ],
          [
            -64.176018,
            -31.383514
          ],
          [
            -64.176018,
            -31.383479
          ],
          [
            -64.17581,
            -31.383501
          ],
          [
            -64.174839,
            -31.383797
          ],
          [
            -64.174423,
            -31.382824
          ],
          [
            -64.17404,
            -31.381919
          ],
          [
            -64.173988,
            -31.381797
          ],
          [
            -64.174634,
            -31.381595
          ],
          [
            -64.175338,
            -31.381374
          ],
          [
            -64.175612,
            -31.381288
          ],
          [
            -64.175826,
            -31.381221
          ],
          [
            -64.176027,
            -31.381166
          ],
          [
            -64.176033,
            -31.380599
          ],
          [
            -64.176012,
            -31.380545
          ],
          [
            -64.176012,
            -31.380415
          ],
          [
            -64.176015,
            -31.379833
          ],
          [
            -64.176023,
            -31.377986
          ],
          [
            -64.175884,
            -31.377985
          ],
          [
            -64.175367,
            -31.377982
          ],
          [
            -64.174941,
            -31.37798
          ],
          [
            -64.17495,
            -31.37612
          ],
          [
            -64.175907,
            -31.376127
          ],
          [
            -64.176031,
            -31.376126
          ],
          [
            -64.176035,
            -31.375127
          ],
          [
            -64.176037,
            -31.374612
          ],
          [
            -64.176038,
            -31.374331
          ],
          [
            -64.176039,
            -31.374055
          ],
          [
            -64.17604,
            -31.373913
          ],
          [
            -64.176075,
            -31.373834
          ],
          [
            -64.17607,
            -31.373617
          ],
          [
            -64.17607,
            -31.372648
          ],
          [
            -64.176332,
            -31.372464
          ],
          [
            -64.177197,
            -31.372463
          ],
          [
            -64.177863,
            -31.372462
          ],
          [
            -64.178509,
            -31.372459
          ],
          [
            -64.179171,
            -31.372465
          ],
          [
            -64.179814,
            -31.372468
          ],
          [
            -64.180459,
            -31.372468
          ],
          [
            -64.181109,
            -31.372459
          ],
          [
            -64.181761,
            -31.372454
          ],
          [
            -64.182386,
            -31.372458
          ],
          [
            -64.18309,
            -31.372453
          ],
          [
            -64.183871,
            -31.372462
          ],
          [
            -64.18388,
            -31.371828
          ],
          [
            -64.184078,
            -31.37183
          ],
          [
            -64.185394,
            -31.371843
          ],
          [
            -64.186896,
            -31.371838
          ],
          [
            -64.188625,
            -31.371843
          ],
          [
            -64.188662,
            -31.372026
          ],
          [
            -64.188771,
            -31.372086
          ],
          [
            -64.188908,
            -31.372143
          ],
          [
            -64.189005,
            -31.372151
          ],
          [
            -64.18909,
            -31.372159
          ],
          [
            -64.189265,
            -31.372134
          ],
          [
            -64.190144,
            -31.372027
          ],
          [
            -64.19024,
            -31.372014
          ],
          [
            -64.191049,
            -31.3719
          ],
          [
            -64.192112,
            -31.37175
          ],
          [
            -64.19281,
            -31.37165
          ],
          [
            -64.193012,
            -31.371623
          ],
          [
            -64.19339,
            -31.371578
          ],
          [
            -64.194001,
            -31.371485
          ],
          [
            -64.194611,
            -31.371401
          ],
          [
            -64.195214,
            -31.371308
          ],
          [
            -64.195827,
            -31.371228
          ],
          [
            -64.19645,
            -31.371141
          ],
          [
            -64.196614,
            -31.371969
          ],
          [
            -64.196679,
            -31.372139
          ],
          [
            -64.196835,
            -31.37289
          ],
          [
            -64.197423,
            -31.372739
          ],
          [
            -64.19813,
            -31.372557
          ],
          [
            -64.198932,
            -31.372345
          ],
          [
            -64.199583,
            -31.37217
          ],
          [
            -64.200344,
            -31.371966
          ],
          [
            -64.200546,
            -31.371914
          ],
          [
            -64.202501,
            -31.371421
          ],
          [
            -64.203525,
            -31.371155
          ],
          [
            -64.204518,
            -31.370901
          ],
          [
            -64.205519,
            -31.370644
          ],
          [
            -64.205649,
            -31.37061
          ],
          [
            -64.205922,
            -31.370542
          ],
          [
            -64.205935,
            -31.370603
          ],
          [
            -64.20595,
            -31.370651
          ],
          [
            -64.205976,
            -31.370752
          ],
          [
            -64.20599,
            -31.37081
          ],
          [
            -64.205993,
            -31.370835
          ],
          [
            -64.206006,
            -31.371177
          ],
          [
            -64.206023,
            -31.371582
          ],
          [
            -64.206029,
            -31.371663
          ],
          [
            -64.20603,
            -31.371703
          ],
          [
            -64.206024,
            -31.371758
          ],
          [
            -64.205983,
            -31.371993
          ],
          [
            -64.206018,
            -31.372301
          ],
          [
            -64.206003,
            -31.372421
          ],
          [
            -64.206011,
            -31.372471
          ],
          [
            -64.206131,
            -31.37306
          ],
          [
            -64.206284,
            -31.373936
          ],
          [
            -64.206431,
            -31.374619
          ],
          [
            -64.206537,
            -31.375162
          ],
          [
            -64.207265,
            -31.375066
          ],
          [
            -64.20746,
            -31.375039
          ],
          [
            -64.207932,
            -31.374973
          ],
          [
            -64.208181,
            -31.376258
          ],
          [
            -64.207523,
            -31.376439
          ],
          [
            -64.206817,
            -31.376631
          ],
          [
            -64.206424,
            -31.376735
          ],
          [
            -64.206359,
            -31.376762
          ],
          [
            -64.206297,
            -31.376798
          ],
          [
            -64.205884,
            -31.377094
          ],
          [
            -64.205015,
            -31.377782
          ],
          [
            -64.204684,
            -31.378053
          ],
          [
            -64.204456,
            -31.378231
          ],
          [
            -64.204375,
            -31.378296
          ],
          [
            -64.204097,
            -31.378516
          ],
          [
            -64.203175,
            -31.379245
          ],
          [
            -64.202961,
            -31.379417
          ],
          [
            -64.202302,
            -31.379957
          ],
          [
            -64.201897,
            -31.380272
          ],
          [
            -64.201772,
            -31.380367
          ],
          [
            -64.201467,
            -31.380603
          ],
          [
            -64.201381,
            -31.380668
          ],
          [
            -64.200453,
            -31.381403
          ],
          [
            -64.200424,
            -31.381423
          ],
          [
            -64.200011,
            -31.381753
          ],
          [
            -64.199544,
            -31.38213
          ],
          [
            -64.199167,
            -31.382428
          ],
          [
            -64.199032,
            -31.38253
          ],
          [
            -64.198674,
            -31.38285
          ],
          [
            -64.198557,
            -31.382945
          ],
          [
            -64.197748,
            -31.383586
          ],
          [
            -64.197048,
            -31.384141
          ],
          [
            -64.196845,
            -31.384298
          ],
          [
            -64.196436,
            -31.384622
          ],
          [
            -64.196282,
            -31.384743
          ],
          [
            -64.196188,
            -31.384805
          ],
          [
            -64.196077,
            -31.38487
          ],
          [
            -64.195981,
            -31.384921
          ],
          [
            -64.19591,
            -31.384957
          ],
          [
            -64.195788,
            -31.385014
          ],
          [
            -64.195563,
            -31.385118
          ],
          [
            -64.19542,
            -31.385183
          ],
          [
            -64.19492,
            -31.385382
          ],
          [
            -64.194621,
            -31.38551
          ],
          [
            -64.194433,
            -31.385593
          ],
          [
            -64.194304,
            -31.385663
          ],
          [
            -64.194062,
            -31.385797
          ],
          [
            -64.193917,
            -31.385878
          ],
          [
            -64.193632,
            -31.386058
          ],
          [
            -64.193485,
            -31.386155
          ],
          [
            -64.192887,
            -31.386532
          ],
          [
            -64.192809,
            -31.386588
          ],
          [
            -64.192598,
            -31.386735
          ],
          [
            -64.192536,
            -31.386771
          ],
          [
            -64.192459,
            -31.38681
          ],
          [
            -64.192196,
            -31.386885
          ],
          [
            -64.192107,
            -31.386903
          ],
          [
            -64.191957,
            -31.38691
          ],
          [
            -64.191761,
            -31.386948
          ],
          [
            -64.191675,
            -31.386968
          ],
          [
            -64.191649,
            -31.386974
          ],
          [
            -64.191133,
            -31.387107
          ],
          [
            -64.191042,
            -31.387142
          ],
          [
            -64.190935,
            -31.387185
          ],
          [
            -64.190616,
            -31.387343
          ],
          [
            -64.190177,
            -31.387593
          ],
          [
            -64.18975,
            -31.387816
          ],
          [
            -64.189295,
            -31.388063
          ],
          [
            -64.188583,
            -31.388434
          ],
          [
            -64.187979,
            -31.388742
          ],
          [
            -64.187863,
            -31.388805
          ],
          [
            -64.18778,
            -31.388849
          ],
          [
            -64.187395,
            -31.389054
          ],
          [
            -64.186546,
            -31.389518
          ],
          [
            -64.186193,
            -31.389711
          ],
          [
            -64.185769,
            -31.389942
          ],
          [
            -64.18518,
            -31.390264
          ],
          [
            -64.185017,
            -31.390355
          ],
          [
            -64.18384,
            -31.390933
          ],
          [
            -64.183866,
            -31.391012
          ],
          [
            -64.183968,
            -31.391274
          ],
          [
            -64.184431,
            -31.39239
          ],
          [
            -64.184798,
            -31.393284
          ],
          [
            -64.184892,
            -31.393501
          ],
          [
            -64.185318,
            -31.394528
          ],
          [
            -64.185802,
            -31.395694
          ],
          [
            -64.186036,
            -31.396262
          ],
          [
            -64.186043,
            -31.396284
          ],
          [
            -64.18605,
            -31.396301
          ],
          [
            -64.18626,
            -31.396825
          ],
          [
            -64.18662,
            -31.397697
          ],
          [
            -64.18671,
            -31.397922
          ],
          [
            -64.18716,
            -31.399044
          ],
          [
            -64.18763,
            -31.400137
          ],
          [
            -64.188069,
            -31.401229
          ],
          [
            -64.187472,
            -31.401414
          ],
          [
            -64.186827,
            -31.401612
          ],
          [
            -64.186169,
            -31.401818
          ],
          [
            -64.185541,
            -31.402013
          ],
          [
            -64.184883,
            -31.402218
          ],
          [
            -64.184254,
            -31.402413
          ],
          [
            -64.18394,
            -31.40251
          ],
          [
            -64.183263,
            -31.40272
          ],
          [
            -64.182762,
            -31.402876
          ],
          [
            -64.182701,
            -31.402982
          ],
          [
            -64.182651,
            -31.403105
          ],
          [
            -64.182618,
            -31.403213
          ],
          [
            -64.182586,
            -31.403394
          ],
          [
            -64.18255,
            -31.403744
          ],
          [
            -64.182593,
            -31.40395
          ],
          [
            -64.182602,
            -31.404002
          ],
          [
            -64.182614,
            -31.404246
          ],
          [
            -64.182626,
            -31.404381
          ],
          [
            -64.182656,
            -31.404595
          ],
          [
            -64.182701,
            -31.404839
          ],
          [
            -64.182719,
            -31.40491
          ],
          [
            -64.182879,
            -31.405545
          ],
          [
            -64.182932,
            -31.405738
          ],
          [
            -64.18294,
            -31.405766
          ],
          [
            -64.183201,
            -31.40677
          ],
          [
            -64.183212,
            -31.406813
          ],
          [
            -64.183262,
            -31.406951
          ],
          [
            -64.183339,
            -31.40717
          ],
          [
            -64.183389,
            -31.407298
          ],
          [
            -64.183645,
            -31.407908
          ],
          [
            -64.183726,
            -31.408102
          ],
          [
            -64.183788,
            -31.408253
          ],
          [
            -64.183949,
            -31.408629
          ],
          [
            -64.184257,
            -31.409361
          ],
          [
            -64.184637,
            -31.410262
          ],
          [
            -64.184804,
            -31.410657
          ],
          [
            -64.185292,
            -31.411809
          ],
          [
            -64.185718,
            -31.412838
          ],
          [
            -64.185737,
            -31.412882
          ],
          [
            -64.185762,
            -31.412943
          ],
          [
            -64.185948,
            -31.413383
          ],
          [
            -64.186125,
            -31.413802
          ],
          [
            -64.186243,
            -31.414082
          ],
          [
            -64.186591,
            -31.414907
          ],
          [
            -64.186704,
            -31.415175
          ],
          [
            -64.186715,
            -31.415201
          ],
          [
            -64.186739,
            -31.415256
          ],
          [
            -64.186794,
            -31.415387
          ],
          [
            -64.186829,
            -31.41547
          ],
          [
            -64.187167,
            -31.416272
          ],
          [
            -64.187176,
            -31.416293
          ],
          [
            -64.187381,
            -31.41678
          ],
          [
            -64.187392,
            -31.416806
          ],
          [
            -64.187665,
            -31.417451
          ],
          [
            -64.187673,
            -31.417469
          ],
          [
            -64.18769,
            -31.41751
          ],
          [
            -64.188184,
            -31.418665
          ],
          [
            -64.188568,
            -31.419564
          ],
          [
            -64.188701,
            -31.419841
          ],
          [
            -64.188713,
            -31.419861
          ],
          [
            -64.188728,
            -31.419891
          ],
          [
            -64.188735,
            -31.419927
          ],
          [
            -64.188737,
            -31.419959
          ],
          [
            -64.188733,
            -31.419976
          ],
          [
            -64.188728,
            -31.419991
          ],
          [
            -64.188709,
            -31.420032
          ],
          [
            -64.188708,
            -31.420086
          ],
          [
            -64.188709,
            -31.420103
          ]
        ]
      }
    }
  ]
}
