{
  "type": "FeatureCollection",
  "metadata": {
    "runId": "cordoba-2026-08-31-v3",
    "targetDate": "2026-08-31",
    "modelVersion": "fleetflow-v0.6"
  },
  "features": [
    {
      "type": "Feature",
      "id": "route-cordoba-2026-08-31-v3-01",
      "properties": {
        "truckId": "vehicle-01",
        "waypointDistancesKm": [
          0,
          3.45735790891884,
          6.6367853880332675,
          10.239670298308061,
          12.210763315914928,
          13.064830255639322,
          14.713156045038613,
          15.345537130276105,
          18.049908944485352,
          27.863101977225007
        ]
      },
      "geometry": {
        "type": "LineString",
        "coordinates": [
          [
            -64.188709,
            -31.420109
          ],
          [
            -64.18871,
            -31.420127
          ],
          [
            -64.188717,
            -31.420178
          ],
          [
            -64.188727,
            -31.42023
          ],
          [
            -64.188737,
            -31.420284
          ],
          [
            -64.188734,
            -31.420338
          ],
          [
            -64.188686,
            -31.420476
          ],
          [
            -64.188614,
            -31.420637
          ],
          [
            -64.188602,
            -31.420666
          ],
          [
            -64.188216,
            -31.421509
          ],
          [
            -64.188139,
            -31.421536
          ],
          [
            -64.187971,
            -31.421596
          ],
          [
            -64.187883,
            -31.421621
          ],
          [
            -64.186582,
            -31.422025
          ],
          [
            -64.187051,
            -31.423184
          ],
          [
            -64.187348,
            -31.423089
          ],
          [
            -64.187455,
            -31.423057
          ],
          [
            -64.18837,
            -31.422766
          ],
          [
            -64.189743,
            -31.422336
          ],
          [
            -64.191026,
            -31.421953
          ],
          [
            -64.191681,
            -31.421802
          ],
          [
            -64.192042,
            -31.421714
          ],
          [
            -64.192103,
            -31.421747
          ],
          [
            -64.192116,
            -31.421753
          ],
          [
            -64.192669,
            -31.422089
          ],
          [
            -64.192782,
            -31.422189
          ],
          [
            -64.192844,
            -31.422266
          ],
          [
            -64.192874,
            -31.422319
          ],
          [
            -64.193034,
            -31.422629
          ],
          [
            -64.193039,
            -31.422638
          ],
          [
            -64.193065,
            -31.422687
          ],
          [
            -64.19309,
            -31.422744
          ],
          [
            -64.193094,
            -31.422754
          ],
          [
            -64.193529,
            -31.423727
          ],
          [
            -64.193534,
            -31.423741
          ],
          [
            -64.193557,
            -31.423803
          ],
          [
            -64.193576,
            -31.423844
          ],
          [
            -64.19358,
            -31.423853
          ],
          [
            -64.194015,
            -31.424875
          ],
          [
            -64.194019,
            -31.424886
          ],
          [
            -64.194046,
            -31.424949
          ],
          [
            -64.194074,
            -31.42502
          ],
          [
            -64.194079,
            -31.425033
          ],
          [
            -64.194292,
            -31.425566
          ],
          [
            -64.194297,
            -31.425579
          ],
          [
            -64.194324,
            -31.425646
          ],
          [
            -64.194347,
            -31.425638
          ],
          [
            -64.194891,
            -31.42545
          ],
          [
            -64.195467,
            -31.425258
          ],
          [
            -64.19703,
            -31.424781
          ],
          [
            -64.197203,
            -31.42473
          ],
          [
            -64.198801,
            -31.424256
          ],
          [
            -64.199332,
            -31.424091
          ],
          [
            -64.199629,
            -31.423971
          ],
          [
            -64.199716,
            -31.423909
          ],
          [
            -64.199842,
            -31.423788
          ],
          [
            -64.199903,
            -31.423704
          ],
          [
            -64.200006,
            -31.423614
          ],
          [
            -64.200071,
            -31.423576
          ],
          [
            -64.200159,
            -31.423537
          ],
          [
            -64.200276,
            -31.423517
          ],
          [
            -64.200416,
            -31.423517
          ],
          [
            -64.200501,
            -31.423532
          ],
          [
            -64.200607,
            -31.423568
          ],
          [
            -64.200706,
            -31.423589
          ],
          [
            -64.200761,
            -31.4236
          ],
          [
            -64.200839,
            -31.423605
          ],
          [
            -64.200985,
            -31.423591
          ],
          [
            -64.201612,
            -31.423392
          ],
          [
            -64.20305,
            -31.422946
          ],
          [
            -64.204479,
            -31.422509
          ],
          [
            -64.205912,
            -31.422068
          ],
          [
            -64.206701,
            -31.421808
          ],
          [
            -64.20781,
            -31.421464
          ],
          [
            -64.208802,
            -31.421156
          ],
          [
            -64.208603,
            -31.420411
          ],
          [
            -64.208439,
            -31.419835
          ],
          [
            -64.208275,
            -31.419231
          ],
          [
            -64.208113,
            -31.418653
          ],
          [
            -64.207963,
            -31.418078
          ],
          [
            -64.206708,
            -31.418396
          ],
          [
            -64.206339,
            -31.418496
          ],
          [
            -64.20558,
            -31.418701
          ],
          [
            -64.204767,
            -31.418905
          ],
          [
            -64.204976,
            -31.419494
          ],
          [
            -64.205174,
            -31.420051
          ],
          [
            -64.205379,
            -31.420653
          ],
          [
            -64.205578,
            -31.421214
          ],
          [
            -64.205912,
            -31.422068
          ],
          [
            -64.206701,
            -31.421808
          ],
          [
            -64.20781,
            -31.421464
          ],
          [
            -64.208802,
            -31.421156
          ],
          [
            -64.210115,
            -31.420904
          ],
          [
            -64.211468,
            -31.420643
          ],
          [
            -64.211476,
            -31.420676
          ],
          [
            -64.211613,
            -31.421231
          ],
          [
            -64.211679,
            -31.421494
          ],
          [
            -64.211751,
            -31.421785
          ],
          [
            -64.211856,
            -31.422184
          ],
          [
            -64.211917,
            -31.422444
          ],
          [
            -64.211991,
            -31.422703
          ],
          [
            -64.212079,
            -31.42304
          ],
          [
            -64.212161,
            -31.423352
          ],
          [
            -64.212229,
            -31.423615
          ],
          [
            -64.212265,
            -31.423752
          ],
          [
            -64.212273,
            -31.423782
          ],
          [
            -64.212326,
            -31.423985
          ],
          [
            -64.212374,
            -31.424167
          ],
          [
            -64.212524,
            -31.424736
          ],
          [
            -64.212661,
            -31.425268
          ],
          [
            -64.212804,
            -31.425814
          ],
          [
            -64.212861,
            -31.42603
          ],
          [
            -64.212945,
            -31.426354
          ],
          [
            -64.213121,
            -31.427027
          ],
          [
            -64.213131,
            -31.427065
          ],
          [
            -64.213216,
            -31.427048
          ],
          [
            -64.215017,
            -31.426734
          ],
          [
            -64.215662,
            -31.426611
          ],
          [
            -64.2159,
            -31.426567
          ],
          [
            -64.216315,
            -31.426484
          ],
          [
            -64.216671,
            -31.426408
          ],
          [
            -64.217017,
            -31.426348
          ],
          [
            -64.217327,
            -31.426288
          ],
          [
            -64.217649,
            -31.426226
          ],
          [
            -64.218287,
            -31.426102
          ],
          [
            -64.219042,
            -31.425955
          ],
          [
            -64.219769,
            -31.425813
          ],
          [
            -64.220521,
            -31.425669
          ],
          [
            -64.221259,
            -31.425526
          ],
          [
            -64.221993,
            -31.425384
          ],
          [
            -64.222765,
            -31.425231
          ],
          [
            -64.223429,
            -31.425101
          ],
          [
            -64.224202,
            -31.424956
          ],
          [
            -64.224928,
            -31.424814
          ],
          [
            -64.225367,
            -31.424727
          ],
          [
            -64.226129,
            -31.424582
          ],
          [
            -64.225989,
            -31.4241
          ],
          [
            -64.226536,
            -31.423997
          ],
          [
            -64.22661,
            -31.423983
          ],
          [
            -64.227231,
            -31.423867
          ],
          [
            -64.227356,
            -31.424347
          ],
          [
            -64.228554,
            -31.424112
          ],
          [
            -64.229427,
            -31.423937
          ],
          [
            -64.230258,
            -31.42377
          ],
          [
            -64.231099,
            -31.4236
          ],
          [
            -64.23199,
            -31.423422
          ],
          [
            -64.232846,
            -31.42325
          ],
          [
            -64.233683,
            -31.423082
          ],
          [
            -64.233824,
            -31.423139
          ],
          [
            -64.233846,
            -31.423169
          ],
          [
            -64.234196,
            -31.424407
          ],
          [
            -64.234245,
            -31.424596
          ],
          [
            -64.234373,
            -31.425106
          ],
          [
            -64.234396,
            -31.425248
          ],
          [
            -64.234463,
            -31.425224
          ],
          [
            -64.234501,
            -31.425208
          ],
          [
            -64.234538,
            -31.425185
          ],
          [
            -64.234961,
            -31.424742
          ],
          [
            -64.236371,
            -31.42339
          ],
          [
            -64.237055,
            -31.422722
          ],
          [
            -64.237129,
            -31.422665
          ],
          [
            -64.237167,
            -31.422635
          ],
          [
            -64.237318,
            -31.422522
          ],
          [
            -64.237568,
            -31.422315
          ],
          [
            -64.237617,
            -31.422259
          ],
          [
            -64.238199,
            -31.421387
          ],
          [
            -64.238569,
            -31.420821
          ],
          [
            -64.238617,
            -31.420759
          ],
          [
            -64.238663,
            -31.42072
          ],
          [
            -64.238747,
            -31.420665
          ],
          [
            -64.239421,
            -31.420303
          ],
          [
            -64.24036,
            -31.419762
          ],
          [
            -64.241186,
            -31.419297
          ],
          [
            -64.241267,
            -31.419241
          ],
          [
            -64.241333,
            -31.419184
          ],
          [
            -64.241367,
            -31.419137
          ],
          [
            -64.2414,
            -31.419072
          ],
          [
            -64.241415,
            -31.419023
          ],
          [
            -64.241424,
            -31.418962
          ],
          [
            -64.241438,
            -31.417651
          ],
          [
            -64.241449,
            -31.416617
          ],
          [
            -64.24146,
            -31.415465
          ],
          [
            -64.241449,
            -31.41431
          ],
          [
            -64.241441,
            -31.414216
          ],
          [
            -64.241419,
            -31.414115
          ],
          [
            -64.241399,
            -31.414064
          ],
          [
            -64.241366,
            -31.41401
          ],
          [
            -64.241178,
            -31.413721
          ],
          [
            -64.241132,
            -31.413623
          ],
          [
            -64.241111,
            -31.41354
          ],
          [
            -64.241097,
            -31.413417
          ],
          [
            -64.241084,
            -31.413212
          ],
          [
            -64.24103,
            -31.412349
          ],
          [
            -64.240994,
            -31.411936
          ],
          [
            -64.240994,
            -31.411883
          ],
          [
            -64.241005,
            -31.4118
          ],
          [
            -64.241013,
            -31.411742
          ],
          [
            -64.241019,
            -31.411685
          ],
          [
            -64.241015,
            -31.411639
          ],
          [
            -64.240893,
            -31.411177
          ],
          [
            -64.240545,
            -31.40987
          ],
          [
            -64.240228,
            -31.408676
          ],
          [
            -64.240211,
            -31.408632
          ],
          [
            -64.240276,
            -31.408623
          ],
          [
            -64.240844,
            -31.408431
          ],
          [
            -64.240936,
            -31.408403
          ],
          [
            -64.24203,
            -31.408209
          ],
          [
            -64.242265,
            -31.40911
          ],
          [
            -64.242359,
            -31.40946
          ],
          [
            -64.242407,
            -31.409649
          ],
          [
            -64.241538,
            -31.409812
          ],
          [
            -64.241869,
            -31.40975
          ],
          [
            -64.242407,
            -31.409649
          ],
          [
            -64.24255,
            -31.410137
          ],
          [
            -64.242679,
            -31.410633
          ],
          [
            -64.242805,
            -31.411118
          ],
          [
            -64.242951,
            -31.41169
          ],
          [
            -64.243667,
            -31.411656
          ],
          [
            -64.244163,
            -31.411622
          ],
          [
            -64.244276,
            -31.411615
          ],
          [
            -64.244571,
            -31.411599
          ],
          [
            -64.244894,
            -31.41157
          ],
          [
            -64.24504,
            -31.411562
          ],
          [
            -64.245469,
            -31.411519
          ],
          [
            -64.245762,
            -31.411495
          ],
          [
            -64.246208,
            -31.411452
          ],
          [
            -64.246346,
            -31.41144
          ],
          [
            -64.246434,
            -31.411438
          ],
          [
            -64.246514,
            -31.411437
          ],
          [
            -64.246596,
            -31.411444
          ],
          [
            -64.246675,
            -31.411461
          ],
          [
            -64.24804,
            -31.411937
          ],
          [
            -64.24808,
            -31.411944
          ],
          [
            -64.248116,
            -31.411949
          ],
          [
            -64.248155,
            -31.411948
          ],
          [
            -64.248194,
            -31.411945
          ],
          [
            -64.24924,
            -31.41187
          ],
          [
            -64.249446,
            -31.411855
          ],
          [
            -64.250304,
            -31.411781
          ],
          [
            -64.250808,
            -31.411742
          ],
          [
            -64.250904,
            -31.411736
          ],
          [
            -64.251227,
            -31.411707
          ],
          [
            -64.251793,
            -31.411669
          ],
          [
            -64.252149,
            -31.411647
          ],
          [
            -64.252616,
            -31.411612
          ],
          [
            -64.25339,
            -31.411549
          ],
          [
            -64.253489,
            -31.411538
          ],
          [
            -64.253555,
            -31.411538
          ],
          [
            -64.254239,
            -31.411532
          ],
          [
            -64.255737,
            -31.411526
          ],
          [
            -64.256458,
            -31.411531
          ],
          [
            -64.256907,
            -31.411535
          ],
          [
            -64.25721,
            -31.411533
          ],
          [
            -64.25748,
            -31.411535
          ],
          [
            -64.257923,
            -31.411525
          ],
          [
            -64.258062,
            -31.411523
          ],
          [
            -64.258649,
            -31.411519
          ],
          [
            -64.258644,
            -31.412542
          ],
          [
            -64.258646,
            -31.413157
          ],
          [
            -64.258647,
            -31.413528
          ],
          [
            -64.258649,
            -31.414532
          ],
          [
            -64.258654,
            -31.415505
          ],
          [
            -64.259155,
            -31.415512
          ],
          [
            -64.259222,
            -31.415512
          ],
          [
            -64.25922,
            -31.415547
          ],
          [
            -64.259208,
            -31.416426
          ],
          [
            -64.259225,
            -31.4165
          ],
          [
            -64.259226,
            -31.417491
          ],
          [
            -64.259221,
            -31.418488
          ],
          [
            -64.260391,
            -31.418491
          ],
          [
            -64.260386,
            -31.419363
          ],
          [
            -64.260385,
            -31.419478
          ],
          [
            -64.260387,
            -31.420479
          ],
          [
            -64.26153,
            -31.420477
          ],
          [
            -64.261764,
            -31.420475
          ],
          [
            -64.263866,
            -31.420477
          ],
          [
            -64.263856,
            -31.419487
          ],
          [
            -64.263853,
            -31.419246
          ],
          [
            -64.263854,
            -31.41849
          ],
          [
            -64.26385,
            -31.418093
          ],
          [
            -64.263842,
            -31.417496
          ],
          [
            -64.263846,
            -31.4169
          ],
          [
            -64.263844,
            -31.416503
          ],
          [
            -64.263841,
            -31.41576
          ],
          [
            -64.263838,
            -31.415517
          ],
          [
            -64.263844,
            -31.414524
          ],
          [
            -64.263839,
            -31.413539
          ],
          [
            -64.263845,
            -31.41304
          ],
          [
            -64.263851,
            -31.412539
          ],
          [
            -64.263862,
            -31.411528
          ],
          [
            -64.264391,
            -31.411531
          ],
          [
            -64.264687,
            -31.411537
          ],
          [
            -64.26491,
            -31.411541
          ],
          [
            -64.265415,
            -31.411549
          ],
          [
            -64.265417,
            -31.411085
          ],
          [
            -64.265419,
            -31.41036
          ],
          [
            -64.265425,
            -31.409236
          ],
          [
            -64.265415,
            -31.408027
          ],
          [
            -64.265437,
            -31.406941
          ],
          [
            -64.264908,
            -31.40694
          ],
          [
            -64.264699,
            -31.406943
          ],
          [
            -64.264691,
            -31.407856
          ],
          [
            -64.264689,
            -31.408031
          ],
          [
            -64.264689,
            -31.409236
          ],
          [
            -64.264681,
            -31.410374
          ],
          [
            -64.264687,
            -31.411537
          ],
          [
            -64.264391,
            -31.411531
          ],
          [
            -64.263862,
            -31.411528
          ],
          [
            -64.263851,
            -31.412539
          ],
          [
            -64.263845,
            -31.41304
          ],
          [
            -64.263839,
            -31.413539
          ],
          [
            -64.263844,
            -31.414524
          ],
          [
            -64.263838,
            -31.415517
          ],
          [
            -64.263841,
            -31.41576
          ],
          [
            -64.263844,
            -31.416503
          ],
          [
            -64.263846,
            -31.4169
          ],
          [
            -64.263842,
            -31.417496
          ],
          [
            -64.26385,
            -31.418093
          ],
          [
            -64.263854,
            -31.41849
          ],
          [
            -64.263853,
            -31.419246
          ],
          [
            -64.263856,
            -31.419487
          ],
          [
            -64.263866,
            -31.420477
          ],
          [
            -64.263874,
            -31.421633
          ],
          [
            -64.263873,
            -31.421804
          ],
          [
            -64.263874,
            -31.42208
          ],
          [
            -64.263884,
            -31.422945
          ],
          [
            -64.263883,
            -31.423017
          ],
          [
            -64.263877,
            -31.423873
          ],
          [
            -64.263877,
            -31.424141
          ],
          [
            -64.264793,
            -31.424138
          ],
          [
            -64.265693,
            -31.424135
          ],
          [
            -64.266604,
            -31.424133
          ],
          [
            -64.267474,
            -31.42413
          ],
          [
            -64.268363,
            -31.424128
          ],
          [
            -64.269239,
            -31.424125
          ],
          [
            -64.269307,
            -31.424125
          ],
          [
            -64.269399,
            -31.424125
          ],
          [
            -64.269358,
            -31.426585
          ],
          [
            -64.269362,
            -31.426735
          ],
          [
            -64.269365,
            -31.426848
          ],
          [
            -64.269397,
            -31.427093
          ],
          [
            -64.269442,
            -31.427238
          ],
          [
            -64.269514,
            -31.427369
          ],
          [
            -64.26959,
            -31.42747
          ],
          [
            -64.269711,
            -31.427616
          ],
          [
            -64.269805,
            -31.427753
          ],
          [
            -64.269873,
            -31.427896
          ],
          [
            -64.26992,
            -31.428029
          ],
          [
            -64.269943,
            -31.428142
          ],
          [
            -64.269954,
            -31.428244
          ],
          [
            -64.269949,
            -31.428366
          ],
          [
            -64.269929,
            -31.428486
          ],
          [
            -64.269886,
            -31.428612
          ],
          [
            -64.269828,
            -31.428736
          ],
          [
            -64.269755,
            -31.428853
          ],
          [
            -64.2697,
            -31.428932
          ],
          [
            -64.269612,
            -31.429018
          ],
          [
            -64.269523,
            -31.429088
          ],
          [
            -64.269417,
            -31.42916
          ],
          [
            -64.269303,
            -31.429219
          ],
          [
            -64.269157,
            -31.429293
          ],
          [
            -64.268975,
            -31.429341
          ],
          [
            -64.268807,
            -31.429368
          ],
          [
            -64.268551,
            -31.429396
          ],
          [
            -64.267595,
            -31.429446
          ],
          [
            -64.266295,
            -31.429486
          ],
          [
            -64.265729,
            -31.42951
          ],
          [
            -64.263909,
            -31.429559
          ],
          [
            -64.263909,
            -31.430407
          ],
          [
            -64.263918,
            -31.431312
          ],
          [
            -64.263916,
            -31.431398
          ],
          [
            -64.263913,
            -31.431868
          ],
          [
            -64.263925,
            -31.432372
          ],
          [
            -64.263931,
            -31.432901
          ],
          [
            -64.263942,
            -31.433085
          ],
          [
            -64.26398,
            -31.433197
          ],
          [
            -64.263941,
            -31.433665
          ],
          [
            -64.263934,
            -31.433774
          ],
          [
            -64.263821,
            -31.433765
          ],
          [
            -64.262807,
            -31.433692
          ],
          [
            -64.262092,
            -31.433637
          ],
          [
            -64.261549,
            -31.433597
          ],
          [
            -64.260904,
            -31.433557
          ],
          [
            -64.26048,
            -31.433528
          ],
          [
            -64.260432,
            -31.433525
          ],
          [
            -64.260077,
            -31.433507
          ],
          [
            -64.258658,
            -31.433405
          ],
          [
            -64.258036,
            -31.433365
          ],
          [
            -64.257409,
            -31.433337
          ],
          [
            -64.256703,
            -31.433291
          ],
          [
            -64.256135,
            -31.433253
          ],
          [
            -64.256001,
            -31.433244
          ],
          [
            -64.255852,
            -31.433235
          ],
          [
            -64.254903,
            -31.43316
          ],
          [
            -64.254267,
            -31.433107
          ],
          [
            -64.254021,
            -31.433089
          ],
          [
            -64.253812,
            -31.433079
          ],
          [
            -64.253655,
            -31.433075
          ],
          [
            -64.253542,
            -31.433088
          ],
          [
            -64.253484,
            -31.433107
          ],
          [
            -64.25343,
            -31.433127
          ],
          [
            -64.253362,
            -31.43316
          ],
          [
            -64.253316,
            -31.433187
          ],
          [
            -64.253273,
            -31.43321
          ],
          [
            -64.25321,
            -31.433244
          ],
          [
            -64.253017,
            -31.43329
          ],
          [
            -64.25291,
            -31.433293
          ],
          [
            -64.252806,
            -31.433284
          ],
          [
            -64.252744,
            -31.433276
          ],
          [
            -64.252701,
            -31.43327
          ],
          [
            -64.252604,
            -31.433243
          ],
          [
            -64.252508,
            -31.43321
          ],
          [
            -64.252289,
            -31.433116
          ],
          [
            -64.252203,
            -31.433083
          ],
          [
            -64.252127,
            -31.433061
          ],
          [
            -64.251984,
            -31.433032
          ],
          [
            -64.251756,
            -31.433001
          ],
          [
            -64.251406,
            -31.432978
          ],
          [
            -64.250294,
            -31.432906
          ],
          [
            -64.250248,
            -31.432903
          ],
          [
            -64.249166,
            -31.432833
          ],
          [
            -64.248449,
            -31.432782
          ],
          [
            -64.248103,
            -31.432766
          ],
          [
            -64.248042,
            -31.432762
          ],
          [
            -64.247997,
            -31.432759
          ],
          [
            -64.24715,
            -31.432703
          ],
          [
            -64.246978,
            -31.432692
          ],
          [
            -64.246883,
            -31.432685
          ],
          [
            -64.246786,
            -31.432678
          ],
          [
            -64.245924,
            -31.432623
          ],
          [
            -64.245847,
            -31.432618
          ],
          [
            -64.245727,
            -31.43261
          ],
          [
            -64.245338,
            -31.432585
          ],
          [
            -64.244913,
            -31.432557
          ],
          [
            -64.24445,
            -31.432527
          ],
          [
            -64.243948,
            -31.432495
          ],
          [
            -64.243866,
            -31.432489
          ],
          [
            -64.242759,
            -31.432409
          ],
          [
            -64.242478,
            -31.432393
          ],
          [
            -64.241923,
            -31.432362
          ],
          [
            -64.241795,
            -31.432355
          ],
          [
            -64.241678,
            -31.432347
          ],
          [
            -64.240622,
            -31.432279
          ],
          [
            -64.23943,
            -31.432202
          ],
          [
            -64.238237,
            -31.432124
          ],
          [
            -64.237661,
            -31.432087
          ],
          [
            -64.237069,
            -31.432049
          ],
          [
            -64.2359,
            -31.43197
          ],
          [
            -64.234694,
            -31.431895
          ],
          [
            -64.233473,
            -31.431815
          ],
          [
            -64.232396,
            -31.431746
          ],
          [
            -64.231862,
            -31.431717
          ],
          [
            -64.231683,
            -31.431705
          ],
          [
            -64.231557,
            -31.431695
          ],
          [
            -64.231411,
            -31.431683
          ],
          [
            -64.23055,
            -31.431626
          ],
          [
            -64.230087,
            -31.431597
          ],
          [
            -64.22919,
            -31.431528
          ],
          [
            -64.229061,
            -31.431518
          ],
          [
            -64.228848,
            -31.431502
          ],
          [
            -64.228778,
            -31.431497
          ],
          [
            -64.228722,
            -31.431493
          ],
          [
            -64.228671,
            -31.431489
          ],
          [
            -64.228485,
            -31.431477
          ],
          [
            -64.228004,
            -31.431445
          ],
          [
            -64.22731,
            -31.431395
          ],
          [
            -64.226625,
            -31.431347
          ],
          [
            -64.225816,
            -31.431289
          ],
          [
            -64.225094,
            -31.431238
          ],
          [
            -64.225011,
            -31.431232
          ],
          [
            -64.224195,
            -31.431174
          ],
          [
            -64.224101,
            -31.431168
          ],
          [
            -64.223369,
            -31.431115
          ],
          [
            -64.223011,
            -31.43109
          ],
          [
            -64.221971,
            -31.431016
          ],
          [
            -64.221651,
            -31.430993
          ],
          [
            -64.220927,
            -31.430941
          ],
          [
            -64.220513,
            -31.430915
          ],
          [
            -64.220222,
            -31.430893
          ],
          [
            -64.219845,
            -31.430864
          ],
          [
            -64.219597,
            -31.430847
          ],
          [
            -64.218389,
            -31.430757
          ],
          [
            -64.217427,
            -31.430686
          ],
          [
            -64.216459,
            -31.43062
          ],
          [
            -64.214757,
            -31.43051
          ],
          [
            -64.214631,
            -31.430501
          ],
          [
            -64.21452,
            -31.430494
          ],
          [
            -64.214105,
            -31.430468
          ],
          [
            -64.214009,
            -31.430462
          ],
          [
            -64.213914,
            -31.430455
          ],
          [
            -64.213868,
            -31.430452
          ],
          [
            -64.213518,
            -31.430426
          ],
          [
            -64.213418,
            -31.430419
          ],
          [
            -64.213357,
            -31.430403
          ],
          [
            -64.21333,
            -31.430396
          ],
          [
            -64.213301,
            -31.430388
          ],
          [
            -64.213203,
            -31.430362
          ],
          [
            -64.213143,
            -31.430332
          ],
          [
            -64.213058,
            -31.430289
          ],
          [
            -64.212964,
            -31.430229
          ],
          [
            -64.212852,
            -31.430144
          ],
          [
            -64.212747,
            -31.430049
          ],
          [
            -64.212683,
            -31.429986
          ],
          [
            -64.212527,
            -31.429831
          ],
          [
            -64.21245,
            -31.429757
          ],
          [
            -64.212356,
            -31.429678
          ],
          [
            -64.212218,
            -31.429594
          ],
          [
            -64.212084,
            -31.42953
          ],
          [
            -64.211923,
            -31.429472
          ],
          [
            -64.211814,
            -31.429438
          ],
          [
            -64.211735,
            -31.429426
          ],
          [
            -64.211622,
            -31.429419
          ],
          [
            -64.211548,
            -31.429426
          ],
          [
            -64.211515,
            -31.429429
          ],
          [
            -64.211443,
            -31.429441
          ],
          [
            -64.211337,
            -31.429473
          ],
          [
            -64.211299,
            -31.429551
          ],
          [
            -64.211243,
            -31.429621
          ],
          [
            -64.211169,
            -31.429678
          ],
          [
            -64.211083,
            -31.429721
          ],
          [
            -64.210988,
            -31.429746
          ],
          [
            -64.210889,
            -31.429753
          ],
          [
            -64.210791,
            -31.429742
          ],
          [
            -64.210697,
            -31.429712
          ],
          [
            -64.210614,
            -31.429666
          ],
          [
            -64.210544,
            -31.429605
          ],
          [
            -64.210447,
            -31.429411
          ],
          [
            -64.210436,
            -31.429379
          ],
          [
            -64.210376,
            -31.429283
          ],
          [
            -64.210331,
            -31.429222
          ],
          [
            -64.210302,
            -31.429188
          ],
          [
            -64.21024,
            -31.429122
          ],
          [
            -64.209938,
            -31.428838
          ],
          [
            -64.209621,
            -31.428605
          ],
          [
            -64.20959,
            -31.428582
          ],
          [
            -64.209399,
            -31.428463
          ],
          [
            -64.208649,
            -31.427984
          ],
          [
            -64.208463,
            -31.427883
          ],
          [
            -64.208279,
            -31.427796
          ],
          [
            -64.208146,
            -31.427755
          ],
          [
            -64.208038,
            -31.427736
          ],
          [
            -64.207912,
            -31.427727
          ],
          [
            -64.207804,
            -31.427721
          ],
          [
            -64.207695,
            -31.427718
          ],
          [
            -64.207553,
            -31.427731
          ],
          [
            -64.207446,
            -31.427747
          ],
          [
            -64.207277,
            -31.427785
          ],
          [
            -64.206246,
            -31.428042
          ],
          [
            -64.20444,
            -31.428475
          ],
          [
            -64.204201,
            -31.428531
          ],
          [
            -64.204057,
            -31.42855
          ],
          [
            -64.203855,
            -31.428576
          ],
          [
            -64.203081,
            -31.428627
          ],
          [
            -64.202943,
            -31.428634
          ],
          [
            -64.202205,
            -31.428681
          ],
          [
            -64.201566,
            -31.428731
          ],
          [
            -64.201252,
            -31.428756
          ],
          [
            -64.200677,
            -31.428802
          ],
          [
            -64.200619,
            -31.428809
          ],
          [
            -64.200024,
            -31.428863
          ],
          [
            -64.199805,
            -31.428859
          ],
          [
            -64.199682,
            -31.428836
          ],
          [
            -64.198513,
            -31.428558
          ],
          [
            -64.197892,
            -31.428419
          ],
          [
            -64.197755,
            -31.428385
          ],
          [
            -64.19764,
            -31.428351
          ],
          [
            -64.197483,
            -31.428302
          ],
          [
            -64.197381,
            -31.42827
          ],
          [
            -64.197254,
            -31.428218
          ],
          [
            -64.196639,
            -31.42792
          ],
          [
            -64.195274,
            -31.427165
          ],
          [
            -64.194872,
            -31.427
          ],
          [
            -64.194509,
            -31.426863
          ],
          [
            -64.194478,
            -31.426787
          ],
          [
            -64.194469,
            -31.426766
          ],
          [
            -64.194257,
            -31.426227
          ],
          [
            -64.194255,
            -31.426221
          ],
          [
            -64.194239,
            -31.42618
          ],
          [
            -64.19422,
            -31.426133
          ],
          [
            -64.194217,
            -31.426124
          ],
          [
            -64.194076,
            -31.425803
          ],
          [
            -64.194072,
            -31.425793
          ],
          [
            -64.194044,
            -31.425728
          ],
          [
            -64.194016,
            -31.425659
          ],
          [
            -64.194012,
            -31.425649
          ],
          [
            -64.193799,
            -31.425129
          ],
          [
            -64.193794,
            -31.425118
          ],
          [
            -64.193764,
            -31.425045
          ],
          [
            -64.193737,
            -31.424979
          ],
          [
            -64.193732,
            -31.424969
          ],
          [
            -64.193303,
            -31.423935
          ],
          [
            -64.1933,
            -31.423927
          ],
          [
            -64.19328,
            -31.423877
          ],
          [
            -64.193257,
            -31.423821
          ],
          [
            -64.193252,
            -31.423808
          ],
          [
            -64.193046,
            -31.423323
          ],
          [
            -64.19301,
            -31.423229
          ],
          [
            -64.192822,
            -31.422835
          ],
          [
            -64.192817,
            -31.422826
          ],
          [
            -64.192787,
            -31.422763
          ],
          [
            -64.192763,
            -31.42271
          ],
          [
            -64.192758,
            -31.422699
          ],
          [
            -64.192698,
            -31.422564
          ],
          [
            -64.192573,
            -31.422383
          ],
          [
            -64.192455,
            -31.422273
          ],
          [
            -64.192403,
            -31.42223
          ],
          [
            -64.192332,
            -31.42218
          ],
          [
            -64.191757,
            -31.421847
          ],
          [
            -64.191748,
            -31.421842
          ],
          [
            -64.191681,
            -31.421802
          ],
          [
            -64.19163,
            -31.421772
          ],
          [
            -64.191615,
            -31.421762
          ],
          [
            -64.190716,
            -31.421211
          ],
          [
            -64.190627,
            -31.421142
          ],
          [
            -64.190514,
            -31.42103
          ],
          [
            -64.190452,
            -31.420938
          ],
          [
            -64.19044,
            -31.420922
          ],
          [
            -64.190435,
            -31.420913
          ],
          [
            -64.19041,
            -31.420877
          ],
          [
            -64.19039,
            -31.420832
          ],
          [
            -64.190385,
            -31.420821
          ],
          [
            -64.190038,
            -31.420001
          ],
          [
            -64.190031,
            -31.419983
          ],
          [
            -64.190007,
            -31.419899
          ],
          [
            -64.189976,
            -31.419802
          ],
          [
            -64.189956,
            -31.419714
          ],
          [
            -64.189951,
            -31.419695
          ],
          [
            -64.189855,
            -31.419325
          ],
          [
            -64.189817,
            -31.419043
          ],
          [
            -64.18966,
            -31.418461
          ],
          [
            -64.189595,
            -31.418267
          ],
          [
            -64.189097,
            -31.417094
          ],
          [
            -64.189089,
            -31.417076
          ],
          [
            -64.189049,
            -31.417087
          ],
          [
            -64.18777,
            -31.417441
          ],
          [
            -64.187673,
            -31.417469
          ],
          [
            -64.18769,
            -31.41751
          ],
          [
            -64.188184,
            -31.418665
          ],
          [
            -64.188568,
            -31.419564
          ],
          [
            -64.188701,
            -31.419841
          ],
          [
            -64.188713,
            -31.419861
          ],
          [
            -64.188728,
            -31.419891
          ],
          [
            -64.188735,
            -31.419927
          ],
          [
            -64.188737,
            -31.419959
          ],
          [
            -64.188733,
            -31.419976
          ],
          [
            -64.188728,
            -31.419991
          ],
          [
            -64.188709,
            -31.420032
          ],
          [
            -64.188708,
            -31.420086
          ],
          [
            -64.188709,
            -31.420103
          ]
        ]
      }
    },
    {
      "type": "Feature",
      "id": "route-cordoba-2026-08-31-v3-02",
      "properties": {
        "truckId": "vehicle-02",
        "waypointDistancesKm": [
          0,
          2.013948933329416,
          5.60687788135784,
          6.4306094866836405,
          8.396429702787199,
          11.61686647045908,
          13.335388226173162,
          16.63390331601818,
          19.8019931782549,
          34.88187692371355
        ]
      },
      "geometry": {
        "type": "LineString",
        "coordinates": [
          [
            -64.188709,
            -31.420109
          ],
          [
            -64.18871,
            -31.420127
          ],
          [
            -64.188717,
            -31.420178
          ],
          [
            -64.188727,
            -31.42023
          ],
          [
            -64.188737,
            -31.420284
          ],
          [
            -64.188734,
            -31.420338
          ],
          [
            -64.188686,
            -31.420476
          ],
          [
            -64.188614,
            -31.420637
          ],
          [
            -64.188602,
            -31.420666
          ],
          [
            -64.188216,
            -31.421509
          ],
          [
            -64.188139,
            -31.421536
          ],
          [
            -64.187971,
            -31.421596
          ],
          [
            -64.187883,
            -31.421621
          ],
          [
            -64.186582,
            -31.422025
          ],
          [
            -64.187051,
            -31.423184
          ],
          [
            -64.187348,
            -31.423089
          ],
          [
            -64.187455,
            -31.423057
          ],
          [
            -64.18837,
            -31.422766
          ],
          [
            -64.189743,
            -31.422336
          ],
          [
            -64.191026,
            -31.421953
          ],
          [
            -64.190613,
            -31.421516
          ],
          [
            -64.190113,
            -31.421069
          ],
          [
            -64.190082,
            -31.420974
          ],
          [
            -64.19,
            -31.420834
          ],
          [
            -64.189978,
            -31.420712
          ],
          [
            -64.18997,
            -31.420554
          ],
          [
            -64.189962,
            -31.420073
          ],
          [
            -64.189978,
            -31.419996
          ],
          [
            -64.190007,
            -31.419899
          ],
          [
            -64.189976,
            -31.419802
          ],
          [
            -64.189956,
            -31.419714
          ],
          [
            -64.189951,
            -31.419695
          ],
          [
            -64.189855,
            -31.419325
          ],
          [
            -64.189817,
            -31.419043
          ],
          [
            -64.189817,
            -31.418845
          ],
          [
            -64.189827,
            -31.418696
          ],
          [
            -64.189856,
            -31.418532
          ],
          [
            -64.189885,
            -31.418373
          ],
          [
            -64.189918,
            -31.418231
          ],
          [
            -64.18992,
            -31.418223
          ],
          [
            -64.189931,
            -31.418171
          ],
          [
            -64.189955,
            -31.418097
          ],
          [
            -64.189959,
            -31.418085
          ],
          [
            -64.190416,
            -31.416687
          ],
          [
            -64.190422,
            -31.416663
          ],
          [
            -64.190453,
            -31.416566
          ],
          [
            -64.190822,
            -31.41525
          ],
          [
            -64.191161,
            -31.41514
          ],
          [
            -64.192574,
            -31.414726
          ],
          [
            -64.193175,
            -31.41455
          ],
          [
            -64.193203,
            -31.414542
          ],
          [
            -64.193903,
            -31.414337
          ],
          [
            -64.194321,
            -31.414215
          ],
          [
            -64.195204,
            -31.413956
          ],
          [
            -64.195915,
            -31.413748
          ],
          [
            -64.196537,
            -31.413578
          ],
          [
            -64.197897,
            -31.413168
          ],
          [
            -64.197498,
            -31.412026
          ],
          [
            -64.197087,
            -31.410895
          ],
          [
            -64.196702,
            -31.40975
          ],
          [
            -64.196673,
            -31.409666
          ],
          [
            -64.196651,
            -31.409598
          ],
          [
            -64.198019,
            -31.409187
          ],
          [
            -64.198642,
            -31.409006
          ],
          [
            -64.199349,
            -31.408792
          ],
          [
            -64.200757,
            -31.408391
          ],
          [
            -64.201713,
            -31.40812
          ],
          [
            -64.202087,
            -31.408018
          ],
          [
            -64.20309,
            -31.407729
          ],
          [
            -64.203382,
            -31.407645
          ],
          [
            -64.203489,
            -31.407614
          ],
          [
            -64.204344,
            -31.407362
          ],
          [
            -64.204583,
            -31.407292
          ],
          [
            -64.205806,
            -31.406932
          ],
          [
            -64.206043,
            -31.406873
          ],
          [
            -64.206607,
            -31.4067
          ],
          [
            -64.206639,
            -31.40669
          ],
          [
            -64.207134,
            -31.406547
          ],
          [
            -64.207959,
            -31.406309
          ],
          [
            -64.208176,
            -31.406253
          ],
          [
            -64.208396,
            -31.406184
          ],
          [
            -64.209213,
            -31.405931
          ],
          [
            -64.210355,
            -31.405584
          ],
          [
            -64.211494,
            -31.405233
          ],
          [
            -64.211605,
            -31.405196
          ],
          [
            -64.212,
            -31.405067
          ],
          [
            -64.212627,
            -31.404861
          ],
          [
            -64.213768,
            -31.404502
          ],
          [
            -64.214599,
            -31.40424
          ],
          [
            -64.214912,
            -31.404141
          ],
          [
            -64.216036,
            -31.403788
          ],
          [
            -64.217154,
            -31.403436
          ],
          [
            -64.218309,
            -31.403072
          ],
          [
            -64.218994,
            -31.40285
          ],
          [
            -64.219446,
            -31.402708
          ],
          [
            -64.220585,
            -31.402345
          ],
          [
            -64.221708,
            -31.401988
          ],
          [
            -64.222808,
            -31.401621
          ],
          [
            -64.223958,
            -31.401244
          ],
          [
            -64.223894,
            -31.401095
          ],
          [
            -64.223715,
            -31.400683
          ],
          [
            -64.223487,
            -31.400157
          ],
          [
            -64.223811,
            -31.400055
          ],
          [
            -64.224639,
            -31.399796
          ],
          [
            -64.224218,
            -31.398837
          ],
          [
            -64.223786,
            -31.397844
          ],
          [
            -64.223387,
            -31.396894
          ],
          [
            -64.223289,
            -31.396653
          ],
          [
            -64.22311,
            -31.396221
          ],
          [
            -64.222975,
            -31.395906
          ],
          [
            -64.222941,
            -31.395701
          ],
          [
            -64.22278,
            -31.395315
          ],
          [
            -64.222375,
            -31.3944
          ],
          [
            -64.222354,
            -31.394361
          ],
          [
            -64.222333,
            -31.394371
          ],
          [
            -64.222223,
            -31.394426
          ],
          [
            -64.222122,
            -31.394472
          ],
          [
            -64.221512,
            -31.394678
          ],
          [
            -64.22138,
            -31.394726
          ],
          [
            -64.221248,
            -31.394761
          ],
          [
            -64.220656,
            -31.394896
          ],
          [
            -64.220562,
            -31.394919
          ],
          [
            -64.220386,
            -31.394948
          ],
          [
            -64.219879,
            -31.393894
          ],
          [
            -64.219835,
            -31.393823
          ],
          [
            -64.220594,
            -31.393268
          ],
          [
            -64.22084,
            -31.393079
          ],
          [
            -64.220453,
            -31.392428
          ],
          [
            -64.22032,
            -31.392204
          ],
          [
            -64.220058,
            -31.391763
          ],
          [
            -64.219787,
            -31.391294
          ],
          [
            -64.219489,
            -31.390826
          ],
          [
            -64.219455,
            -31.390782
          ],
          [
            -64.218999,
            -31.390327
          ],
          [
            -64.218597,
            -31.389939
          ],
          [
            -64.219256,
            -31.389562
          ],
          [
            -64.220117,
            -31.389082
          ],
          [
            -64.220855,
            -31.388669
          ],
          [
            -64.221598,
            -31.388258
          ],
          [
            -64.222214,
            -31.387915
          ],
          [
            -64.222315,
            -31.387878
          ],
          [
            -64.222406,
            -31.387843
          ],
          [
            -64.22327,
            -31.387329
          ],
          [
            -64.223643,
            -31.387122
          ],
          [
            -64.22397,
            -31.386926
          ],
          [
            -64.224509,
            -31.386607
          ],
          [
            -64.225206,
            -31.386195
          ],
          [
            -64.22602,
            -31.385747
          ],
          [
            -64.225473,
            -31.385145
          ],
          [
            -64.225424,
            -31.385087
          ],
          [
            -64.225266,
            -31.384914
          ],
          [
            -64.225204,
            -31.384846
          ],
          [
            -64.22491,
            -31.384515
          ],
          [
            -64.224904,
            -31.384508
          ],
          [
            -64.224696,
            -31.384262
          ],
          [
            -64.224464,
            -31.383989
          ],
          [
            -64.224429,
            -31.383947
          ],
          [
            -64.224407,
            -31.38392
          ],
          [
            -64.224087,
            -31.383544
          ],
          [
            -64.223733,
            -31.383126
          ],
          [
            -64.223696,
            -31.383086
          ],
          [
            -64.223678,
            -31.383066
          ],
          [
            -64.223433,
            -31.382799
          ],
          [
            -64.223372,
            -31.382722
          ],
          [
            -64.223306,
            -31.382627
          ],
          [
            -64.223375,
            -31.382552
          ],
          [
            -64.223434,
            -31.382476
          ],
          [
            -64.223475,
            -31.382414
          ],
          [
            -64.223528,
            -31.382309
          ],
          [
            -64.223552,
            -31.38225
          ],
          [
            -64.223574,
            -31.382182
          ],
          [
            -64.223594,
            -31.382105
          ],
          [
            -64.223621,
            -31.381974
          ],
          [
            -64.223644,
            -31.381773
          ],
          [
            -64.223642,
            -31.381678
          ],
          [
            -64.223629,
            -31.381595
          ],
          [
            -64.223604,
            -31.381521
          ],
          [
            -64.223564,
            -31.381438
          ],
          [
            -64.223521,
            -31.381362
          ],
          [
            -64.223469,
            -31.381274
          ],
          [
            -64.223385,
            -31.381166
          ],
          [
            -64.223159,
            -31.380895
          ],
          [
            -64.223107,
            -31.380821
          ],
          [
            -64.22307,
            -31.380755
          ],
          [
            -64.223044,
            -31.380698
          ],
          [
            -64.223032,
            -31.380655
          ],
          [
            -64.22302,
            -31.380599
          ],
          [
            -64.223004,
            -31.380488
          ],
          [
            -64.222997,
            -31.380344
          ],
          [
            -64.223002,
            -31.380257
          ],
          [
            -64.223018,
            -31.380141
          ],
          [
            -64.223044,
            -31.380049
          ],
          [
            -64.222878,
            -31.379263
          ],
          [
            -64.22269,
            -31.37837
          ],
          [
            -64.223322,
            -31.378255
          ],
          [
            -64.223143,
            -31.37744
          ],
          [
            -64.223083,
            -31.377162
          ],
          [
            -64.222874,
            -31.376275
          ],
          [
            -64.22266,
            -31.375317
          ],
          [
            -64.222446,
            -31.374354
          ],
          [
            -64.222431,
            -31.374287
          ],
          [
            -64.222177,
            -31.373188
          ],
          [
            -64.222048,
            -31.372628
          ],
          [
            -64.221904,
            -31.371936
          ],
          [
            -64.221861,
            -31.371738
          ],
          [
            -64.221778,
            -31.371378
          ],
          [
            -64.221729,
            -31.371163
          ],
          [
            -64.221662,
            -31.370874
          ],
          [
            -64.221526,
            -31.370372
          ],
          [
            -64.221492,
            -31.370226
          ],
          [
            -64.221458,
            -31.370065
          ],
          [
            -64.221354,
            -31.369563
          ],
          [
            -64.221257,
            -31.369105
          ],
          [
            -64.22123,
            -31.369
          ],
          [
            -64.221109,
            -31.368789
          ],
          [
            -64.221088,
            -31.368736
          ],
          [
            -64.220987,
            -31.368335
          ],
          [
            -64.220958,
            -31.368226
          ],
          [
            -64.220944,
            -31.368155
          ],
          [
            -64.220905,
            -31.368003
          ],
          [
            -64.220877,
            -31.367863
          ],
          [
            -64.220768,
            -31.367314
          ],
          [
            -64.220602,
            -31.366557
          ],
          [
            -64.220568,
            -31.366375
          ],
          [
            -64.220556,
            -31.366323
          ],
          [
            -64.220543,
            -31.366282
          ],
          [
            -64.22053,
            -31.366243
          ],
          [
            -64.220512,
            -31.366208
          ],
          [
            -64.220489,
            -31.366173
          ],
          [
            -64.220465,
            -31.366143
          ],
          [
            -64.220433,
            -31.366103
          ],
          [
            -64.220395,
            -31.366053
          ],
          [
            -64.220374,
            -31.366037
          ],
          [
            -64.220356,
            -31.36602
          ],
          [
            -64.220341,
            -31.366
          ],
          [
            -64.220328,
            -31.365979
          ],
          [
            -64.220317,
            -31.365957
          ],
          [
            -64.22031,
            -31.365935
          ],
          [
            -64.220306,
            -31.365911
          ],
          [
            -64.220304,
            -31.365888
          ],
          [
            -64.220306,
            -31.365864
          ],
          [
            -64.220311,
            -31.365841
          ],
          [
            -64.220318,
            -31.365818
          ],
          [
            -64.220329,
            -31.365797
          ],
          [
            -64.220342,
            -31.365776
          ],
          [
            -64.220367,
            -31.365715
          ],
          [
            -64.220381,
            -31.365675
          ],
          [
            -64.22039,
            -31.365641
          ],
          [
            -64.220395,
            -31.365612
          ],
          [
            -64.220395,
            -31.365591
          ],
          [
            -64.220389,
            -31.365564
          ],
          [
            -64.220378,
            -31.365531
          ],
          [
            -64.220232,
            -31.365193
          ],
          [
            -64.220181,
            -31.365066
          ],
          [
            -64.220168,
            -31.365039
          ],
          [
            -64.220158,
            -31.365024
          ],
          [
            -64.220146,
            -31.36501
          ],
          [
            -64.220128,
            -31.364997
          ],
          [
            -64.220103,
            -31.364979
          ],
          [
            -64.220076,
            -31.364962
          ],
          [
            -64.220049,
            -31.364953
          ],
          [
            -64.220014,
            -31.364936
          ],
          [
            -64.219984,
            -31.364915
          ],
          [
            -64.219958,
            -31.364889
          ],
          [
            -64.219938,
            -31.36486
          ],
          [
            -64.219924,
            -31.364829
          ],
          [
            -64.219916,
            -31.364796
          ],
          [
            -64.219914,
            -31.364762
          ],
          [
            -64.21992,
            -31.364729
          ],
          [
            -64.219932,
            -31.364697
          ],
          [
            -64.21995,
            -31.364667
          ],
          [
            -64.219973,
            -31.364641
          ],
          [
            -64.220002,
            -31.364618
          ],
          [
            -64.220035,
            -31.364599
          ],
          [
            -64.22007,
            -31.364586
          ],
          [
            -64.220108,
            -31.364577
          ],
          [
            -64.220558,
            -31.364305
          ],
          [
            -64.221115,
            -31.363913
          ],
          [
            -64.221422,
            -31.363711
          ],
          [
            -64.221729,
            -31.363481
          ],
          [
            -64.221859,
            -31.36338
          ],
          [
            -64.221963,
            -31.363293
          ],
          [
            -64.222096,
            -31.363143
          ],
          [
            -64.222183,
            -31.363049
          ],
          [
            -64.22224,
            -31.362998
          ],
          [
            -64.222466,
            -31.362821
          ],
          [
            -64.222684,
            -31.362651
          ],
          [
            -64.223615,
            -31.36197
          ],
          [
            -64.223569,
            -31.36192
          ],
          [
            -64.22353,
            -31.361877
          ],
          [
            -64.223443,
            -31.361792
          ],
          [
            -64.223044,
            -31.361383
          ],
          [
            -64.223022,
            -31.361357
          ],
          [
            -64.223012,
            -31.361335
          ],
          [
            -64.223003,
            -31.3613
          ],
          [
            -64.222986,
            -31.361199
          ],
          [
            -64.222896,
            -31.360751
          ],
          [
            -64.222886,
            -31.360697
          ],
          [
            -64.222783,
            -31.360214
          ],
          [
            -64.222625,
            -31.359486
          ],
          [
            -64.222827,
            -31.359455
          ],
          [
            -64.223154,
            -31.359408
          ],
          [
            -64.223018,
            -31.358763
          ],
          [
            -64.22268,
            -31.358811
          ],
          [
            -64.223018,
            -31.358763
          ],
          [
            -64.223154,
            -31.359408
          ],
          [
            -64.223666,
            -31.359337
          ],
          [
            -64.224212,
            -31.359255
          ],
          [
            -64.224418,
            -31.359213
          ],
          [
            -64.224495,
            -31.359191
          ],
          [
            -64.224544,
            -31.359171
          ],
          [
            -64.224886,
            -31.358989
          ],
          [
            -64.224967,
            -31.358944
          ],
          [
            -64.225035,
            -31.358907
          ],
          [
            -64.2251,
            -31.358879
          ],
          [
            -64.225177,
            -31.358862
          ],
          [
            -64.225888,
            -31.358766
          ],
          [
            -64.226129,
            -31.358749
          ],
          [
            -64.226171,
            -31.359786
          ],
          [
            -64.226176,
            -31.359823
          ],
          [
            -64.226182,
            -31.359842
          ],
          [
            -64.226194,
            -31.359857
          ],
          [
            -64.226207,
            -31.359868
          ],
          [
            -64.226223,
            -31.35988
          ],
          [
            -64.226238,
            -31.35988
          ],
          [
            -64.226252,
            -31.359881
          ],
          [
            -64.22628,
            -31.359885
          ],
          [
            -64.226307,
            -31.359891
          ],
          [
            -64.226333,
            -31.3599
          ],
          [
            -64.226359,
            -31.35991
          ],
          [
            -64.226383,
            -31.359923
          ],
          [
            -64.226431,
            -31.359922
          ],
          [
            -64.226474,
            -31.359924
          ],
          [
            -64.226508,
            -31.359923
          ],
          [
            -64.226572,
            -31.359914
          ],
          [
            -64.226624,
            -31.359895
          ],
          [
            -64.226692,
            -31.359858
          ],
          [
            -64.226805,
            -31.359785
          ],
          [
            -64.22749,
            -31.359323
          ],
          [
            -64.22819,
            -31.358816
          ],
          [
            -64.22881,
            -31.358368
          ],
          [
            -64.22908,
            -31.358173
          ],
          [
            -64.229476,
            -31.357886
          ],
          [
            -64.229851,
            -31.357626
          ],
          [
            -64.2306,
            -31.357114
          ],
          [
            -64.231544,
            -31.356474
          ],
          [
            -64.232747,
            -31.355629
          ],
          [
            -64.233523,
            -31.355097
          ],
          [
            -64.233903,
            -31.355713
          ],
          [
            -64.234193,
            -31.356176
          ],
          [
            -64.234495,
            -31.35668
          ],
          [
            -64.234816,
            -31.357207
          ],
          [
            -64.235173,
            -31.357062
          ],
          [
            -64.235201,
            -31.35705
          ],
          [
            -64.236795,
            -31.356372
          ],
          [
            -64.236958,
            -31.357103
          ],
          [
            -64.237091,
            -31.357679
          ],
          [
            -64.237219,
            -31.358269
          ],
          [
            -64.237319,
            -31.358719
          ],
          [
            -64.237331,
            -31.358773
          ],
          [
            -64.237777,
            -31.35858
          ],
          [
            -64.238365,
            -31.358325
          ],
          [
            -64.238437,
            -31.358293
          ],
          [
            -64.238497,
            -31.358267
          ],
          [
            -64.238636,
            -31.358206
          ],
          [
            -64.238726,
            -31.358166
          ],
          [
            -64.239129,
            -31.358003
          ],
          [
            -64.239201,
            -31.357977
          ],
          [
            -64.239291,
            -31.357938
          ],
          [
            -64.239372,
            -31.357917
          ],
          [
            -64.239553,
            -31.357884
          ],
          [
            -64.239638,
            -31.357862
          ],
          [
            -64.239644,
            -31.357851
          ],
          [
            -64.239662,
            -31.357823
          ],
          [
            -64.239682,
            -31.357798
          ],
          [
            -64.239721,
            -31.357762
          ],
          [
            -64.239765,
            -31.357732
          ],
          [
            -64.239813,
            -31.357709
          ],
          [
            -64.239861,
            -31.357689
          ],
          [
            -64.239908,
            -31.357675
          ],
          [
            -64.239964,
            -31.357668
          ],
          [
            -64.240024,
            -31.357665
          ],
          [
            -64.24008,
            -31.357669
          ],
          [
            -64.240149,
            -31.357684
          ],
          [
            -64.240196,
            -31.357705
          ],
          [
            -64.24024,
            -31.35773
          ],
          [
            -64.240298,
            -31.357745
          ],
          [
            -64.240344,
            -31.357755
          ],
          [
            -64.240391,
            -31.357755
          ],
          [
            -64.240436,
            -31.357751
          ],
          [
            -64.240479,
            -31.357742
          ],
          [
            -64.240531,
            -31.357724
          ],
          [
            -64.240575,
            -31.35769
          ],
          [
            -64.240636,
            -31.35763
          ],
          [
            -64.240701,
            -31.357562
          ],
          [
            -64.24074,
            -31.357526
          ],
          [
            -64.240936,
            -31.357344
          ],
          [
            -64.241168,
            -31.357126
          ],
          [
            -64.241282,
            -31.357022
          ],
          [
            -64.241553,
            -31.356776
          ],
          [
            -64.241793,
            -31.356556
          ],
          [
            -64.241936,
            -31.35644
          ],
          [
            -64.242053,
            -31.356366
          ],
          [
            -64.242193,
            -31.356281
          ],
          [
            -64.242498,
            -31.35598
          ],
          [
            -64.242602,
            -31.355881
          ],
          [
            -64.243028,
            -31.355483
          ],
          [
            -64.243639,
            -31.354913
          ],
          [
            -64.243695,
            -31.354861
          ],
          [
            -64.243815,
            -31.354757
          ],
          [
            -64.243957,
            -31.354618
          ],
          [
            -64.244344,
            -31.354252
          ],
          [
            -64.244773,
            -31.353851
          ],
          [
            -64.245078,
            -31.353564
          ],
          [
            -64.245382,
            -31.353279
          ],
          [
            -64.246053,
            -31.352663
          ],
          [
            -64.246399,
            -31.352336
          ],
          [
            -64.246677,
            -31.352081
          ],
          [
            -64.246823,
            -31.351945
          ],
          [
            -64.246927,
            -31.351849
          ],
          [
            -64.247033,
            -31.351737
          ],
          [
            -64.247125,
            -31.351641
          ],
          [
            -64.247283,
            -31.351471
          ],
          [
            -64.247344,
            -31.3514
          ],
          [
            -64.247425,
            -31.351304
          ],
          [
            -64.247365,
            -31.351238
          ],
          [
            -64.246983,
            -31.35082
          ],
          [
            -64.246826,
            -31.350633
          ],
          [
            -64.246629,
            -31.350405
          ],
          [
            -64.2462,
            -31.349902
          ],
          [
            -64.245509,
            -31.349106
          ],
          [
            -64.245235,
            -31.348789
          ],
          [
            -64.244353,
            -31.347762
          ],
          [
            -64.244272,
            -31.347672
          ],
          [
            -64.244226,
            -31.347617
          ],
          [
            -64.24417,
            -31.34755
          ],
          [
            -64.244106,
            -31.347477
          ],
          [
            -64.243032,
            -31.346319
          ],
          [
            -64.242521,
            -31.345794
          ],
          [
            -64.241951,
            -31.345192
          ],
          [
            -64.241913,
            -31.345122
          ],
          [
            -64.2419,
            -31.34508
          ],
          [
            -64.241887,
            -31.345015
          ],
          [
            -64.241929,
            -31.343361
          ],
          [
            -64.242514,
            -31.343358
          ],
          [
            -64.243472,
            -31.343355
          ],
          [
            -64.244313,
            -31.343353
          ],
          [
            -64.244409,
            -31.34329
          ],
          [
            -64.245478,
            -31.342582
          ],
          [
            -64.245194,
            -31.342257
          ],
          [
            -64.245074,
            -31.34212
          ],
          [
            -64.244701,
            -31.341695
          ],
          [
            -64.244699,
            -31.341693
          ],
          [
            -64.244296,
            -31.341231
          ],
          [
            -64.243931,
            -31.340816
          ],
          [
            -64.243522,
            -31.340358
          ],
          [
            -64.243987,
            -31.340061
          ],
          [
            -64.24465,
            -31.339623
          ],
          [
            -64.245188,
            -31.339277
          ],
          [
            -64.246032,
            -31.338724
          ],
          [
            -64.246117,
            -31.338669
          ],
          [
            -64.246155,
            -31.338644
          ],
          [
            -64.245723,
            -31.33817
          ],
          [
            -64.245617,
            -31.338036
          ],
          [
            -64.245596,
            -31.337982
          ],
          [
            -64.24559,
            -31.337929
          ],
          [
            -64.245597,
            -31.33788
          ],
          [
            -64.245681,
            -31.337687
          ],
          [
            -64.24573,
            -31.337533
          ],
          [
            -64.245763,
            -31.337417
          ],
          [
            -64.245776,
            -31.337323
          ],
          [
            -64.245772,
            -31.336261
          ],
          [
            -64.2464,
            -31.33571
          ],
          [
            -64.246463,
            -31.335646
          ],
          [
            -64.246492,
            -31.335608
          ],
          [
            -64.246513,
            -31.335575
          ],
          [
            -64.246527,
            -31.335521
          ],
          [
            -64.246536,
            -31.335474
          ],
          [
            -64.246538,
            -31.334815
          ],
          [
            -64.246541,
            -31.334659
          ],
          [
            -64.246543,
            -31.334169
          ],
          [
            -64.246529,
            -31.334129
          ],
          [
            -64.246507,
            -31.334092
          ],
          [
            -64.246462,
            -31.334037
          ],
          [
            -64.246404,
            -31.333972
          ],
          [
            -64.246388,
            -31.333942
          ],
          [
            -64.246384,
            -31.333893
          ],
          [
            -64.246384,
            -31.33356
          ],
          [
            -64.246389,
            -31.332993
          ],
          [
            -64.246392,
            -31.33198
          ],
          [
            -64.246411,
            -31.331944
          ],
          [
            -64.246444,
            -31.331901
          ],
          [
            -64.246802,
            -31.331593
          ],
          [
            -64.246845,
            -31.331546
          ],
          [
            -64.246862,
            -31.331509
          ],
          [
            -64.246871,
            -31.331477
          ],
          [
            -64.246878,
            -31.331405
          ],
          [
            -64.24687,
            -31.329939
          ],
          [
            -64.246867,
            -31.329637
          ],
          [
            -64.246866,
            -31.329432
          ],
          [
            -64.246845,
            -31.329185
          ],
          [
            -64.248621,
            -31.329195
          ],
          [
            -64.250171,
            -31.329207
          ],
          [
            -64.252061,
            -31.329225
          ],
          [
            -64.252068,
            -31.328628
          ],
          [
            -64.252081,
            -31.327709
          ],
          [
            -64.252096,
            -31.326787
          ],
          [
            -64.252107,
            -31.325868
          ],
          [
            -64.252116,
            -31.325249
          ],
          [
            -64.252117,
            -31.325106
          ],
          [
            -64.252127,
            -31.324155
          ],
          [
            -64.252127,
            -31.32408
          ],
          [
            -64.253808,
            -31.323482
          ],
          [
            -64.255207,
            -31.322984
          ],
          [
            -64.255527,
            -31.323663
          ],
          [
            -64.25631,
            -31.32339
          ],
          [
            -64.25695,
            -31.323166
          ],
          [
            -64.257268,
            -31.323852
          ],
          [
            -64.257303,
            -31.323963
          ],
          [
            -64.257306,
            -31.324033
          ],
          [
            -64.257293,
            -31.324175
          ],
          [
            -64.257282,
            -31.32425
          ],
          [
            -64.257262,
            -31.324527
          ],
          [
            -64.257274,
            -31.3246
          ],
          [
            -64.257336,
            -31.324637
          ],
          [
            -64.257397,
            -31.324649
          ],
          [
            -64.257588,
            -31.324659
          ],
          [
            -64.257816,
            -31.32468
          ],
          [
            -64.258014,
            -31.324717
          ],
          [
            -64.258272,
            -31.324776
          ],
          [
            -64.258518,
            -31.324846
          ],
          [
            -64.258674,
            -31.324904
          ],
          [
            -64.2588,
            -31.324962
          ],
          [
            -64.259072,
            -31.325116
          ],
          [
            -64.25928,
            -31.325238
          ],
          [
            -64.259457,
            -31.325361
          ],
          [
            -64.259574,
            -31.325458
          ],
          [
            -64.259623,
            -31.325498
          ],
          [
            -64.259719,
            -31.325588
          ],
          [
            -64.259762,
            -31.325639
          ],
          [
            -64.259806,
            -31.325716
          ],
          [
            -64.260297,
            -31.326635
          ],
          [
            -64.260496,
            -31.327027
          ],
          [
            -64.260945,
            -31.327892
          ],
          [
            -64.261561,
            -31.329088
          ],
          [
            -64.262204,
            -31.330283
          ],
          [
            -64.262272,
            -31.330425
          ],
          [
            -64.262332,
            -31.330549
          ],
          [
            -64.262333,
            -31.330817
          ],
          [
            -64.262329,
            -31.331082
          ],
          [
            -64.262328,
            -31.331214
          ],
          [
            -64.262326,
            -31.331413
          ],
          [
            -64.26232,
            -31.331539
          ],
          [
            -64.262309,
            -31.331642
          ],
          [
            -64.262299,
            -31.331789
          ],
          [
            -64.262292,
            -31.331959
          ],
          [
            -64.262292,
            -31.33236
          ],
          [
            -64.262243,
            -31.33244
          ],
          [
            -64.2623,
            -31.333297
          ],
          [
            -64.262295,
            -31.334069
          ],
          [
            -64.262295,
            -31.334107
          ],
          [
            -64.262298,
            -31.334228
          ],
          [
            -64.262299,
            -31.334254
          ],
          [
            -64.262279,
            -31.334614
          ],
          [
            -64.262271,
            -31.334711
          ],
          [
            -64.262255,
            -31.334902
          ],
          [
            -64.2622,
            -31.33537
          ],
          [
            -64.262159,
            -31.335556
          ],
          [
            -64.262127,
            -31.335666
          ],
          [
            -64.262067,
            -31.33578
          ],
          [
            -64.261268,
            -31.336167
          ],
          [
            -64.260537,
            -31.336486
          ],
          [
            -64.260177,
            -31.336664
          ],
          [
            -64.259688,
            -31.336921
          ],
          [
            -64.259214,
            -31.337219
          ],
          [
            -64.25913,
            -31.337279
          ],
          [
            -64.258163,
            -31.337986
          ],
          [
            -64.257262,
            -31.338651
          ],
          [
            -64.256463,
            -31.339269
          ],
          [
            -64.256409,
            -31.339311
          ],
          [
            -64.256263,
            -31.339424
          ],
          [
            -64.255992,
            -31.339639
          ],
          [
            -64.25598,
            -31.339674
          ],
          [
            -64.255961,
            -31.339707
          ],
          [
            -64.255935,
            -31.339736
          ],
          [
            -64.255903,
            -31.33976
          ],
          [
            -64.255866,
            -31.339779
          ],
          [
            -64.255827,
            -31.339792
          ],
          [
            -64.255784,
            -31.339799
          ],
          [
            -64.255649,
            -31.339847
          ],
          [
            -64.255558,
            -31.339878
          ],
          [
            -64.255418,
            -31.339941
          ],
          [
            -64.255112,
            -31.340126
          ],
          [
            -64.255003,
            -31.340262
          ],
          [
            -64.254928,
            -31.340371
          ],
          [
            -64.25489,
            -31.340445
          ],
          [
            -64.254866,
            -31.340497
          ],
          [
            -64.254844,
            -31.340561
          ],
          [
            -64.254778,
            -31.340834
          ],
          [
            -64.254761,
            -31.340894
          ],
          [
            -64.254749,
            -31.340986
          ],
          [
            -64.254716,
            -31.341027
          ],
          [
            -64.254681,
            -31.341054
          ],
          [
            -64.254609,
            -31.341108
          ],
          [
            -64.254135,
            -31.341388
          ],
          [
            -64.253493,
            -31.341767
          ],
          [
            -64.253437,
            -31.341802
          ],
          [
            -64.25326,
            -31.341959
          ],
          [
            -64.253225,
            -31.341997
          ],
          [
            -64.253208,
            -31.342033
          ],
          [
            -64.253202,
            -31.342068
          ],
          [
            -64.253205,
            -31.342095
          ],
          [
            -64.253212,
            -31.342133
          ],
          [
            -64.253222,
            -31.342172
          ],
          [
            -64.253233,
            -31.34222
          ],
          [
            -64.25326,
            -31.342241
          ],
          [
            -64.253279,
            -31.342263
          ],
          [
            -64.253297,
            -31.342295
          ],
          [
            -64.253306,
            -31.342333
          ],
          [
            -64.253304,
            -31.342372
          ],
          [
            -64.253295,
            -31.342403
          ],
          [
            -64.253273,
            -31.342438
          ],
          [
            -64.253251,
            -31.342462
          ],
          [
            -64.25322,
            -31.342482
          ],
          [
            -64.253197,
            -31.342493
          ],
          [
            -64.253169,
            -31.342502
          ],
          [
            -64.253137,
            -31.342507
          ],
          [
            -64.253053,
            -31.34256
          ],
          [
            -64.252961,
            -31.342612
          ],
          [
            -64.252911,
            -31.342638
          ],
          [
            -64.25287,
            -31.34266
          ],
          [
            -64.252835,
            -31.342684
          ],
          [
            -64.252804,
            -31.342712
          ],
          [
            -64.252777,
            -31.342744
          ],
          [
            -64.252745,
            -31.342783
          ],
          [
            -64.252711,
            -31.342827
          ],
          [
            -64.252644,
            -31.342943
          ],
          [
            -64.252572,
            -31.343059
          ],
          [
            -64.252446,
            -31.343282
          ],
          [
            -64.25231,
            -31.343507
          ],
          [
            -64.252153,
            -31.34377
          ],
          [
            -64.25207,
            -31.343908
          ],
          [
            -64.251862,
            -31.34425
          ],
          [
            -64.251791,
            -31.344366
          ],
          [
            -64.25154,
            -31.344778
          ],
          [
            -64.251318,
            -31.345146
          ],
          [
            -64.250992,
            -31.345679
          ],
          [
            -64.250683,
            -31.346177
          ],
          [
            -64.250626,
            -31.346271
          ],
          [
            -64.250503,
            -31.346474
          ],
          [
            -64.250235,
            -31.346907
          ],
          [
            -64.249912,
            -31.347447
          ],
          [
            -64.249635,
            -31.347898
          ],
          [
            -64.249256,
            -31.348532
          ],
          [
            -64.249088,
            -31.348801
          ],
          [
            -64.248746,
            -31.349362
          ],
          [
            -64.248428,
            -31.349864
          ],
          [
            -64.248149,
            -31.350312
          ],
          [
            -64.24781,
            -31.350894
          ],
          [
            -64.247533,
            -31.351323
          ],
          [
            -64.247454,
            -31.351429
          ],
          [
            -64.24742,
            -31.351471
          ],
          [
            -64.247309,
            -31.351604
          ],
          [
            -64.247057,
            -31.351881
          ],
          [
            -64.246933,
            -31.352005
          ],
          [
            -64.24674,
            -31.352181
          ],
          [
            -64.246379,
            -31.352496
          ],
          [
            -64.245791,
            -31.353048
          ],
          [
            -64.24519,
            -31.353608
          ],
          [
            -64.244421,
            -31.354332
          ],
          [
            -64.244327,
            -31.35442
          ],
          [
            -64.244028,
            -31.354702
          ],
          [
            -64.243902,
            -31.354823
          ],
          [
            -64.243706,
            -31.355001
          ],
          [
            -64.243399,
            -31.35529
          ],
          [
            -64.243116,
            -31.355563
          ],
          [
            -64.242677,
            -31.355961
          ],
          [
            -64.242583,
            -31.356044
          ],
          [
            -64.242244,
            -31.356342
          ],
          [
            -64.241554,
            -31.356956
          ],
          [
            -64.241395,
            -31.3571
          ],
          [
            -64.241234,
            -31.357245
          ],
          [
            -64.2411,
            -31.357365
          ],
          [
            -64.240968,
            -31.357486
          ],
          [
            -64.23993,
            -31.358431
          ],
          [
            -64.239787,
            -31.358564
          ],
          [
            -64.239648,
            -31.358696
          ],
          [
            -64.239535,
            -31.358804
          ],
          [
            -64.23943,
            -31.358918
          ],
          [
            -64.239343,
            -31.35902
          ],
          [
            -64.239294,
            -31.35908
          ],
          [
            -64.239231,
            -31.359159
          ],
          [
            -64.239171,
            -31.359244
          ],
          [
            -64.239076,
            -31.35939
          ],
          [
            -64.239005,
            -31.359511
          ],
          [
            -64.238828,
            -31.35982
          ],
          [
            -64.238621,
            -31.360211
          ],
          [
            -64.238462,
            -31.360519
          ],
          [
            -64.23811,
            -31.361173
          ],
          [
            -64.238015,
            -31.361352
          ],
          [
            -64.237931,
            -31.361498
          ],
          [
            -64.237869,
            -31.361606
          ],
          [
            -64.237506,
            -31.362308
          ],
          [
            -64.237442,
            -31.362422
          ],
          [
            -64.237373,
            -31.362538
          ],
          [
            -64.237296,
            -31.362662
          ],
          [
            -64.237176,
            -31.362849
          ],
          [
            -64.237147,
            -31.362893
          ],
          [
            -64.236907,
            -31.363265
          ],
          [
            -64.236875,
            -31.363313
          ],
          [
            -64.236361,
            -31.364087
          ],
          [
            -64.236323,
            -31.364144
          ],
          [
            -64.235727,
            -31.365019
          ],
          [
            -64.235543,
            -31.365288
          ],
          [
            -64.235126,
            -31.365897
          ],
          [
            -64.234789,
            -31.366388
          ],
          [
            -64.234753,
            -31.366445
          ],
          [
            -64.234548,
            -31.366767
          ],
          [
            -64.234293,
            -31.367137
          ],
          [
            -64.234225,
            -31.367232
          ],
          [
            -64.234148,
            -31.367333
          ],
          [
            -64.233545,
            -31.368042
          ],
          [
            -64.233385,
            -31.368227
          ],
          [
            -64.232627,
            -31.369118
          ],
          [
            -64.231987,
            -31.369873
          ],
          [
            -64.231686,
            -31.370224
          ],
          [
            -64.231386,
            -31.370579
          ],
          [
            -64.231347,
            -31.370627
          ],
          [
            -64.231241,
            -31.370747
          ],
          [
            -64.231059,
            -31.370961
          ],
          [
            -64.230703,
            -31.37138
          ],
          [
            -64.230624,
            -31.37147
          ],
          [
            -64.230499,
            -31.371621
          ],
          [
            -64.230082,
            -31.372124
          ],
          [
            -64.229762,
            -31.372479
          ],
          [
            -64.229283,
            -31.373028
          ],
          [
            -64.228928,
            -31.373436
          ],
          [
            -64.228894,
            -31.373474
          ],
          [
            -64.228486,
            -31.373939
          ],
          [
            -64.227888,
            -31.374621
          ],
          [
            -64.227175,
            -31.375412
          ],
          [
            -64.226476,
            -31.3762
          ],
          [
            -64.225963,
            -31.376788
          ],
          [
            -64.225856,
            -31.376904
          ],
          [
            -64.225678,
            -31.377112
          ],
          [
            -64.225129,
            -31.377739
          ],
          [
            -64.224494,
            -31.378468
          ],
          [
            -64.224434,
            -31.378538
          ],
          [
            -64.224312,
            -31.378675
          ],
          [
            -64.223731,
            -31.379335
          ],
          [
            -64.223579,
            -31.379503
          ],
          [
            -64.223298,
            -31.379825
          ],
          [
            -64.223251,
            -31.37989
          ],
          [
            -64.223206,
            -31.379966
          ],
          [
            -64.223168,
            -31.380058
          ],
          [
            -64.223136,
            -31.380167
          ],
          [
            -64.223118,
            -31.380304
          ],
          [
            -64.223117,
            -31.380377
          ],
          [
            -64.22312,
            -31.380454
          ],
          [
            -64.223134,
            -31.380543
          ],
          [
            -64.223158,
            -31.380648
          ],
          [
            -64.223186,
            -31.380723
          ],
          [
            -64.22322,
            -31.380793
          ],
          [
            -64.22327,
            -31.380873
          ],
          [
            -64.223322,
            -31.380939
          ],
          [
            -64.2235,
            -31.381154
          ],
          [
            -64.223579,
            -31.381254
          ],
          [
            -64.223629,
            -31.381331
          ],
          [
            -64.223661,
            -31.381395
          ],
          [
            -64.223706,
            -31.38149
          ],
          [
            -64.223738,
            -31.381586
          ],
          [
            -64.22375,
            -31.381658
          ],
          [
            -64.223756,
            -31.381755
          ],
          [
            -64.22375,
            -31.381837
          ],
          [
            -64.223742,
            -31.381923
          ],
          [
            -64.223723,
            -31.382067
          ],
          [
            -64.223704,
            -31.382144
          ],
          [
            -64.223684,
            -31.382221
          ],
          [
            -64.223652,
            -31.382315
          ],
          [
            -64.223576,
            -31.382464
          ],
          [
            -64.223506,
            -31.382571
          ],
          [
            -64.223424,
            -31.382683
          ],
          [
            -64.223372,
            -31.382722
          ],
          [
            -64.223091,
            -31.382921
          ],
          [
            -64.222569,
            -31.383272
          ],
          [
            -64.222478,
            -31.383335
          ],
          [
            -64.222008,
            -31.38366
          ],
          [
            -64.221489,
            -31.384028
          ],
          [
            -64.220494,
            -31.384811
          ],
          [
            -64.22004,
            -31.385165
          ],
          [
            -64.219573,
            -31.385557
          ],
          [
            -64.219414,
            -31.385692
          ],
          [
            -64.219259,
            -31.385768
          ],
          [
            -64.219202,
            -31.385793
          ],
          [
            -64.219149,
            -31.385808
          ],
          [
            -64.219055,
            -31.385819
          ],
          [
            -64.218604,
            -31.386001
          ],
          [
            -64.218211,
            -31.38612
          ],
          [
            -64.218049,
            -31.386145
          ],
          [
            -64.217736,
            -31.386245
          ],
          [
            -64.216462,
            -31.386653
          ],
          [
            -64.215832,
            -31.386854
          ],
          [
            -64.215168,
            -31.387067
          ],
          [
            -64.214548,
            -31.387272
          ],
          [
            -64.213892,
            -31.387491
          ],
          [
            -64.212616,
            -31.387893
          ],
          [
            -64.211338,
            -31.388313
          ],
          [
            -64.210587,
            -31.388547
          ],
          [
            -64.210047,
            -31.388712
          ],
          [
            -64.209714,
            -31.388813
          ],
          [
            -64.20877,
            -31.389108
          ],
          [
            -64.208122,
            -31.389314
          ],
          [
            -64.20746,
            -31.389525
          ],
          [
            -64.207015,
            -31.389666
          ],
          [
            -64.206794,
            -31.389736
          ],
          [
            -64.206182,
            -31.389931
          ],
          [
            -64.205798,
            -31.390053
          ],
          [
            -64.20492,
            -31.390338
          ],
          [
            -64.204655,
            -31.390417
          ],
          [
            -64.204262,
            -31.390542
          ],
          [
            -64.204032,
            -31.390694
          ],
          [
            -64.20392,
            -31.390788
          ],
          [
            -64.203823,
            -31.390905
          ],
          [
            -64.203703,
            -31.391098
          ],
          [
            -64.203397,
            -31.391672
          ],
          [
            -64.203074,
            -31.392275
          ],
          [
            -64.202969,
            -31.392469
          ],
          [
            -64.202783,
            -31.392811
          ],
          [
            -64.202737,
            -31.392895
          ],
          [
            -64.20271,
            -31.392944
          ],
          [
            -64.202577,
            -31.393181
          ],
          [
            -64.201799,
            -31.394593
          ],
          [
            -64.202403,
            -31.394832
          ],
          [
            -64.202331,
            -31.39499
          ],
          [
            -64.202281,
            -31.395122
          ],
          [
            -64.202248,
            -31.39524
          ],
          [
            -64.202099,
            -31.395859
          ],
          [
            -64.202074,
            -31.395972
          ],
          [
            -64.20201,
            -31.396537
          ],
          [
            -64.202009,
            -31.39659
          ],
          [
            -64.202008,
            -31.396668
          ],
          [
            -64.202018,
            -31.396767
          ],
          [
            -64.202088,
            -31.39747
          ],
          [
            -64.202115,
            -31.397632
          ],
          [
            -64.202169,
            -31.397822
          ],
          [
            -64.202193,
            -31.397891
          ],
          [
            -64.202227,
            -31.397968
          ],
          [
            -64.202278,
            -31.398054
          ],
          [
            -64.202321,
            -31.398119
          ],
          [
            -64.202388,
            -31.398204
          ],
          [
            -64.202576,
            -31.398404
          ],
          [
            -64.202657,
            -31.398482
          ],
          [
            -64.202754,
            -31.398548
          ],
          [
            -64.202867,
            -31.398624
          ],
          [
            -64.202938,
            -31.398678
          ],
          [
            -64.20304,
            -31.398771
          ],
          [
            -64.203254,
            -31.39902
          ],
          [
            -64.203455,
            -31.399256
          ],
          [
            -64.203561,
            -31.399402
          ],
          [
            -64.20362,
            -31.399487
          ],
          [
            -64.203656,
            -31.399572
          ],
          [
            -64.203683,
            -31.399643
          ],
          [
            -64.203772,
            -31.40015
          ],
          [
            -64.203783,
            -31.40112
          ],
          [
            -64.203769,
            -31.401226
          ],
          [
            -64.203748,
            -31.401338
          ],
          [
            -64.203635,
            -31.401789
          ],
          [
            -64.203603,
            -31.40189
          ],
          [
            -64.203565,
            -31.401993
          ],
          [
            -64.203508,
            -31.402115
          ],
          [
            -64.203388,
            -31.40232
          ],
          [
            -64.203241,
            -31.402545
          ],
          [
            -64.203008,
            -31.402831
          ],
          [
            -64.202808,
            -31.403024
          ],
          [
            -64.202543,
            -31.403247
          ],
          [
            -64.202238,
            -31.403444
          ],
          [
            -64.201903,
            -31.403647
          ],
          [
            -64.201657,
            -31.403772
          ],
          [
            -64.200544,
            -31.404137
          ],
          [
            -64.199585,
            -31.404431
          ],
          [
            -64.197753,
            -31.404977
          ],
          [
            -64.197596,
            -31.405024
          ],
          [
            -64.196823,
            -31.405211
          ],
          [
            -64.195498,
            -31.40545
          ],
          [
            -64.194805,
            -31.405555
          ],
          [
            -64.194195,
            -31.405628
          ],
          [
            -64.193599,
            -31.405724
          ],
          [
            -64.193059,
            -31.4058
          ],
          [
            -64.192812,
            -31.405821
          ],
          [
            -64.192707,
            -31.405825
          ],
          [
            -64.192555,
            -31.405818
          ],
          [
            -64.191211,
            -31.405718
          ],
          [
            -64.190902,
            -31.405716
          ],
          [
            -64.190401,
            -31.405748
          ],
          [
            -64.19028,
            -31.405759
          ],
          [
            -64.190147,
            -31.405779
          ],
          [
            -64.189804,
            -31.405855
          ],
          [
            -64.189559,
            -31.405922
          ],
          [
            -64.189465,
            -31.405961
          ],
          [
            -64.189352,
            -31.406035
          ],
          [
            -64.189317,
            -31.406076
          ],
          [
            -64.189274,
            -31.406141
          ],
          [
            -64.189237,
            -31.406218
          ],
          [
            -64.189218,
            -31.406307
          ],
          [
            -64.189225,
            -31.406398
          ],
          [
            -64.189263,
            -31.406522
          ],
          [
            -64.189301,
            -31.406579
          ],
          [
            -64.189359,
            -31.406632
          ],
          [
            -64.189657,
            -31.406902
          ],
          [
            -64.189736,
            -31.406978
          ],
          [
            -64.189813,
            -31.407055
          ],
          [
            -64.189859,
            -31.40711
          ],
          [
            -64.189904,
            -31.40718
          ],
          [
            -64.189942,
            -31.407251
          ],
          [
            -64.189979,
            -31.407335
          ],
          [
            -64.190016,
            -31.407553
          ],
          [
            -64.190031,
            -31.407679
          ],
          [
            -64.190043,
            -31.407759
          ],
          [
            -64.190467,
            -31.40897
          ],
          [
            -64.190904,
            -31.410127
          ],
          [
            -64.191328,
            -31.411203
          ],
          [
            -64.191516,
            -31.411587
          ],
          [
            -64.191631,
            -31.411801
          ],
          [
            -64.191676,
            -31.411898
          ],
          [
            -64.191721,
            -31.412009
          ],
          [
            -64.191795,
            -31.412224
          ],
          [
            -64.191861,
            -31.412443
          ],
          [
            -64.191886,
            -31.412605
          ],
          [
            -64.191905,
            -31.412812
          ],
          [
            -64.191899,
            -31.412906
          ],
          [
            -64.191783,
            -31.413258
          ],
          [
            -64.191709,
            -31.413482
          ],
          [
            -64.191618,
            -31.413773
          ],
          [
            -64.191161,
            -31.41514
          ],
          [
            -64.190694,
            -31.416604
          ],
          [
            -64.190416,
            -31.416687
          ],
          [
            -64.189089,
            -31.417076
          ],
          [
            -64.189049,
            -31.417087
          ],
          [
            -64.18777,
            -31.417441
          ],
          [
            -64.187673,
            -31.417469
          ],
          [
            -64.18769,
            -31.41751
          ],
          [
            -64.188184,
            -31.418665
          ],
          [
            -64.188568,
            -31.419564
          ],
          [
            -64.188701,
            -31.419841
          ],
          [
            -64.188713,
            -31.419861
          ],
          [
            -64.188728,
            -31.419891
          ],
          [
            -64.188735,
            -31.419927
          ],
          [
            -64.188737,
            -31.419959
          ],
          [
            -64.188733,
            -31.419976
          ],
          [
            -64.188728,
            -31.419991
          ],
          [
            -64.188709,
            -31.420032
          ],
          [
            -64.188708,
            -31.420086
          ],
          [
            -64.188709,
            -31.420103
          ]
        ]
      }
    },
    {
      "type": "Feature",
      "id": "route-cordoba-2026-08-31-v3-03",
      "properties": {
        "truckId": "vehicle-03",
        "waypointDistancesKm": [
          0,
          1.1680221630997492,
          2.702650082616022,
          3.681679920401242,
          4.603250404129337,
          5.4397060737495195,
          7.9895766408202435,
          11.460441404582332,
          18.531812699212253,
          29.280339559344682
        ]
      },
      "geometry": {
        "type": "LineString",
        "coordinates": [
          [
            -64.188709,
            -31.420109
          ],
          [
            -64.18871,
            -31.420127
          ],
          [
            -64.188717,
            -31.420178
          ],
          [
            -64.188727,
            -31.42023
          ],
          [
            -64.188737,
            -31.420284
          ],
          [
            -64.188734,
            -31.420338
          ],
          [
            -64.188686,
            -31.420476
          ],
          [
            -64.188614,
            -31.420637
          ],
          [
            -64.188602,
            -31.420666
          ],
          [
            -64.188216,
            -31.421509
          ],
          [
            -64.188139,
            -31.421536
          ],
          [
            -64.187971,
            -31.421596
          ],
          [
            -64.187883,
            -31.421621
          ],
          [
            -64.186582,
            -31.422025
          ],
          [
            -64.185253,
            -31.422438
          ],
          [
            -64.184746,
            -31.421253
          ],
          [
            -64.184705,
            -31.421154
          ],
          [
            -64.184491,
            -31.420636
          ],
          [
            -64.184265,
            -31.420104
          ],
          [
            -64.184136,
            -31.419798
          ],
          [
            -64.185451,
            -31.419396
          ],
          [
            -64.186782,
            -31.41903
          ],
          [
            -64.186994,
            -31.419529
          ],
          [
            -64.187236,
            -31.420097
          ],
          [
            -64.187373,
            -31.420419
          ],
          [
            -64.187394,
            -31.420469
          ],
          [
            -64.187439,
            -31.420456
          ],
          [
            -64.187877,
            -31.420332
          ],
          [
            -64.188038,
            -31.420286
          ],
          [
            -64.188169,
            -31.420245
          ],
          [
            -64.188208,
            -31.420233
          ],
          [
            -64.188297,
            -31.420206
          ],
          [
            -64.188431,
            -31.42015
          ],
          [
            -64.188553,
            -31.4201
          ],
          [
            -64.188617,
            -31.420073
          ],
          [
            -64.188664,
            -31.420053
          ],
          [
            -64.188709,
            -31.420032
          ],
          [
            -64.188708,
            -31.420086
          ],
          [
            -64.188709,
            -31.420109
          ],
          [
            -64.18871,
            -31.420127
          ],
          [
            -64.188717,
            -31.420178
          ],
          [
            -64.188727,
            -31.42023
          ],
          [
            -64.188737,
            -31.420284
          ],
          [
            -64.188734,
            -31.420338
          ],
          [
            -64.188686,
            -31.420476
          ],
          [
            -64.188614,
            -31.420637
          ],
          [
            -64.188602,
            -31.420666
          ],
          [
            -64.188216,
            -31.421509
          ],
          [
            -64.188139,
            -31.421536
          ],
          [
            -64.187971,
            -31.421596
          ],
          [
            -64.187883,
            -31.421621
          ],
          [
            -64.186582,
            -31.422025
          ],
          [
            -64.185253,
            -31.422438
          ],
          [
            -64.184746,
            -31.421253
          ],
          [
            -64.184705,
            -31.421154
          ],
          [
            -64.184491,
            -31.420636
          ],
          [
            -64.184265,
            -31.420104
          ],
          [
            -64.184136,
            -31.419798
          ],
          [
            -64.184126,
            -31.419775
          ],
          [
            -64.183666,
            -31.418688
          ],
          [
            -64.183648,
            -31.418647
          ],
          [
            -64.183639,
            -31.418623
          ],
          [
            -64.183179,
            -31.4175
          ],
          [
            -64.183168,
            -31.417471
          ],
          [
            -64.183201,
            -31.417461
          ],
          [
            -64.18323,
            -31.417452
          ],
          [
            -64.183806,
            -31.417276
          ],
          [
            -64.184023,
            -31.417213
          ],
          [
            -64.184439,
            -31.417092
          ],
          [
            -64.185796,
            -31.416696
          ],
          [
            -64.186124,
            -31.4166
          ],
          [
            -64.186555,
            -31.416474
          ],
          [
            -64.187132,
            -31.416306
          ],
          [
            -64.187153,
            -31.416299
          ],
          [
            -64.187176,
            -31.416293
          ],
          [
            -64.187285,
            -31.416261
          ],
          [
            -64.188553,
            -31.415894
          ],
          [
            -64.188583,
            -31.415886
          ],
          [
            -64.188564,
            -31.415842
          ],
          [
            -64.188289,
            -31.415195
          ],
          [
            -64.188273,
            -31.415156
          ],
          [
            -64.188133,
            -31.414827
          ],
          [
            -64.188116,
            -31.414787
          ],
          [
            -64.188104,
            -31.414758
          ],
          [
            -64.188,
            -31.414515
          ],
          [
            -64.187955,
            -31.414408
          ],
          [
            -64.187647,
            -31.413684
          ],
          [
            -64.187396,
            -31.413093
          ],
          [
            -64.187151,
            -31.412517
          ],
          [
            -64.187127,
            -31.412461
          ],
          [
            -64.187108,
            -31.412417
          ],
          [
            -64.187086,
            -31.412364
          ],
          [
            -64.186929,
            -31.411999
          ],
          [
            -64.186672,
            -31.411397
          ],
          [
            -64.186733,
            -31.411377
          ],
          [
            -64.187411,
            -31.411177
          ],
          [
            -64.188035,
            -31.410984
          ],
          [
            -64.188255,
            -31.41153
          ],
          [
            -64.188429,
            -31.411961
          ],
          [
            -64.188461,
            -31.412038
          ],
          [
            -64.188414,
            -31.412053
          ],
          [
            -64.18783,
            -31.412229
          ],
          [
            -64.187675,
            -31.412279
          ],
          [
            -64.187176,
            -31.412446
          ],
          [
            -64.187127,
            -31.412461
          ],
          [
            -64.187108,
            -31.412417
          ],
          [
            -64.187086,
            -31.412364
          ],
          [
            -64.186929,
            -31.411999
          ],
          [
            -64.186672,
            -31.411397
          ],
          [
            -64.186733,
            -31.411377
          ],
          [
            -64.187411,
            -31.411177
          ],
          [
            -64.188035,
            -31.410984
          ],
          [
            -64.189392,
            -31.410554
          ],
          [
            -64.189004,
            -31.409416
          ],
          [
            -64.18866,
            -31.409521
          ],
          [
            -64.188516,
            -31.409565
          ],
          [
            -64.188337,
            -31.409621
          ],
          [
            -64.187868,
            -31.409761
          ],
          [
            -64.187571,
            -31.40985
          ],
          [
            -64.187745,
            -31.410275
          ],
          [
            -64.188035,
            -31.410984
          ],
          [
            -64.189392,
            -31.410554
          ],
          [
            -64.190628,
            -31.410207
          ],
          [
            -64.190904,
            -31.410127
          ],
          [
            -64.191328,
            -31.411203
          ],
          [
            -64.191516,
            -31.411587
          ],
          [
            -64.191631,
            -31.411801
          ],
          [
            -64.191676,
            -31.411898
          ],
          [
            -64.191721,
            -31.412009
          ],
          [
            -64.191795,
            -31.412224
          ],
          [
            -64.191861,
            -31.412443
          ],
          [
            -64.19309,
            -31.412079
          ],
          [
            -64.192881,
            -31.411498
          ],
          [
            -64.19263,
            -31.410801
          ],
          [
            -64.191328,
            -31.411203
          ],
          [
            -64.191069,
            -31.411286
          ],
          [
            -64.190641,
            -31.411408
          ],
          [
            -64.19029,
            -31.411512
          ],
          [
            -64.189801,
            -31.411651
          ],
          [
            -64.189773,
            -31.411576
          ],
          [
            -64.189392,
            -31.410554
          ],
          [
            -64.189004,
            -31.409416
          ],
          [
            -64.188509,
            -31.408133
          ],
          [
            -64.188397,
            -31.407846
          ],
          [
            -64.188295,
            -31.40759
          ],
          [
            -64.188209,
            -31.407376
          ],
          [
            -64.188164,
            -31.407265
          ],
          [
            -64.188152,
            -31.407231
          ],
          [
            -64.188132,
            -31.40717
          ],
          [
            -64.188096,
            -31.407062
          ],
          [
            -64.18802,
            -31.406838
          ],
          [
            -64.188,
            -31.406773
          ],
          [
            -64.187791,
            -31.406
          ],
          [
            -64.187758,
            -31.405879
          ],
          [
            -64.187743,
            -31.40565
          ],
          [
            -64.187738,
            -31.405576
          ],
          [
            -64.18773,
            -31.40551
          ],
          [
            -64.187711,
            -31.405367
          ],
          [
            -64.187608,
            -31.404405
          ],
          [
            -64.187525,
            -31.403846
          ],
          [
            -64.187686,
            -31.403795
          ],
          [
            -64.188245,
            -31.403593
          ],
          [
            -64.18844,
            -31.403519
          ],
          [
            -64.188709,
            -31.403416
          ],
          [
            -64.189095,
            -31.403251
          ],
          [
            -64.189528,
            -31.403057
          ],
          [
            -64.189869,
            -31.402884
          ],
          [
            -64.190352,
            -31.402598
          ],
          [
            -64.190856,
            -31.402279
          ],
          [
            -64.190986,
            -31.402193
          ],
          [
            -64.191298,
            -31.401926
          ],
          [
            -64.19138,
            -31.40185
          ],
          [
            -64.191684,
            -31.401542
          ],
          [
            -64.191995,
            -31.401193
          ],
          [
            -64.192371,
            -31.400703
          ],
          [
            -64.192738,
            -31.400168
          ],
          [
            -64.192912,
            -31.399907
          ],
          [
            -64.192972,
            -31.39981
          ],
          [
            -64.193137,
            -31.399447
          ],
          [
            -64.193286,
            -31.399076
          ],
          [
            -64.19336,
            -31.398851
          ],
          [
            -64.193454,
            -31.398607
          ],
          [
            -64.19352,
            -31.398401
          ],
          [
            -64.193579,
            -31.398183
          ],
          [
            -64.193625,
            -31.397981
          ],
          [
            -64.193658,
            -31.397814
          ],
          [
            -64.193705,
            -31.397374
          ],
          [
            -64.193729,
            -31.39694
          ],
          [
            -64.193728,
            -31.3967
          ],
          [
            -64.193725,
            -31.396515
          ],
          [
            -64.193697,
            -31.396222
          ],
          [
            -64.193666,
            -31.395888
          ],
          [
            -64.193649,
            -31.395769
          ],
          [
            -64.193612,
            -31.395612
          ],
          [
            -64.193737,
            -31.395603
          ],
          [
            -64.193777,
            -31.395605
          ],
          [
            -64.193817,
            -31.395615
          ],
          [
            -64.194438,
            -31.395897
          ],
          [
            -64.19435,
            -31.396034
          ],
          [
            -64.193872,
            -31.396776
          ],
          [
            -64.193729,
            -31.39694
          ],
          [
            -64.193728,
            -31.3967
          ],
          [
            -64.193725,
            -31.396515
          ],
          [
            -64.193697,
            -31.396222
          ],
          [
            -64.193666,
            -31.395888
          ],
          [
            -64.193649,
            -31.395769
          ],
          [
            -64.193612,
            -31.395612
          ],
          [
            -64.193566,
            -31.395397
          ],
          [
            -64.193533,
            -31.395219
          ],
          [
            -64.193604,
            -31.395164
          ],
          [
            -64.194018,
            -31.39454
          ],
          [
            -64.194597,
            -31.393642
          ],
          [
            -64.195161,
            -31.392763
          ],
          [
            -64.19573,
            -31.391897
          ],
          [
            -64.195954,
            -31.391549
          ],
          [
            -64.196321,
            -31.390995
          ],
          [
            -64.1969,
            -31.390118
          ],
          [
            -64.197474,
            -31.389243
          ],
          [
            -64.197659,
            -31.388956
          ],
          [
            -64.198035,
            -31.388369
          ],
          [
            -64.198606,
            -31.387501
          ],
          [
            -64.19919,
            -31.386609
          ],
          [
            -64.199765,
            -31.385731
          ],
          [
            -64.200051,
            -31.385286
          ],
          [
            -64.200352,
            -31.384839
          ],
          [
            -64.20063,
            -31.384412
          ],
          [
            -64.20093,
            -31.383959
          ],
          [
            -64.201222,
            -31.383516
          ],
          [
            -64.201505,
            -31.383085
          ],
          [
            -64.201792,
            -31.382625
          ],
          [
            -64.202078,
            -31.382184
          ],
          [
            -64.202365,
            -31.381748
          ],
          [
            -64.202653,
            -31.381307
          ],
          [
            -64.202941,
            -31.380879
          ],
          [
            -64.20324,
            -31.380438
          ],
          [
            -64.20381,
            -31.379556
          ],
          [
            -64.204388,
            -31.378673
          ],
          [
            -64.204709,
            -31.378199
          ],
          [
            -64.204717,
            -31.378163
          ],
          [
            -64.204719,
            -31.378131
          ],
          [
            -64.204712,
            -31.378108
          ],
          [
            -64.204684,
            -31.378053
          ],
          [
            -64.205015,
            -31.377782
          ],
          [
            -64.205884,
            -31.377094
          ],
          [
            -64.206297,
            -31.376798
          ],
          [
            -64.206359,
            -31.376762
          ],
          [
            -64.206424,
            -31.376735
          ],
          [
            -64.206817,
            -31.376631
          ],
          [
            -64.20678,
            -31.376445
          ],
          [
            -64.206669,
            -31.375847
          ],
          [
            -64.206546,
            -31.375212
          ],
          [
            -64.206537,
            -31.375162
          ],
          [
            -64.206431,
            -31.374619
          ],
          [
            -64.206284,
            -31.373936
          ],
          [
            -64.206131,
            -31.37306
          ],
          [
            -64.206202,
            -31.372989
          ],
          [
            -64.206232,
            -31.372967
          ],
          [
            -64.206845,
            -31.372873
          ],
          [
            -64.206598,
            -31.371613
          ],
          [
            -64.206456,
            -31.370868
          ],
          [
            -64.206435,
            -31.370759
          ],
          [
            -64.206412,
            -31.370638
          ],
          [
            -64.206209,
            -31.370689
          ],
          [
            -64.205976,
            -31.370752
          ],
          [
            -64.205689,
            -31.370829
          ],
          [
            -64.205669,
            -31.370712
          ],
          [
            -64.205659,
            -31.370671
          ],
          [
            -64.205649,
            -31.37061
          ],
          [
            -64.205636,
            -31.370513
          ],
          [
            -64.205592,
            -31.370179
          ],
          [
            -64.205495,
            -31.369622
          ],
          [
            -64.205473,
            -31.36953
          ],
          [
            -64.205176,
            -31.367828
          ],
          [
            -64.20512,
            -31.367448
          ],
          [
            -64.205086,
            -31.367327
          ],
          [
            -64.205067,
            -31.36723
          ],
          [
            -64.205032,
            -31.367049
          ],
          [
            -64.2047,
            -31.365323
          ],
          [
            -64.204612,
            -31.364865
          ],
          [
            -64.204557,
            -31.364587
          ],
          [
            -64.204509,
            -31.36434
          ],
          [
            -64.204485,
            -31.364213
          ],
          [
            -64.204461,
            -31.364082
          ],
          [
            -64.204187,
            -31.362653
          ],
          [
            -64.204163,
            -31.362527
          ],
          [
            -64.204145,
            -31.362426
          ],
          [
            -64.204126,
            -31.362321
          ],
          [
            -64.204083,
            -31.362098
          ],
          [
            -64.204035,
            -31.361869
          ],
          [
            -64.204016,
            -31.361779
          ],
          [
            -64.203996,
            -31.361675
          ],
          [
            -64.203978,
            -31.361581
          ],
          [
            -64.203892,
            -31.361158
          ],
          [
            -64.20382,
            -31.360772
          ],
          [
            -64.20372,
            -31.360229
          ],
          [
            -64.203692,
            -31.360067
          ],
          [
            -64.203676,
            -31.35998
          ],
          [
            -64.203656,
            -31.359872
          ],
          [
            -64.203406,
            -31.35856
          ],
          [
            -64.203239,
            -31.357684
          ],
          [
            -64.203223,
            -31.357602
          ],
          [
            -64.203204,
            -31.357512
          ],
          [
            -64.203189,
            -31.357428
          ],
          [
            -64.203172,
            -31.357349
          ],
          [
            -64.20314,
            -31.35721
          ],
          [
            -64.203107,
            -31.357076
          ],
          [
            -64.203086,
            -31.357
          ],
          [
            -64.20306,
            -31.356916
          ],
          [
            -64.20303,
            -31.356836
          ],
          [
            -64.202988,
            -31.356743
          ],
          [
            -64.202946,
            -31.356658
          ],
          [
            -64.202867,
            -31.356523
          ],
          [
            -64.202795,
            -31.356396
          ],
          [
            -64.202743,
            -31.356294
          ],
          [
            -64.202713,
            -31.356223
          ],
          [
            -64.202683,
            -31.356141
          ],
          [
            -64.202665,
            -31.356065
          ],
          [
            -64.202657,
            -31.355998
          ],
          [
            -64.202654,
            -31.355933
          ],
          [
            -64.202656,
            -31.355904
          ],
          [
            -64.2026,
            -31.355771
          ],
          [
            -64.202576,
            -31.355717
          ],
          [
            -64.202557,
            -31.35567
          ],
          [
            -64.202537,
            -31.355639
          ],
          [
            -64.202512,
            -31.355604
          ],
          [
            -64.202486,
            -31.355574
          ],
          [
            -64.202457,
            -31.355549
          ],
          [
            -64.202423,
            -31.355527
          ],
          [
            -64.202383,
            -31.355507
          ],
          [
            -64.202334,
            -31.355489
          ],
          [
            -64.202204,
            -31.355457
          ],
          [
            -64.202052,
            -31.355417
          ],
          [
            -64.201854,
            -31.35536
          ],
          [
            -64.201661,
            -31.355293
          ],
          [
            -64.201503,
            -31.35523
          ],
          [
            -64.201402,
            -31.35518
          ],
          [
            -64.201303,
            -31.355127
          ],
          [
            -64.201207,
            -31.355065
          ],
          [
            -64.201122,
            -31.355007
          ],
          [
            -64.201029,
            -31.354936
          ],
          [
            -64.20094,
            -31.35486
          ],
          [
            -64.200779,
            -31.354722
          ],
          [
            -64.20058,
            -31.354539
          ],
          [
            -64.200397,
            -31.35437
          ],
          [
            -64.200266,
            -31.354252
          ],
          [
            -64.200185,
            -31.354188
          ],
          [
            -64.200093,
            -31.35412
          ],
          [
            -64.200005,
            -31.354065
          ],
          [
            -64.199931,
            -31.354022
          ],
          [
            -64.199851,
            -31.35398
          ],
          [
            -64.19975,
            -31.353931
          ],
          [
            -64.199634,
            -31.353882
          ],
          [
            -64.199525,
            -31.353844
          ],
          [
            -64.199412,
            -31.35381
          ],
          [
            -64.199275,
            -31.35377
          ],
          [
            -64.199136,
            -31.353734
          ],
          [
            -64.19895,
            -31.353693
          ],
          [
            -64.198768,
            -31.353655
          ],
          [
            -64.198575,
            -31.35362
          ],
          [
            -64.198353,
            -31.35358
          ],
          [
            -64.198085,
            -31.353539
          ],
          [
            -64.197808,
            -31.3535
          ],
          [
            -64.197588,
            -31.35347
          ],
          [
            -64.197188,
            -31.353363
          ],
          [
            -64.19694,
            -31.353348
          ],
          [
            -64.196697,
            -31.353333
          ],
          [
            -64.19645,
            -31.353328
          ],
          [
            -64.19619,
            -31.353326
          ],
          [
            -64.195927,
            -31.35333
          ],
          [
            -64.195687,
            -31.353337
          ],
          [
            -64.195315,
            -31.353361
          ],
          [
            -64.195063,
            -31.353383
          ],
          [
            -64.194806,
            -31.35341
          ],
          [
            -64.194568,
            -31.35344
          ],
          [
            -64.19432,
            -31.353478
          ],
          [
            -64.194075,
            -31.353521
          ],
          [
            -64.193827,
            -31.353571
          ],
          [
            -64.193461,
            -31.353649
          ],
          [
            -64.193217,
            -31.353709
          ],
          [
            -64.192977,
            -31.353769
          ],
          [
            -64.192737,
            -31.353834
          ],
          [
            -64.192499,
            -31.353898
          ],
          [
            -64.192264,
            -31.353962
          ],
          [
            -64.19189,
            -31.354062
          ],
          [
            -64.191535,
            -31.354155
          ],
          [
            -64.191047,
            -31.354284
          ],
          [
            -64.190436,
            -31.354438
          ],
          [
            -64.189829,
            -31.354589
          ],
          [
            -64.189619,
            -31.354708
          ],
          [
            -64.189359,
            -31.354783
          ],
          [
            -64.189265,
            -31.354815
          ],
          [
            -64.18901,
            -31.3549
          ],
          [
            -64.188714,
            -31.355001
          ],
          [
            -64.188493,
            -31.355076
          ],
          [
            -64.188414,
            -31.355108
          ],
          [
            -64.188337,
            -31.355147
          ],
          [
            -64.188262,
            -31.355193
          ],
          [
            -64.188193,
            -31.355247
          ],
          [
            -64.188137,
            -31.3553
          ],
          [
            -64.18808,
            -31.355363
          ],
          [
            -64.188034,
            -31.355435
          ],
          [
            -64.188011,
            -31.355499
          ],
          [
            -64.187998,
            -31.355561
          ],
          [
            -64.187997,
            -31.355625
          ],
          [
            -64.188013,
            -31.355697
          ],
          [
            -64.188046,
            -31.355772
          ],
          [
            -64.188084,
            -31.355827
          ],
          [
            -64.188138,
            -31.355883
          ],
          [
            -64.188208,
            -31.355929
          ],
          [
            -64.188287,
            -31.355967
          ],
          [
            -64.188365,
            -31.355989
          ],
          [
            -64.188449,
            -31.355998
          ],
          [
            -64.188532,
            -31.355996
          ],
          [
            -64.188621,
            -31.355988
          ],
          [
            -64.188706,
            -31.35597
          ],
          [
            -64.188794,
            -31.355943
          ],
          [
            -64.188874,
            -31.355911
          ],
          [
            -64.188947,
            -31.355875
          ],
          [
            -64.189012,
            -31.355835
          ],
          [
            -64.189069,
            -31.355793
          ],
          [
            -64.189122,
            -31.355746
          ],
          [
            -64.189163,
            -31.355702
          ],
          [
            -64.189203,
            -31.355654
          ],
          [
            -64.189251,
            -31.355585
          ],
          [
            -64.189295,
            -31.355516
          ],
          [
            -64.189331,
            -31.35543
          ],
          [
            -64.189363,
            -31.355344
          ],
          [
            -64.189385,
            -31.355279
          ],
          [
            -64.189402,
            -31.35521
          ],
          [
            -64.189414,
            -31.355124
          ],
          [
            -64.189421,
            -31.355037
          ],
          [
            -64.189421,
            -31.354953
          ],
          [
            -64.189419,
            -31.354868
          ],
          [
            -64.189408,
            -31.354729
          ],
          [
            -64.189388,
            -31.354589
          ],
          [
            -64.189364,
            -31.354453
          ],
          [
            -64.189338,
            -31.35432
          ],
          [
            -64.18926,
            -31.354015
          ],
          [
            -64.189176,
            -31.353718
          ],
          [
            -64.189077,
            -31.353358
          ],
          [
            -64.189047,
            -31.353243
          ],
          [
            -64.189019,
            -31.353119
          ],
          [
            -64.188974,
            -31.352911
          ],
          [
            -64.188945,
            -31.352764
          ],
          [
            -64.18891,
            -31.352584
          ],
          [
            -64.188887,
            -31.352435
          ],
          [
            -64.188803,
            -31.351923
          ],
          [
            -64.18874,
            -31.351613
          ],
          [
            -64.188657,
            -31.351056
          ],
          [
            -64.188608,
            -31.350744
          ],
          [
            -64.18856,
            -31.350438
          ],
          [
            -64.188504,
            -31.350071
          ],
          [
            -64.188435,
            -31.349649
          ],
          [
            -64.18837,
            -31.349228
          ],
          [
            -64.188243,
            -31.34833
          ],
          [
            -64.188176,
            -31.347894
          ],
          [
            -64.188121,
            -31.347501
          ],
          [
            -64.188083,
            -31.347208
          ],
          [
            -64.188063,
            -31.347063
          ],
          [
            -64.188047,
            -31.346921
          ],
          [
            -64.188026,
            -31.34673
          ],
          [
            -64.188008,
            -31.346539
          ],
          [
            -64.18799,
            -31.346346
          ],
          [
            -64.187974,
            -31.346157
          ],
          [
            -64.187963,
            -31.345977
          ],
          [
            -64.187951,
            -31.345794
          ],
          [
            -64.187935,
            -31.345434
          ],
          [
            -64.187931,
            -31.345159
          ],
          [
            -64.187925,
            -31.344892
          ],
          [
            -64.187928,
            -31.34459
          ],
          [
            -64.18794,
            -31.344111
          ],
          [
            -64.187952,
            -31.343841
          ],
          [
            -64.187963,
            -31.343624
          ],
          [
            -64.187978,
            -31.343396
          ],
          [
            -64.188003,
            -31.343086
          ],
          [
            -64.188038,
            -31.342758
          ],
          [
            -64.18806,
            -31.342538
          ],
          [
            -64.188083,
            -31.342359
          ],
          [
            -64.188106,
            -31.342183
          ],
          [
            -64.188146,
            -31.341913
          ],
          [
            -64.18819,
            -31.341644
          ],
          [
            -64.188259,
            -31.341241
          ],
          [
            -64.188315,
            -31.340901
          ],
          [
            -64.188378,
            -31.340525
          ],
          [
            -64.188438,
            -31.340157
          ],
          [
            -64.188434,
            -31.339896
          ],
          [
            -64.188461,
            -31.339689
          ],
          [
            -64.188478,
            -31.339574
          ],
          [
            -64.18849,
            -31.339469
          ],
          [
            -64.188495,
            -31.339401
          ],
          [
            -64.188499,
            -31.339329
          ],
          [
            -64.188504,
            -31.339227
          ],
          [
            -64.188506,
            -31.339026
          ],
          [
            -64.188508,
            -31.338834
          ],
          [
            -64.188515,
            -31.338493
          ],
          [
            -64.188513,
            -31.338285
          ],
          [
            -64.188509,
            -31.338009
          ],
          [
            -64.188497,
            -31.33771
          ],
          [
            -64.18849,
            -31.337659
          ],
          [
            -64.188478,
            -31.337615
          ],
          [
            -64.188452,
            -31.337575
          ],
          [
            -64.188424,
            -31.337541
          ],
          [
            -64.188387,
            -31.337503
          ],
          [
            -64.188336,
            -31.337468
          ],
          [
            -64.188291,
            -31.33744
          ],
          [
            -64.188261,
            -31.337414
          ],
          [
            -64.188234,
            -31.337381
          ],
          [
            -64.188209,
            -31.337346
          ],
          [
            -64.188181,
            -31.337302
          ],
          [
            -64.188195,
            -31.337124
          ],
          [
            -64.188212,
            -31.336991
          ],
          [
            -64.188221,
            -31.336781
          ],
          [
            -64.188236,
            -31.336608
          ],
          [
            -64.188239,
            -31.336499
          ],
          [
            -64.188232,
            -31.336436
          ],
          [
            -64.1882,
            -31.33637
          ],
          [
            -64.18817,
            -31.336344
          ],
          [
            -64.188144,
            -31.336315
          ],
          [
            -64.188003,
            -31.336267
          ],
          [
            -64.187899,
            -31.336228
          ],
          [
            -64.187783,
            -31.336203
          ],
          [
            -64.187586,
            -31.336175
          ],
          [
            -64.186942,
            -31.336175
          ],
          [
            -64.18683,
            -31.336175
          ],
          [
            -64.186661,
            -31.336175
          ],
          [
            -64.186547,
            -31.336175
          ],
          [
            -64.185413,
            -31.336174
          ],
          [
            -64.18502,
            -31.336174
          ],
          [
            -64.184149,
            -31.336174
          ],
          [
            -64.183155,
            -31.33617
          ],
          [
            -64.182288,
            -31.336167
          ],
          [
            -64.182123,
            -31.335197
          ],
          [
            -64.181949,
            -31.3343
          ],
          [
            -64.181855,
            -31.33428
          ],
          [
            -64.181795,
            -31.334305
          ],
          [
            -64.181779,
            -31.334311
          ],
          [
            -64.181714,
            -31.334313
          ],
          [
            -64.181454,
            -31.33432
          ],
          [
            -64.178733,
            -31.33432
          ],
          [
            -64.178134,
            -31.334321
          ],
          [
            -64.175732,
            -31.334324
          ],
          [
            -64.175729,
            -31.334799
          ],
          [
            -64.175728,
            -31.334983
          ],
          [
            -64.175725,
            -31.335203
          ],
          [
            -64.175725,
            -31.335242
          ],
          [
            -64.175749,
            -31.335451
          ],
          [
            -64.175748,
            -31.335576
          ],
          [
            -64.175751,
            -31.335655
          ],
          [
            -64.17576,
            -31.335722
          ],
          [
            -64.175773,
            -31.335775
          ],
          [
            -64.175792,
            -31.33582
          ],
          [
            -64.17582,
            -31.335864
          ],
          [
            -64.175853,
            -31.335905
          ],
          [
            -64.175889,
            -31.335939
          ],
          [
            -64.176027,
            -31.336031
          ],
          [
            -64.176071,
            -31.33606
          ],
          [
            -64.17612,
            -31.336103
          ],
          [
            -64.17614,
            -31.336136
          ],
          [
            -64.176159,
            -31.336178
          ],
          [
            -64.176164,
            -31.336237
          ],
          [
            -64.176157,
            -31.336289
          ],
          [
            -64.176128,
            -31.336348
          ],
          [
            -64.176142,
            -31.336444
          ],
          [
            -64.176152,
            -31.336544
          ],
          [
            -64.176152,
            -31.336694
          ],
          [
            -64.176146,
            -31.33714
          ],
          [
            -64.176126,
            -31.337406
          ],
          [
            -64.176127,
            -31.337587
          ],
          [
            -64.176126,
            -31.338015
          ],
          [
            -64.17613,
            -31.338458
          ],
          [
            -64.176131,
            -31.338524
          ],
          [
            -64.176131,
            -31.33875
          ],
          [
            -64.176127,
            -31.339505
          ],
          [
            -64.176134,
            -31.340433
          ],
          [
            -64.176135,
            -31.341343
          ],
          [
            -64.176133,
            -31.341532
          ],
          [
            -64.176133,
            -31.34173
          ],
          [
            -64.176137,
            -31.342315
          ],
          [
            -64.176139,
            -31.343268
          ],
          [
            -64.176142,
            -31.344155
          ],
          [
            -64.176143,
            -31.344531
          ],
          [
            -64.176142,
            -31.345067
          ],
          [
            -64.176143,
            -31.345431
          ],
          [
            -64.176144,
            -31.345532
          ],
          [
            -64.17615,
            -31.346144
          ],
          [
            -64.176148,
            -31.347004
          ],
          [
            -64.17615,
            -31.347797
          ],
          [
            -64.176151,
            -31.347935
          ],
          [
            -64.176151,
            -31.347985
          ],
          [
            -64.176148,
            -31.349041
          ],
          [
            -64.176151,
            -31.349369
          ],
          [
            -64.176153,
            -31.349983
          ],
          [
            -64.176152,
            -31.350883
          ],
          [
            -64.176153,
            -31.351541
          ],
          [
            -64.176152,
            -31.353028
          ],
          [
            -64.17615,
            -31.35338
          ],
          [
            -64.176146,
            -31.353793
          ],
          [
            -64.176144,
            -31.354107
          ],
          [
            -64.176142,
            -31.354307
          ],
          [
            -64.176139,
            -31.354523
          ],
          [
            -64.176133,
            -31.354629
          ],
          [
            -64.176153,
            -31.355323
          ],
          [
            -64.176145,
            -31.355674
          ],
          [
            -64.176141,
            -31.355845
          ],
          [
            -64.176139,
            -31.35601
          ],
          [
            -64.176135,
            -31.356187
          ],
          [
            -64.176133,
            -31.356371
          ],
          [
            -64.176133,
            -31.356736
          ],
          [
            -64.17613,
            -31.357309
          ],
          [
            -64.176127,
            -31.357566
          ],
          [
            -64.176127,
            -31.357589
          ],
          [
            -64.176131,
            -31.357867
          ],
          [
            -64.176132,
            -31.358333
          ],
          [
            -64.17614,
            -31.358802
          ],
          [
            -64.176148,
            -31.359254
          ],
          [
            -64.176149,
            -31.359706
          ],
          [
            -64.176147,
            -31.360037
          ],
          [
            -64.176147,
            -31.360372
          ],
          [
            -64.176149,
            -31.360552
          ],
          [
            -64.176148,
            -31.36114
          ],
          [
            -64.176148,
            -31.361308
          ],
          [
            -64.176113,
            -31.361479
          ],
          [
            -64.176115,
            -31.361575
          ],
          [
            -64.176119,
            -31.361878
          ],
          [
            -64.176116,
            -31.362268
          ],
          [
            -64.176114,
            -31.362542
          ],
          [
            -64.176113,
            -31.362703
          ],
          [
            -64.176107,
            -31.363264
          ],
          [
            -64.176107,
            -31.363426
          ],
          [
            -64.176105,
            -31.363541
          ],
          [
            -64.176105,
            -31.363587
          ],
          [
            -64.176104,
            -31.363858
          ],
          [
            -64.176104,
            -31.364111
          ],
          [
            -64.176104,
            -31.364736
          ],
          [
            -64.176105,
            -31.36501
          ],
          [
            -64.176105,
            -31.365323
          ],
          [
            -64.176106,
            -31.365595
          ],
          [
            -64.176103,
            -31.366019
          ],
          [
            -64.176103,
            -31.366474
          ],
          [
            -64.176102,
            -31.366901
          ],
          [
            -64.176103,
            -31.367869
          ],
          [
            -64.176103,
            -31.367938
          ],
          [
            -64.176102,
            -31.368075
          ],
          [
            -64.176098,
            -31.368645
          ],
          [
            -64.176096,
            -31.368947
          ],
          [
            -64.176094,
            -31.369112
          ],
          [
            -64.176089,
            -31.369711
          ],
          [
            -64.176342,
            -31.369944
          ],
          [
            -64.176455,
            -31.369942
          ],
          [
            -64.177217,
            -31.369942
          ],
          [
            -64.177872,
            -31.36994
          ],
          [
            -64.178525,
            -31.369942
          ],
          [
            -64.179192,
            -31.36994
          ],
          [
            -64.179825,
            -31.369942
          ],
          [
            -64.18047,
            -31.369942
          ],
          [
            -64.181125,
            -31.369942
          ],
          [
            -64.181568,
            -31.369942
          ],
          [
            -64.181771,
            -31.369942
          ],
          [
            -64.182392,
            -31.369942
          ],
          [
            -64.183088,
            -31.369942
          ],
          [
            -64.183874,
            -31.369942
          ],
          [
            -64.183876,
            -31.370335
          ],
          [
            -64.183874,
            -31.371069
          ],
          [
            -64.183873,
            -31.371375
          ],
          [
            -64.18388,
            -31.371828
          ],
          [
            -64.183871,
            -31.372462
          ],
          [
            -64.183872,
            -31.373121
          ],
          [
            -64.183872,
            -31.373767
          ],
          [
            -64.183871,
            -31.374415
          ],
          [
            -64.183871,
            -31.375033
          ],
          [
            -64.183876,
            -31.375481
          ],
          [
            -64.183871,
            -31.375708
          ],
          [
            -64.183871,
            -31.375874
          ],
          [
            -64.183871,
            -31.37597
          ],
          [
            -64.18387,
            -31.376985
          ],
          [
            -64.183868,
            -31.377057
          ],
          [
            -64.183862,
            -31.377377
          ],
          [
            -64.18385,
            -31.378161
          ],
          [
            -64.183846,
            -31.378773
          ],
          [
            -64.18383,
            -31.379316
          ],
          [
            -64.18381,
            -31.380514
          ],
          [
            -64.183809,
            -31.381678
          ],
          [
            -64.183811,
            -31.38285
          ],
          [
            -64.183813,
            -31.384051
          ],
          [
            -64.183813,
            -31.385206
          ],
          [
            -64.183814,
            -31.386363
          ],
          [
            -64.183815,
            -31.386674
          ],
          [
            -64.183815,
            -31.387556
          ],
          [
            -64.183812,
            -31.388717
          ],
          [
            -64.183817,
            -31.389875
          ],
          [
            -64.183831,
            -31.390845
          ],
          [
            -64.18384,
            -31.390933
          ],
          [
            -64.183866,
            -31.391012
          ],
          [
            -64.183968,
            -31.391274
          ],
          [
            -64.184431,
            -31.39239
          ],
          [
            -64.184798,
            -31.393284
          ],
          [
            -64.184892,
            -31.393501
          ],
          [
            -64.185318,
            -31.394528
          ],
          [
            -64.185802,
            -31.395694
          ],
          [
            -64.186036,
            -31.396262
          ],
          [
            -64.186043,
            -31.396284
          ],
          [
            -64.18605,
            -31.396301
          ],
          [
            -64.18626,
            -31.396825
          ],
          [
            -64.18662,
            -31.397697
          ],
          [
            -64.18671,
            -31.397922
          ],
          [
            -64.18716,
            -31.399044
          ],
          [
            -64.18763,
            -31.400137
          ],
          [
            -64.188069,
            -31.401229
          ],
          [
            -64.187472,
            -31.401414
          ],
          [
            -64.186827,
            -31.401612
          ],
          [
            -64.186169,
            -31.401818
          ],
          [
            -64.185541,
            -31.402013
          ],
          [
            -64.184883,
            -31.402218
          ],
          [
            -64.184254,
            -31.402413
          ],
          [
            -64.18394,
            -31.40251
          ],
          [
            -64.183263,
            -31.40272
          ],
          [
            -64.182762,
            -31.402876
          ],
          [
            -64.182701,
            -31.402982
          ],
          [
            -64.182651,
            -31.403105
          ],
          [
            -64.182618,
            -31.403213
          ],
          [
            -64.182586,
            -31.403394
          ],
          [
            -64.18255,
            -31.403744
          ],
          [
            -64.182593,
            -31.40395
          ],
          [
            -64.182602,
            -31.404002
          ],
          [
            -64.182614,
            -31.404246
          ],
          [
            -64.182626,
            -31.404381
          ],
          [
            -64.182656,
            -31.404595
          ],
          [
            -64.182701,
            -31.404839
          ],
          [
            -64.182719,
            -31.40491
          ],
          [
            -64.182879,
            -31.405545
          ],
          [
            -64.182932,
            -31.405738
          ],
          [
            -64.18294,
            -31.405766
          ],
          [
            -64.183201,
            -31.40677
          ],
          [
            -64.183212,
            -31.406813
          ],
          [
            -64.183262,
            -31.406951
          ],
          [
            -64.183339,
            -31.40717
          ],
          [
            -64.183389,
            -31.407298
          ],
          [
            -64.183645,
            -31.407908
          ],
          [
            -64.183726,
            -31.408102
          ],
          [
            -64.183788,
            -31.408253
          ],
          [
            -64.183949,
            -31.408629
          ],
          [
            -64.184257,
            -31.409361
          ],
          [
            -64.184637,
            -31.410262
          ],
          [
            -64.184804,
            -31.410657
          ],
          [
            -64.185292,
            -31.411809
          ],
          [
            -64.185718,
            -31.412838
          ],
          [
            -64.185737,
            -31.412882
          ],
          [
            -64.185762,
            -31.412943
          ],
          [
            -64.185948,
            -31.413383
          ],
          [
            -64.186125,
            -31.413802
          ],
          [
            -64.186243,
            -31.414082
          ],
          [
            -64.186591,
            -31.414907
          ],
          [
            -64.186704,
            -31.415175
          ],
          [
            -64.186715,
            -31.415201
          ],
          [
            -64.186739,
            -31.415256
          ],
          [
            -64.186794,
            -31.415387
          ],
          [
            -64.186829,
            -31.41547
          ],
          [
            -64.187167,
            -31.416272
          ],
          [
            -64.187176,
            -31.416293
          ],
          [
            -64.187381,
            -31.41678
          ],
          [
            -64.187392,
            -31.416806
          ],
          [
            -64.187665,
            -31.417451
          ],
          [
            -64.187673,
            -31.417469
          ],
          [
            -64.18769,
            -31.41751
          ],
          [
            -64.188184,
            -31.418665
          ],
          [
            -64.188568,
            -31.419564
          ],
          [
            -64.188701,
            -31.419841
          ],
          [
            -64.188713,
            -31.419861
          ],
          [
            -64.188728,
            -31.419891
          ],
          [
            -64.188735,
            -31.419927
          ],
          [
            -64.188737,
            -31.419959
          ],
          [
            -64.188733,
            -31.419976
          ],
          [
            -64.188728,
            -31.419991
          ],
          [
            -64.188709,
            -31.420032
          ],
          [
            -64.188708,
            -31.420086
          ],
          [
            -64.188709,
            -31.420103
          ]
        ]
      }
    },
    {
      "type": "Feature",
      "id": "route-cordoba-2026-08-31-v3-04",
      "properties": {
        "truckId": "vehicle-04",
        "waypointDistancesKm": [
          0,
          1.5445653386345983,
          2.4482895095896864,
          3.7428630683632207,
          7.659767891557849,
          11.175163996498751,
          12.65763840567214,
          15.166357547789746,
          21.64552067865875,
          30.05078931769375
        ]
      },
      "geometry": {
        "type": "LineString",
        "coordinates": [
          [
            -64.188709,
            -31.420109
          ],
          [
            -64.18871,
            -31.420127
          ],
          [
            -64.188717,
            -31.420178
          ],
          [
            -64.188727,
            -31.42023
          ],
          [
            -64.188737,
            -31.420284
          ],
          [
            -64.188734,
            -31.420338
          ],
          [
            -64.188686,
            -31.420476
          ],
          [
            -64.188614,
            -31.420637
          ],
          [
            -64.188602,
            -31.420666
          ],
          [
            -64.188216,
            -31.421509
          ],
          [
            -64.188139,
            -31.421536
          ],
          [
            -64.187971,
            -31.421596
          ],
          [
            -64.187883,
            -31.421621
          ],
          [
            -64.186582,
            -31.422025
          ],
          [
            -64.185253,
            -31.422438
          ],
          [
            -64.184746,
            -31.421253
          ],
          [
            -64.184705,
            -31.421154
          ],
          [
            -64.184491,
            -31.420636
          ],
          [
            -64.184265,
            -31.420104
          ],
          [
            -64.184136,
            -31.419798
          ],
          [
            -64.184126,
            -31.419775
          ],
          [
            -64.183666,
            -31.418688
          ],
          [
            -64.183648,
            -31.418647
          ],
          [
            -64.183639,
            -31.418623
          ],
          [
            -64.183179,
            -31.4175
          ],
          [
            -64.183168,
            -31.417471
          ],
          [
            -64.183154,
            -31.417437
          ],
          [
            -64.182941,
            -31.416932
          ],
          [
            -64.18271,
            -31.416385
          ],
          [
            -64.182226,
            -31.415251
          ],
          [
            -64.181764,
            -31.414161
          ],
          [
            -64.181724,
            -31.414065
          ],
          [
            -64.181685,
            -31.414077
          ],
          [
            -64.181359,
            -31.414174
          ],
          [
            -64.181022,
            -31.414275
          ],
          [
            -64.180822,
            -31.414334
          ],
          [
            -64.180387,
            -31.414464
          ],
          [
            -64.180033,
            -31.41457
          ],
          [
            -64.179101,
            -31.414847
          ],
          [
            -64.179079,
            -31.414799
          ],
          [
            -64.178639,
            -31.413739
          ],
          [
            -64.179932,
            -31.413364
          ],
          [
            -64.180884,
            -31.413089
          ],
          [
            -64.181263,
            -31.412979
          ],
          [
            -64.18079,
            -31.411865
          ],
          [
            -64.179466,
            -31.412243
          ],
          [
            -64.179026,
            -31.412366
          ],
          [
            -64.178927,
            -31.412121
          ],
          [
            -64.178887,
            -31.412022
          ],
          [
            -64.179026,
            -31.412366
          ],
          [
            -64.178852,
            -31.412415
          ],
          [
            -64.178761,
            -31.412441
          ],
          [
            -64.178717,
            -31.412453
          ],
          [
            -64.17863,
            -31.412477
          ],
          [
            -64.178175,
            -31.412602
          ],
          [
            -64.177656,
            -31.411342
          ],
          [
            -64.178128,
            -31.411189
          ],
          [
            -64.178211,
            -31.411164
          ],
          [
            -64.178651,
            -31.411032
          ],
          [
            -64.178929,
            -31.410948
          ],
          [
            -64.180234,
            -31.410554
          ],
          [
            -64.180885,
            -31.410358
          ],
          [
            -64.181556,
            -31.410156
          ],
          [
            -64.182475,
            -31.409886
          ],
          [
            -64.182851,
            -31.409775
          ],
          [
            -64.184257,
            -31.409361
          ],
          [
            -64.184637,
            -31.410262
          ],
          [
            -64.184804,
            -31.410657
          ],
          [
            -64.183818,
            -31.410961
          ],
          [
            -64.183402,
            -31.411089
          ],
          [
            -64.18338,
            -31.411096
          ],
          [
            -64.182903,
            -31.411243
          ],
          [
            -64.182158,
            -31.411473
          ],
          [
            -64.182113,
            -31.411487
          ],
          [
            -64.181415,
            -31.411686
          ],
          [
            -64.18079,
            -31.411865
          ],
          [
            -64.179466,
            -31.412243
          ],
          [
            -64.179026,
            -31.412366
          ],
          [
            -64.178852,
            -31.412415
          ],
          [
            -64.178761,
            -31.412441
          ],
          [
            -64.178717,
            -31.412453
          ],
          [
            -64.17863,
            -31.412477
          ],
          [
            -64.178175,
            -31.412602
          ],
          [
            -64.177656,
            -31.411342
          ],
          [
            -64.177203,
            -31.410228
          ],
          [
            -64.176765,
            -31.409209
          ],
          [
            -64.176735,
            -31.409148
          ],
          [
            -64.176361,
            -31.408308
          ],
          [
            -64.176341,
            -31.408269
          ],
          [
            -64.176286,
            -31.408226
          ],
          [
            -64.176185,
            -31.4081
          ],
          [
            -64.176159,
            -31.408064
          ],
          [
            -64.175896,
            -31.407717
          ],
          [
            -64.175546,
            -31.40725
          ],
          [
            -64.175507,
            -31.407204
          ],
          [
            -64.175465,
            -31.407153
          ],
          [
            -64.175387,
            -31.407058
          ],
          [
            -64.175031,
            -31.40662
          ],
          [
            -64.174959,
            -31.406534
          ],
          [
            -64.174932,
            -31.406502
          ],
          [
            -64.174327,
            -31.405871
          ],
          [
            -64.174253,
            -31.405741
          ],
          [
            -64.174237,
            -31.405655
          ],
          [
            -64.173026,
            -31.405323
          ],
          [
            -64.171845,
            -31.404999
          ],
          [
            -64.170639,
            -31.404668
          ],
          [
            -64.170097,
            -31.40452
          ],
          [
            -64.170041,
            -31.404504
          ],
          [
            -64.169417,
            -31.404333
          ],
          [
            -64.168255,
            -31.40397
          ],
          [
            -64.167834,
            -31.403839
          ],
          [
            -64.167084,
            -31.403605
          ],
          [
            -64.165962,
            -31.403254
          ],
          [
            -64.165628,
            -31.40315
          ],
          [
            -64.165314,
            -31.403052
          ],
          [
            -64.163997,
            -31.40264
          ],
          [
            -64.162883,
            -31.402276
          ],
          [
            -64.162027,
            -31.402013
          ],
          [
            -64.160692,
            -31.401592
          ],
          [
            -64.160633,
            -31.40157
          ],
          [
            -64.160989,
            -31.400577
          ],
          [
            -64.161317,
            -31.399671
          ],
          [
            -64.161583,
            -31.398972
          ],
          [
            -64.161593,
            -31.398877
          ],
          [
            -64.161575,
            -31.398782
          ],
          [
            -64.161555,
            -31.398722
          ],
          [
            -64.161204,
            -31.398617
          ],
          [
            -64.159241,
            -31.397997
          ],
          [
            -64.157256,
            -31.397377
          ],
          [
            -64.15529,
            -31.396755
          ],
          [
            -64.154304,
            -31.396446
          ],
          [
            -64.153311,
            -31.396135
          ],
          [
            -64.153468,
            -31.39577
          ],
          [
            -64.153693,
            -31.395249
          ],
          [
            -64.154099,
            -31.394349
          ],
          [
            -64.155075,
            -31.394667
          ],
          [
            -64.156062,
            -31.39498
          ],
          [
            -64.15802,
            -31.395594
          ],
          [
            -64.158629,
            -31.395789
          ],
          [
            -64.159203,
            -31.395967
          ],
          [
            -64.16,
            -31.396208
          ],
          [
            -64.16205,
            -31.396853
          ],
          [
            -64.162074,
            -31.396814
          ],
          [
            -64.16211,
            -31.396766
          ],
          [
            -64.162166,
            -31.396712
          ],
          [
            -64.162497,
            -31.396348
          ],
          [
            -64.162522,
            -31.396318
          ],
          [
            -64.162555,
            -31.396279
          ],
          [
            -64.163499,
            -31.395171
          ],
          [
            -64.164254,
            -31.394248
          ],
          [
            -64.164285,
            -31.394217
          ],
          [
            -64.164321,
            -31.394191
          ],
          [
            -64.164372,
            -31.394164
          ],
          [
            -64.16503,
            -31.393799
          ],
          [
            -64.165991,
            -31.39319
          ],
          [
            -64.165194,
            -31.392303
          ],
          [
            -64.164557,
            -31.391601
          ],
          [
            -64.164425,
            -31.391439
          ],
          [
            -64.163631,
            -31.390568
          ],
          [
            -64.162867,
            -31.389696
          ],
          [
            -64.162572,
            -31.389353
          ],
          [
            -64.162133,
            -31.388852
          ],
          [
            -64.161357,
            -31.387979
          ],
          [
            -64.160588,
            -31.387125
          ],
          [
            -64.15983,
            -31.386274
          ],
          [
            -64.159768,
            -31.386205
          ],
          [
            -64.158918,
            -31.385219
          ],
          [
            -64.158637,
            -31.384917
          ],
          [
            -64.159023,
            -31.384669
          ],
          [
            -64.159262,
            -31.384523
          ],
          [
            -64.160226,
            -31.38388
          ],
          [
            -64.161326,
            -31.383144
          ],
          [
            -64.162454,
            -31.382429
          ],
          [
            -64.163575,
            -31.381703
          ],
          [
            -64.163992,
            -31.382167
          ],
          [
            -64.16442,
            -31.382646
          ],
          [
            -64.163533,
            -31.383216
          ],
          [
            -64.16329,
            -31.383372
          ],
          [
            -64.162882,
            -31.382916
          ],
          [
            -64.162454,
            -31.382429
          ],
          [
            -64.163575,
            -31.381703
          ],
          [
            -64.163881,
            -31.381506
          ],
          [
            -64.1642,
            -31.381308
          ],
          [
            -64.164734,
            -31.380948
          ],
          [
            -64.165284,
            -31.380592
          ],
          [
            -64.16542,
            -31.380499
          ],
          [
            -64.166321,
            -31.379915
          ],
          [
            -64.166446,
            -31.379853
          ],
          [
            -64.1662,
            -31.379265
          ],
          [
            -64.166053,
            -31.378942
          ],
          [
            -64.165676,
            -31.378082
          ],
          [
            -64.165595,
            -31.378046
          ],
          [
            -64.16552,
            -31.378015
          ],
          [
            -64.165081,
            -31.377838
          ],
          [
            -64.164496,
            -31.37759
          ],
          [
            -64.163873,
            -31.377332
          ],
          [
            -64.163854,
            -31.377283
          ],
          [
            -64.163844,
            -31.377237
          ],
          [
            -64.163832,
            -31.377182
          ],
          [
            -64.163818,
            -31.377125
          ],
          [
            -64.163795,
            -31.377053
          ],
          [
            -64.163764,
            -31.376963
          ],
          [
            -64.163737,
            -31.376895
          ],
          [
            -64.163261,
            -31.375463
          ],
          [
            -64.163064,
            -31.374915
          ],
          [
            -64.161384,
            -31.375356
          ],
          [
            -64.161004,
            -31.375456
          ],
          [
            -64.160821,
            -31.374919
          ],
          [
            -64.160729,
            -31.374656
          ],
          [
            -64.160636,
            -31.374387
          ],
          [
            -64.160456,
            -31.373848
          ],
          [
            -64.160264,
            -31.373901
          ],
          [
            -64.159753,
            -31.374026
          ],
          [
            -64.159254,
            -31.374146
          ],
          [
            -64.15897,
            -31.37422
          ],
          [
            -64.158581,
            -31.37432
          ],
          [
            -64.158457,
            -31.374353
          ],
          [
            -64.15794,
            -31.374478
          ],
          [
            -64.157445,
            -31.374606
          ],
          [
            -64.156918,
            -31.374738
          ],
          [
            -64.156748,
            -31.374783
          ],
          [
            -64.156717,
            -31.37479
          ],
          [
            -64.156606,
            -31.374815
          ],
          [
            -64.156032,
            -31.374916
          ],
          [
            -64.155329,
            -31.375035
          ],
          [
            -64.15478,
            -31.375135
          ],
          [
            -64.154654,
            -31.375157
          ],
          [
            -64.154567,
            -31.375175
          ],
          [
            -64.153317,
            -31.375503
          ],
          [
            -64.151917,
            -31.375879
          ],
          [
            -64.151883,
            -31.375887
          ],
          [
            -64.151628,
            -31.375237
          ],
          [
            -64.151386,
            -31.374592
          ],
          [
            -64.151165,
            -31.373969
          ],
          [
            -64.150938,
            -31.373325
          ],
          [
            -64.150687,
            -31.372657
          ],
          [
            -64.150608,
            -31.372447
          ],
          [
            -64.15042,
            -31.371948
          ],
          [
            -64.15016,
            -31.371241
          ],
          [
            -64.149832,
            -31.370351
          ],
          [
            -64.149814,
            -31.370304
          ],
          [
            -64.149648,
            -31.370008
          ],
          [
            -64.149519,
            -31.369651
          ],
          [
            -64.147895,
            -31.370065
          ],
          [
            -64.147765,
            -31.370074
          ],
          [
            -64.146991,
            -31.370086
          ],
          [
            -64.146342,
            -31.37009
          ],
          [
            -64.145494,
            -31.370094
          ],
          [
            -64.144638,
            -31.370098
          ],
          [
            -64.143823,
            -31.370101
          ],
          [
            -64.143812,
            -31.36898
          ],
          [
            -64.14421,
            -31.368969
          ],
          [
            -64.144624,
            -31.368957
          ],
          [
            -64.145492,
            -31.36895
          ],
          [
            -64.146341,
            -31.368955
          ],
          [
            -64.146985,
            -31.368943
          ],
          [
            -64.147759,
            -31.368934
          ],
          [
            -64.147753,
            -31.368529
          ],
          [
            -64.147742,
            -31.36771
          ],
          [
            -64.147733,
            -31.367303
          ],
          [
            -64.147738,
            -31.366931
          ],
          [
            -64.147731,
            -31.366458
          ],
          [
            -64.147728,
            -31.366195
          ],
          [
            -64.147732,
            -31.366117
          ],
          [
            -64.147743,
            -31.366047
          ],
          [
            -64.147761,
            -31.365979
          ],
          [
            -64.14776,
            -31.365895
          ],
          [
            -64.147786,
            -31.365826
          ],
          [
            -64.147798,
            -31.365787
          ],
          [
            -64.147801,
            -31.365758
          ],
          [
            -64.147802,
            -31.365736
          ],
          [
            -64.147799,
            -31.3657
          ],
          [
            -64.147791,
            -31.365642
          ],
          [
            -64.14778,
            -31.365567
          ],
          [
            -64.147763,
            -31.365519
          ],
          [
            -64.147761,
            -31.365475
          ],
          [
            -64.147772,
            -31.365432
          ],
          [
            -64.147783,
            -31.365291
          ],
          [
            -64.147784,
            -31.365243
          ],
          [
            -64.147782,
            -31.365204
          ],
          [
            -64.147773,
            -31.365159
          ],
          [
            -64.147761,
            -31.365115
          ],
          [
            -64.147735,
            -31.365042
          ],
          [
            -64.147694,
            -31.364952
          ],
          [
            -64.147679,
            -31.364909
          ],
          [
            -64.14767,
            -31.364863
          ],
          [
            -64.147662,
            -31.364798
          ],
          [
            -64.147657,
            -31.364679
          ],
          [
            -64.147658,
            -31.364517
          ],
          [
            -64.147656,
            -31.364368
          ],
          [
            -64.147626,
            -31.364244
          ],
          [
            -64.147595,
            -31.364156
          ],
          [
            -64.147555,
            -31.364081
          ],
          [
            -64.147507,
            -31.364007
          ],
          [
            -64.147455,
            -31.363945
          ],
          [
            -64.147394,
            -31.363887
          ],
          [
            -64.147336,
            -31.36384
          ],
          [
            -64.147275,
            -31.363799
          ],
          [
            -64.147198,
            -31.363756
          ],
          [
            -64.146823,
            -31.363568
          ],
          [
            -64.146342,
            -31.36332
          ],
          [
            -64.146229,
            -31.363264
          ],
          [
            -64.146138,
            -31.363228
          ],
          [
            -64.146049,
            -31.363202
          ],
          [
            -64.145955,
            -31.363182
          ],
          [
            -64.145802,
            -31.363155
          ],
          [
            -64.145589,
            -31.363117
          ],
          [
            -64.145486,
            -31.363104
          ],
          [
            -64.145361,
            -31.363092
          ],
          [
            -64.145228,
            -31.363079
          ],
          [
            -64.145091,
            -31.363071
          ],
          [
            -64.144966,
            -31.363067
          ],
          [
            -64.144859,
            -31.363067
          ],
          [
            -64.144731,
            -31.363071
          ],
          [
            -64.144554,
            -31.363078
          ],
          [
            -64.144374,
            -31.363088
          ],
          [
            -64.144197,
            -31.363099
          ],
          [
            -64.14406,
            -31.363109
          ],
          [
            -64.143898,
            -31.363126
          ],
          [
            -64.143633,
            -31.363155
          ],
          [
            -64.143328,
            -31.363187
          ],
          [
            -64.142579,
            -31.363214
          ],
          [
            -64.142046,
            -31.363274
          ],
          [
            -64.140913,
            -31.363406
          ],
          [
            -64.140029,
            -31.363509
          ],
          [
            -64.139162,
            -31.36361
          ],
          [
            -64.13854,
            -31.363683
          ],
          [
            -64.138164,
            -31.363726
          ],
          [
            -64.137906,
            -31.363758
          ],
          [
            -64.137656,
            -31.363792
          ],
          [
            -64.13741,
            -31.363829
          ],
          [
            -64.137165,
            -31.363875
          ],
          [
            -64.136914,
            -31.363924
          ],
          [
            -64.136661,
            -31.363979
          ],
          [
            -64.136427,
            -31.364033
          ],
          [
            -64.13618,
            -31.364095
          ],
          [
            -64.135948,
            -31.364159
          ],
          [
            -64.13571,
            -31.364231
          ],
          [
            -64.135481,
            -31.364302
          ],
          [
            -64.135243,
            -31.36438
          ],
          [
            -64.135005,
            -31.364465
          ],
          [
            -64.134775,
            -31.36455
          ],
          [
            -64.134544,
            -31.364642
          ],
          [
            -64.134319,
            -31.364736
          ],
          [
            -64.1341,
            -31.364835
          ],
          [
            -64.133872,
            -31.36494
          ],
          [
            -64.133656,
            -31.365045
          ],
          [
            -64.133439,
            -31.365157
          ],
          [
            -64.133228,
            -31.365272
          ],
          [
            -64.13302,
            -31.365391
          ],
          [
            -64.132813,
            -31.365512
          ],
          [
            -64.132598,
            -31.365645
          ],
          [
            -64.132403,
            -31.365768
          ],
          [
            -64.132202,
            -31.365905
          ],
          [
            -64.13201,
            -31.366041
          ],
          [
            -64.131818,
            -31.366184
          ],
          [
            -64.131625,
            -31.366329
          ],
          [
            -64.131443,
            -31.366476
          ],
          [
            -64.131261,
            -31.366625
          ],
          [
            -64.131076,
            -31.366786
          ],
          [
            -64.130914,
            -31.366936
          ],
          [
            -64.130745,
            -31.367096
          ],
          [
            -64.130574,
            -31.367266
          ],
          [
            -64.130411,
            -31.367432
          ],
          [
            -64.130254,
            -31.367599
          ],
          [
            -64.130098,
            -31.367776
          ],
          [
            -64.129948,
            -31.367948
          ],
          [
            -64.1298,
            -31.368128
          ],
          [
            -64.129659,
            -31.368315
          ],
          [
            -64.129465,
            -31.368578
          ],
          [
            -64.129281,
            -31.368855
          ],
          [
            -64.129099,
            -31.36914
          ],
          [
            -64.128932,
            -31.369431
          ],
          [
            -64.12877,
            -31.369731
          ],
          [
            -64.128627,
            -31.370022
          ],
          [
            -64.128489,
            -31.370325
          ],
          [
            -64.12836,
            -31.370635
          ],
          [
            -64.128247,
            -31.370944
          ],
          [
            -64.128145,
            -31.371254
          ],
          [
            -64.128052,
            -31.371571
          ],
          [
            -64.127973,
            -31.371882
          ],
          [
            -64.127904,
            -31.372208
          ],
          [
            -64.127848,
            -31.37253
          ],
          [
            -64.127815,
            -31.372746
          ],
          [
            -64.12778,
            -31.373064
          ],
          [
            -64.127753,
            -31.373394
          ],
          [
            -64.127725,
            -31.373719
          ],
          [
            -64.127694,
            -31.374041
          ],
          [
            -64.127667,
            -31.374372
          ],
          [
            -64.127622,
            -31.374908
          ],
          [
            -64.127583,
            -31.375347
          ],
          [
            -64.127547,
            -31.375773
          ],
          [
            -64.127505,
            -31.376273
          ],
          [
            -64.127468,
            -31.376696
          ],
          [
            -64.127433,
            -31.377076
          ],
          [
            -64.127395,
            -31.377507
          ],
          [
            -64.127358,
            -31.377935
          ],
          [
            -64.127317,
            -31.378362
          ],
          [
            -64.127286,
            -31.378691
          ],
          [
            -64.127255,
            -31.379013
          ],
          [
            -64.127226,
            -31.379344
          ],
          [
            -64.127188,
            -31.379762
          ],
          [
            -64.127159,
            -31.380098
          ],
          [
            -64.127121,
            -31.380524
          ],
          [
            -64.127103,
            -31.380749
          ],
          [
            -64.127066,
            -31.381167
          ],
          [
            -64.127038,
            -31.381503
          ],
          [
            -64.126984,
            -31.382145
          ],
          [
            -64.126945,
            -31.382573
          ],
          [
            -64.126919,
            -31.382908
          ],
          [
            -64.126892,
            -31.383208
          ],
          [
            -64.126849,
            -31.383757
          ],
          [
            -64.126895,
            -31.384074
          ],
          [
            -64.126881,
            -31.384278
          ],
          [
            -64.126878,
            -31.384402
          ],
          [
            -64.126879,
            -31.384575
          ],
          [
            -64.126892,
            -31.384793
          ],
          [
            -64.12691,
            -31.385004
          ],
          [
            -64.126925,
            -31.385218
          ],
          [
            -64.126938,
            -31.385415
          ],
          [
            -64.126947,
            -31.385566
          ],
          [
            -64.126956,
            -31.385761
          ],
          [
            -64.126963,
            -31.385898
          ],
          [
            -64.126967,
            -31.385998
          ],
          [
            -64.126973,
            -31.386196
          ],
          [
            -64.126983,
            -31.386386
          ],
          [
            -64.127008,
            -31.386665
          ],
          [
            -64.127011,
            -31.387048
          ],
          [
            -64.127016,
            -31.387114
          ],
          [
            -64.127022,
            -31.387161
          ],
          [
            -64.127035,
            -31.387202
          ],
          [
            -64.127059,
            -31.387234
          ],
          [
            -64.127087,
            -31.387257
          ],
          [
            -64.127173,
            -31.38729
          ],
          [
            -64.128065,
            -31.387482
          ],
          [
            -64.128167,
            -31.387506
          ],
          [
            -64.128632,
            -31.387614
          ],
          [
            -64.129288,
            -31.387767
          ],
          [
            -64.130422,
            -31.388051
          ],
          [
            -64.131097,
            -31.38821
          ],
          [
            -64.131859,
            -31.388389
          ],
          [
            -64.13234,
            -31.388495
          ],
          [
            -64.132623,
            -31.388568
          ],
          [
            -64.133377,
            -31.388754
          ],
          [
            -64.134099,
            -31.388914
          ],
          [
            -64.134138,
            -31.388923
          ],
          [
            -64.13414,
            -31.389076
          ],
          [
            -64.134146,
            -31.38914
          ],
          [
            -64.13415,
            -31.389397
          ],
          [
            -64.133955,
            -31.389344
          ],
          [
            -64.133418,
            -31.389221
          ],
          [
            -64.132669,
            -31.389037
          ],
          [
            -64.131933,
            -31.388862
          ],
          [
            -64.131309,
            -31.388716
          ],
          [
            -64.131293,
            -31.38879
          ],
          [
            -64.131288,
            -31.389795
          ],
          [
            -64.131301,
            -31.39134
          ],
          [
            -64.131294,
            -31.392896
          ],
          [
            -64.131296,
            -31.393277
          ],
          [
            -64.131301,
            -31.394441
          ],
          [
            -64.131829,
            -31.394445
          ],
          [
            -64.131852,
            -31.392908
          ],
          [
            -64.13188,
            -31.39135
          ],
          [
            -64.131909,
            -31.389812
          ],
          [
            -64.131921,
            -31.388926
          ],
          [
            -64.131933,
            -31.388862
          ],
          [
            -64.132669,
            -31.389037
          ],
          [
            -64.133418,
            -31.389221
          ],
          [
            -64.133955,
            -31.389344
          ],
          [
            -64.134034,
            -31.389116
          ],
          [
            -64.134053,
            -31.389055
          ],
          [
            -64.134101,
            -31.388959
          ],
          [
            -64.134138,
            -31.388923
          ],
          [
            -64.13493,
            -31.389112
          ],
          [
            -64.135699,
            -31.389293
          ],
          [
            -64.136444,
            -31.389463
          ],
          [
            -64.137229,
            -31.389651
          ],
          [
            -64.138631,
            -31.389987
          ],
          [
            -64.140015,
            -31.390311
          ],
          [
            -64.140954,
            -31.39052
          ],
          [
            -64.14189,
            -31.390747
          ],
          [
            -64.142433,
            -31.390873
          ],
          [
            -64.142802,
            -31.390957
          ],
          [
            -64.144072,
            -31.391242
          ],
          [
            -64.145352,
            -31.391542
          ],
          [
            -64.146622,
            -31.391842
          ],
          [
            -64.147917,
            -31.392144
          ],
          [
            -64.148511,
            -31.392283
          ],
          [
            -64.148981,
            -31.3924
          ],
          [
            -64.149479,
            -31.392516
          ],
          [
            -64.149754,
            -31.392583
          ],
          [
            -64.150003,
            -31.392654
          ],
          [
            -64.151317,
            -31.39304
          ],
          [
            -64.151394,
            -31.393062
          ],
          [
            -64.15145,
            -31.393081
          ],
          [
            -64.15204,
            -31.393283
          ],
          [
            -64.152703,
            -31.39349
          ],
          [
            -64.152796,
            -31.39352
          ],
          [
            -64.153113,
            -31.393619
          ],
          [
            -64.154317,
            -31.394006
          ],
          [
            -64.154601,
            -31.394095
          ],
          [
            -64.155458,
            -31.394351
          ],
          [
            -64.155717,
            -31.394428
          ],
          [
            -64.156019,
            -31.394516
          ],
          [
            -64.156215,
            -31.394577
          ],
          [
            -64.157831,
            -31.395095
          ],
          [
            -64.158157,
            -31.395202
          ],
          [
            -64.158346,
            -31.395262
          ],
          [
            -64.158501,
            -31.395309
          ],
          [
            -64.159211,
            -31.395546
          ],
          [
            -64.159248,
            -31.395571
          ],
          [
            -64.159264,
            -31.395588
          ],
          [
            -64.159277,
            -31.395613
          ],
          [
            -64.159275,
            -31.395657
          ],
          [
            -64.159249,
            -31.395798
          ],
          [
            -64.159245,
            -31.395821
          ],
          [
            -64.159203,
            -31.395967
          ],
          [
            -64.16,
            -31.396208
          ],
          [
            -64.16205,
            -31.396853
          ],
          [
            -64.162986,
            -31.397137
          ],
          [
            -64.16397,
            -31.39744
          ],
          [
            -64.165965,
            -31.398056
          ],
          [
            -64.167215,
            -31.398453
          ],
          [
            -64.167863,
            -31.398662
          ],
          [
            -64.168815,
            -31.398958
          ],
          [
            -64.169179,
            -31.39907
          ],
          [
            -64.169939,
            -31.399306
          ],
          [
            -64.170757,
            -31.399541
          ],
          [
            -64.171128,
            -31.399608
          ],
          [
            -64.171643,
            -31.399695
          ],
          [
            -64.171667,
            -31.399698
          ],
          [
            -64.172425,
            -31.3998
          ],
          [
            -64.17291,
            -31.399818
          ],
          [
            -64.173636,
            -31.399839
          ],
          [
            -64.173673,
            -31.399891
          ],
          [
            -64.173679,
            -31.399925
          ],
          [
            -64.173343,
            -31.400861
          ],
          [
            -64.174535,
            -31.401185
          ],
          [
            -64.175843,
            -31.4015
          ],
          [
            -64.175851,
            -31.401781
          ],
          [
            -64.175858,
            -31.402535
          ],
          [
            -64.175858,
            -31.402643
          ],
          [
            -64.175855,
            -31.403778
          ],
          [
            -64.175852,
            -31.404964
          ],
          [
            -64.175855,
            -31.405408
          ],
          [
            -64.175877,
            -31.405521
          ],
          [
            -64.175895,
            -31.405559
          ],
          [
            -64.175928,
            -31.405615
          ],
          [
            -64.175984,
            -31.405695
          ],
          [
            -64.176041,
            -31.405745
          ],
          [
            -64.176092,
            -31.405785
          ],
          [
            -64.177134,
            -31.405165
          ],
          [
            -64.177349,
            -31.405045
          ],
          [
            -64.177457,
            -31.405007
          ],
          [
            -64.178265,
            -31.404711
          ],
          [
            -64.178601,
            -31.404609
          ],
          [
            -64.178817,
            -31.404551
          ],
          [
            -64.179068,
            -31.404494
          ],
          [
            -64.179472,
            -31.40443
          ],
          [
            -64.179721,
            -31.404403
          ],
          [
            -64.179991,
            -31.404375
          ],
          [
            -64.180409,
            -31.404348
          ],
          [
            -64.181686,
            -31.404274
          ],
          [
            -64.182614,
            -31.404246
          ],
          [
            -64.182626,
            -31.404381
          ],
          [
            -64.182656,
            -31.404595
          ],
          [
            -64.182701,
            -31.404839
          ],
          [
            -64.182719,
            -31.40491
          ],
          [
            -64.182879,
            -31.405545
          ],
          [
            -64.182932,
            -31.405738
          ],
          [
            -64.18294,
            -31.405766
          ],
          [
            -64.183201,
            -31.40677
          ],
          [
            -64.183212,
            -31.406813
          ],
          [
            -64.183262,
            -31.406951
          ],
          [
            -64.183339,
            -31.40717
          ],
          [
            -64.183389,
            -31.407298
          ],
          [
            -64.183645,
            -31.407908
          ],
          [
            -64.183726,
            -31.408102
          ],
          [
            -64.183788,
            -31.408253
          ],
          [
            -64.183949,
            -31.408629
          ],
          [
            -64.184257,
            -31.409361
          ],
          [
            -64.184637,
            -31.410262
          ],
          [
            -64.184804,
            -31.410657
          ],
          [
            -64.185292,
            -31.411809
          ],
          [
            -64.185718,
            -31.412838
          ],
          [
            -64.185737,
            -31.412882
          ],
          [
            -64.185762,
            -31.412943
          ],
          [
            -64.185948,
            -31.413383
          ],
          [
            -64.186125,
            -31.413802
          ],
          [
            -64.186243,
            -31.414082
          ],
          [
            -64.186591,
            -31.414907
          ],
          [
            -64.186704,
            -31.415175
          ],
          [
            -64.186715,
            -31.415201
          ],
          [
            -64.186739,
            -31.415256
          ],
          [
            -64.186794,
            -31.415387
          ],
          [
            -64.186829,
            -31.41547
          ],
          [
            -64.187167,
            -31.416272
          ],
          [
            -64.187176,
            -31.416293
          ],
          [
            -64.187381,
            -31.41678
          ],
          [
            -64.187392,
            -31.416806
          ],
          [
            -64.187665,
            -31.417451
          ],
          [
            -64.187673,
            -31.417469
          ],
          [
            -64.18769,
            -31.41751
          ],
          [
            -64.188184,
            -31.418665
          ],
          [
            -64.188568,
            -31.419564
          ],
          [
            -64.188701,
            -31.419841
          ],
          [
            -64.188713,
            -31.419861
          ],
          [
            -64.188728,
            -31.419891
          ],
          [
            -64.188735,
            -31.419927
          ],
          [
            -64.188737,
            -31.419959
          ],
          [
            -64.188733,
            -31.419976
          ],
          [
            -64.188728,
            -31.419991
          ],
          [
            -64.188709,
            -31.420032
          ],
          [
            -64.188708,
            -31.420086
          ],
          [
            -64.188709,
            -31.420103
          ]
        ]
      }
    },
    {
      "type": "Feature",
      "id": "route-cordoba-2026-08-31-v3-05",
      "properties": {
        "truckId": "vehicle-05",
        "waypointDistancesKm": [
          0,
          2.0465309682141206,
          4.091652051865995,
          4.627977058343215,
          5.283906143821892,
          6.92996259523624,
          8.875352608059233,
          10.849497707463328,
          13.674017859644346,
          20.980887735336687
        ]
      },
      "geometry": {
        "type": "LineString",
        "coordinates": [
          [
            -64.188709,
            -31.420109
          ],
          [
            -64.18871,
            -31.420127
          ],
          [
            -64.188717,
            -31.420178
          ],
          [
            -64.188727,
            -31.42023
          ],
          [
            -64.188737,
            -31.420284
          ],
          [
            -64.188734,
            -31.420338
          ],
          [
            -64.188661,
            -31.420343
          ],
          [
            -64.188627,
            -31.420347
          ],
          [
            -64.188532,
            -31.420357
          ],
          [
            -64.188403,
            -31.420371
          ],
          [
            -64.188305,
            -31.420382
          ],
          [
            -64.188185,
            -31.420397
          ],
          [
            -64.187924,
            -31.420468
          ],
          [
            -64.187534,
            -31.420563
          ],
          [
            -64.187445,
            -31.420584
          ],
          [
            -64.186091,
            -31.4209
          ],
          [
            -64.184746,
            -31.421253
          ],
          [
            -64.183366,
            -31.421613
          ],
          [
            -64.182096,
            -31.421946
          ],
          [
            -64.18202,
            -31.421966
          ],
          [
            -64.181989,
            -31.421974
          ],
          [
            -64.181948,
            -31.421985
          ],
          [
            -64.181887,
            -31.422001
          ],
          [
            -64.180726,
            -31.422306
          ],
          [
            -64.179365,
            -31.422693
          ],
          [
            -64.177897,
            -31.423051
          ],
          [
            -64.176787,
            -31.423339
          ],
          [
            -64.176741,
            -31.423226
          ],
          [
            -64.176601,
            -31.422834
          ],
          [
            -64.176535,
            -31.422648
          ],
          [
            -64.176522,
            -31.422612
          ],
          [
            -64.176516,
            -31.4226
          ],
          [
            -64.176511,
            -31.422587
          ],
          [
            -64.17648,
            -31.422515
          ],
          [
            -64.176422,
            -31.422382
          ],
          [
            -64.17638,
            -31.422285
          ],
          [
            -64.176333,
            -31.422185
          ],
          [
            -64.176291,
            -31.422122
          ],
          [
            -64.176232,
            -31.422059
          ],
          [
            -64.176178,
            -31.422006
          ],
          [
            -64.176086,
            -31.421933
          ],
          [
            -64.175942,
            -31.421822
          ],
          [
            -64.175796,
            -31.421709
          ],
          [
            -64.175687,
            -31.421628
          ],
          [
            -64.175653,
            -31.421602
          ],
          [
            -64.17562,
            -31.421578
          ],
          [
            -64.17558,
            -31.421548
          ],
          [
            -64.175271,
            -31.421365
          ],
          [
            -64.175155,
            -31.421323
          ],
          [
            -64.175211,
            -31.421188
          ],
          [
            -64.175341,
            -31.420883
          ],
          [
            -64.17565,
            -31.420056
          ],
          [
            -64.175703,
            -31.419862
          ],
          [
            -64.175726,
            -31.419771
          ],
          [
            -64.175735,
            -31.419737
          ],
          [
            -64.175779,
            -31.419509
          ],
          [
            -64.175793,
            -31.419393
          ],
          [
            -64.175795,
            -31.41928
          ],
          [
            -64.175786,
            -31.419178
          ],
          [
            -64.175764,
            -31.419067
          ],
          [
            -64.175725,
            -31.418914
          ],
          [
            -64.175699,
            -31.41875
          ],
          [
            -64.17567,
            -31.418663
          ],
          [
            -64.175648,
            -31.418623
          ],
          [
            -64.175615,
            -31.418585
          ],
          [
            -64.175568,
            -31.418555
          ],
          [
            -64.175453,
            -31.418519
          ],
          [
            -64.175356,
            -31.418508
          ],
          [
            -64.175318,
            -31.418503
          ],
          [
            -64.175277,
            -31.418498
          ],
          [
            -64.175043,
            -31.418475
          ],
          [
            -64.174945,
            -31.418467
          ],
          [
            -64.174766,
            -31.418473
          ],
          [
            -64.174675,
            -31.41849
          ],
          [
            -64.174541,
            -31.418536
          ],
          [
            -64.174429,
            -31.418561
          ],
          [
            -64.174371,
            -31.418558
          ],
          [
            -64.174318,
            -31.418544
          ],
          [
            -64.174301,
            -31.418502
          ],
          [
            -64.174292,
            -31.418456
          ],
          [
            -64.174291,
            -31.41841
          ],
          [
            -64.174295,
            -31.418375
          ],
          [
            -64.174306,
            -31.418347
          ],
          [
            -64.174323,
            -31.418314
          ],
          [
            -64.174346,
            -31.418282
          ],
          [
            -64.174374,
            -31.418253
          ],
          [
            -64.174416,
            -31.418223
          ],
          [
            -64.17449,
            -31.418236
          ],
          [
            -64.174602,
            -31.418303
          ],
          [
            -64.174631,
            -31.418333
          ],
          [
            -64.174645,
            -31.418348
          ],
          [
            -64.174681,
            -31.418365
          ],
          [
            -64.174706,
            -31.41837
          ],
          [
            -64.17475,
            -31.418378
          ],
          [
            -64.175105,
            -31.418401
          ],
          [
            -64.175295,
            -31.418414
          ],
          [
            -64.175338,
            -31.418416
          ],
          [
            -64.175377,
            -31.41842
          ],
          [
            -64.175528,
            -31.418414
          ],
          [
            -64.175649,
            -31.418401
          ],
          [
            -64.175707,
            -31.418389
          ],
          [
            -64.175725,
            -31.418385
          ],
          [
            -64.17577,
            -31.418283
          ],
          [
            -64.175809,
            -31.418193
          ],
          [
            -64.17585,
            -31.418124
          ],
          [
            -64.175862,
            -31.418107
          ],
          [
            -64.176015,
            -31.417881
          ],
          [
            -64.176048,
            -31.417807
          ],
          [
            -64.176118,
            -31.417597
          ],
          [
            -64.176163,
            -31.417447
          ],
          [
            -64.176191,
            -31.417324
          ],
          [
            -64.176208,
            -31.417076
          ],
          [
            -64.176218,
            -31.416804
          ],
          [
            -64.176213,
            -31.416585
          ],
          [
            -64.176188,
            -31.416378
          ],
          [
            -64.176125,
            -31.41611
          ],
          [
            -64.176079,
            -31.416056
          ],
          [
            -64.176052,
            -31.416028
          ],
          [
            -64.176027,
            -31.416002
          ],
          [
            -64.175995,
            -31.415976
          ],
          [
            -64.175964,
            -31.415955
          ],
          [
            -64.175935,
            -31.415941
          ],
          [
            -64.175903,
            -31.415928
          ],
          [
            -64.17587,
            -31.415921
          ],
          [
            -64.17583,
            -31.415919
          ],
          [
            -64.175744,
            -31.41592
          ],
          [
            -64.175585,
            -31.415975
          ],
          [
            -64.17545,
            -31.416022
          ],
          [
            -64.175207,
            -31.416089
          ],
          [
            -64.174904,
            -31.416136
          ],
          [
            -64.174646,
            -31.416086
          ],
          [
            -64.173295,
            -31.415758
          ],
          [
            -64.173201,
            -31.415733
          ],
          [
            -64.17202,
            -31.415391
          ],
          [
            -64.171988,
            -31.415381
          ],
          [
            -64.170834,
            -31.415047
          ],
          [
            -64.170782,
            -31.415032
          ],
          [
            -64.169897,
            -31.414791
          ],
          [
            -64.16971,
            -31.41474
          ],
          [
            -64.169592,
            -31.414707
          ],
          [
            -64.16839,
            -31.414379
          ],
          [
            -64.168072,
            -31.414292
          ],
          [
            -64.167717,
            -31.414195
          ],
          [
            -64.167173,
            -31.414046
          ],
          [
            -64.165965,
            -31.413715
          ],
          [
            -64.165599,
            -31.413615
          ],
          [
            -64.1648,
            -31.413396
          ],
          [
            -64.163552,
            -31.413071
          ],
          [
            -64.162344,
            -31.412747
          ],
          [
            -64.161161,
            -31.412422
          ],
          [
            -64.160776,
            -31.413475
          ],
          [
            -64.160642,
            -31.413873
          ],
          [
            -64.160445,
            -31.414366
          ],
          [
            -64.160416,
            -31.414438
          ],
          [
            -64.16026,
            -31.414826
          ],
          [
            -64.159533,
            -31.41461
          ],
          [
            -64.158778,
            -31.414394
          ],
          [
            -64.158059,
            -31.414188
          ],
          [
            -64.157994,
            -31.414122
          ],
          [
            -64.157964,
            -31.414055
          ],
          [
            -64.157954,
            -31.413963
          ],
          [
            -64.157957,
            -31.41389
          ],
          [
            -64.157977,
            -31.413782
          ],
          [
            -64.157144,
            -31.413551
          ],
          [
            -64.156352,
            -31.413332
          ],
          [
            -64.156189,
            -31.413773
          ],
          [
            -64.15602,
            -31.414227
          ],
          [
            -64.156006,
            -31.414406
          ],
          [
            -64.157136,
            -31.414736
          ],
          [
            -64.15669,
            -31.415
          ],
          [
            -64.156875,
            -31.415055
          ],
          [
            -64.157624,
            -31.415282
          ],
          [
            -64.157605,
            -31.415351
          ],
          [
            -64.157482,
            -31.416045
          ],
          [
            -64.157401,
            -31.41644
          ],
          [
            -64.157196,
            -31.416246
          ],
          [
            -64.157038,
            -31.416135
          ],
          [
            -64.156919,
            -31.41607
          ],
          [
            -64.156744,
            -31.415996
          ],
          [
            -64.156545,
            -31.415937
          ],
          [
            -64.156356,
            -31.415898
          ],
          [
            -64.156136,
            -31.415865
          ],
          [
            -64.155925,
            -31.415858
          ],
          [
            -64.155691,
            -31.41587
          ],
          [
            -64.155574,
            -31.415889
          ],
          [
            -64.155382,
            -31.415921
          ],
          [
            -64.15515,
            -31.416005
          ],
          [
            -64.154964,
            -31.416089
          ],
          [
            -64.154539,
            -31.416333
          ],
          [
            -64.154002,
            -31.416647
          ],
          [
            -64.153835,
            -31.416746
          ],
          [
            -64.153754,
            -31.416788
          ],
          [
            -64.153671,
            -31.416827
          ],
          [
            -64.153372,
            -31.416949
          ],
          [
            -64.153182,
            -31.417025
          ],
          [
            -64.15287,
            -31.417192
          ],
          [
            -64.152787,
            -31.417227
          ],
          [
            -64.151804,
            -31.417587
          ],
          [
            -64.151425,
            -31.417707
          ],
          [
            -64.151418,
            -31.417746
          ],
          [
            -64.15131,
            -31.418367
          ],
          [
            -64.151301,
            -31.418419
          ],
          [
            -64.151291,
            -31.418476
          ],
          [
            -64.151271,
            -31.418629
          ],
          [
            -64.151266,
            -31.418707
          ],
          [
            -64.151266,
            -31.41882
          ],
          [
            -64.151287,
            -31.419
          ],
          [
            -64.15139,
            -31.419828
          ],
          [
            -64.151448,
            -31.420319
          ],
          [
            -64.151519,
            -31.420851
          ],
          [
            -64.15166,
            -31.421921
          ],
          [
            -64.151792,
            -31.422998
          ],
          [
            -64.1518,
            -31.423063
          ],
          [
            -64.152557,
            -31.422988
          ],
          [
            -64.152568,
            -31.422856
          ],
          [
            -64.152626,
            -31.422734
          ],
          [
            -64.152725,
            -31.422634
          ],
          [
            -64.152856,
            -31.422564
          ],
          [
            -64.153005,
            -31.422532
          ],
          [
            -64.153157,
            -31.422541
          ],
          [
            -64.153299,
            -31.42259
          ],
          [
            -64.153416,
            -31.422672
          ],
          [
            -64.153498,
            -31.422782
          ],
          [
            -64.153537,
            -31.422907
          ],
          [
            -64.154314,
            -31.42284
          ],
          [
            -64.154426,
            -31.423904
          ],
          [
            -64.1557,
            -31.423787
          ],
          [
            -64.15562,
            -31.423166
          ],
          [
            -64.155562,
            -31.42272
          ],
          [
            -64.154314,
            -31.42284
          ],
          [
            -64.153537,
            -31.422907
          ],
          [
            -64.153529,
            -31.423036
          ],
          [
            -64.153475,
            -31.423157
          ],
          [
            -64.153381,
            -31.423259
          ],
          [
            -64.153256,
            -31.423331
          ],
          [
            -64.15311,
            -31.423367
          ],
          [
            -64.152953,
            -31.423362
          ],
          [
            -64.152805,
            -31.423316
          ],
          [
            -64.152682,
            -31.423231
          ],
          [
            -64.152596,
            -31.423118
          ],
          [
            -64.152557,
            -31.422988
          ],
          [
            -64.1518,
            -31.423063
          ],
          [
            -64.150563,
            -31.423173
          ],
          [
            -64.149306,
            -31.42328
          ],
          [
            -64.148613,
            -31.423343
          ],
          [
            -64.14858,
            -31.423346
          ],
          [
            -64.148633,
            -31.423739
          ],
          [
            -64.148624,
            -31.423766
          ],
          [
            -64.148601,
            -31.423782
          ],
          [
            -64.148134,
            -31.423835
          ],
          [
            -64.147743,
            -31.423877
          ],
          [
            -64.147671,
            -31.423875
          ],
          [
            -64.147615,
            -31.42385
          ],
          [
            -64.147583,
            -31.423823
          ],
          [
            -64.147568,
            -31.42377
          ],
          [
            -64.147531,
            -31.423444
          ],
          [
            -64.146812,
            -31.423511
          ],
          [
            -64.145545,
            -31.423635
          ],
          [
            -64.144308,
            -31.423743
          ],
          [
            -64.143046,
            -31.423857
          ],
          [
            -64.141797,
            -31.423974
          ],
          [
            -64.140552,
            -31.424096
          ],
          [
            -64.139908,
            -31.424164
          ],
          [
            -64.139406,
            -31.424208
          ],
          [
            -64.139343,
            -31.424219
          ],
          [
            -64.139298,
            -31.424244
          ],
          [
            -64.139272,
            -31.424266
          ],
          [
            -64.138879,
            -31.424664
          ],
          [
            -64.138829,
            -31.424725
          ],
          [
            -64.139583,
            -31.425262
          ],
          [
            -64.139633,
            -31.425286
          ],
          [
            -64.139696,
            -31.425292
          ],
          [
            -64.139941,
            -31.425272
          ],
          [
            -64.140063,
            -31.425262
          ],
          [
            -64.140208,
            -31.4263
          ],
          [
            -64.13969,
            -31.426348
          ],
          [
            -64.139785,
            -31.426861
          ],
          [
            -64.139876,
            -31.427363
          ],
          [
            -64.139955,
            -31.427847
          ],
          [
            -64.140041,
            -31.42834
          ],
          [
            -64.140114,
            -31.428786
          ],
          [
            -64.140206,
            -31.42933
          ],
          [
            -64.140256,
            -31.429804
          ],
          [
            -64.1403,
            -31.43031
          ],
          [
            -64.140347,
            -31.430676
          ],
          [
            -64.14026,
            -31.430746
          ],
          [
            -64.140203,
            -31.430797
          ],
          [
            -64.139943,
            -31.431098
          ],
          [
            -64.139825,
            -31.431265
          ],
          [
            -64.139765,
            -31.431387
          ],
          [
            -64.139732,
            -31.431477
          ],
          [
            -64.139702,
            -31.431603
          ],
          [
            -64.139708,
            -31.431695
          ],
          [
            -64.139734,
            -31.4318
          ],
          [
            -64.139767,
            -31.431879
          ],
          [
            -64.139937,
            -31.432184
          ],
          [
            -64.140237,
            -31.432483
          ],
          [
            -64.140288,
            -31.432524
          ],
          [
            -64.140354,
            -31.432565
          ],
          [
            -64.140466,
            -31.432616
          ],
          [
            -64.140556,
            -31.432652
          ],
          [
            -64.140664,
            -31.432682
          ],
          [
            -64.141106,
            -31.432775
          ],
          [
            -64.141445,
            -31.432819
          ],
          [
            -64.141731,
            -31.432823
          ],
          [
            -64.141846,
            -31.43286
          ],
          [
            -64.141886,
            -31.432877
          ],
          [
            -64.141926,
            -31.432915
          ],
          [
            -64.141961,
            -31.432973
          ],
          [
            -64.141974,
            -31.43301
          ],
          [
            -64.141978,
            -31.433071
          ],
          [
            -64.141962,
            -31.433176
          ],
          [
            -64.141831,
            -31.433177
          ],
          [
            -64.141765,
            -31.433205
          ],
          [
            -64.141711,
            -31.433232
          ],
          [
            -64.141557,
            -31.433242
          ],
          [
            -64.140981,
            -31.433194
          ],
          [
            -64.140918,
            -31.433195
          ],
          [
            -64.140826,
            -31.433216
          ],
          [
            -64.140899,
            -31.433513
          ],
          [
            -64.140951,
            -31.433672
          ],
          [
            -64.141203,
            -31.434079
          ],
          [
            -64.141458,
            -31.434487
          ],
          [
            -64.141498,
            -31.434584
          ],
          [
            -64.141522,
            -31.434694
          ],
          [
            -64.141534,
            -31.434805
          ],
          [
            -64.141532,
            -31.435012
          ],
          [
            -64.141529,
            -31.435314
          ],
          [
            -64.142687,
            -31.435307
          ],
          [
            -64.143788,
            -31.435325
          ],
          [
            -64.14391,
            -31.435326
          ],
          [
            -64.144209,
            -31.435336
          ],
          [
            -64.144405,
            -31.435334
          ],
          [
            -64.145732,
            -31.43533
          ],
          [
            -64.145731,
            -31.434379
          ],
          [
            -64.145731,
            -31.434259
          ],
          [
            -64.145729,
            -31.433505
          ],
          [
            -64.14573,
            -31.433467
          ],
          [
            -64.145727,
            -31.433346
          ],
          [
            -64.14523,
            -31.433256
          ],
          [
            -64.144982,
            -31.4332
          ],
          [
            -64.144897,
            -31.43318
          ],
          [
            -64.144591,
            -31.433105
          ],
          [
            -64.14451,
            -31.433088
          ],
          [
            -64.144231,
            -31.433041
          ],
          [
            -64.144074,
            -31.433021
          ],
          [
            -64.143631,
            -31.433002
          ],
          [
            -64.14346,
            -31.433006
          ],
          [
            -64.142901,
            -31.433079
          ],
          [
            -64.142796,
            -31.433096
          ],
          [
            -64.142496,
            -31.433135
          ],
          [
            -64.142218,
            -31.433165
          ],
          [
            -64.141962,
            -31.433176
          ],
          [
            -64.141831,
            -31.433177
          ],
          [
            -64.141595,
            -31.433161
          ],
          [
            -64.141239,
            -31.433101
          ],
          [
            -64.140915,
            -31.433006
          ],
          [
            -64.140632,
            -31.432874
          ],
          [
            -64.140335,
            -31.432688
          ],
          [
            -64.139959,
            -31.432382
          ],
          [
            -64.139875,
            -31.432332
          ],
          [
            -64.139784,
            -31.432285
          ],
          [
            -64.139296,
            -31.432072
          ],
          [
            -64.138963,
            -31.431953
          ],
          [
            -64.138634,
            -31.431854
          ],
          [
            -64.13853,
            -31.431837
          ],
          [
            -64.138293,
            -31.431814
          ],
          [
            -64.138157,
            -31.431818
          ],
          [
            -64.138051,
            -31.431836
          ],
          [
            -64.137943,
            -31.431874
          ],
          [
            -64.137633,
            -31.432023
          ],
          [
            -64.13704,
            -31.43229
          ],
          [
            -64.137009,
            -31.432301
          ],
          [
            -64.136928,
            -31.43233
          ],
          [
            -64.13642,
            -31.432468
          ],
          [
            -64.135807,
            -31.432636
          ],
          [
            -64.135205,
            -31.432804
          ],
          [
            -64.134701,
            -31.432948
          ],
          [
            -64.134592,
            -31.43298
          ],
          [
            -64.13448,
            -31.433017
          ],
          [
            -64.134407,
            -31.433048
          ],
          [
            -64.133861,
            -31.433298
          ],
          [
            -64.133265,
            -31.433591
          ],
          [
            -64.132763,
            -31.433821
          ],
          [
            -64.132601,
            -31.433908
          ],
          [
            -64.132472,
            -31.433985
          ],
          [
            -64.132368,
            -31.434052
          ],
          [
            -64.132253,
            -31.434134
          ],
          [
            -64.132161,
            -31.434202
          ],
          [
            -64.131725,
            -31.434614
          ],
          [
            -64.131582,
            -31.43475
          ],
          [
            -64.131503,
            -31.434829
          ],
          [
            -64.130854,
            -31.435477
          ],
          [
            -64.130015,
            -31.436298
          ],
          [
            -64.129608,
            -31.436682
          ],
          [
            -64.129476,
            -31.436818
          ],
          [
            -64.129328,
            -31.436996
          ],
          [
            -64.129245,
            -31.437102
          ],
          [
            -64.129183,
            -31.437195
          ],
          [
            -64.129135,
            -31.437279
          ],
          [
            -64.128941,
            -31.437648
          ],
          [
            -64.128883,
            -31.437759
          ],
          [
            -64.12885,
            -31.437846
          ],
          [
            -64.128769,
            -31.438092
          ],
          [
            -64.128716,
            -31.438254
          ],
          [
            -64.128681,
            -31.438335
          ],
          [
            -64.128642,
            -31.438406
          ],
          [
            -64.128553,
            -31.438542
          ],
          [
            -64.12845,
            -31.438575
          ],
          [
            -64.128377,
            -31.438573
          ],
          [
            -64.128303,
            -31.438548
          ],
          [
            -64.128269,
            -31.43852
          ],
          [
            -64.128246,
            -31.43848
          ],
          [
            -64.128222,
            -31.438401
          ],
          [
            -64.128267,
            -31.438265
          ],
          [
            -64.128296,
            -31.438197
          ],
          [
            -64.128324,
            -31.438146
          ],
          [
            -64.128367,
            -31.438101
          ],
          [
            -64.12849,
            -31.437994
          ],
          [
            -64.128547,
            -31.437947
          ],
          [
            -64.128305,
            -31.43776
          ],
          [
            -64.127611,
            -31.437222
          ],
          [
            -64.127012,
            -31.437808
          ],
          [
            -64.127014,
            -31.437748
          ],
          [
            -64.126516,
            -31.437736
          ],
          [
            -64.125825,
            -31.437726
          ],
          [
            -64.125234,
            -31.437707
          ],
          [
            -64.12462,
            -31.437693
          ],
          [
            -64.123422,
            -31.437665
          ],
          [
            -64.122685,
            -31.437648
          ],
          [
            -64.122233,
            -31.437637
          ],
          [
            -64.122249,
            -31.437555
          ],
          [
            -64.122265,
            -31.436929
          ],
          [
            -64.123438,
            -31.436935
          ],
          [
            -64.123453,
            -31.436414
          ],
          [
            -64.123445,
            -31.43637
          ],
          [
            -64.123426,
            -31.436323
          ],
          [
            -64.123387,
            -31.436266
          ],
          [
            -64.123525,
            -31.436245
          ],
          [
            -64.123584,
            -31.436241
          ],
          [
            -64.12388,
            -31.436236
          ],
          [
            -64.124525,
            -31.436245
          ],
          [
            -64.125201,
            -31.436254
          ],
          [
            -64.12526,
            -31.436256
          ],
          [
            -64.125851,
            -31.436274
          ],
          [
            -64.126487,
            -31.436293
          ],
          [
            -64.127043,
            -31.43631
          ],
          [
            -64.127382,
            -31.43632
          ],
          [
            -64.127744,
            -31.435965
          ],
          [
            -64.128378,
            -31.436466
          ],
          [
            -64.129018,
            -31.436935
          ],
          [
            -64.129066,
            -31.436965
          ],
          [
            -64.129141,
            -31.437011
          ],
          [
            -64.12925,
            -31.436881
          ],
          [
            -64.129405,
            -31.436702
          ],
          [
            -64.129533,
            -31.436565
          ],
          [
            -64.129889,
            -31.436226
          ],
          [
            -64.130678,
            -31.435428
          ],
          [
            -64.130745,
            -31.435361
          ],
          [
            -64.131379,
            -31.434738
          ],
          [
            -64.13146,
            -31.434659
          ],
          [
            -64.131604,
            -31.43452
          ],
          [
            -64.131812,
            -31.434318
          ],
          [
            -64.132004,
            -31.434148
          ],
          [
            -64.132131,
            -31.434043
          ],
          [
            -64.132241,
            -31.43396
          ],
          [
            -64.132372,
            -31.433879
          ],
          [
            -64.132513,
            -31.433804
          ],
          [
            -64.132674,
            -31.433718
          ],
          [
            -64.133241,
            -31.433447
          ],
          [
            -64.13368,
            -31.433238
          ],
          [
            -64.133857,
            -31.433153
          ],
          [
            -64.134346,
            -31.432919
          ],
          [
            -64.134434,
            -31.432884
          ],
          [
            -64.134551,
            -31.43285
          ],
          [
            -64.134651,
            -31.432824
          ],
          [
            -64.135802,
            -31.432523
          ],
          [
            -64.136063,
            -31.432451
          ],
          [
            -64.136884,
            -31.432226
          ],
          [
            -64.136969,
            -31.432194
          ],
          [
            -64.137044,
            -31.432165
          ],
          [
            -64.137769,
            -31.431816
          ],
          [
            -64.137936,
            -31.431752
          ],
          [
            -64.138091,
            -31.431703
          ],
          [
            -64.13828,
            -31.43166
          ],
          [
            -64.138469,
            -31.431636
          ],
          [
            -64.138619,
            -31.431621
          ],
          [
            -64.138759,
            -31.431614
          ],
          [
            -64.138808,
            -31.431611
          ],
          [
            -64.138948,
            -31.431619
          ],
          [
            -64.139072,
            -31.431636
          ],
          [
            -64.139202,
            -31.431671
          ],
          [
            -64.139326,
            -31.431712
          ],
          [
            -64.139498,
            -31.431805
          ],
          [
            -64.139937,
            -31.432184
          ],
          [
            -64.140237,
            -31.432483
          ],
          [
            -64.140288,
            -31.432524
          ],
          [
            -64.140354,
            -31.432565
          ],
          [
            -64.140466,
            -31.432616
          ],
          [
            -64.140556,
            -31.432652
          ],
          [
            -64.140664,
            -31.432682
          ],
          [
            -64.141106,
            -31.432775
          ],
          [
            -64.141445,
            -31.432819
          ],
          [
            -64.141731,
            -31.432823
          ],
          [
            -64.142746,
            -31.432803
          ],
          [
            -64.143318,
            -31.432814
          ],
          [
            -64.143567,
            -31.432828
          ],
          [
            -64.1438,
            -31.432851
          ],
          [
            -64.144016,
            -31.432874
          ],
          [
            -64.14416,
            -31.432901
          ],
          [
            -64.144656,
            -31.433032
          ],
          [
            -64.14496,
            -31.433099
          ],
          [
            -64.14519,
            -31.433146
          ],
          [
            -64.145392,
            -31.433179
          ],
          [
            -64.145543,
            -31.433204
          ],
          [
            -64.145681,
            -31.433221
          ],
          [
            -64.145811,
            -31.433233
          ],
          [
            -64.14591,
            -31.43324
          ],
          [
            -64.146099,
            -31.43325
          ],
          [
            -64.146275,
            -31.433257
          ],
          [
            -64.147077,
            -31.433251
          ],
          [
            -64.147383,
            -31.433249
          ],
          [
            -64.147544,
            -31.43325
          ],
          [
            -64.148072,
            -31.433253
          ],
          [
            -64.148307,
            -31.433255
          ],
          [
            -64.148426,
            -31.433256
          ],
          [
            -64.148501,
            -31.433256
          ],
          [
            -64.148592,
            -31.433256
          ],
          [
            -64.149626,
            -31.433257
          ],
          [
            -64.149953,
            -31.433257
          ],
          [
            -64.150087,
            -31.433249
          ],
          [
            -64.150205,
            -31.43323
          ],
          [
            -64.150711,
            -31.433131
          ],
          [
            -64.150858,
            -31.433113
          ],
          [
            -64.150989,
            -31.433098
          ],
          [
            -64.151235,
            -31.433072
          ],
          [
            -64.151502,
            -31.433053
          ],
          [
            -64.151672,
            -31.433046
          ],
          [
            -64.151832,
            -31.43304
          ],
          [
            -64.153013,
            -31.433052
          ],
          [
            -64.154139,
            -31.433047
          ],
          [
            -64.155463,
            -31.433044
          ],
          [
            -64.156185,
            -31.433043
          ],
          [
            -64.156754,
            -31.433042
          ],
          [
            -64.157146,
            -31.433035
          ],
          [
            -64.158757,
            -31.433038
          ],
          [
            -64.159772,
            -31.433062
          ],
          [
            -64.160113,
            -31.433062
          ],
          [
            -64.160304,
            -31.433057
          ],
          [
            -64.160494,
            -31.433042
          ],
          [
            -64.160717,
            -31.433014
          ],
          [
            -64.160906,
            -31.432989
          ],
          [
            -64.161094,
            -31.432954
          ],
          [
            -64.161392,
            -31.432878
          ],
          [
            -64.161506,
            -31.432841
          ],
          [
            -64.161705,
            -31.432776
          ],
          [
            -64.161884,
            -31.432713
          ],
          [
            -64.162088,
            -31.432626
          ],
          [
            -64.16227,
            -31.432542
          ],
          [
            -64.16311,
            -31.432082
          ],
          [
            -64.163381,
            -31.431933
          ],
          [
            -64.163693,
            -31.431762
          ],
          [
            -64.163898,
            -31.431656
          ],
          [
            -64.164122,
            -31.43154
          ],
          [
            -64.164282,
            -31.43147
          ],
          [
            -64.164505,
            -31.431378
          ],
          [
            -64.164719,
            -31.431294
          ],
          [
            -64.165003,
            -31.431213
          ],
          [
            -64.165169,
            -31.431172
          ],
          [
            -64.165356,
            -31.431132
          ],
          [
            -64.165639,
            -31.431087
          ],
          [
            -64.166364,
            -31.430964
          ],
          [
            -64.166859,
            -31.430856
          ],
          [
            -64.167016,
            -31.430815
          ],
          [
            -64.167219,
            -31.430756
          ],
          [
            -64.167464,
            -31.430679
          ],
          [
            -64.167562,
            -31.430644
          ],
          [
            -64.167723,
            -31.430581
          ],
          [
            -64.167823,
            -31.430541
          ],
          [
            -64.168149,
            -31.430396
          ],
          [
            -64.169074,
            -31.429933
          ],
          [
            -64.16941,
            -31.429766
          ],
          [
            -64.169499,
            -31.429715
          ],
          [
            -64.169571,
            -31.429668
          ],
          [
            -64.169949,
            -31.429393
          ],
          [
            -64.170085,
            -31.42927
          ],
          [
            -64.170208,
            -31.429155
          ],
          [
            -64.170661,
            -31.428681
          ],
          [
            -64.171112,
            -31.428201
          ],
          [
            -64.171415,
            -31.427895
          ],
          [
            -64.171577,
            -31.427733
          ],
          [
            -64.171664,
            -31.427636
          ],
          [
            -64.171768,
            -31.427531
          ],
          [
            -64.171952,
            -31.427347
          ],
          [
            -64.172051,
            -31.427248
          ],
          [
            -64.172232,
            -31.427067
          ],
          [
            -64.172823,
            -31.426481
          ],
          [
            -64.173023,
            -31.426288
          ],
          [
            -64.17363,
            -31.42569
          ],
          [
            -64.173962,
            -31.425359
          ],
          [
            -64.174126,
            -31.425195
          ],
          [
            -64.174333,
            -31.424975
          ],
          [
            -64.17439,
            -31.424913
          ],
          [
            -64.174546,
            -31.424738
          ],
          [
            -64.174613,
            -31.424663
          ],
          [
            -64.174672,
            -31.424607
          ],
          [
            -64.174792,
            -31.424495
          ],
          [
            -64.174942,
            -31.424368
          ],
          [
            -64.174997,
            -31.424309
          ],
          [
            -64.175271,
            -31.424
          ],
          [
            -64.175521,
            -31.42373
          ],
          [
            -64.175607,
            -31.423637
          ],
          [
            -64.175695,
            -31.423568
          ],
          [
            -64.175765,
            -31.423526
          ],
          [
            -64.175856,
            -31.423478
          ],
          [
            -64.175932,
            -31.423446
          ],
          [
            -64.175996,
            -31.423425
          ],
          [
            -64.176361,
            -31.423324
          ],
          [
            -64.176741,
            -31.423226
          ],
          [
            -64.177859,
            -31.422944
          ],
          [
            -64.179313,
            -31.422566
          ],
          [
            -64.180685,
            -31.422206
          ],
          [
            -64.181908,
            -31.421886
          ],
          [
            -64.181933,
            -31.42188
          ],
          [
            -64.182055,
            -31.421848
          ],
          [
            -64.183332,
            -31.421513
          ],
          [
            -64.183646,
            -31.421431
          ],
          [
            -64.184303,
            -31.421259
          ],
          [
            -64.184705,
            -31.421154
          ],
          [
            -64.186053,
            -31.420801
          ],
          [
            -64.186264,
            -31.420749
          ],
          [
            -64.187394,
            -31.420469
          ],
          [
            -64.187439,
            -31.420456
          ],
          [
            -64.187877,
            -31.420332
          ],
          [
            -64.188038,
            -31.420286
          ],
          [
            -64.188169,
            -31.420245
          ],
          [
            -64.188208,
            -31.420233
          ],
          [
            -64.188297,
            -31.420206
          ],
          [
            -64.188431,
            -31.42015
          ],
          [
            -64.188553,
            -31.4201
          ],
          [
            -64.188617,
            -31.420073
          ],
          [
            -64.188664,
            -31.420053
          ],
          [
            -64.188709,
            -31.420032
          ],
          [
            -64.188708,
            -31.420086
          ],
          [
            -64.188709,
            -31.420103
          ]
        ]
      }
    },
    {
      "type": "Feature",
      "id": "route-cordoba-2026-08-31-v3-06",
      "properties": {
        "truckId": "vehicle-06",
        "waypointDistancesKm": [
          0,
          3.4375962427814235,
          4.369814159327399,
          4.982861381440101,
          5.507481916632564,
          6.994399896955754,
          10.702428861687748,
          16.070062774600256,
          18.288763815028663,
          28.423010892286353
        ]
      },
      "geometry": {
        "type": "LineString",
        "coordinates": [
          [
            -64.188709,
            -31.420109
          ],
          [
            -64.18871,
            -31.420127
          ],
          [
            -64.188717,
            -31.420178
          ],
          [
            -64.188727,
            -31.42023
          ],
          [
            -64.188737,
            -31.420284
          ],
          [
            -64.188734,
            -31.420338
          ],
          [
            -64.188661,
            -31.420343
          ],
          [
            -64.188627,
            -31.420347
          ],
          [
            -64.188532,
            -31.420357
          ],
          [
            -64.188403,
            -31.420371
          ],
          [
            -64.188305,
            -31.420382
          ],
          [
            -64.188185,
            -31.420397
          ],
          [
            -64.187924,
            -31.420468
          ],
          [
            -64.187534,
            -31.420563
          ],
          [
            -64.187445,
            -31.420584
          ],
          [
            -64.186091,
            -31.4209
          ],
          [
            -64.184746,
            -31.421253
          ],
          [
            -64.183366,
            -31.421613
          ],
          [
            -64.182096,
            -31.421946
          ],
          [
            -64.18202,
            -31.421966
          ],
          [
            -64.181989,
            -31.421974
          ],
          [
            -64.181948,
            -31.421985
          ],
          [
            -64.181887,
            -31.422001
          ],
          [
            -64.180726,
            -31.422306
          ],
          [
            -64.179365,
            -31.422693
          ],
          [
            -64.177897,
            -31.423051
          ],
          [
            -64.176787,
            -31.423339
          ],
          [
            -64.176386,
            -31.423448
          ],
          [
            -64.17605,
            -31.423547
          ],
          [
            -64.175982,
            -31.42357
          ],
          [
            -64.175894,
            -31.423609
          ],
          [
            -64.1758,
            -31.423669
          ],
          [
            -64.175727,
            -31.423726
          ],
          [
            -64.175419,
            -31.424068
          ],
          [
            -64.175137,
            -31.424385
          ],
          [
            -64.175088,
            -31.424433
          ],
          [
            -64.174886,
            -31.424597
          ],
          [
            -64.174799,
            -31.424672
          ],
          [
            -64.174691,
            -31.424781
          ],
          [
            -64.174556,
            -31.424942
          ],
          [
            -64.174488,
            -31.425018
          ],
          [
            -64.174252,
            -31.425289
          ],
          [
            -64.174077,
            -31.425473
          ],
          [
            -64.17384,
            -31.425724
          ],
          [
            -64.17281,
            -31.426764
          ],
          [
            -64.172484,
            -31.427093
          ],
          [
            -64.17242,
            -31.427155
          ],
          [
            -64.172099,
            -31.427461
          ],
          [
            -64.171982,
            -31.42758
          ],
          [
            -64.171309,
            -31.428265
          ],
          [
            -64.171244,
            -31.428374
          ],
          [
            -64.171009,
            -31.428668
          ],
          [
            -64.170954,
            -31.428747
          ],
          [
            -64.170921,
            -31.428814
          ],
          [
            -64.170828,
            -31.429002
          ],
          [
            -64.170635,
            -31.429429
          ],
          [
            -64.170576,
            -31.429569
          ],
          [
            -64.17055,
            -31.429634
          ],
          [
            -64.170533,
            -31.42969
          ],
          [
            -64.170519,
            -31.429776
          ],
          [
            -64.170471,
            -31.430203
          ],
          [
            -64.170466,
            -31.430241
          ],
          [
            -64.170457,
            -31.430294
          ],
          [
            -64.170438,
            -31.43034
          ],
          [
            -64.170402,
            -31.430392
          ],
          [
            -64.170344,
            -31.430449
          ],
          [
            -64.17023,
            -31.43059
          ],
          [
            -64.170171,
            -31.430668
          ],
          [
            -64.17013,
            -31.430739
          ],
          [
            -64.170093,
            -31.430812
          ],
          [
            -64.170051,
            -31.430922
          ],
          [
            -64.169998,
            -31.43112
          ],
          [
            -64.169981,
            -31.431207
          ],
          [
            -64.169978,
            -31.431266
          ],
          [
            -64.169979,
            -31.431335
          ],
          [
            -64.169989,
            -31.431417
          ],
          [
            -64.170038,
            -31.431595
          ],
          [
            -64.170048,
            -31.43163
          ],
          [
            -64.170055,
            -31.431665
          ],
          [
            -64.170062,
            -31.431716
          ],
          [
            -64.170068,
            -31.43176
          ],
          [
            -64.170072,
            -31.431801
          ],
          [
            -64.170073,
            -31.431856
          ],
          [
            -64.17007,
            -31.431911
          ],
          [
            -64.170065,
            -31.431959
          ],
          [
            -64.170055,
            -31.432008
          ],
          [
            -64.170035,
            -31.432078
          ],
          [
            -64.170012,
            -31.432143
          ],
          [
            -64.169989,
            -31.432197
          ],
          [
            -64.169959,
            -31.432249
          ],
          [
            -64.16992,
            -31.432375
          ],
          [
            -64.169856,
            -31.432581
          ],
          [
            -64.169836,
            -31.432656
          ],
          [
            -64.169819,
            -31.432754
          ],
          [
            -64.169771,
            -31.432973
          ],
          [
            -64.169735,
            -31.4331
          ],
          [
            -64.169687,
            -31.433256
          ],
          [
            -64.169631,
            -31.433412
          ],
          [
            -64.169535,
            -31.433575
          ],
          [
            -64.169507,
            -31.433624
          ],
          [
            -64.169417,
            -31.433786
          ],
          [
            -64.169016,
            -31.434482
          ],
          [
            -64.168962,
            -31.434553
          ],
          [
            -64.168898,
            -31.434625
          ],
          [
            -64.168796,
            -31.434707
          ],
          [
            -64.168794,
            -31.43524
          ],
          [
            -64.168794,
            -31.435513
          ],
          [
            -64.168795,
            -31.436119
          ],
          [
            -64.168795,
            -31.43632
          ],
          [
            -64.168795,
            -31.436813
          ],
          [
            -64.168796,
            -31.437228
          ],
          [
            -64.168796,
            -31.437625
          ],
          [
            -64.168796,
            -31.438123
          ],
          [
            -64.168796,
            -31.43828
          ],
          [
            -64.169203,
            -31.438311
          ],
          [
            -64.169291,
            -31.438481
          ],
          [
            -64.169333,
            -31.438517
          ],
          [
            -64.169496,
            -31.43856
          ],
          [
            -64.169527,
            -31.438627
          ],
          [
            -64.169553,
            -31.438678
          ],
          [
            -64.169643,
            -31.438703
          ],
          [
            -64.17018,
            -31.438754
          ],
          [
            -64.170178,
            -31.439347
          ],
          [
            -64.170189,
            -31.439422
          ],
          [
            -64.170275,
            -31.439524
          ],
          [
            -64.170189,
            -31.439422
          ],
          [
            -64.170178,
            -31.439347
          ],
          [
            -64.170179,
            -31.439116
          ],
          [
            -64.17018,
            -31.438754
          ],
          [
            -64.169643,
            -31.438703
          ],
          [
            -64.169553,
            -31.438678
          ],
          [
            -64.169527,
            -31.438627
          ],
          [
            -64.169496,
            -31.43856
          ],
          [
            -64.169333,
            -31.438517
          ],
          [
            -64.169291,
            -31.438481
          ],
          [
            -64.169203,
            -31.438311
          ],
          [
            -64.168796,
            -31.43828
          ],
          [
            -64.168796,
            -31.438123
          ],
          [
            -64.16761,
            -31.438123
          ],
          [
            -64.166433,
            -31.438123
          ],
          [
            -64.16591,
            -31.438123
          ],
          [
            -64.165549,
            -31.438123
          ],
          [
            -64.164554,
            -31.438123
          ],
          [
            -64.164162,
            -31.438123
          ],
          [
            -64.16392,
            -31.438121
          ],
          [
            -64.163864,
            -31.438114
          ],
          [
            -64.163795,
            -31.438083
          ],
          [
            -64.163438,
            -31.438325
          ],
          [
            -64.163015,
            -31.438607
          ],
          [
            -64.162954,
            -31.438648
          ],
          [
            -64.162953,
            -31.437953
          ],
          [
            -64.162272,
            -31.437955
          ],
          [
            -64.162047,
            -31.437956
          ],
          [
            -64.161966,
            -31.437945
          ],
          [
            -64.161949,
            -31.438752
          ],
          [
            -64.161936,
            -31.439327
          ],
          [
            -64.161714,
            -31.439487
          ],
          [
            -64.161401,
            -31.439732
          ],
          [
            -64.161342,
            -31.439781
          ],
          [
            -64.161255,
            -31.439872
          ],
          [
            -64.160963,
            -31.440219
          ],
          [
            -64.160928,
            -31.440278
          ],
          [
            -64.160892,
            -31.440361
          ],
          [
            -64.160866,
            -31.440396
          ],
          [
            -64.160849,
            -31.440421
          ],
          [
            -64.160811,
            -31.44045
          ],
          [
            -64.160691,
            -31.440509
          ],
          [
            -64.160654,
            -31.440541
          ],
          [
            -64.160655,
            -31.440593
          ],
          [
            -64.160665,
            -31.441296
          ],
          [
            -64.160669,
            -31.441843
          ],
          [
            -64.160646,
            -31.442753
          ],
          [
            -64.160632,
            -31.443287
          ],
          [
            -64.16063,
            -31.443609
          ],
          [
            -64.159939,
            -31.443601
          ],
          [
            -64.159164,
            -31.443593
          ],
          [
            -64.159165,
            -31.443264
          ],
          [
            -64.156884,
            -31.443262
          ],
          [
            -64.156883,
            -31.443598
          ],
          [
            -64.156882,
            -31.443915
          ],
          [
            -64.156178,
            -31.443913
          ],
          [
            -64.155434,
            -31.44391
          ],
          [
            -64.154993,
            -31.443909
          ],
          [
            -64.15379,
            -31.443904
          ],
          [
            -64.153729,
            -31.443904
          ],
          [
            -64.152594,
            -31.4439
          ],
          [
            -64.152073,
            -31.443898
          ],
          [
            -64.151829,
            -31.443897
          ],
          [
            -64.152084,
            -31.444508
          ],
          [
            -64.152329,
            -31.445114
          ],
          [
            -64.151694,
            -31.445331
          ],
          [
            -64.151485,
            -31.445392
          ],
          [
            -64.151383,
            -31.445405
          ],
          [
            -64.151275,
            -31.445409
          ],
          [
            -64.150465,
            -31.4454
          ],
          [
            -64.149826,
            -31.445396
          ],
          [
            -64.149164,
            -31.445393
          ],
          [
            -64.148494,
            -31.445387
          ],
          [
            -64.148476,
            -31.44582
          ],
          [
            -64.148477,
            -31.445878
          ],
          [
            -64.148475,
            -31.446089
          ],
          [
            -64.148471,
            -31.446461
          ],
          [
            -64.148462,
            -31.447315
          ],
          [
            -64.14846,
            -31.448161
          ],
          [
            -64.148453,
            -31.448389
          ],
          [
            -64.148357,
            -31.448387
          ],
          [
            -64.147689,
            -31.448375
          ],
          [
            -64.147132,
            -31.448367
          ],
          [
            -64.147098,
            -31.448366
          ],
          [
            -64.147075,
            -31.449222
          ],
          [
            -64.147065,
            -31.449753
          ],
          [
            -64.147669,
            -31.449768
          ],
          [
            -64.148318,
            -31.449783
          ],
          [
            -64.148357,
            -31.448387
          ],
          [
            -64.148361,
            -31.448161
          ],
          [
            -64.148365,
            -31.447317
          ],
          [
            -64.148368,
            -31.44682
          ],
          [
            -64.148368,
            -31.446462
          ],
          [
            -64.148371,
            -31.44632
          ],
          [
            -64.148371,
            -31.446088
          ],
          [
            -64.14837,
            -31.445875
          ],
          [
            -64.148371,
            -31.445818
          ],
          [
            -64.148384,
            -31.445384
          ],
          [
            -64.148389,
            -31.445267
          ],
          [
            -64.148434,
            -31.443965
          ],
          [
            -64.148437,
            -31.443856
          ],
          [
            -64.148445,
            -31.443413
          ],
          [
            -64.148487,
            -31.442035
          ],
          [
            -64.148569,
            -31.441993
          ],
          [
            -64.148712,
            -31.441939
          ],
          [
            -64.149038,
            -31.441816
          ],
          [
            -64.149104,
            -31.441791
          ],
          [
            -64.149153,
            -31.441773
          ],
          [
            -64.149202,
            -31.441755
          ],
          [
            -64.149245,
            -31.441739
          ],
          [
            -64.149522,
            -31.441638
          ],
          [
            -64.149608,
            -31.441605
          ],
          [
            -64.150304,
            -31.441385
          ],
          [
            -64.15073,
            -31.441264
          ],
          [
            -64.151225,
            -31.441129
          ],
          [
            -64.151765,
            -31.440994
          ],
          [
            -64.152475,
            -31.440854
          ],
          [
            -64.153103,
            -31.440756
          ],
          [
            -64.153795,
            -31.440669
          ],
          [
            -64.154545,
            -31.440593
          ],
          [
            -64.155106,
            -31.440554
          ],
          [
            -64.155494,
            -31.440534
          ],
          [
            -64.156908,
            -31.440534
          ],
          [
            -64.159176,
            -31.44054
          ],
          [
            -64.15974,
            -31.44054
          ],
          [
            -64.160654,
            -31.440541
          ],
          [
            -64.160691,
            -31.440509
          ],
          [
            -64.160811,
            -31.44045
          ],
          [
            -64.160849,
            -31.440421
          ],
          [
            -64.160866,
            -31.440396
          ],
          [
            -64.160892,
            -31.440361
          ],
          [
            -64.160928,
            -31.440278
          ],
          [
            -64.160963,
            -31.440219
          ],
          [
            -64.161255,
            -31.439872
          ],
          [
            -64.161342,
            -31.439781
          ],
          [
            -64.161401,
            -31.439732
          ],
          [
            -64.161714,
            -31.439487
          ],
          [
            -64.161936,
            -31.439327
          ],
          [
            -64.161949,
            -31.438752
          ],
          [
            -64.161966,
            -31.437945
          ],
          [
            -64.161961,
            -31.437112
          ],
          [
            -64.160983,
            -31.436585
          ],
          [
            -64.160008,
            -31.436061
          ],
          [
            -64.159028,
            -31.435533
          ],
          [
            -64.158026,
            -31.434996
          ],
          [
            -64.157156,
            -31.434525
          ],
          [
            -64.157153,
            -31.434222
          ],
          [
            -64.15715,
            -31.433697
          ],
          [
            -64.157141,
            -31.433204
          ],
          [
            -64.157143,
            -31.433153
          ],
          [
            -64.157146,
            -31.433035
          ],
          [
            -64.157138,
            -31.432378
          ],
          [
            -64.158619,
            -31.432365
          ],
          [
            -64.158623,
            -31.431995
          ],
          [
            -64.158625,
            -31.431751
          ],
          [
            -64.15781,
            -31.431748
          ],
          [
            -64.157133,
            -31.431748
          ],
          [
            -64.157138,
            -31.432378
          ],
          [
            -64.157146,
            -31.433035
          ],
          [
            -64.157143,
            -31.433153
          ],
          [
            -64.157141,
            -31.433204
          ],
          [
            -64.156973,
            -31.433202
          ],
          [
            -64.15657,
            -31.433195
          ],
          [
            -64.155303,
            -31.433183
          ],
          [
            -64.154236,
            -31.433187
          ],
          [
            -64.153993,
            -31.433187
          ],
          [
            -64.15331,
            -31.433188
          ],
          [
            -64.153107,
            -31.433188
          ],
          [
            -64.15309,
            -31.433188
          ],
          [
            -64.152309,
            -31.433183
          ],
          [
            -64.151853,
            -31.433177
          ],
          [
            -64.151682,
            -31.433184
          ],
          [
            -64.151519,
            -31.433191
          ],
          [
            -64.151141,
            -31.433218
          ],
          [
            -64.150902,
            -31.433243
          ],
          [
            -64.150669,
            -31.433275
          ],
          [
            -64.150332,
            -31.433336
          ],
          [
            -64.150152,
            -31.433364
          ],
          [
            -64.149998,
            -31.433375
          ],
          [
            -64.149143,
            -31.433386
          ],
          [
            -64.148589,
            -31.433394
          ],
          [
            -64.148507,
            -31.433395
          ],
          [
            -64.148427,
            -31.433395
          ],
          [
            -64.147934,
            -31.433397
          ],
          [
            -64.147546,
            -31.433399
          ],
          [
            -64.147358,
            -31.4334
          ],
          [
            -64.147079,
            -31.433398
          ],
          [
            -64.146204,
            -31.433389
          ],
          [
            -64.1461,
            -31.433381
          ],
          [
            -64.145935,
            -31.43337
          ],
          [
            -64.145727,
            -31.433346
          ],
          [
            -64.14523,
            -31.433256
          ],
          [
            -64.144982,
            -31.4332
          ],
          [
            -64.144897,
            -31.43318
          ],
          [
            -64.144591,
            -31.433105
          ],
          [
            -64.14451,
            -31.433088
          ],
          [
            -64.144231,
            -31.433041
          ],
          [
            -64.144074,
            -31.433021
          ],
          [
            -64.143631,
            -31.433002
          ],
          [
            -64.14346,
            -31.433006
          ],
          [
            -64.142901,
            -31.433079
          ],
          [
            -64.142796,
            -31.433096
          ],
          [
            -64.142496,
            -31.433135
          ],
          [
            -64.142218,
            -31.433165
          ],
          [
            -64.141962,
            -31.433176
          ],
          [
            -64.141831,
            -31.433177
          ],
          [
            -64.141595,
            -31.433161
          ],
          [
            -64.141239,
            -31.433101
          ],
          [
            -64.140915,
            -31.433006
          ],
          [
            -64.140632,
            -31.432874
          ],
          [
            -64.140335,
            -31.432688
          ],
          [
            -64.139959,
            -31.432382
          ],
          [
            -64.139875,
            -31.432332
          ],
          [
            -64.139784,
            -31.432285
          ],
          [
            -64.139296,
            -31.432072
          ],
          [
            -64.138963,
            -31.431953
          ],
          [
            -64.138634,
            -31.431854
          ],
          [
            -64.13853,
            -31.431837
          ],
          [
            -64.138293,
            -31.431814
          ],
          [
            -64.138157,
            -31.431818
          ],
          [
            -64.138051,
            -31.431836
          ],
          [
            -64.137943,
            -31.431874
          ],
          [
            -64.137633,
            -31.432023
          ],
          [
            -64.13704,
            -31.43229
          ],
          [
            -64.137009,
            -31.432301
          ],
          [
            -64.136928,
            -31.43233
          ],
          [
            -64.13642,
            -31.432468
          ],
          [
            -64.135807,
            -31.432636
          ],
          [
            -64.135205,
            -31.432804
          ],
          [
            -64.134701,
            -31.432948
          ],
          [
            -64.134592,
            -31.43298
          ],
          [
            -64.13448,
            -31.433017
          ],
          [
            -64.134407,
            -31.433048
          ],
          [
            -64.133861,
            -31.433298
          ],
          [
            -64.133265,
            -31.433591
          ],
          [
            -64.132763,
            -31.433821
          ],
          [
            -64.132601,
            -31.433908
          ],
          [
            -64.132472,
            -31.433985
          ],
          [
            -64.132368,
            -31.434052
          ],
          [
            -64.132253,
            -31.434134
          ],
          [
            -64.132161,
            -31.434202
          ],
          [
            -64.131725,
            -31.434614
          ],
          [
            -64.131582,
            -31.43475
          ],
          [
            -64.131503,
            -31.434829
          ],
          [
            -64.130854,
            -31.435477
          ],
          [
            -64.130015,
            -31.436298
          ],
          [
            -64.129608,
            -31.436682
          ],
          [
            -64.129476,
            -31.436818
          ],
          [
            -64.129328,
            -31.436996
          ],
          [
            -64.129245,
            -31.437102
          ],
          [
            -64.129183,
            -31.437195
          ],
          [
            -64.129135,
            -31.437279
          ],
          [
            -64.128941,
            -31.437648
          ],
          [
            -64.128883,
            -31.437759
          ],
          [
            -64.12885,
            -31.437846
          ],
          [
            -64.128769,
            -31.438092
          ],
          [
            -64.128716,
            -31.438254
          ],
          [
            -64.128681,
            -31.438335
          ],
          [
            -64.128642,
            -31.438406
          ],
          [
            -64.128553,
            -31.438542
          ],
          [
            -64.128493,
            -31.438622
          ],
          [
            -64.12843,
            -31.438693
          ],
          [
            -64.128264,
            -31.438877
          ],
          [
            -64.128212,
            -31.438937
          ],
          [
            -64.128157,
            -31.438996
          ],
          [
            -64.128104,
            -31.439076
          ],
          [
            -64.128043,
            -31.439193
          ],
          [
            -64.127932,
            -31.439404
          ],
          [
            -64.127712,
            -31.439818
          ],
          [
            -64.127663,
            -31.439923
          ],
          [
            -64.127616,
            -31.440029
          ],
          [
            -64.127578,
            -31.440125
          ],
          [
            -64.127541,
            -31.440225
          ],
          [
            -64.127504,
            -31.440336
          ],
          [
            -64.12747,
            -31.440465
          ],
          [
            -64.127436,
            -31.4406
          ],
          [
            -64.12738,
            -31.440838
          ],
          [
            -64.127354,
            -31.44096
          ],
          [
            -64.127333,
            -31.441044
          ],
          [
            -64.127309,
            -31.441122
          ],
          [
            -64.127281,
            -31.4412
          ],
          [
            -64.127235,
            -31.441299
          ],
          [
            -64.127175,
            -31.441395
          ],
          [
            -64.127112,
            -31.441478
          ],
          [
            -64.127019,
            -31.441589
          ],
          [
            -64.12688,
            -31.441733
          ],
          [
            -64.126494,
            -31.442109
          ],
          [
            -64.125996,
            -31.442597
          ],
          [
            -64.125619,
            -31.44295
          ],
          [
            -64.125351,
            -31.443206
          ],
          [
            -64.125078,
            -31.443459
          ],
          [
            -64.1246,
            -31.443928
          ],
          [
            -64.124473,
            -31.444051
          ],
          [
            -64.123943,
            -31.444586
          ],
          [
            -64.123487,
            -31.445033
          ],
          [
            -64.122962,
            -31.445538
          ],
          [
            -64.122325,
            -31.446151
          ],
          [
            -64.122044,
            -31.446428
          ],
          [
            -64.120917,
            -31.447534
          ],
          [
            -64.120492,
            -31.447955
          ],
          [
            -64.120112,
            -31.448349
          ],
          [
            -64.11999,
            -31.448456
          ],
          [
            -64.119842,
            -31.448578
          ],
          [
            -64.119352,
            -31.448933
          ],
          [
            -64.119288,
            -31.448866
          ],
          [
            -64.119188,
            -31.44877
          ],
          [
            -64.119908,
            -31.448261
          ],
          [
            -64.119978,
            -31.448206
          ],
          [
            -64.120041,
            -31.448151
          ],
          [
            -64.120372,
            -31.447846
          ],
          [
            -64.120806,
            -31.447431
          ],
          [
            -64.120442,
            -31.447165
          ],
          [
            -64.120422,
            -31.447154
          ],
          [
            -64.120363,
            -31.447131
          ],
          [
            -64.120352,
            -31.446574
          ],
          [
            -64.120344,
            -31.446014
          ],
          [
            -64.119571,
            -31.446014
          ],
          [
            -64.118677,
            -31.446014
          ],
          [
            -64.118692,
            -31.446588
          ],
          [
            -64.118702,
            -31.447145
          ],
          [
            -64.118708,
            -31.447692
          ],
          [
            -64.118715,
            -31.448215
          ],
          [
            -64.118724,
            -31.448264
          ],
          [
            -64.118742,
            -31.448297
          ],
          [
            -64.118758,
            -31.448314
          ],
          [
            -64.119188,
            -31.44877
          ],
          [
            -64.119288,
            -31.448866
          ],
          [
            -64.119352,
            -31.448933
          ],
          [
            -64.119162,
            -31.449077
          ],
          [
            -64.11864,
            -31.449497
          ],
          [
            -64.118499,
            -31.449614
          ],
          [
            -64.118291,
            -31.449834
          ],
          [
            -64.118128,
            -31.450043
          ],
          [
            -64.117845,
            -31.450478
          ],
          [
            -64.117709,
            -31.450677
          ],
          [
            -64.117637,
            -31.450778
          ],
          [
            -64.117511,
            -31.450924
          ],
          [
            -64.117415,
            -31.451028
          ],
          [
            -64.116727,
            -31.451704
          ],
          [
            -64.116484,
            -31.451924
          ],
          [
            -64.116333,
            -31.452069
          ],
          [
            -64.116304,
            -31.452095
          ],
          [
            -64.116269,
            -31.452126
          ],
          [
            -64.116027,
            -31.452343
          ],
          [
            -64.114214,
            -31.454126
          ],
          [
            -64.113109,
            -31.4552
          ],
          [
            -64.112332,
            -31.455979
          ],
          [
            -64.11203,
            -31.456266
          ],
          [
            -64.111902,
            -31.456393
          ],
          [
            -64.111538,
            -31.456747
          ],
          [
            -64.111358,
            -31.456915
          ],
          [
            -64.111244,
            -31.457022
          ],
          [
            -64.111101,
            -31.457155
          ],
          [
            -64.110667,
            -31.457589
          ],
          [
            -64.110219,
            -31.458012
          ],
          [
            -64.109783,
            -31.458433
          ],
          [
            -64.109371,
            -31.458839
          ],
          [
            -64.10897,
            -31.459235
          ],
          [
            -64.108561,
            -31.459654
          ],
          [
            -64.108337,
            -31.459863
          ],
          [
            -64.108321,
            -31.459959
          ],
          [
            -64.108299,
            -31.460017
          ],
          [
            -64.10829,
            -31.460066
          ],
          [
            -64.108291,
            -31.460112
          ],
          [
            -64.108318,
            -31.460155
          ],
          [
            -64.108362,
            -31.460212
          ],
          [
            -64.108448,
            -31.460255
          ],
          [
            -64.108519,
            -31.460279
          ],
          [
            -64.108592,
            -31.460284
          ],
          [
            -64.108671,
            -31.460277
          ],
          [
            -64.108758,
            -31.46026
          ],
          [
            -64.108975,
            -31.460225
          ],
          [
            -64.109138,
            -31.46021
          ],
          [
            -64.109301,
            -31.460206
          ],
          [
            -64.109503,
            -31.460207
          ],
          [
            -64.109825,
            -31.460216
          ],
          [
            -64.109843,
            -31.460216
          ],
          [
            -64.110215,
            -31.460219
          ],
          [
            -64.110178,
            -31.460305
          ],
          [
            -64.109681,
            -31.460288
          ],
          [
            -64.109384,
            -31.460278
          ],
          [
            -64.109209,
            -31.460278
          ],
          [
            -64.109073,
            -31.460286
          ],
          [
            -64.108963,
            -31.460304
          ],
          [
            -64.108847,
            -31.460331
          ],
          [
            -64.108677,
            -31.460361
          ],
          [
            -64.108546,
            -31.460371
          ],
          [
            -64.108446,
            -31.460366
          ],
          [
            -64.108366,
            -31.460346
          ],
          [
            -64.108261,
            -31.460297
          ],
          [
            -64.108197,
            -31.460265
          ],
          [
            -64.108017,
            -31.460154
          ],
          [
            -64.107981,
            -31.460123
          ],
          [
            -64.108077,
            -31.460025
          ],
          [
            -64.10811,
            -31.459995
          ],
          [
            -64.108229,
            -31.459886
          ],
          [
            -64.10837,
            -31.45975
          ],
          [
            -64.108748,
            -31.459375
          ],
          [
            -64.109339,
            -31.458789
          ],
          [
            -64.109918,
            -31.458218
          ],
          [
            -64.110536,
            -31.457626
          ],
          [
            -64.111076,
            -31.457083
          ],
          [
            -64.111187,
            -31.45698
          ],
          [
            -64.111839,
            -31.456333
          ],
          [
            -64.111962,
            -31.456218
          ],
          [
            -64.1123,
            -31.455902
          ],
          [
            -64.113051,
            -31.45516
          ],
          [
            -64.113534,
            -31.454686
          ],
          [
            -64.114152,
            -31.454083
          ],
          [
            -64.115117,
            -31.453165
          ],
          [
            -64.115282,
            -31.452998
          ],
          [
            -64.115359,
            -31.452921
          ],
          [
            -64.115374,
            -31.452905
          ],
          [
            -64.115769,
            -31.452488
          ],
          [
            -64.116201,
            -31.452066
          ],
          [
            -64.116276,
            -31.451989
          ],
          [
            -64.116412,
            -31.451868
          ],
          [
            -64.116537,
            -31.451752
          ],
          [
            -64.117283,
            -31.451063
          ],
          [
            -64.117439,
            -31.450889
          ],
          [
            -64.117519,
            -31.450796
          ],
          [
            -64.117684,
            -31.450576
          ],
          [
            -64.117783,
            -31.450433
          ],
          [
            -64.118048,
            -31.450014
          ],
          [
            -64.118207,
            -31.4498
          ],
          [
            -64.118303,
            -31.449685
          ],
          [
            -64.118427,
            -31.449561
          ],
          [
            -64.118571,
            -31.449426
          ],
          [
            -64.118711,
            -31.449305
          ],
          [
            -64.119095,
            -31.449016
          ],
          [
            -64.119288,
            -31.448866
          ],
          [
            -64.119401,
            -31.448781
          ],
          [
            -64.11983,
            -31.448464
          ],
          [
            -64.119984,
            -31.448343
          ],
          [
            -64.120142,
            -31.448192
          ],
          [
            -64.120417,
            -31.447916
          ],
          [
            -64.120856,
            -31.4475
          ],
          [
            -64.121991,
            -31.446364
          ],
          [
            -64.122065,
            -31.446289
          ],
          [
            -64.122127,
            -31.446211
          ],
          [
            -64.122184,
            -31.446129
          ],
          [
            -64.12225,
            -31.446023
          ],
          [
            -64.122305,
            -31.445917
          ],
          [
            -64.122341,
            -31.445823
          ],
          [
            -64.122376,
            -31.445709
          ],
          [
            -64.122398,
            -31.445596
          ],
          [
            -64.122409,
            -31.445472
          ],
          [
            -64.12241,
            -31.445356
          ],
          [
            -64.122402,
            -31.445199
          ],
          [
            -64.122376,
            -31.444724
          ],
          [
            -64.12235,
            -31.444214
          ],
          [
            -64.12231,
            -31.443543
          ],
          [
            -64.122325,
            -31.443265
          ],
          [
            -64.122344,
            -31.443161
          ],
          [
            -64.122371,
            -31.443065
          ],
          [
            -64.122398,
            -31.442987
          ],
          [
            -64.122439,
            -31.442894
          ],
          [
            -64.122477,
            -31.442817
          ],
          [
            -64.122525,
            -31.442739
          ],
          [
            -64.122578,
            -31.442657
          ],
          [
            -64.122641,
            -31.442576
          ],
          [
            -64.122753,
            -31.442457
          ],
          [
            -64.122833,
            -31.442381
          ],
          [
            -64.122928,
            -31.442312
          ],
          [
            -64.122978,
            -31.442279
          ],
          [
            -64.123058,
            -31.442228
          ],
          [
            -64.123161,
            -31.442175
          ],
          [
            -64.123279,
            -31.44212
          ],
          [
            -64.123395,
            -31.442075
          ],
          [
            -64.123523,
            -31.442036
          ],
          [
            -64.123661,
            -31.442001
          ],
          [
            -64.123787,
            -31.441981
          ],
          [
            -64.123923,
            -31.441969
          ],
          [
            -64.124055,
            -31.441968
          ],
          [
            -64.124174,
            -31.44197
          ],
          [
            -64.124307,
            -31.441986
          ],
          [
            -64.124438,
            -31.442008
          ],
          [
            -64.124624,
            -31.442051
          ],
          [
            -64.125022,
            -31.442162
          ],
          [
            -64.125183,
            -31.442197
          ],
          [
            -64.125327,
            -31.442219
          ],
          [
            -64.125441,
            -31.442228
          ],
          [
            -64.125544,
            -31.44223
          ],
          [
            -64.125643,
            -31.442228
          ],
          [
            -64.125767,
            -31.442216
          ],
          [
            -64.125885,
            -31.442197
          ],
          [
            -64.125996,
            -31.44217
          ],
          [
            -64.126104,
            -31.442136
          ],
          [
            -64.126204,
            -31.442099
          ],
          [
            -64.126306,
            -31.442053
          ],
          [
            -64.126386,
            -31.442012
          ],
          [
            -64.126471,
            -31.441963
          ],
          [
            -64.126556,
            -31.441907
          ],
          [
            -64.126665,
            -31.441824
          ],
          [
            -64.126768,
            -31.441728
          ],
          [
            -64.126861,
            -31.441627
          ],
          [
            -64.12693,
            -31.441545
          ],
          [
            -64.126985,
            -31.441479
          ],
          [
            -64.127039,
            -31.441403
          ],
          [
            -64.127081,
            -31.441337
          ],
          [
            -64.127123,
            -31.441266
          ],
          [
            -64.127161,
            -31.441193
          ],
          [
            -64.127195,
            -31.441117
          ],
          [
            -64.12723,
            -31.441019
          ],
          [
            -64.127266,
            -31.440899
          ],
          [
            -64.127312,
            -31.440728
          ],
          [
            -64.127363,
            -31.44051
          ],
          [
            -64.127392,
            -31.4404
          ],
          [
            -64.127425,
            -31.440292
          ],
          [
            -64.127478,
            -31.440152
          ],
          [
            -64.127531,
            -31.440021
          ],
          [
            -64.127585,
            -31.439898
          ],
          [
            -64.127646,
            -31.439764
          ],
          [
            -64.127755,
            -31.43954
          ],
          [
            -64.127916,
            -31.439233
          ],
          [
            -64.128072,
            -31.438928
          ],
          [
            -64.128093,
            -31.438867
          ],
          [
            -64.128118,
            -31.438796
          ],
          [
            -64.128195,
            -31.438503
          ],
          [
            -64.128222,
            -31.438401
          ],
          [
            -64.128267,
            -31.438265
          ],
          [
            -64.128296,
            -31.438197
          ],
          [
            -64.128324,
            -31.438146
          ],
          [
            -64.128367,
            -31.438101
          ],
          [
            -64.12849,
            -31.437994
          ],
          [
            -64.128547,
            -31.437947
          ],
          [
            -64.128644,
            -31.437839
          ],
          [
            -64.128691,
            -31.437782
          ],
          [
            -64.128725,
            -31.437723
          ],
          [
            -64.128786,
            -31.4376
          ],
          [
            -64.128881,
            -31.437396
          ],
          [
            -64.128981,
            -31.437237
          ],
          [
            -64.129054,
            -31.43713
          ],
          [
            -64.129141,
            -31.437011
          ],
          [
            -64.12925,
            -31.436881
          ],
          [
            -64.129405,
            -31.436702
          ],
          [
            -64.129533,
            -31.436565
          ],
          [
            -64.129889,
            -31.436226
          ],
          [
            -64.130678,
            -31.435428
          ],
          [
            -64.130745,
            -31.435361
          ],
          [
            -64.131379,
            -31.434738
          ],
          [
            -64.13146,
            -31.434659
          ],
          [
            -64.131604,
            -31.43452
          ],
          [
            -64.131812,
            -31.434318
          ],
          [
            -64.132004,
            -31.434148
          ],
          [
            -64.132131,
            -31.434043
          ],
          [
            -64.132241,
            -31.43396
          ],
          [
            -64.132372,
            -31.433879
          ],
          [
            -64.132513,
            -31.433804
          ],
          [
            -64.132674,
            -31.433718
          ],
          [
            -64.133241,
            -31.433447
          ],
          [
            -64.13368,
            -31.433238
          ],
          [
            -64.133857,
            -31.433153
          ],
          [
            -64.134346,
            -31.432919
          ],
          [
            -64.134434,
            -31.432884
          ],
          [
            -64.134551,
            -31.43285
          ],
          [
            -64.134651,
            -31.432824
          ],
          [
            -64.135802,
            -31.432523
          ],
          [
            -64.136063,
            -31.432451
          ],
          [
            -64.136884,
            -31.432226
          ],
          [
            -64.136969,
            -31.432194
          ],
          [
            -64.137044,
            -31.432165
          ],
          [
            -64.137769,
            -31.431816
          ],
          [
            -64.137936,
            -31.431752
          ],
          [
            -64.138091,
            -31.431703
          ],
          [
            -64.13828,
            -31.43166
          ],
          [
            -64.138469,
            -31.431636
          ],
          [
            -64.138619,
            -31.431621
          ],
          [
            -64.138759,
            -31.431614
          ],
          [
            -64.138808,
            -31.431611
          ],
          [
            -64.138948,
            -31.431619
          ],
          [
            -64.139072,
            -31.431636
          ],
          [
            -64.139202,
            -31.431671
          ],
          [
            -64.139326,
            -31.431712
          ],
          [
            -64.139498,
            -31.431805
          ],
          [
            -64.139937,
            -31.432184
          ],
          [
            -64.140237,
            -31.432483
          ],
          [
            -64.140288,
            -31.432524
          ],
          [
            -64.140354,
            -31.432565
          ],
          [
            -64.140466,
            -31.432616
          ],
          [
            -64.140556,
            -31.432652
          ],
          [
            -64.140664,
            -31.432682
          ],
          [
            -64.141106,
            -31.432775
          ],
          [
            -64.141445,
            -31.432819
          ],
          [
            -64.141731,
            -31.432823
          ],
          [
            -64.142746,
            -31.432803
          ],
          [
            -64.143318,
            -31.432814
          ],
          [
            -64.143567,
            -31.432828
          ],
          [
            -64.1438,
            -31.432851
          ],
          [
            -64.144016,
            -31.432874
          ],
          [
            -64.14416,
            -31.432901
          ],
          [
            -64.144656,
            -31.433032
          ],
          [
            -64.14496,
            -31.433099
          ],
          [
            -64.14519,
            -31.433146
          ],
          [
            -64.145392,
            -31.433179
          ],
          [
            -64.145543,
            -31.433204
          ],
          [
            -64.145681,
            -31.433221
          ],
          [
            -64.145811,
            -31.433233
          ],
          [
            -64.14591,
            -31.43324
          ],
          [
            -64.146099,
            -31.43325
          ],
          [
            -64.146275,
            -31.433257
          ],
          [
            -64.147077,
            -31.433251
          ],
          [
            -64.147383,
            -31.433249
          ],
          [
            -64.147544,
            -31.43325
          ],
          [
            -64.148072,
            -31.433253
          ],
          [
            -64.148307,
            -31.433255
          ],
          [
            -64.148426,
            -31.433256
          ],
          [
            -64.148501,
            -31.433256
          ],
          [
            -64.148592,
            -31.433256
          ],
          [
            -64.149626,
            -31.433257
          ],
          [
            -64.149953,
            -31.433257
          ],
          [
            -64.150087,
            -31.433249
          ],
          [
            -64.150205,
            -31.43323
          ],
          [
            -64.150711,
            -31.433131
          ],
          [
            -64.150858,
            -31.433113
          ],
          [
            -64.150989,
            -31.433098
          ],
          [
            -64.151235,
            -31.433072
          ],
          [
            -64.151502,
            -31.433053
          ],
          [
            -64.151672,
            -31.433046
          ],
          [
            -64.151832,
            -31.43304
          ],
          [
            -64.153013,
            -31.433052
          ],
          [
            -64.154139,
            -31.433047
          ],
          [
            -64.155463,
            -31.433044
          ],
          [
            -64.156185,
            -31.433043
          ],
          [
            -64.156754,
            -31.433042
          ],
          [
            -64.157146,
            -31.433035
          ],
          [
            -64.158757,
            -31.433038
          ],
          [
            -64.159772,
            -31.433062
          ],
          [
            -64.160113,
            -31.433062
          ],
          [
            -64.160304,
            -31.433057
          ],
          [
            -64.160494,
            -31.433042
          ],
          [
            -64.160717,
            -31.433014
          ],
          [
            -64.160906,
            -31.432989
          ],
          [
            -64.161094,
            -31.432954
          ],
          [
            -64.161392,
            -31.432878
          ],
          [
            -64.161506,
            -31.432841
          ],
          [
            -64.161705,
            -31.432776
          ],
          [
            -64.161884,
            -31.432713
          ],
          [
            -64.162088,
            -31.432626
          ],
          [
            -64.16227,
            -31.432542
          ],
          [
            -64.16311,
            -31.432082
          ],
          [
            -64.163381,
            -31.431933
          ],
          [
            -64.163693,
            -31.431762
          ],
          [
            -64.163898,
            -31.431656
          ],
          [
            -64.164122,
            -31.43154
          ],
          [
            -64.164282,
            -31.43147
          ],
          [
            -64.164505,
            -31.431378
          ],
          [
            -64.164719,
            -31.431294
          ],
          [
            -64.165003,
            -31.431213
          ],
          [
            -64.165169,
            -31.431172
          ],
          [
            -64.165356,
            -31.431132
          ],
          [
            -64.165639,
            -31.431087
          ],
          [
            -64.166364,
            -31.430964
          ],
          [
            -64.166859,
            -31.430856
          ],
          [
            -64.167016,
            -31.430815
          ],
          [
            -64.167219,
            -31.430756
          ],
          [
            -64.167464,
            -31.430679
          ],
          [
            -64.167562,
            -31.430644
          ],
          [
            -64.167723,
            -31.430581
          ],
          [
            -64.167823,
            -31.430541
          ],
          [
            -64.168149,
            -31.430396
          ],
          [
            -64.169074,
            -31.429933
          ],
          [
            -64.16941,
            -31.429766
          ],
          [
            -64.169499,
            -31.429715
          ],
          [
            -64.169571,
            -31.429668
          ],
          [
            -64.169949,
            -31.429393
          ],
          [
            -64.170085,
            -31.42927
          ],
          [
            -64.170208,
            -31.429155
          ],
          [
            -64.170661,
            -31.428681
          ],
          [
            -64.171112,
            -31.428201
          ],
          [
            -64.171415,
            -31.427895
          ],
          [
            -64.171577,
            -31.427733
          ],
          [
            -64.171664,
            -31.427636
          ],
          [
            -64.171768,
            -31.427531
          ],
          [
            -64.171952,
            -31.427347
          ],
          [
            -64.172051,
            -31.427248
          ],
          [
            -64.172232,
            -31.427067
          ],
          [
            -64.172823,
            -31.426481
          ],
          [
            -64.173023,
            -31.426288
          ],
          [
            -64.17363,
            -31.42569
          ],
          [
            -64.173962,
            -31.425359
          ],
          [
            -64.174126,
            -31.425195
          ],
          [
            -64.174333,
            -31.424975
          ],
          [
            -64.17439,
            -31.424913
          ],
          [
            -64.174546,
            -31.424738
          ],
          [
            -64.174613,
            -31.424663
          ],
          [
            -64.174672,
            -31.424607
          ],
          [
            -64.174792,
            -31.424495
          ],
          [
            -64.174942,
            -31.424368
          ],
          [
            -64.174997,
            -31.424309
          ],
          [
            -64.175271,
            -31.424
          ],
          [
            -64.175521,
            -31.42373
          ],
          [
            -64.175607,
            -31.423637
          ],
          [
            -64.175695,
            -31.423568
          ],
          [
            -64.175765,
            -31.423526
          ],
          [
            -64.175856,
            -31.423478
          ],
          [
            -64.175932,
            -31.423446
          ],
          [
            -64.175996,
            -31.423425
          ],
          [
            -64.176361,
            -31.423324
          ],
          [
            -64.176741,
            -31.423226
          ],
          [
            -64.177859,
            -31.422944
          ],
          [
            -64.179313,
            -31.422566
          ],
          [
            -64.180685,
            -31.422206
          ],
          [
            -64.181908,
            -31.421886
          ],
          [
            -64.181933,
            -31.42188
          ],
          [
            -64.182055,
            -31.421848
          ],
          [
            -64.183332,
            -31.421513
          ],
          [
            -64.183646,
            -31.421431
          ],
          [
            -64.184303,
            -31.421259
          ],
          [
            -64.184705,
            -31.421154
          ],
          [
            -64.186053,
            -31.420801
          ],
          [
            -64.186264,
            -31.420749
          ],
          [
            -64.187394,
            -31.420469
          ],
          [
            -64.187439,
            -31.420456
          ],
          [
            -64.187877,
            -31.420332
          ],
          [
            -64.188038,
            -31.420286
          ],
          [
            -64.188169,
            -31.420245
          ],
          [
            -64.188208,
            -31.420233
          ],
          [
            -64.188297,
            -31.420206
          ],
          [
            -64.188431,
            -31.42015
          ],
          [
            -64.188553,
            -31.4201
          ],
          [
            -64.188617,
            -31.420073
          ],
          [
            -64.188664,
            -31.420053
          ],
          [
            -64.188709,
            -31.420032
          ],
          [
            -64.188708,
            -31.420086
          ],
          [
            -64.188709,
            -31.420103
          ]
        ]
      }
    },
    {
      "type": "Feature",
      "id": "route-cordoba-2026-08-31-v3-07",
      "properties": {
        "truckId": "vehicle-07",
        "waypointDistancesKm": [
          0,
          0.3547477575570878,
          3.2432059674773552,
          4.696457554765584,
          5.003388486658069,
          5.665623995059867,
          6.26029736054435,
          8.09421952025529,
          8.702114126206961,
          12.579076286498463
        ]
      },
      "geometry": {
        "type": "LineString",
        "coordinates": [
          [
            -64.188709,
            -31.420109
          ],
          [
            -64.18871,
            -31.420127
          ],
          [
            -64.188717,
            -31.420178
          ],
          [
            -64.188727,
            -31.42023
          ],
          [
            -64.188737,
            -31.420284
          ],
          [
            -64.188734,
            -31.420338
          ],
          [
            -64.188661,
            -31.420343
          ],
          [
            -64.188627,
            -31.420347
          ],
          [
            -64.188532,
            -31.420357
          ],
          [
            -64.188403,
            -31.420371
          ],
          [
            -64.188305,
            -31.420382
          ],
          [
            -64.188185,
            -31.420397
          ],
          [
            -64.187924,
            -31.420468
          ],
          [
            -64.187534,
            -31.420563
          ],
          [
            -64.187445,
            -31.420584
          ],
          [
            -64.186091,
            -31.4209
          ],
          [
            -64.186349,
            -31.421491
          ],
          [
            -64.186582,
            -31.422025
          ],
          [
            -64.187051,
            -31.423184
          ],
          [
            -64.187066,
            -31.423218
          ],
          [
            -64.187175,
            -31.423443
          ],
          [
            -64.187225,
            -31.42354
          ],
          [
            -64.187285,
            -31.423692
          ],
          [
            -64.187532,
            -31.424318
          ],
          [
            -64.18803,
            -31.425456
          ],
          [
            -64.188043,
            -31.425489
          ],
          [
            -64.188058,
            -31.425523
          ],
          [
            -64.188566,
            -31.426674
          ],
          [
            -64.188835,
            -31.427327
          ],
          [
            -64.189333,
            -31.428574
          ],
          [
            -64.189351,
            -31.428612
          ],
          [
            -64.189536,
            -31.429017
          ],
          [
            -64.189748,
            -31.429515
          ],
          [
            -64.189859,
            -31.429768
          ],
          [
            -64.190335,
            -31.430949
          ],
          [
            -64.190402,
            -31.431119
          ],
          [
            -64.191504,
            -31.431624
          ],
          [
            -64.192207,
            -31.43194
          ],
          [
            -64.192899,
            -31.43228
          ],
          [
            -64.193066,
            -31.432345
          ],
          [
            -64.193218,
            -31.432405
          ],
          [
            -64.193625,
            -31.432571
          ],
          [
            -64.193639,
            -31.432575
          ],
          [
            -64.193688,
            -31.432588
          ],
          [
            -64.193774,
            -31.432598
          ],
          [
            -64.193815,
            -31.432577
          ],
          [
            -64.193903,
            -31.432536
          ],
          [
            -64.193957,
            -31.432523
          ],
          [
            -64.19402,
            -31.432507
          ],
          [
            -64.194157,
            -31.43249
          ],
          [
            -64.194317,
            -31.432506
          ],
          [
            -64.194467,
            -31.432554
          ],
          [
            -64.194567,
            -31.432611
          ],
          [
            -64.194653,
            -31.432682
          ],
          [
            -64.194736,
            -31.432787
          ],
          [
            -64.194772,
            -31.432867
          ],
          [
            -64.194789,
            -31.432906
          ],
          [
            -64.194809,
            -31.433031
          ],
          [
            -64.194802,
            -31.433092
          ],
          [
            -64.194794,
            -31.433157
          ],
          [
            -64.194746,
            -31.433277
          ],
          [
            -64.194667,
            -31.433385
          ],
          [
            -64.194562,
            -31.433474
          ],
          [
            -64.194518,
            -31.433625
          ],
          [
            -64.194504,
            -31.433723
          ],
          [
            -64.194507,
            -31.433773
          ],
          [
            -64.194523,
            -31.433838
          ],
          [
            -64.194538,
            -31.433878
          ],
          [
            -64.194583,
            -31.433965
          ],
          [
            -64.194643,
            -31.434069
          ],
          [
            -64.194717,
            -31.434186
          ],
          [
            -64.194745,
            -31.434245
          ],
          [
            -64.194954,
            -31.43481
          ],
          [
            -64.195151,
            -31.435342
          ],
          [
            -64.19525,
            -31.435608
          ],
          [
            -64.195704,
            -31.436449
          ],
          [
            -64.19619,
            -31.437565
          ],
          [
            -64.196455,
            -31.438189
          ],
          [
            -64.19692,
            -31.439288
          ],
          [
            -64.197289,
            -31.440153
          ],
          [
            -64.196849,
            -31.440283
          ],
          [
            -64.196709,
            -31.440326
          ],
          [
            -64.196607,
            -31.440357
          ],
          [
            -64.196321,
            -31.439474
          ],
          [
            -64.196168,
            -31.439002
          ],
          [
            -64.195995,
            -31.439042
          ],
          [
            -64.195909,
            -31.439062
          ],
          [
            -64.195741,
            -31.439033
          ],
          [
            -64.195603,
            -31.439033
          ],
          [
            -64.195562,
            -31.439072
          ],
          [
            -64.195512,
            -31.43919
          ],
          [
            -64.195494,
            -31.439284
          ],
          [
            -64.195506,
            -31.43932
          ],
          [
            -64.195559,
            -31.439476
          ],
          [
            -64.19561,
            -31.439626
          ],
          [
            -64.195663,
            -31.439783
          ],
          [
            -64.195699,
            -31.439893
          ],
          [
            -64.195941,
            -31.439838
          ],
          [
            -64.195971,
            -31.439816
          ],
          [
            -64.195988,
            -31.439785
          ],
          [
            -64.195995,
            -31.439704
          ],
          [
            -64.195663,
            -31.439783
          ],
          [
            -64.19561,
            -31.439626
          ],
          [
            -64.195559,
            -31.439476
          ],
          [
            -64.195506,
            -31.43932
          ],
          [
            -64.195494,
            -31.439284
          ],
          [
            -64.195462,
            -31.439224
          ],
          [
            -64.195421,
            -31.439091
          ],
          [
            -64.195405,
            -31.439029
          ],
          [
            -64.195401,
            -31.438998
          ],
          [
            -64.195398,
            -31.438977
          ],
          [
            -64.195425,
            -31.43893
          ],
          [
            -64.195477,
            -31.438903
          ],
          [
            -64.195538,
            -31.438904
          ],
          [
            -64.195589,
            -31.438933
          ],
          [
            -64.195603,
            -31.438961
          ],
          [
            -64.195741,
            -31.439033
          ],
          [
            -64.195909,
            -31.439062
          ],
          [
            -64.195995,
            -31.439042
          ],
          [
            -64.196168,
            -31.439002
          ],
          [
            -64.195954,
            -31.438343
          ],
          [
            -64.19582,
            -31.437935
          ],
          [
            -64.195438,
            -31.436768
          ],
          [
            -64.195337,
            -31.436708
          ],
          [
            -64.195236,
            -31.436671
          ],
          [
            -64.195147,
            -31.436663
          ],
          [
            -64.195042,
            -31.436672
          ],
          [
            -64.194002,
            -31.437012
          ],
          [
            -64.19354,
            -31.437162
          ],
          [
            -64.193475,
            -31.437183
          ],
          [
            -64.19334,
            -31.437228
          ],
          [
            -64.192709,
            -31.437434
          ],
          [
            -64.192685,
            -31.437442
          ],
          [
            -64.192514,
            -31.437497
          ],
          [
            -64.192494,
            -31.437504
          ],
          [
            -64.192421,
            -31.437521
          ],
          [
            -64.192445,
            -31.437609
          ],
          [
            -64.192501,
            -31.437813
          ],
          [
            -64.192511,
            -31.437874
          ],
          [
            -64.19252,
            -31.437954
          ],
          [
            -64.192529,
            -31.438119
          ],
          [
            -64.19252,
            -31.438233
          ],
          [
            -64.192515,
            -31.438269
          ],
          [
            -64.192502,
            -31.438381
          ],
          [
            -64.192466,
            -31.438532
          ],
          [
            -64.192441,
            -31.438621
          ],
          [
            -64.192431,
            -31.438687
          ],
          [
            -64.19242,
            -31.438842
          ],
          [
            -64.192428,
            -31.438869
          ],
          [
            -64.192429,
            -31.438896
          ],
          [
            -64.192422,
            -31.438923
          ],
          [
            -64.192409,
            -31.438947
          ],
          [
            -64.192406,
            -31.43902
          ],
          [
            -64.19241,
            -31.439091
          ],
          [
            -64.192434,
            -31.439176
          ],
          [
            -64.192497,
            -31.439365
          ],
          [
            -64.192711,
            -31.439949
          ],
          [
            -64.1928,
            -31.440167
          ],
          [
            -64.192863,
            -31.440326
          ],
          [
            -64.192956,
            -31.440561
          ],
          [
            -64.192994,
            -31.440649
          ],
          [
            -64.193081,
            -31.440815
          ],
          [
            -64.19312,
            -31.440887
          ],
          [
            -64.193165,
            -31.440969
          ],
          [
            -64.193258,
            -31.441133
          ],
          [
            -64.193429,
            -31.441414
          ],
          [
            -64.193842,
            -31.442122
          ],
          [
            -64.193966,
            -31.442325
          ],
          [
            -64.194024,
            -31.44242
          ],
          [
            -64.19407,
            -31.442496
          ],
          [
            -64.194264,
            -31.442813
          ],
          [
            -64.194361,
            -31.442979
          ],
          [
            -64.194409,
            -31.443057
          ],
          [
            -64.19445,
            -31.443119
          ],
          [
            -64.194464,
            -31.44314
          ],
          [
            -64.194511,
            -31.44321
          ],
          [
            -64.194577,
            -31.44328
          ],
          [
            -64.194588,
            -31.443288
          ],
          [
            -64.194613,
            -31.443312
          ],
          [
            -64.194627,
            -31.443342
          ],
          [
            -64.194629,
            -31.443374
          ],
          [
            -64.194618,
            -31.443406
          ],
          [
            -64.194596,
            -31.443432
          ],
          [
            -64.194566,
            -31.443451
          ],
          [
            -64.194529,
            -31.44346
          ],
          [
            -64.194459,
            -31.443449
          ],
          [
            -64.194436,
            -31.443435
          ],
          [
            -64.194417,
            -31.443415
          ],
          [
            -64.194405,
            -31.443393
          ],
          [
            -64.194399,
            -31.443368
          ],
          [
            -64.194401,
            -31.443343
          ],
          [
            -64.194411,
            -31.44332
          ],
          [
            -64.194427,
            -31.443299
          ],
          [
            -64.194438,
            -31.443289
          ],
          [
            -64.19442,
            -31.443208
          ],
          [
            -64.194392,
            -31.443148
          ],
          [
            -64.194363,
            -31.443096
          ],
          [
            -64.194274,
            -31.44294
          ],
          [
            -64.194218,
            -31.442849
          ],
          [
            -64.19402,
            -31.442837
          ],
          [
            -64.193997,
            -31.442834
          ],
          [
            -64.193684,
            -31.442793
          ],
          [
            -64.193634,
            -31.442793
          ],
          [
            -64.193581,
            -31.4428
          ],
          [
            -64.193542,
            -31.442828
          ],
          [
            -64.193516,
            -31.442878
          ],
          [
            -64.193499,
            -31.442921
          ],
          [
            -64.193442,
            -31.442915
          ],
          [
            -64.193365,
            -31.442907
          ],
          [
            -64.19321,
            -31.442889
          ],
          [
            -64.19307,
            -31.442873
          ],
          [
            -64.192936,
            -31.442858
          ],
          [
            -64.192817,
            -31.442845
          ],
          [
            -64.192868,
            -31.442529
          ],
          [
            -64.192817,
            -31.442845
          ],
          [
            -64.192673,
            -31.442829
          ],
          [
            -64.192525,
            -31.442812
          ],
          [
            -64.192389,
            -31.442797
          ],
          [
            -64.192194,
            -31.442775
          ],
          [
            -64.192163,
            -31.44293
          ],
          [
            -64.192138,
            -31.443034
          ],
          [
            -64.192111,
            -31.443148
          ],
          [
            -64.193522,
            -31.44331
          ],
          [
            -64.193696,
            -31.443329
          ],
          [
            -64.193979,
            -31.443344
          ],
          [
            -64.194051,
            -31.443343
          ],
          [
            -64.194177,
            -31.443326
          ],
          [
            -64.194253,
            -31.443313
          ],
          [
            -64.194324,
            -31.443282
          ],
          [
            -64.194427,
            -31.443299
          ],
          [
            -64.194438,
            -31.443289
          ],
          [
            -64.19446,
            -31.443277
          ],
          [
            -64.19449,
            -31.443267
          ],
          [
            -64.19452,
            -31.443265
          ],
          [
            -64.19455,
            -31.443269
          ],
          [
            -64.194577,
            -31.44328
          ],
          [
            -64.194588,
            -31.443288
          ],
          [
            -64.194613,
            -31.443312
          ],
          [
            -64.194627,
            -31.443342
          ],
          [
            -64.194629,
            -31.443374
          ],
          [
            -64.194618,
            -31.443406
          ],
          [
            -64.194596,
            -31.443432
          ],
          [
            -64.194566,
            -31.443451
          ],
          [
            -64.194529,
            -31.44346
          ],
          [
            -64.194459,
            -31.443449
          ],
          [
            -64.193696,
            -31.443329
          ],
          [
            -64.193522,
            -31.44331
          ],
          [
            -64.193484,
            -31.443422
          ],
          [
            -64.193473,
            -31.443467
          ],
          [
            -64.193447,
            -31.443617
          ],
          [
            -64.193453,
            -31.443683
          ],
          [
            -64.193722,
            -31.444747
          ],
          [
            -64.193835,
            -31.445194
          ],
          [
            -64.193981,
            -31.44578
          ],
          [
            -64.193988,
            -31.445848
          ],
          [
            -64.194055,
            -31.44634
          ],
          [
            -64.194064,
            -31.446398
          ],
          [
            -64.194138,
            -31.446915
          ],
          [
            -64.194146,
            -31.446968
          ],
          [
            -64.194306,
            -31.447952
          ],
          [
            -64.194314,
            -31.448033
          ],
          [
            -64.194396,
            -31.448977
          ],
          [
            -64.194443,
            -31.449496
          ],
          [
            -64.194464,
            -31.449754
          ],
          [
            -64.1948,
            -31.449685
          ],
          [
            -64.196128,
            -31.449411
          ],
          [
            -64.195999,
            -31.448963
          ],
          [
            -64.195924,
            -31.448704
          ],
          [
            -64.195167,
            -31.448841
          ],
          [
            -64.194396,
            -31.448977
          ],
          [
            -64.194314,
            -31.448033
          ],
          [
            -64.194306,
            -31.447952
          ],
          [
            -64.194146,
            -31.446968
          ],
          [
            -64.194138,
            -31.446915
          ],
          [
            -64.194064,
            -31.446398
          ],
          [
            -64.194055,
            -31.44634
          ],
          [
            -64.193988,
            -31.445848
          ],
          [
            -64.192226,
            -31.44621
          ],
          [
            -64.192021,
            -31.446249
          ],
          [
            -64.191983,
            -31.446257
          ],
          [
            -64.191267,
            -31.4464
          ],
          [
            -64.190965,
            -31.44646
          ],
          [
            -64.190558,
            -31.446547
          ],
          [
            -64.19009,
            -31.446638
          ],
          [
            -64.189947,
            -31.446652
          ],
          [
            -64.189888,
            -31.446655
          ],
          [
            -64.18928,
            -31.446644
          ],
          [
            -64.18841,
            -31.446641
          ],
          [
            -64.188025,
            -31.446641
          ],
          [
            -64.187742,
            -31.446641
          ],
          [
            -64.186729,
            -31.446635
          ],
          [
            -64.185637,
            -31.446645
          ],
          [
            -64.184763,
            -31.446652
          ],
          [
            -64.18467,
            -31.445767
          ],
          [
            -64.183187,
            -31.445738
          ],
          [
            -64.182861,
            -31.445732
          ],
          [
            -64.182805,
            -31.444866
          ],
          [
            -64.182719,
            -31.444139
          ],
          [
            -64.182659,
            -31.443452
          ],
          [
            -64.182604,
            -31.442744
          ],
          [
            -64.182598,
            -31.442316
          ],
          [
            -64.181858,
            -31.442241
          ],
          [
            -64.181802,
            -31.442235
          ],
          [
            -64.181174,
            -31.442167
          ],
          [
            -64.180546,
            -31.442098
          ],
          [
            -64.180269,
            -31.442068
          ],
          [
            -64.179848,
            -31.442022
          ],
          [
            -64.179054,
            -31.441925
          ],
          [
            -64.178078,
            -31.441805
          ],
          [
            -64.176724,
            -31.441639
          ],
          [
            -64.176684,
            -31.441632
          ],
          [
            -64.176685,
            -31.441497
          ],
          [
            -64.176686,
            -31.441437
          ],
          [
            -64.176706,
            -31.441312
          ],
          [
            -64.17633,
            -31.441266
          ],
          [
            -64.176171,
            -31.441172
          ],
          [
            -64.17613,
            -31.441126
          ],
          [
            -64.176106,
            -31.441081
          ],
          [
            -64.176091,
            -31.44103
          ],
          [
            -64.17611,
            -31.440942
          ],
          [
            -64.176275,
            -31.440764
          ],
          [
            -64.17632,
            -31.440716
          ],
          [
            -64.176437,
            -31.440542
          ],
          [
            -64.176475,
            -31.440477
          ],
          [
            -64.176489,
            -31.440418
          ],
          [
            -64.176495,
            -31.440289
          ],
          [
            -64.176488,
            -31.440217
          ],
          [
            -64.176487,
            -31.440213
          ],
          [
            -64.176366,
            -31.439377
          ],
          [
            -64.176235,
            -31.438654
          ],
          [
            -64.176163,
            -31.438247
          ],
          [
            -64.176128,
            -31.438047
          ],
          [
            -64.175946,
            -31.437044
          ],
          [
            -64.175939,
            -31.436997
          ],
          [
            -64.17585,
            -31.436504
          ],
          [
            -64.175647,
            -31.435353
          ],
          [
            -64.175631,
            -31.435266
          ],
          [
            -64.175625,
            -31.43523
          ],
          [
            -64.175673,
            -31.435209
          ],
          [
            -64.175801,
            -31.435169
          ],
          [
            -64.176514,
            -31.434949
          ],
          [
            -64.177553,
            -31.43464
          ],
          [
            -64.178634,
            -31.434301
          ],
          [
            -64.180399,
            -31.433755
          ],
          [
            -64.180511,
            -31.433714
          ],
          [
            -64.180606,
            -31.433677
          ],
          [
            -64.18181,
            -31.433149
          ],
          [
            -64.182528,
            -31.432837
          ],
          [
            -64.18277,
            -31.432729
          ],
          [
            -64.182974,
            -31.432637
          ],
          [
            -64.183195,
            -31.432542
          ],
          [
            -64.183415,
            -31.432444
          ],
          [
            -64.183426,
            -31.43244
          ],
          [
            -64.183617,
            -31.432382
          ],
          [
            -64.183652,
            -31.432354
          ],
          [
            -64.183684,
            -31.432341
          ],
          [
            -64.183921,
            -31.432102
          ],
          [
            -64.184009,
            -31.431992
          ],
          [
            -64.184068,
            -31.431892
          ],
          [
            -64.184142,
            -31.431752
          ],
          [
            -64.184189,
            -31.431637
          ],
          [
            -64.184228,
            -31.431497
          ],
          [
            -64.184246,
            -31.431357
          ],
          [
            -64.18425,
            -31.431247
          ],
          [
            -64.184247,
            -31.431158
          ],
          [
            -64.184219,
            -31.431005
          ],
          [
            -64.184176,
            -31.430833
          ],
          [
            -64.184122,
            -31.430619
          ],
          [
            -64.184064,
            -31.430391
          ],
          [
            -64.184046,
            -31.430283
          ],
          [
            -64.184039,
            -31.43016
          ],
          [
            -64.184053,
            -31.430021
          ],
          [
            -64.184084,
            -31.42987
          ],
          [
            -64.184119,
            -31.429751
          ],
          [
            -64.18416,
            -31.429639
          ],
          [
            -64.184389,
            -31.429162
          ],
          [
            -64.184486,
            -31.42895
          ],
          [
            -64.184531,
            -31.428823
          ],
          [
            -64.184574,
            -31.428688
          ],
          [
            -64.184593,
            -31.428498
          ],
          [
            -64.184597,
            -31.428466
          ],
          [
            -64.184597,
            -31.428295
          ],
          [
            -64.184584,
            -31.428142
          ],
          [
            -64.184586,
            -31.428003
          ],
          [
            -64.184583,
            -31.42789
          ],
          [
            -64.184574,
            -31.42781
          ],
          [
            -64.184497,
            -31.427531
          ],
          [
            -64.184138,
            -31.426736
          ],
          [
            -64.183868,
            -31.42612
          ],
          [
            -64.183698,
            -31.425727
          ],
          [
            -64.18366,
            -31.425634
          ],
          [
            -64.183634,
            -31.425568
          ],
          [
            -64.183584,
            -31.425459
          ],
          [
            -64.183377,
            -31.424998
          ],
          [
            -64.183133,
            -31.424414
          ],
          [
            -64.182911,
            -31.423881
          ],
          [
            -64.182874,
            -31.423795
          ],
          [
            -64.182631,
            -31.423252
          ],
          [
            -64.182244,
            -31.42231
          ],
          [
            -64.182096,
            -31.421946
          ],
          [
            -64.182055,
            -31.421848
          ],
          [
            -64.183332,
            -31.421513
          ],
          [
            -64.183646,
            -31.421431
          ],
          [
            -64.184303,
            -31.421259
          ],
          [
            -64.184705,
            -31.421154
          ],
          [
            -64.186053,
            -31.420801
          ],
          [
            -64.186264,
            -31.420749
          ],
          [
            -64.187394,
            -31.420469
          ],
          [
            -64.187439,
            -31.420456
          ],
          [
            -64.187877,
            -31.420332
          ],
          [
            -64.188038,
            -31.420286
          ],
          [
            -64.188169,
            -31.420245
          ],
          [
            -64.188208,
            -31.420233
          ],
          [
            -64.188297,
            -31.420206
          ],
          [
            -64.188431,
            -31.42015
          ],
          [
            -64.188553,
            -31.4201
          ],
          [
            -64.188617,
            -31.420073
          ],
          [
            -64.188664,
            -31.420053
          ],
          [
            -64.188709,
            -31.420032
          ],
          [
            -64.188708,
            -31.420086
          ],
          [
            -64.188709,
            -31.420103
          ]
        ]
      }
    },
    {
      "type": "Feature",
      "id": "route-cordoba-2026-08-31-v3-08",
      "properties": {
        "truckId": "vehicle-08",
        "waypointDistancesKm": [
          0,
          1.1835866008774028,
          3.044243050417921,
          3.211489161637061,
          4.457409133074469,
          6.132926656968125,
          7.780502019819113,
          12.012963883321381,
          12.61449212106522,
          15.00713697110672,
          26.10498244644978
        ]
      },
      "geometry": {
        "type": "LineString",
        "coordinates": [
          [
            -64.188709,
            -31.420109
          ],
          [
            -64.18871,
            -31.420127
          ],
          [
            -64.188717,
            -31.420178
          ],
          [
            -64.188727,
            -31.42023
          ],
          [
            -64.188737,
            -31.420284
          ],
          [
            -64.188734,
            -31.420338
          ],
          [
            -64.188686,
            -31.420476
          ],
          [
            -64.188614,
            -31.420637
          ],
          [
            -64.188602,
            -31.420666
          ],
          [
            -64.188216,
            -31.421509
          ],
          [
            -64.188139,
            -31.421536
          ],
          [
            -64.187971,
            -31.421596
          ],
          [
            -64.187883,
            -31.421621
          ],
          [
            -64.186582,
            -31.422025
          ],
          [
            -64.185253,
            -31.422438
          ],
          [
            -64.184746,
            -31.421253
          ],
          [
            -64.184705,
            -31.421154
          ],
          [
            -64.186053,
            -31.420801
          ],
          [
            -64.186264,
            -31.420749
          ],
          [
            -64.187394,
            -31.420469
          ],
          [
            -64.187439,
            -31.420456
          ],
          [
            -64.187877,
            -31.420332
          ],
          [
            -64.188038,
            -31.420286
          ],
          [
            -64.188169,
            -31.420245
          ],
          [
            -64.188208,
            -31.420233
          ],
          [
            -64.188297,
            -31.420206
          ],
          [
            -64.188431,
            -31.42015
          ],
          [
            -64.188553,
            -31.4201
          ],
          [
            -64.188617,
            -31.420073
          ],
          [
            -64.188664,
            -31.420053
          ],
          [
            -64.188709,
            -31.420032
          ],
          [
            -64.188747,
            -31.420017
          ],
          [
            -64.188791,
            -31.420004
          ],
          [
            -64.188816,
            -31.419999
          ],
          [
            -64.188834,
            -31.419994
          ],
          [
            -64.188873,
            -31.419986
          ],
          [
            -64.188902,
            -31.420031
          ],
          [
            -64.188915,
            -31.42005
          ],
          [
            -64.188942,
            -31.420119
          ],
          [
            -64.188957,
            -31.420203
          ],
          [
            -64.188948,
            -31.420282
          ],
          [
            -64.188947,
            -31.420332
          ],
          [
            -64.188949,
            -31.420382
          ],
          [
            -64.188958,
            -31.420447
          ],
          [
            -64.189023,
            -31.42062
          ],
          [
            -64.189256,
            -31.421209
          ],
          [
            -64.189285,
            -31.421277
          ],
          [
            -64.189743,
            -31.422336
          ],
          [
            -64.191026,
            -31.421953
          ],
          [
            -64.191681,
            -31.421802
          ],
          [
            -64.192042,
            -31.421714
          ],
          [
            -64.192103,
            -31.421747
          ],
          [
            -64.192116,
            -31.421753
          ],
          [
            -64.192669,
            -31.422089
          ],
          [
            -64.192782,
            -31.422189
          ],
          [
            -64.192844,
            -31.422266
          ],
          [
            -64.192874,
            -31.422319
          ],
          [
            -64.193034,
            -31.422629
          ],
          [
            -64.193039,
            -31.422638
          ],
          [
            -64.193065,
            -31.422687
          ],
          [
            -64.19309,
            -31.422744
          ],
          [
            -64.193094,
            -31.422754
          ],
          [
            -64.193529,
            -31.423727
          ],
          [
            -64.193534,
            -31.423741
          ],
          [
            -64.193557,
            -31.423803
          ],
          [
            -64.193576,
            -31.423844
          ],
          [
            -64.19358,
            -31.423853
          ],
          [
            -64.194015,
            -31.424875
          ],
          [
            -64.194019,
            -31.424886
          ],
          [
            -64.194046,
            -31.424949
          ],
          [
            -64.194074,
            -31.42502
          ],
          [
            -64.194079,
            -31.425033
          ],
          [
            -64.194292,
            -31.425566
          ],
          [
            -64.194297,
            -31.425579
          ],
          [
            -64.194324,
            -31.425646
          ],
          [
            -64.194348,
            -31.425705
          ],
          [
            -64.194353,
            -31.425718
          ],
          [
            -64.194486,
            -31.426047
          ],
          [
            -64.194489,
            -31.426054
          ],
          [
            -64.194506,
            -31.426099
          ],
          [
            -64.194523,
            -31.426142
          ],
          [
            -64.194526,
            -31.42615
          ],
          [
            -64.194601,
            -31.426349
          ],
          [
            -64.194737,
            -31.426671
          ],
          [
            -64.194821,
            -31.426884
          ],
          [
            -64.194834,
            -31.426914
          ],
          [
            -64.194872,
            -31.427
          ],
          [
            -64.194924,
            -31.427119
          ],
          [
            -64.194932,
            -31.427138
          ],
          [
            -64.195152,
            -31.4276
          ],
          [
            -64.195204,
            -31.427683
          ],
          [
            -64.195251,
            -31.42774
          ],
          [
            -64.195305,
            -31.427805
          ],
          [
            -64.19541,
            -31.427897
          ],
          [
            -64.195498,
            -31.427967
          ],
          [
            -64.19614,
            -31.428382
          ],
          [
            -64.196265,
            -31.428465
          ],
          [
            -64.196539,
            -31.428652
          ],
          [
            -64.196629,
            -31.428722
          ],
          [
            -64.196935,
            -31.429001
          ],
          [
            -64.197075,
            -31.429137
          ],
          [
            -64.197196,
            -31.429264
          ],
          [
            -64.197784,
            -31.429899
          ],
          [
            -64.197871,
            -31.429989
          ],
          [
            -64.198034,
            -31.43015
          ],
          [
            -64.198077,
            -31.430196
          ],
          [
            -64.198101,
            -31.430238
          ],
          [
            -64.198134,
            -31.430307
          ],
          [
            -64.19829,
            -31.430768
          ],
          [
            -64.199279,
            -31.430485
          ],
          [
            -64.20028,
            -31.430206
          ],
          [
            -64.200238,
            -31.430132
          ],
          [
            -64.200071,
            -31.429875
          ],
          [
            -64.200038,
            -31.429814
          ],
          [
            -64.200007,
            -31.429754
          ],
          [
            -64.199887,
            -31.429318
          ],
          [
            -64.199884,
            -31.429306
          ],
          [
            -64.199876,
            -31.429274
          ],
          [
            -64.19987,
            -31.429241
          ],
          [
            -64.199805,
            -31.428859
          ],
          [
            -64.200024,
            -31.428863
          ],
          [
            -64.200619,
            -31.428809
          ],
          [
            -64.200677,
            -31.428802
          ],
          [
            -64.201018,
            -31.428775
          ],
          [
            -64.201252,
            -31.428756
          ],
          [
            -64.201566,
            -31.428731
          ],
          [
            -64.201612,
            -31.429118
          ],
          [
            -64.201617,
            -31.429137
          ],
          [
            -64.201623,
            -31.429158
          ],
          [
            -64.201657,
            -31.42924
          ],
          [
            -64.201787,
            -31.429451
          ],
          [
            -64.201816,
            -31.42951
          ],
          [
            -64.20189,
            -31.429755
          ],
          [
            -64.202271,
            -31.431188
          ],
          [
            -64.202499,
            -31.432065
          ],
          [
            -64.202746,
            -31.433014
          ],
          [
            -64.20293,
            -31.433712
          ],
          [
            -64.202986,
            -31.433924
          ],
          [
            -64.203247,
            -31.434883
          ],
          [
            -64.203257,
            -31.434923
          ],
          [
            -64.203276,
            -31.434996
          ],
          [
            -64.203298,
            -31.435081
          ],
          [
            -64.203306,
            -31.435115
          ],
          [
            -64.203045,
            -31.435172
          ],
          [
            -64.202952,
            -31.435181
          ],
          [
            -64.202856,
            -31.435179
          ],
          [
            -64.202747,
            -31.435165
          ],
          [
            -64.202622,
            -31.435137
          ],
          [
            -64.202332,
            -31.43502
          ],
          [
            -64.201707,
            -31.434694
          ],
          [
            -64.201622,
            -31.434643
          ],
          [
            -64.201532,
            -31.434583
          ],
          [
            -64.201466,
            -31.434534
          ],
          [
            -64.201407,
            -31.434481
          ],
          [
            -64.201256,
            -31.434322
          ],
          [
            -64.201207,
            -31.43427
          ],
          [
            -64.200968,
            -31.43402
          ],
          [
            -64.200929,
            -31.433968
          ],
          [
            -64.200906,
            -31.433925
          ],
          [
            -64.200847,
            -31.433799
          ],
          [
            -64.200779,
            -31.433612
          ],
          [
            -64.200711,
            -31.433404
          ],
          [
            -64.200648,
            -31.433116
          ],
          [
            -64.200617,
            -31.43295
          ],
          [
            -64.200611,
            -31.432844
          ],
          [
            -64.200617,
            -31.432737
          ],
          [
            -64.200652,
            -31.432472
          ],
          [
            -64.200652,
            -31.432375
          ],
          [
            -64.200639,
            -31.432325
          ],
          [
            -64.200632,
            -31.432298
          ],
          [
            -64.200599,
            -31.432232
          ],
          [
            -64.200561,
            -31.432171
          ],
          [
            -64.200513,
            -31.432126
          ],
          [
            -64.200434,
            -31.432057
          ],
          [
            -64.200364,
            -31.432017
          ],
          [
            -64.200257,
            -31.431971
          ],
          [
            -64.200138,
            -31.431947
          ],
          [
            -64.199775,
            -31.431897
          ],
          [
            -64.19963,
            -31.432765
          ],
          [
            -64.199491,
            -31.43359
          ],
          [
            -64.199359,
            -31.434377
          ],
          [
            -64.19922,
            -31.435207
          ],
          [
            -64.199073,
            -31.435866
          ],
          [
            -64.199184,
            -31.436343
          ],
          [
            -64.199328,
            -31.436916
          ],
          [
            -64.199497,
            -31.437578
          ],
          [
            -64.199631,
            -31.438104
          ],
          [
            -64.199988,
            -31.439505
          ],
          [
            -64.200138,
            -31.440093
          ],
          [
            -64.20038,
            -31.441039
          ],
          [
            -64.201393,
            -31.440843
          ],
          [
            -64.20149,
            -31.441499
          ],
          [
            -64.20159,
            -31.442109
          ],
          [
            -64.201612,
            -31.442146
          ],
          [
            -64.201627,
            -31.442165
          ],
          [
            -64.201676,
            -31.44222
          ],
          [
            -64.201703,
            -31.442266
          ],
          [
            -64.201717,
            -31.442312
          ],
          [
            -64.201805,
            -31.44282
          ],
          [
            -64.201813,
            -31.442933
          ],
          [
            -64.201814,
            -31.443049
          ],
          [
            -64.201747,
            -31.443869
          ],
          [
            -64.201017,
            -31.44379
          ],
          [
            -64.20072,
            -31.443757
          ],
          [
            -64.200276,
            -31.443708
          ],
          [
            -64.199513,
            -31.443624
          ],
          [
            -64.199466,
            -31.443991
          ],
          [
            -64.201707,
            -31.44424
          ],
          [
            -64.203903,
            -31.444499
          ],
          [
            -64.204265,
            -31.444546
          ],
          [
            -64.205793,
            -31.444735
          ],
          [
            -64.20716,
            -31.444902
          ],
          [
            -64.209329,
            -31.445164
          ],
          [
            -64.210244,
            -31.445276
          ],
          [
            -64.210814,
            -31.445345
          ],
          [
            -64.211118,
            -31.445382
          ],
          [
            -64.211296,
            -31.445404
          ],
          [
            -64.211294,
            -31.445422
          ],
          [
            -64.211292,
            -31.445448
          ],
          [
            -64.211291,
            -31.445466
          ],
          [
            -64.211264,
            -31.445517
          ],
          [
            -64.21124,
            -31.445586
          ],
          [
            -64.211241,
            -31.445598
          ],
          [
            -64.211246,
            -31.44566
          ],
          [
            -64.211295,
            -31.44571
          ],
          [
            -64.211387,
            -31.44576
          ],
          [
            -64.211417,
            -31.445813
          ],
          [
            -64.211438,
            -31.445852
          ],
          [
            -64.211452,
            -31.445888
          ],
          [
            -64.211631,
            -31.446494
          ],
          [
            -64.211733,
            -31.446862
          ],
          [
            -64.211788,
            -31.447055
          ],
          [
            -64.211687,
            -31.447074
          ],
          [
            -64.211633,
            -31.447074
          ],
          [
            -64.211552,
            -31.447057
          ],
          [
            -64.211518,
            -31.447035
          ],
          [
            -64.21149,
            -31.447008
          ],
          [
            -64.211402,
            -31.446903
          ],
          [
            -64.211375,
            -31.446817
          ],
          [
            -64.211115,
            -31.446027
          ],
          [
            -64.211069,
            -31.445895
          ],
          [
            -64.211003,
            -31.445708
          ],
          [
            -64.211137,
            -31.445728
          ],
          [
            -64.211387,
            -31.44576
          ],
          [
            -64.211417,
            -31.445813
          ],
          [
            -64.211438,
            -31.445852
          ],
          [
            -64.211452,
            -31.445888
          ],
          [
            -64.211631,
            -31.446494
          ],
          [
            -64.211733,
            -31.446862
          ],
          [
            -64.211788,
            -31.447055
          ],
          [
            -64.211823,
            -31.447179
          ],
          [
            -64.211939,
            -31.447593
          ],
          [
            -64.212092,
            -31.448119
          ],
          [
            -64.212257,
            -31.448676
          ],
          [
            -64.212411,
            -31.449216
          ],
          [
            -64.212562,
            -31.449739
          ],
          [
            -64.212721,
            -31.45029
          ],
          [
            -64.212885,
            -31.450858
          ],
          [
            -64.213045,
            -31.451435
          ],
          [
            -64.213326,
            -31.452346
          ],
          [
            -64.213465,
            -31.45286
          ],
          [
            -64.213585,
            -31.453278
          ],
          [
            -64.213663,
            -31.453547
          ],
          [
            -64.213914,
            -31.454413
          ],
          [
            -64.214336,
            -31.455915
          ],
          [
            -64.214361,
            -31.455968
          ],
          [
            -64.214396,
            -31.456024
          ],
          [
            -64.214443,
            -31.456083
          ],
          [
            -64.214485,
            -31.456109
          ],
          [
            -64.214511,
            -31.456135
          ],
          [
            -64.214529,
            -31.456186
          ],
          [
            -64.214617,
            -31.456519
          ],
          [
            -64.21464,
            -31.456609
          ],
          [
            -64.214775,
            -31.457142
          ],
          [
            -64.214785,
            -31.457177
          ],
          [
            -64.214893,
            -31.457612
          ],
          [
            -64.215031,
            -31.458142
          ],
          [
            -64.21522,
            -31.458857
          ],
          [
            -64.215274,
            -31.459072
          ],
          [
            -64.215328,
            -31.459287
          ],
          [
            -64.215342,
            -31.459347
          ],
          [
            -64.215347,
            -31.459404
          ],
          [
            -64.215349,
            -31.45948
          ],
          [
            -64.215398,
            -31.459524
          ],
          [
            -64.215546,
            -31.459652
          ],
          [
            -64.215605,
            -31.459699
          ],
          [
            -64.216569,
            -31.460469
          ],
          [
            -64.216716,
            -31.46057
          ],
          [
            -64.216844,
            -31.460661
          ],
          [
            -64.217148,
            -31.460854
          ],
          [
            -64.21751,
            -31.461072
          ],
          [
            -64.217718,
            -31.4612
          ],
          [
            -64.217893,
            -31.46131
          ],
          [
            -64.217998,
            -31.461377
          ],
          [
            -64.218095,
            -31.461432
          ],
          [
            -64.218233,
            -31.461494
          ],
          [
            -64.218343,
            -31.461535
          ],
          [
            -64.218449,
            -31.461568
          ],
          [
            -64.218558,
            -31.4616
          ],
          [
            -64.218705,
            -31.461627
          ],
          [
            -64.218859,
            -31.461655
          ],
          [
            -64.218926,
            -31.461672
          ],
          [
            -64.219115,
            -31.461713
          ],
          [
            -64.219206,
            -31.461734
          ],
          [
            -64.219294,
            -31.461736
          ],
          [
            -64.219393,
            -31.461718
          ],
          [
            -64.219471,
            -31.461676
          ],
          [
            -64.219514,
            -31.461631
          ],
          [
            -64.219541,
            -31.461587
          ],
          [
            -64.219624,
            -31.461594
          ],
          [
            -64.220352,
            -31.46166
          ],
          [
            -64.220869,
            -31.46171
          ],
          [
            -64.221265,
            -31.461782
          ],
          [
            -64.221481,
            -31.461837
          ],
          [
            -64.221615,
            -31.461879
          ],
          [
            -64.221921,
            -31.461998
          ],
          [
            -64.222374,
            -31.462229
          ],
          [
            -64.222926,
            -31.462515
          ],
          [
            -64.223139,
            -31.462613
          ],
          [
            -64.22331,
            -31.462673
          ],
          [
            -64.223463,
            -31.462712
          ],
          [
            -64.223659,
            -31.462741
          ],
          [
            -64.223829,
            -31.462754
          ],
          [
            -64.223969,
            -31.462759
          ],
          [
            -64.224131,
            -31.46276
          ],
          [
            -64.224358,
            -31.462738
          ],
          [
            -64.224561,
            -31.462712
          ],
          [
            -64.224757,
            -31.462692
          ],
          [
            -64.226659,
            -31.462438
          ],
          [
            -64.228545,
            -31.462191
          ],
          [
            -64.229896,
            -31.461988
          ],
          [
            -64.231316,
            -31.461767
          ],
          [
            -64.231582,
            -31.461721
          ],
          [
            -64.231851,
            -31.46168
          ],
          [
            -64.233292,
            -31.463262
          ],
          [
            -64.233312,
            -31.463291
          ],
          [
            -64.233324,
            -31.463318
          ],
          [
            -64.233334,
            -31.463365
          ],
          [
            -64.233335,
            -31.463451
          ],
          [
            -64.233504,
            -31.463436
          ],
          [
            -64.233617,
            -31.463419
          ],
          [
            -64.233734,
            -31.463393
          ],
          [
            -64.233861,
            -31.463355
          ],
          [
            -64.23391,
            -31.46334
          ],
          [
            -64.234236,
            -31.463484
          ],
          [
            -64.23431,
            -31.463511
          ],
          [
            -64.234378,
            -31.463522
          ],
          [
            -64.234472,
            -31.463553
          ],
          [
            -64.234491,
            -31.464416
          ],
          [
            -64.234501,
            -31.464632
          ],
          [
            -64.235256,
            -31.465494
          ],
          [
            -64.235191,
            -31.465498
          ],
          [
            -64.235151,
            -31.465507
          ],
          [
            -64.235036,
            -31.465563
          ],
          [
            -64.234986,
            -31.465593
          ],
          [
            -64.234944,
            -31.465618
          ],
          [
            -64.234915,
            -31.465642
          ],
          [
            -64.234889,
            -31.465685
          ],
          [
            -64.234875,
            -31.465744
          ],
          [
            -64.234862,
            -31.465783
          ],
          [
            -64.234836,
            -31.465825
          ],
          [
            -64.234798,
            -31.465866
          ],
          [
            -64.234466,
            -31.466111
          ],
          [
            -64.234016,
            -31.466511
          ],
          [
            -64.233566,
            -31.46691
          ],
          [
            -64.233125,
            -31.4673
          ],
          [
            -64.233005,
            -31.467407
          ],
          [
            -64.232628,
            -31.467741
          ],
          [
            -64.232085,
            -31.468242
          ],
          [
            -64.231522,
            -31.468731
          ],
          [
            -64.229994,
            -31.468755
          ],
          [
            -64.22999,
            -31.468884
          ],
          [
            -64.229997,
            -31.46949
          ],
          [
            -64.230015,
            -31.470175
          ],
          [
            -64.229013,
            -31.470184
          ],
          [
            -64.228482,
            -31.470189
          ],
          [
            -64.228478,
            -31.470287
          ],
          [
            -64.228514,
            -31.470518
          ],
          [
            -64.228725,
            -31.470705
          ],
          [
            -64.22881,
            -31.470782
          ],
          [
            -64.229643,
            -31.471489
          ],
          [
            -64.230098,
            -31.471887
          ],
          [
            -64.231138,
            -31.472742
          ],
          [
            -64.231241,
            -31.472827
          ],
          [
            -64.231555,
            -31.472805
          ],
          [
            -64.231624,
            -31.472798
          ],
          [
            -64.233237,
            -31.472773
          ],
          [
            -64.234768,
            -31.472751
          ],
          [
            -64.236349,
            -31.472726
          ],
          [
            -64.237471,
            -31.472711
          ],
          [
            -64.237895,
            -31.472703
          ],
          [
            -64.238023,
            -31.472692
          ],
          [
            -64.238073,
            -31.472678
          ],
          [
            -64.238114,
            -31.472657
          ],
          [
            -64.238135,
            -31.47264
          ],
          [
            -64.238213,
            -31.472563
          ],
          [
            -64.238234,
            -31.472523
          ],
          [
            -64.238263,
            -31.472483
          ],
          [
            -64.238385,
            -31.472394
          ],
          [
            -64.238483,
            -31.472357
          ],
          [
            -64.238628,
            -31.472344
          ],
          [
            -64.238733,
            -31.472358
          ],
          [
            -64.238825,
            -31.472396
          ],
          [
            -64.238863,
            -31.472412
          ],
          [
            -64.238965,
            -31.4725
          ],
          [
            -64.238999,
            -31.472544
          ],
          [
            -64.239037,
            -31.472641
          ],
          [
            -64.239043,
            -31.47274
          ],
          [
            -64.239007,
            -31.472865
          ],
          [
            -64.238983,
            -31.472909
          ],
          [
            -64.239005,
            -31.472965
          ],
          [
            -64.239028,
            -31.472999
          ],
          [
            -64.239073,
            -31.473053
          ],
          [
            -64.240398,
            -31.474138
          ],
          [
            -64.241023,
            -31.47465
          ],
          [
            -64.241506,
            -31.475047
          ],
          [
            -64.241961,
            -31.475419
          ],
          [
            -64.242433,
            -31.47581
          ],
          [
            -64.242926,
            -31.476216
          ],
          [
            -64.242989,
            -31.476267
          ],
          [
            -64.243448,
            -31.476645
          ],
          [
            -64.243917,
            -31.477031
          ],
          [
            -64.244393,
            -31.477423
          ],
          [
            -64.244849,
            -31.477798
          ],
          [
            -64.245115,
            -31.478019
          ],
          [
            -64.245543,
            -31.477577
          ],
          [
            -64.245713,
            -31.477395
          ],
          [
            -64.245773,
            -31.47735
          ],
          [
            -64.245812,
            -31.477333
          ],
          [
            -64.245854,
            -31.477328
          ],
          [
            -64.24633,
            -31.47732
          ],
          [
            -64.246612,
            -31.477314
          ],
          [
            -64.247267,
            -31.477302
          ],
          [
            -64.24725,
            -31.476532
          ],
          [
            -64.24723,
            -31.475607
          ],
          [
            -64.246288,
            -31.475612
          ],
          [
            -64.245619,
            -31.475624
          ],
          [
            -64.244966,
            -31.475636
          ],
          [
            -64.244301,
            -31.475647
          ],
          [
            -64.243716,
            -31.475658
          ],
          [
            -64.243638,
            -31.475659
          ],
          [
            -64.243583,
            -31.475668
          ],
          [
            -64.243541,
            -31.475681
          ],
          [
            -64.243376,
            -31.475822
          ],
          [
            -64.242926,
            -31.476216
          ],
          [
            -64.242433,
            -31.47581
          ],
          [
            -64.241961,
            -31.475419
          ],
          [
            -64.241506,
            -31.475047
          ],
          [
            -64.241023,
            -31.47465
          ],
          [
            -64.240398,
            -31.474138
          ],
          [
            -64.239073,
            -31.473053
          ],
          [
            -64.238989,
            -31.473009
          ],
          [
            -64.238963,
            -31.473002
          ],
          [
            -64.238929,
            -31.472998
          ],
          [
            -64.238887,
            -31.472996
          ],
          [
            -64.23883,
            -31.473035
          ],
          [
            -64.23872,
            -31.473074
          ],
          [
            -64.238602,
            -31.473087
          ],
          [
            -64.238484,
            -31.473071
          ],
          [
            -64.238463,
            -31.473063
          ],
          [
            -64.238376,
            -31.473029
          ],
          [
            -64.238349,
            -31.473013
          ],
          [
            -64.238291,
            -31.472974
          ],
          [
            -64.238241,
            -31.47292
          ],
          [
            -64.23822,
            -31.472885
          ],
          [
            -64.238181,
            -31.472794
          ],
          [
            -64.238134,
            -31.472763
          ],
          [
            -64.238093,
            -31.472746
          ],
          [
            -64.238065,
            -31.472735
          ],
          [
            -64.23799,
            -31.472713
          ],
          [
            -64.237895,
            -31.472703
          ],
          [
            -64.237471,
            -31.472711
          ],
          [
            -64.236349,
            -31.472726
          ],
          [
            -64.234768,
            -31.472751
          ],
          [
            -64.233237,
            -31.472773
          ],
          [
            -64.231624,
            -31.472798
          ],
          [
            -64.231555,
            -31.472805
          ],
          [
            -64.231241,
            -31.472827
          ],
          [
            -64.23111,
            -31.472837
          ],
          [
            -64.231009,
            -31.472752
          ],
          [
            -64.23094,
            -31.472693
          ],
          [
            -64.229644,
            -31.471595
          ],
          [
            -64.228843,
            -31.470927
          ],
          [
            -64.22856,
            -31.470685
          ],
          [
            -64.227806,
            -31.470027
          ],
          [
            -64.227232,
            -31.469503
          ],
          [
            -64.225804,
            -31.468311
          ],
          [
            -64.225219,
            -31.467815
          ],
          [
            -64.224679,
            -31.467358
          ],
          [
            -64.224343,
            -31.467077
          ],
          [
            -64.224143,
            -31.466923
          ],
          [
            -64.223931,
            -31.466763
          ],
          [
            -64.22376,
            -31.466636
          ],
          [
            -64.223549,
            -31.466482
          ],
          [
            -64.223348,
            -31.466333
          ],
          [
            -64.223137,
            -31.466173
          ],
          [
            -64.222727,
            -31.465836
          ],
          [
            -64.222551,
            -31.465686
          ],
          [
            -64.222384,
            -31.465537
          ],
          [
            -64.222217,
            -31.465379
          ],
          [
            -64.222088,
            -31.465246
          ],
          [
            -64.221812,
            -31.46494
          ],
          [
            -64.221628,
            -31.464742
          ],
          [
            -64.221444,
            -31.464539
          ],
          [
            -64.221239,
            -31.46431
          ],
          [
            -64.220829,
            -31.463817
          ],
          [
            -64.220686,
            -31.463608
          ],
          [
            -64.220618,
            -31.463509
          ],
          [
            -64.220446,
            -31.463317
          ],
          [
            -64.220284,
            -31.46315
          ],
          [
            -64.220166,
            -31.463038
          ],
          [
            -64.220026,
            -31.462916
          ],
          [
            -64.219877,
            -31.462792
          ],
          [
            -64.21979,
            -31.462735
          ],
          [
            -64.219706,
            -31.462691
          ],
          [
            -64.219623,
            -31.46266
          ],
          [
            -64.219549,
            -31.462638
          ],
          [
            -64.219439,
            -31.46261
          ],
          [
            -64.219341,
            -31.462594
          ],
          [
            -64.219242,
            -31.462582
          ],
          [
            -64.219141,
            -31.462561
          ],
          [
            -64.219049,
            -31.462535
          ],
          [
            -64.21897,
            -31.462507
          ],
          [
            -64.218882,
            -31.46247
          ],
          [
            -64.21881,
            -31.462428
          ],
          [
            -64.218742,
            -31.462384
          ],
          [
            -64.218662,
            -31.462329
          ],
          [
            -64.218557,
            -31.462234
          ],
          [
            -64.218459,
            -31.46213
          ],
          [
            -64.218439,
            -31.462106
          ],
          [
            -64.218387,
            -31.462031
          ],
          [
            -64.218339,
            -31.461961
          ],
          [
            -64.218279,
            -31.461879
          ],
          [
            -64.218204,
            -31.461786
          ],
          [
            -64.218117,
            -31.461696
          ],
          [
            -64.218031,
            -31.461629
          ],
          [
            -64.217926,
            -31.461554
          ],
          [
            -64.217819,
            -31.461484
          ],
          [
            -64.217233,
            -31.461119
          ],
          [
            -64.216953,
            -31.460924
          ],
          [
            -64.216612,
            -31.460665
          ],
          [
            -64.216057,
            -31.460186
          ],
          [
            -64.215521,
            -31.459713
          ],
          [
            -64.215412,
            -31.459617
          ],
          [
            -64.215356,
            -31.459574
          ],
          [
            -64.215271,
            -31.459511
          ],
          [
            -64.215119,
            -31.459419
          ],
          [
            -64.215008,
            -31.459359
          ],
          [
            -64.214891,
            -31.459311
          ],
          [
            -64.214605,
            -31.459216
          ],
          [
            -64.213539,
            -31.458862
          ],
          [
            -64.213434,
            -31.458827
          ],
          [
            -64.213332,
            -31.458793
          ],
          [
            -64.212805,
            -31.458618
          ],
          [
            -64.21164,
            -31.458231
          ],
          [
            -64.211572,
            -31.458208
          ],
          [
            -64.211488,
            -31.45818
          ],
          [
            -64.210354,
            -31.457809
          ],
          [
            -64.210246,
            -31.457774
          ],
          [
            -64.210145,
            -31.457738
          ],
          [
            -64.209221,
            -31.45742
          ],
          [
            -64.209143,
            -31.457384
          ],
          [
            -64.209086,
            -31.457347
          ],
          [
            -64.209033,
            -31.45731
          ],
          [
            -64.208969,
            -31.457256
          ],
          [
            -64.208918,
            -31.4572
          ],
          [
            -64.20889,
            -31.457153
          ],
          [
            -64.208859,
            -31.4571
          ],
          [
            -64.208826,
            -31.457028
          ],
          [
            -64.208798,
            -31.456953
          ],
          [
            -64.208397,
            -31.455644
          ],
          [
            -64.208351,
            -31.455534
          ],
          [
            -64.208308,
            -31.455444
          ],
          [
            -64.208249,
            -31.455345
          ],
          [
            -64.208212,
            -31.455287
          ],
          [
            -64.20815,
            -31.455211
          ],
          [
            -64.208081,
            -31.455138
          ],
          [
            -64.208,
            -31.455064
          ],
          [
            -64.207916,
            -31.455001
          ],
          [
            -64.207743,
            -31.454871
          ],
          [
            -64.207428,
            -31.454637
          ],
          [
            -64.205146,
            -31.452945
          ],
          [
            -64.204278,
            -31.45232
          ],
          [
            -64.203233,
            -31.451595
          ],
          [
            -64.20307,
            -31.451483
          ],
          [
            -64.202859,
            -31.451349
          ],
          [
            -64.202754,
            -31.451289
          ],
          [
            -64.202641,
            -31.451232
          ],
          [
            -64.202529,
            -31.451189
          ],
          [
            -64.202381,
            -31.451146
          ],
          [
            -64.202191,
            -31.451102
          ],
          [
            -64.201883,
            -31.451031
          ],
          [
            -64.201253,
            -31.450862
          ],
          [
            -64.201196,
            -31.450848
          ],
          [
            -64.201139,
            -31.450834
          ],
          [
            -64.201094,
            -31.450827
          ],
          [
            -64.201064,
            -31.450822
          ],
          [
            -64.200992,
            -31.450818
          ],
          [
            -64.200935,
            -31.450822
          ],
          [
            -64.200882,
            -31.45083
          ],
          [
            -64.200816,
            -31.450844
          ],
          [
            -64.200729,
            -31.450869
          ],
          [
            -64.200605,
            -31.450914
          ],
          [
            -64.200575,
            -31.45094
          ],
          [
            -64.200529,
            -31.450969
          ],
          [
            -64.200478,
            -31.450989
          ],
          [
            -64.200422,
            -31.451
          ],
          [
            -64.200365,
            -31.451001
          ],
          [
            -64.200309,
            -31.450992
          ],
          [
            -64.200256,
            -31.450973
          ],
          [
            -64.200209,
            -31.450945
          ],
          [
            -64.20017,
            -31.45091
          ],
          [
            -64.200137,
            -31.450873
          ],
          [
            -64.20012,
            -31.450822
          ],
          [
            -64.2001,
            -31.450784
          ],
          [
            -64.200052,
            -31.450692
          ],
          [
            -64.19994,
            -31.450386
          ],
          [
            -64.199543,
            -31.449274
          ],
          [
            -64.199387,
            -31.448816
          ],
          [
            -64.199186,
            -31.448231
          ],
          [
            -64.198872,
            -31.447263
          ],
          [
            -64.198535,
            -31.446271
          ],
          [
            -64.198151,
            -31.445121
          ],
          [
            -64.198093,
            -31.445084
          ],
          [
            -64.19806,
            -31.445051
          ],
          [
            -64.198037,
            -31.444998
          ],
          [
            -64.197714,
            -31.444171
          ],
          [
            -64.197691,
            -31.444142
          ],
          [
            -64.197648,
            -31.44412
          ],
          [
            -64.194587,
            -31.443751
          ],
          [
            -64.194455,
            -31.443736
          ],
          [
            -64.193447,
            -31.443617
          ],
          [
            -64.193473,
            -31.443467
          ],
          [
            -64.193484,
            -31.443422
          ],
          [
            -64.193522,
            -31.44331
          ],
          [
            -64.192111,
            -31.443148
          ],
          [
            -64.191982,
            -31.443132
          ],
          [
            -64.190327,
            -31.442935
          ],
          [
            -64.189985,
            -31.442894
          ],
          [
            -64.188131,
            -31.442674
          ],
          [
            -64.187811,
            -31.442636
          ],
          [
            -64.187592,
            -31.442611
          ],
          [
            -64.18725,
            -31.442552
          ],
          [
            -64.187161,
            -31.442529
          ],
          [
            -64.18709,
            -31.442517
          ],
          [
            -64.187025,
            -31.442511
          ],
          [
            -64.186965,
            -31.442509
          ],
          [
            -64.186815,
            -31.442508
          ],
          [
            -64.186773,
            -31.442523
          ],
          [
            -64.186728,
            -31.442528
          ],
          [
            -64.186682,
            -31.442525
          ],
          [
            -64.186639,
            -31.442513
          ],
          [
            -64.1866,
            -31.442493
          ],
          [
            -64.183781,
            -31.442188
          ],
          [
            -64.18331,
            -31.442142
          ],
          [
            -64.183161,
            -31.442095
          ],
          [
            -64.18305,
            -31.442049
          ],
          [
            -64.182925,
            -31.441983
          ],
          [
            -64.182823,
            -31.441922
          ],
          [
            -64.182759,
            -31.441875
          ],
          [
            -64.182744,
            -31.441863
          ],
          [
            -64.18268,
            -31.44181
          ],
          [
            -64.182616,
            -31.44174
          ],
          [
            -64.182493,
            -31.441538
          ],
          [
            -64.182419,
            -31.441361
          ],
          [
            -64.182372,
            -31.441239
          ],
          [
            -64.182307,
            -31.441066
          ],
          [
            -64.181883,
            -31.440088
          ],
          [
            -64.181799,
            -31.439882
          ],
          [
            -64.181756,
            -31.439783
          ],
          [
            -64.181702,
            -31.439672
          ],
          [
            -64.181515,
            -31.439229
          ],
          [
            -64.181388,
            -31.438911
          ],
          [
            -64.181373,
            -31.438876
          ],
          [
            -64.181346,
            -31.438808
          ],
          [
            -64.181111,
            -31.438223
          ],
          [
            -64.181086,
            -31.438079
          ],
          [
            -64.181078,
            -31.437994
          ],
          [
            -64.181075,
            -31.437909
          ],
          [
            -64.181076,
            -31.437816
          ],
          [
            -64.181084,
            -31.437645
          ],
          [
            -64.181107,
            -31.437522
          ],
          [
            -64.181125,
            -31.437454
          ],
          [
            -64.181151,
            -31.437375
          ],
          [
            -64.181183,
            -31.437304
          ],
          [
            -64.181227,
            -31.437215
          ],
          [
            -64.182275,
            -31.435222
          ],
          [
            -64.183347,
            -31.433231
          ],
          [
            -64.183391,
            -31.43313
          ],
          [
            -64.183416,
            -31.433064
          ],
          [
            -64.183433,
            -31.432979
          ],
          [
            -64.183464,
            -31.432825
          ],
          [
            -64.183492,
            -31.432724
          ],
          [
            -64.183489,
            -31.432677
          ],
          [
            -64.183495,
            -31.43262
          ],
          [
            -64.183511,
            -31.432569
          ],
          [
            -64.183535,
            -31.432501
          ],
          [
            -64.183559,
            -31.432455
          ],
          [
            -64.18359,
            -31.43241
          ],
          [
            -64.183617,
            -31.432382
          ],
          [
            -64.183652,
            -31.432354
          ],
          [
            -64.183684,
            -31.432341
          ],
          [
            -64.183921,
            -31.432102
          ],
          [
            -64.184009,
            -31.431992
          ],
          [
            -64.184068,
            -31.431892
          ],
          [
            -64.184142,
            -31.431752
          ],
          [
            -64.184189,
            -31.431637
          ],
          [
            -64.184228,
            -31.431497
          ],
          [
            -64.184246,
            -31.431357
          ],
          [
            -64.18425,
            -31.431247
          ],
          [
            -64.184247,
            -31.431158
          ],
          [
            -64.184219,
            -31.431005
          ],
          [
            -64.184176,
            -31.430833
          ],
          [
            -64.184122,
            -31.430619
          ],
          [
            -64.184064,
            -31.430391
          ],
          [
            -64.184046,
            -31.430283
          ],
          [
            -64.184039,
            -31.43016
          ],
          [
            -64.184053,
            -31.430021
          ],
          [
            -64.184084,
            -31.42987
          ],
          [
            -64.184119,
            -31.429751
          ],
          [
            -64.18416,
            -31.429639
          ],
          [
            -64.184389,
            -31.429162
          ],
          [
            -64.184486,
            -31.42895
          ],
          [
            -64.184531,
            -31.428823
          ],
          [
            -64.184574,
            -31.428688
          ],
          [
            -64.184593,
            -31.428498
          ],
          [
            -64.184597,
            -31.428466
          ],
          [
            -64.184597,
            -31.428295
          ],
          [
            -64.184584,
            -31.428142
          ],
          [
            -64.184586,
            -31.428003
          ],
          [
            -64.184583,
            -31.42789
          ],
          [
            -64.184574,
            -31.42781
          ],
          [
            -64.184497,
            -31.427531
          ],
          [
            -64.184138,
            -31.426736
          ],
          [
            -64.183868,
            -31.42612
          ],
          [
            -64.183698,
            -31.425727
          ],
          [
            -64.18366,
            -31.425634
          ],
          [
            -64.183634,
            -31.425568
          ],
          [
            -64.183584,
            -31.425459
          ],
          [
            -64.183377,
            -31.424998
          ],
          [
            -64.183133,
            -31.424414
          ],
          [
            -64.182911,
            -31.423881
          ],
          [
            -64.182874,
            -31.423795
          ],
          [
            -64.182631,
            -31.423252
          ],
          [
            -64.182244,
            -31.42231
          ],
          [
            -64.182096,
            -31.421946
          ],
          [
            -64.182055,
            -31.421848
          ],
          [
            -64.183332,
            -31.421513
          ],
          [
            -64.183646,
            -31.421431
          ],
          [
            -64.184303,
            -31.421259
          ],
          [
            -64.184705,
            -31.421154
          ],
          [
            -64.186053,
            -31.420801
          ],
          [
            -64.186264,
            -31.420749
          ],
          [
            -64.187394,
            -31.420469
          ],
          [
            -64.187439,
            -31.420456
          ],
          [
            -64.187877,
            -31.420332
          ],
          [
            -64.188038,
            -31.420286
          ],
          [
            -64.188169,
            -31.420245
          ],
          [
            -64.188208,
            -31.420233
          ],
          [
            -64.188297,
            -31.420206
          ],
          [
            -64.188431,
            -31.42015
          ],
          [
            -64.188553,
            -31.4201
          ],
          [
            -64.188617,
            -31.420073
          ],
          [
            -64.188664,
            -31.420053
          ],
          [
            -64.188709,
            -31.420032
          ],
          [
            -64.188708,
            -31.420086
          ],
          [
            -64.188709,
            -31.420103
          ]
        ]
      }
    }
  ]
}
